timestamp,exchange,open_price,base_strike,expiry_1_date,expiry_2_date,expiry_3_date,expiry_4_date,expiry_5_date,total_oi_call_all_expiries,total_oi_put_all_expiries,total_oi_change_call_all_expiries,total_oi_change_put_all_expiries,total_volume_call_all_expiries,total_volume_put_all_expiries,avg_iv_call_all_expiries,avg_iv_put_all_expiries,created_at,pc_oi_ratio,pc_volume_ratio,oi_change_diff_put_call,pc_oi_change_ratio,total_oi_all,total_oi_change_all,total_volume_all,iv_skew,iv_diff_put_call,sentiment_score_oi_change,oi_change_diff_ma5,oi_change_diff_ma15,oi_change_diff_ma30,total_oi_change_ma5,volume_ma5,trend_direction,is_turning_point,is_volume_spike,sentiment_label,prediction_signal,prev_oi_change_diff,prev_total_oi_change,prev_volume,oi_change_diff_std30
2025-12-19 15:30:00,NSE,25911.5,25900,2025-12-23,2025-12-30,2026-01-06,2026-01-13,2026-01-20,7323070,17174035,-761925,-1549905,737295,2299020,8.374,8.808,2025-12-20 01:37:31,2.345196072139144,3.1181820031330743,-787980,-2.0341962791613346,24497105,-2311830,3036315,1.0518270838309052,0.4339999999999993,0,-376151,-254364.33333333334,-168830.16666666666,-1177449,2315188,BULLISH_CONTINUE,f,f,STRONG_BULLISH,NEUTRAL_PREDICT,-787980,-2311830,3036315,257346.89
2025-12-19 15:29:00,NSE,25911.5,25900,2025-12-23,2025-12-30,2026-01-06,2026-01-13,2026-01-20,7323070,17174035,-761925,-1549905,737295,2299020,8.374,8.808,2025-12-20 01:37:31,2.345196072139144,3.1181820031330743,-787980,-2.0341962791613346,24497105,-2311830,3036315,1.0518270838309052,0.4339999999999993,0,-218542,-201810.66666666666,-143604.16666666666,-715070,1992521,BULLISH_CONTINUE,t,f,STRONG_BULLISH,NEUTRAL_PREDICT,-65,65,2092870,230224.80
2025-12-19 15:28:00,NSE,25911.5,25900,2025-12-23,2025-12-30,2026-01-06,2026-01-13,2026-01-20,8084995,18723940,65,0,608605,1484265,8.225999999999999,8.947999999999999,2025-12-20 01:37:29,2.315887641241584,2.438798563928985,-65,0,26808935,65,2092870,1.087770483831753,0.7219999999999995,49.675,-155369,-149002,-117333.83333333333,-541941,1595214,BULLISH_CONTINUE,t,f,NEUTRAL,NEUTRAL_PREDICT,-455,-455,2189155,196682.45
2025-12-19 15:27:00,NSE,25911.5,25900,2025-12-23,2025-12-30,2026-01-06,2026-01-13,2026-01-20,8084930,18723940,0,-455,894810,1294345,8.094,8.988,2025-12-20 01:37:28,2.315906260165518,1.446502609492518,-455,,26808870,-455,2189155,1.1104521868050408,0.8940000000000001,47.725,-155408,-148928.33333333334,-120451.66666666667,-541902,1519219,BULLISH_CONTINUE,f,f,NEUTRAL,NEUTRAL_PREDICT,-304275,-1263195,1221285,195497.19
2025-12-19 15:26:00,NSE,25911.5,25900,2025-12-23,2025-12-30,2026-01-06,2026-01-13,2026-01-20,8084930,18724395,-479460,-783735,312135,909150,8.038,9.026000000000002,2025-12-20 01:37:27,2.3159625377090465,2.912682012590706,-304275,-1.6346201977224377,26809325,-1263195,1221285,1.122916148295596,0.9880000000000013,0,-154862,-170266,-133769.16666666666,-541356,1283245,BULLISH_TURN,t,f,STRONG_BULLISH,NEUTRAL_PREDICT,65,65,1422980,200582.90
2025-12-19 15:24:00,NSE,25911.5,25900,2025-12-23,2025-12-30,2026-01-06,2026-01-13,2026-01-20,8564390,19508130,0,65,444070,978910,7.804,9.116,2025-12-20 01:37:25,2.277818969010052,2.2044047109689915,65,,28072520,65,1422980,1.168118913377755,1.3119999999999994,50.325,-189738,-149976.66666666666,-123624.5,-481436,1358458,BEARISH_TURN,t,f,NEUTRAL,NEUTRAL_PREDICT,-472115,-1446185,1049780,199354.43
2025-12-19 15:23:00,NSE,25911.5,25900,2025-12-23,2025-12-30,2026-01-06,2026-01-13,2026-01-20,8564390,19508065,-487035,-959150,269320,780460,7.840000000000001,9.101999999999999,2025-12-20 01:37:24,2.2778113794444206,2.897890984702213,-472115,-1.9693656513392261,28072455,-1446185,1049780,1.1609693877551017,1.2619999999999978,0,-189764,-150137,-129453,-481540,1287488,BULLISH_CONTINUE,t,f,STRONG_BULLISH,NEUTRAL_PREDICT,-260,260,1712895,198166.00
2025-12-19 15:22:00,NSE,25911.5,25900,2025-12-23,2025-12-30,2026-01-06,2026-01-13,2026-01-20,9051425,20467215,260,0,392820,1320075,7.76,9.156,2025-12-20 01:37:23,2.261214670618162,3.3605086299068274,-260,0,29518640,260,1712895,1.1798969072164949,1.3960000000000008,48.7,-150614,-154233.66666666666,-113722.33333333333,-370404,1268208,BULLISH_TURN,f,f,NEUTRAL,NEUTRAL_PREDICT,2275,2275,1009285,188523.29
2025-12-19 15:21:00,NSE,25911.5,25900,2025-12-23,2025-12-30,2026-01-06,2026-01-13,2026-01-20,9051165,20467215,0,2275,277785,731500,7.632000000000001,9.169999999999998,2025-12-20 01:37:23,2.261279625329999,2.633331533380132,2275,,29518380,2275,1009285,1.2015199161425574,1.5379999999999976,61.375,-244941,-154199,-106851.16666666667,-522539,1131233,BEARISH_TURN,t,f,NEUTRAL,NEUTRAL_PREDICT,-478655,-963595,1597350,196393.54
2025-12-19 15:20:00,NSE,25911.5,25900,2025-12-23,2025-12-30,2026-01-06,2026-01-13,2026-01-20,9051165,20464940,-242470,-721125,429575,1167775,7.831999999999999,9.062000000000001,2025-12-20 01:37:22,2.2610282764704874,2.718442646802072,-478655,-2.974079267538252,29516105,-963595,1597350,1.157048008171604,1.2300000000000022,0,-245383,-168312.66666666666,-106935.66666666667,-522981,1140445,BULLISH_CONTINUE,f,f,STRONG_BULLISH,NEUTRAL_PREDICT,-65,-455,1068130,196345.51
2025-12-19 15:19:00,NSE,25911.5,25900,2025-12-23,2025-12-30,2026-01-06,2026-01-13,2026-01-20,9293635,21186065,-195,-260,301585,766545,7.786,9.081999999999999,2025-12-20 01:37:21,2.2796317049249297,2.5417212394515643,-65,-1.3333333333333333,30479700,-455,1068130,1.1664526072437709,1.2959999999999994,49.675,-197204,-164380.66666666666,-91013,-441136,1078232,BULLISH_CONTINUE,f,f,NEUTRAL,NEUTRAL_PREDICT,-276365,-890505,953380,184151.52
2025-12-19 15:17:00,NSE,25911.5,25900,2025-12-23,2025-12-30,2026-01-06,2026-01-13,2026-01-20,9293830,21186325,-307070,-583435,307225,646155,7.806,9.068,2025-12-20 01:37:19,2.27961185001232,2.1031979819350637,-276365,-1.9000065131728923,30480155,-890505,953380,1.161670509864207,1.2619999999999996,0,-197126,-157862.33333333334,-87593.66666666667,-441084,1100196,BULLISH_CONTINUE,f,f,STRONG_BULLISH,NEUTRAL_PREDICT,-471895,-760415,1028020,186831.33
2025-12-19 15:14:00,NSE,25911.5,25900,2025-12-23,2025-12-30,2026-01-06,2026-01-13,2026-01-20,9600900,21769760,-144260,-616155,386620,641400,7.786,9.092,2025-12-20 01:37:17,2.2674707579497757,1.6589933267808183,-471895,-4.27114238181062,31370660,-760415,1028020,1.1677369637811457,1.306000000000001,0,-141023,-139412,-82470.83333333333,-412243,1107261,BULLISH_TURN,t,f,STRONG_BULLISH,NEUTRAL_PREDICT,65,65,1055345,183555.08
2025-12-19 15:13:00,NSE,25911.5,25900,2025-12-23,2025-12-30,2026-01-06,2026-01-13,2026-01-20,9745160,22385915,0,65,371515,683830,7.74,9.078000000000001,2025-12-20 01:37:16,2.2971316017387093,1.8406524635613637,65,,32131075,65,1055345,1.1728682170542637,1.338000000000001,50.325,-46436,-107727,-58512.666666666664,-259952,1354978,BEARISH_TURN,t,f,NEUTRAL,NEUTRAL_PREDICT,-237760,-554370,1286285,177789.38
2025-12-19 15:11:00,NSE,25911.5,25900,2025-12-23,2025-12-30,2026-01-06,2026-01-13,2026-01-20,9745160,22385850,-158305,-396065,437780,848505,7.775999999999999,9.078000000000001,2025-12-20 01:37:14,2.2971249317609974,1.9381995522865365,-237760,-2.501910868260636,32131010,-554370,1286285,1.1674382716049385,1.3020000000000023,0,-110553,-99116.33333333333,-58508.333333333336,-366495,1519012,BULLISH_TURN,f,f,STRONG_BULLISH,NEUTRAL_PREDICT,325,-195,1177950,177790.86
2025-12-19 15:09:00,NSE,25911.5,25900,2025-12-23,2025-12-30,2026-01-06,2026-01-13,2026-01-20,9903465,22781915,-260,65,420135,757815,7.692,9.116,2025-12-20 01:37:12,2.300398395914965,1.8037416544682066,325,0.25,32685380,-195,1177950,1.1851274050962037,1.4239999999999995,51.625,-62988,-83296,-44935.5,-255608,1653288,BEARISH_CONTINUE,f,f,NEUTRAL,NEUTRAL_PREDICT,4150,-746300,988705,179171.84
2025-12-19 15:08:00,NSE,25911.5,25900,2025-12-23,2025-12-30,2026-01-06,2026-01-13,2026-01-20,9903725,22781850,-375225,-371075,342100,646605,7.706,9.114,2025-12-20 01:37:11,2.300331440947724,1.8901052323881906,4150,-0.9889399693517223,32685575,-746300,988705,1.18271476771347,1.4080000000000004,70.75,-63521,-85397.66666666667,-44890,-255101,1759455,BEARISH_CONTINUE,t,f,NEUTRAL,NEUTRAL_PREDICT,1040,1040,2266605,179183.90
2025-12-19 15:06:00,NSE,25911.5,25900,2025-12-23,2025-12-30,2026-01-06,2026-01-13,2026-01-20,10278950,23152925,0,1040,845120,1421485,7.706,9.126000000000001,2025-12-20 01:37:10,2.2524601248181964,1.68199190647482,1040,,33431875,1040,2266605,1.1842719958473917,1.4200000000000008,55.2,-171064,-85665.66666666667,-44991.5,-237874,2197167,BEARISH_TURN,t,f,NEUTRAL,NEUTRAL_PREDICT,-320520,-532650,1875515,179156.02
2025-12-19 15:05:00,NSE,25911.5,25900,2025-12-23,2025-12-30,2026-01-06,2026-01-13,2026-01-20,10278950,23151885,-106065,-426585,662545,1212970,7.712000000000001,9.126000000000001,2025-12-20 01:37:09,2.2523589471687284,1.8307737587635557,-320520,-4.021920520435582,33430835,-532650,1875515,1.183350622406639,1.4140000000000006,0,-171220,-91975,-39296.666666666664,-238030,2696138,BULLISH_TURN,t,f,STRONG_BULLISH,NEUTRAL_PREDICT,65,65,1957665,183336.24
2025-12-19 15:04:00,NSE,25911.5,25900,2025-12-23,2025-12-30,2026-01-06,2026-01-13,2026-01-20,10385015,23578470,0,65,704680,1252985,7.734,9.12,2025-12-20 01:37:08,2.2704319637477655,1.7780907646023727,65,,33963485,65,1957665,1.1792086889061286,1.3859999999999992,50.325,-149002,-97272.33333333333,-28610.5,-190858,2633900,BEARISH_TURN,f,f,NEUTRAL,NEUTRAL_PREDICT,-2340,2340,1708785,175557.25
2025-12-19 15:03:00,NSE,25911.5,25900,2025-12-23,2025-12-30,2026-01-06,2026-01-13,2026-01-20,10385015,23578405,2340,0,731905,976880,7.910000000000001,9.075999999999999,2025-12-20 01:37:07,2.2704257047293623,1.3347087395222057,-2340,0,33963420,2340,1708785,1.1474083438685205,1.1659999999999977,38.3,-232950,-97272.33333333333,-20587.166666666668,-313294,2508826,BULLISH_CONTINUE,t,f,NEUTRAL,NEUTRAL_PREDICT,-533565,-660165,3177265,182284.33
2025-12-19 15:02:00,NSE,25911.5,25900,2025-12-23,2025-12-30,2026-01-06,2026-01-13,2026-01-20,10382675,23578405,-63300,-596865,1092825,2084440,7.846000000000001,9.094,2025-12-20 01:37:06,2.2709374029332516,1.9073868185665592,-533565,-9.429146919431279,33961080,-660165,3177265,1.1590619423910271,1.2479999999999984,0,-212940,-108769,-20507,-314354,2346451,BULLISH_TURN,t,f,STRONG_BULLISH,NEUTRAL_PREDICT,260,260,4761460,182293.16
2025-12-19 15:00:00,NSE,25911.5,25900,2025-12-23,2025-12-30,2026-01-06,2026-01-13,2026-01-20,10445975,24175270,0,260,1660565,3100895,8.01,9.108,2025-12-20 01:37:05,2.314314365102348,1.8673734542158844,260,,34621245,260,4761460,1.1370786516853935,1.0980000000000008,51.3,-106149,-73211,-10989.166666666666,-182243,1982243,BEARISH_TURN,t,t,NEUTRAL,BEARISH_PREDICT,-209430,-296790,1564325,160764.73
2025-12-19 14:59:00,NSE,25911.5,25900,2025-12-23,2025-12-30,2026-01-06,2026-01-13,2026-01-20,10445975,24175010,-43680,-253110,540555,1023770,7.996,9.177999999999999,2025-12-20 01:37:04,2.3142894751327665,1.893923837537346,-209430,-5.794642857142857,34620985,-296790,1564325,1.1478239119559779,1.1819999999999986,0,-105525,-59503.333333333336,-10995.666666666666,-181619,1377270,BULLISH_CONTINUE,f,f,STRONG_BULLISH,NEUTRAL_PREDICT,-419675,-612115,1332295,160764.26
2025-12-19 14:56:00,NSE,25911.5,25900,2025-12-23,2025-12-30,2026-01-06,2026-01-13,2026-01-20,10489655,24428120,-96220,-515895,452610,879685,7.852000000000001,9.244,2025-12-20 01:37:01,2.3287820238129853,1.9435827754578998,-419675,-5.3616192059862815,34917775,-612115,1332295,1.1772796739684155,1.3919999999999986,0,-37794,-45558.666666666664,-7700.833333333333,-176366,1329693,BULLISH_TURN,f,f,STRONG_BULLISH,NEUTRAL_PREDICT,97710,-2960,896910,157537.67
2025-12-19 14:53:00,NSE,25911.5,25900,2025-12-23,2025-12-30,2026-01-06,2026-01-13,2026-01-20,10585875,24944015,-50335,47375,254585,642325,7.659999999999999,9.325999999999999,2025-12-20 01:36:58,2.3563489083330382,2.5230276724865957,97710,0.941194000198669,35529890,-2960,896910,1.2174934725848563,1.6659999999999995,100,46050,-17645.333333333332,6284,-54034,1391225,BEARISH_CONTINUE,t,f,STRONG_BEARISH,BEARISH_PREDICT,390,390,1356225,136986.38
2025-12-19 14:52:00,NSE,25911.5,25900,2025-12-23,2025-12-30,2026-01-06,2026-01-13,2026-01-20,10636210,24896640,0,390,563895,792330,7.597999999999999,9.352,2025-12-20 01:36:58,2.340743554329973,1.4051020136727583,390,,35532850,390,1356225,1.2308502237430905,1.7540000000000013,51.95,20268,-17325,-2671,-95322,1413102,BEARISH_CONTINUE,f,f,NEUTRAL,NEUTRAL_PREDICT,3380,3380,1736595,139560.47
2025-12-19 14:51:00,NSE,25911.5,25900,2025-12-23,2025-12-30,2026-01-06,2026-01-13,2026-01-20,10636210,24896250,0,3380,549050,1187545,7.715999999999999,9.26,2025-12-20 01:36:57,2.3407068871336687,2.1629086604134415,3380,,35532460,3380,1736595,1.2001036806635563,1.5440000000000005,66.9,20216,-25529.666666666668,-2679.6666666666665,-95504,1397338,BEARISH_CONTINUE,t,f,NEUTRAL,NEUTRAL_PREDICT,129225,-270525,1326440,139560.28
2025-12-19 14:50:00,NSE,25911.5,25900,2025-12-23,2025-12-30,2026-01-06,2026-01-13,2026-01-20,10636210,24892870,-199875,-70650,447590,878850,7.575999999999999,9.306,2025-12-20 01:36:56,2.3403891047657015,1.9635157175093276,129225,-0.35347091932457786,35529080,-270525,1326440,1.2283526927138333,1.7300000000000004,100,820,-9298.333333333334,18782,-108150,1187130,BEARISH_TURN,f,f,STRONG_BEARISH,BEARISH_PREDICT,-455,-455,1639955,183205.45
2025-12-19 14:48:00,NSE,25911.5,25900,2025-12-23,2025-12-30,2026-01-06,2026-01-13,2026-01-20,10836085,24963520,0,-455,640900,999055,7.447999999999999,9.39,2025-12-20 01:36:54,2.3037397731745366,1.5588313309408643,-455,,35799605,-455,1639955,1.2607411385606877,1.942000000000002,47.725,-105021,-17900.333333333332,13877.833333333334,-95039,1173307,BULLISH_CONTINUE,f,f,NEUTRAL,NEUTRAL_PREDICT,-31200,-209400,1006295,182113.01
2025-12-19 14:47:00,NSE,25911.5,25900,2025-12-23,2025-12-30,2026-01-06,2026-01-13,2026-01-20,10836085,24963975,-89100,-120300,275775,730520,7.395999999999999,9.4,2025-12-20 01:36:53,2.303781762509246,2.6489710814975975,-31200,-1.3501683501683501,35800060,-209400,1006295,1.2709572742022717,2.0040000000000013,0,-104917,-6575,13923.333333333334,-94935,1159039,BULLISH_TURN,f,f,BULLISH,NEUTRAL_PREDICT,130,-520,1277405,182109.47
2025-12-19 14:46:00,NSE,25911.5,25900,2025-12-23,2025-12-30,2026-01-06,2026-01-13,2026-01-20,10925185,25084275,-325,-195,492665,784740,7.389999999999999,9.416,2025-12-20 01:36:52,2.296004598549132,1.5928470664650423,130,-0.6,36009460,-520,1277405,1.274154262516915,2.0260000000000016,50.65,-133635,-4382.333333333333,14565.666666666666,-134561,1458958,BEARISH_TURN,f,f,NEUTRAL,NEUTRAL_PREDICT,-93600,-59850,685555,181978.76
2025-12-19 14:44:00,NSE,25911.5,25900,2025-12-23,2025-12-30,2026-01-06,2026-01-13,2026-01-20,10925510,25084470,16875,-76725,290080,395475,7.467999999999999,9.35,2025-12-20 01:36:51,2.295954147678232,1.363330805295091,-93600,-4.546666666666667,36009980,-59850,685555,1.2520085698982326,1.8820000000000006,0,-133700,-4317.333333333333,14442.166666666666,-134470,1359132,BULLISH_CONTINUE,f,f,STRONG_BULLISH,NEUTRAL_PREDICT,-399980,-204970,1257325,181990.16
2025-12-19 14:41:00,NSE,25911.5,25900,2025-12-23,2025-12-30,2026-01-06,2026-01-13,2026-01-20,10908635,25161195,97505,-302475,466685,790640,7.514,9.314,2025-12-20 01:36:48,2.3065392691202886,1.694162015063694,-399980,-3.1021486077637044,36069830,-204970,1257325,1.239552834708544,1.7999999999999998,0,-73805,13381.666666666666,25346.666666666668,-103285,1410003,BULLISH_TURN,t,f,STRONG_BULLISH,NEUTRAL_PREDICT,65,65,1568615,185067.87
2025-12-19 14:39:00,NSE,25911.5,25900,2025-12-23,2025-12-30,2026-01-06,2026-01-13,2026-01-20,10811130,25463670,0,65,623325,945290,7.548,9.312000000000001,2025-12-20 01:36:46,2.3553199341789433,1.5165282958328319,65,,36274800,65,1568615,1.233704292527822,1.7640000000000011,50.325,6139,40051.333333333336,42085.666666666664,-62343,1388920,BEARISH_TURN,t,f,NEUTRAL,NEUTRAL_PREDICT,-174790,-407530,2505890,167110.30
2025-12-19 14:38:00,NSE,25911.5,25900,2025-12-23,2025-12-30,2026-01-06,2026-01-13,2026-01-20,10811130,25463605,-116370,-291160,893735,1612155,7.574000000000001,9.318000000000001,2025-12-20 01:36:45,2.355313921856457,1.803840064448634,-174790,-2.5020194208129243,36274735,-407530,2505890,1.2302614206495908,1.7440000000000007,0,5931,56098,42085.666666666664,-62551,1600253,BULLISH_CONTINUE,f,t,STRONG_BULLISH,BULLISH_PREDICT,-195,-65,778275,167110.30
2025-12-19 14:36:00,NSE,25911.5,25900,2025-12-23,2025-12-30,2026-01-06,2026-01-13,2026-01-20,10927500,25754765,65,-130,253645,524630,7.6899999999999995,9.284,2025-12-20 01:36:43,2.3568762296957217,2.068363263616472,-195,-2,36682265,-65,778275,1.2072821846553967,1.5940000000000012,49.025,61392,67755,59086,-7008,1346113,BULLISH_TURN,t,f,NEUTRAL,NEUTRAL_PREDICT,205875,96075,939910,170199.89
2025-12-19 14:35:00,NSE,25911.5,25900,2025-12-23,2025-12-30,2026-01-06,2026-01-13,2026-01-20,10927435,25754895,-54900,150975,245140,694770,7.668000000000001,9.297999999999998,2025-12-20 01:36:42,2.3569021458375183,2.8341763890022027,205875,2.75,36682330,96075,939910,1.2125717266562333,1.6299999999999972,100,36895,51232.666666666664,59099,-37175,1559468,BEARISH_TURN,t,f,STRONG_BEARISH,BEARISH_PREDICT,-260,-260,1151910,170195.22
2025-12-19 14:34:00,NSE,25911.5,25900,2025-12-23,2025-12-30,2026-01-06,2026-01-13,2026-01-20,10982335,25603920,0,-260,297580,854330,7.678,9.296,2025-12-20 01:36:41,2.331373064107041,2.870925465421063,-260,,36586255,-260,1151910,1.2107319614482936,1.6179999999999994,48.7,45090,37512,67737.83333333333,-318048,1780231,BULLISH_CONTINUE,f,f,NEUTRAL,NEUTRAL_PREDICT,-975,-975,2625280,183925.77
2025-12-19 14:33:00,NSE,25911.5,25900,2025-12-23,2025-12-30,2026-01-06,2026-01-13,2026-01-20,10982335,25604180,0,-975,980990,1644290,7.609999999999999,9.324,2025-12-20 01:36:39,2.3313967384895835,1.6761536814850304,-975,,36586515,-975,2625280,1.2252299605781867,1.7140000000000004,45.125,45181,30157,79440,-317957,2661683,BULLISH_TURN,f,t,NEUTRAL,BULLISH_PREDICT,102515,-129815,1235190,190500.89
2025-12-19 14:32:00,NSE,25911.5,25900,2025-12-23,2025-12-30,2026-01-06,2026-01-13,2026-01-20,10982335,25605155,-116165,-13650,448865,786325,7.590000000000001,9.34,2025-12-20 01:36:38,2.331485517424118,1.75180733628151,102515,-0.11750527267249171,36587490,-129815,1235190,1.2305665349143609,1.7499999999999991,100,79261,30213.333333333332,79474.66666666667,-314343,2441571,BEARISH_TURN,f,f,STRONG_BEARISH,BEARISH_PREDICT,-122680,-150900,1845050,190485.84
2025-12-19 14:29:00,NSE,25911.5,25900,2025-12-23,2025-12-30,2026-01-06,2026-01-13,2026-01-20,11098500,25618805,-14110,-136790,638235,1206815,7.647999999999999,9.322,2025-12-20 01:36:35,2.3083123845564715,1.890863083347043,-122680,-9.694542877391921,36717305,-150900,1845050,1.2188807531380754,1.6740000000000004,0,59096,11983,99126.66666666667,-288718,2368080,BULLISH_TURN,f,f,STRONG_BULLISH,NEUTRAL_PREDICT,246850,-1308290,2043725,220924.63
2025-12-19 14:26:00,NSE,25911.5,25900,2025-12-23,2025-12-30,2026-01-06,2026-01-13,2026-01-20,11112610,25755595,-777570,-530720,891410,1152315,7.489999999999999,9.386000000000001,2025-12-20 01:36:31,2.317690893498467,1.2926879886920721,246850,-0.68253662049719,36868205,-1308290,2043725,1.2531375166889187,1.8960000000000017,100,83853,20170.333333333332,103207.33333333333,-258317,2205456,BEARISH_CONTINUE,t,f,STRONG_BEARISH,BEARISH_PREDICT,195,195,5559170,217794.83
2025-12-19 14:24:00,NSE,25911.5,25900,2025-12-23,2025-12-30,2026-01-06,2026-01-13,2026-01-20,11890180,26286315,0,195,2570650,2988520,7.414,9.456,2025-12-20 01:36:29,2.210758373716798,1.1625542178048354,195,,38176495,195,5559170,1.275424871864041,2.042,50.975,68860,46862.333333333336,116437.66666666667,-52162,2135062,BEARISH_CONTINUE,f,t,NEUTRAL,BEARISH_PREDICT,169425,17095,1524720,237944.92
2025-12-19 14:23:00,NSE,25911.5,25900,2025-12-23,2025-12-30,2026-01-06,2026-01-13,2026-01-20,11890180,26286120,-76165,93260,522605,1002115,7.514000000000001,9.436000000000002,2025-12-20 01:36:28,2.210741973628658,1.917538102390907,169425,1.2244469244403597,38176300,17095,1524720,1.2557891935054566,1.9220000000000006,100,68834,45656,116439.83333333333,-52188,1513878,BEARISH_CONTINUE,t,f,STRONG_BEARISH,BEARISH_PREDICT,1690,-1690,867735,237943.83
2025-12-19 14:22:00,NSE,25911.5,25900,2025-12-23,2025-12-30,2026-01-06,2026-01-13,2026-01-20,11966345,26192860,-1690,0,377080,490655,7.425999999999999,9.475999999999999,2025-12-20 01:36:27,2.1888772219086112,1.301196032672112,1690,0,38159205,-1690,867735,1.2760570966873148,2.05,58.45,83102,34421.666666666664,127003.83333333333,-55096,1341004,BEARISH_CONTINUE,t,f,NEUTRAL,NEUTRAL_PREDICT,1105,1105,1031930,247231.23
2025-12-19 14:21:00,NSE,25911.5,25900,2025-12-23,2025-12-30,2026-01-06,2026-01-13,2026-01-20,11968035,26192860,0,1105,469640,562290,7.38,9.498000000000001,2025-12-20 01:36:25,2.1885681316941334,1.1972787667149305,1105,,38160895,1105,1031930,1.2869918699186993,2.118000000000001,55.525,82777,33513.666666666664,126951.83333333333,-54771,1428733,BEARISH_CONTINUE,t,f,NEUTRAL,NEUTRAL_PREDICT,171885,-277515,1691755,247258.66
2025-12-19 14:20:00,NSE,25911.5,25900,2025-12-23,2025-12-30,2026-01-06,2026-01-13,2026-01-20,11968035,26191755,-224700,-52815,798900,892855,7.418000000000001,9.475999999999999,2025-12-20 01:36:24,2.1884758024186928,1.1176054575040681,171885,-0.2350467289719626,38159790,-277515,1691755,1.2774332704232945,2.057999999999998,100,32950,33201.666666666664,127262.5,-35728,1342503,BEARISH_CONTINUE,t,f,STRONG_BEARISH,BEARISH_PREDICT,65,65,2453250,247100.89
2025-12-19 14:18:00,NSE,25911.5,25900,2025-12-23,2025-12-30,2026-01-06,2026-01-13,2026-01-20,12192735,26244570,0,65,783475,1669775,7.481999999999999,9.44,2025-12-20 01:36:22,2.152476044136119,2.131242222151313,65,,38437305,65,2453250,1.2616947340283347,1.9580000000000002,50.325,-1414,37311.666666666664,121537.33333333333,19788,1302592,BEARISH_CONTINUE,f,t,NEUTRAL,BEARISH_PREDICT,240765,2555,660350,248019.38
2025-12-19 14:17:00,NSE,25911.5,25900,2025-12-23,2025-12-30,2026-01-06,2026-01-13,2026-01-20,12192735,26244505,-119105,121660,292585,367765,7.539999999999999,9.432,2025-12-20 01:36:21,2.1524707130926735,1.256950971512552,240765,1.0214516602997354,38437240,2555,660350,1.250928381962865,1.8920000000000012,100,-23544,44120,121530.83333333333,18364,983320,BEARISH_CONTINUE,t,f,STRONG_BEARISH,BEARISH_PREDICT,65,-65,1306380,248022.68
2025-12-19 14:16:00,NSE,25911.5,25900,2025-12-23,2025-12-30,2026-01-06,2026-01-13,2026-01-20,12311840,26122845,-65,0,530450,775930,7.553999999999999,9.414,2025-12-20 01:36:20,2.1217661210672003,1.462776887548308,65,0,38434685,-65,1306380,1.2462271644162033,1.8600000000000003,50.325,-71723,28073.333333333332,126536.33333333333,17827,1154575,BEARISH_TURN,t,t,NEUTRAL,BEARISH_PREDICT,-248030,96320,600780,251995.47
2025-12-19 14:14:00,NSE,25911.5,25900,2025-12-23,2025-12-30,2026-01-06,2026-01-13,2026-01-20,12311905,26122845,172175,-75855,264135,336645,7.566,9.4,2025-12-20 01:36:17,2.12175491932402,1.2745187120222614,-248030,-0.44056918832583125,38434750,96320,600780,1.2424002114723764,1.8340000000000005,0,-105924,50417,126516.83333333333,21228,1121146,BULLISH_TURN,f,f,STRONG_BULLISH,NEUTRAL_PREDICT,65,65,1492200,252005.61
2025-12-19 14:12:00,NSE,25911.5,25900,2025-12-23,2025-12-30,2026-01-06,2026-01-13,2026-01-20,12139730,26198700,0,65,595855,896345,7.476000000000001,9.437999999999999,2025-12-20 01:36:15,2.1580957731349875,1.5043005429173204,65,,38338430,65,1492200,1.2624398073836274,1.961999999999998,50.325,-56292,66965.33333333333,157656.66666666666,1990,1266762,BEARISH_TURN,t,f,NEUTRAL,NEUTRAL_PREDICT,-110585,-7055,856890,261661.01
2025-12-19 14:11:00,NSE,25911.5,25900,2025-12-23,2025-12-30,2026-01-06,2026-01-13,2026-01-20,12139730,26198635,51765,-58820,324085,532805,7.606,9.384,2025-12-20 01:36:14,2.158090418814916,1.6440285727509758,-110585,-1.1362889983579638,38338365,-7055,856890,1.2337628188272418,1.7780000000000005,0,73141,97963.66666666667,157648,-8389,1279686,BULLISH_CONTINUE,f,f,STRONG_BULLISH,NEUTRAL_PREDICT,-130,-130,1516625,261666.42
2025-12-19 14:09:00,NSE,25911.5,25900,2025-12-23,2025-12-30,2026-01-06,2026-01-13,2026-01-20,12087965,26257455,0,-130,525270,991355,7.602000000000001,9.432,2025-12-20 01:36:12,2.172198132605447,1.887324614008034,-130,,38345420,-130,1516625,1.240726124704025,1.8299999999999992,49.35,91678,128723,170783.16666666666,44080,1312360,BULLISH_CONTINUE,t,f,NEUTRAL,NEUTRAL_PREDICT,-170940,16940,1139235,257596.07
2025-12-19 14:08:00,NSE,25911.5,25900,2025-12-23,2025-12-30,2026-01-06,2026-01-13,2026-01-20,12087965,26257585,93940,-77000,403030,736205,7.522,9.47,2025-12-20 01:36:11,2.172208887103826,1.8266754335905515,-170940,-0.819672131147541,38345550,16940,1139235,1.2589736772135072,1.9480000000000004,0,91886,128736,170804.83333333334,44236,1322602,BULLISH_TURN,f,f,STRONG_BULLISH,NEUTRAL_PREDICT,130,130,1328860,257581.23
2025-12-19 14:07:00,NSE,25911.5,25900,2025-12-23,2025-12-30,2026-01-06,2026-01-13,2026-01-20,11994025,26334585,0,130,439805,889055,7.634,9.396,2025-12-20 01:36:10,2.1956419967442122,2.0214754266095203,130,,38328610,130,1328860,1.2308095362850406,1.7620000000000005,50.65,123688,186270.33333333334,154463.83333333334,54242,1202994,BEARISH_CONTINUE,t,f,NEUTRAL,NEUTRAL_PREDICT,647230,-51830,1556820,293109.15
2025-12-19 14:05:00,NSE,25911.5,25900,2025-12-23,2025-12-30,2026-01-06,2026-01-13,2026-01-20,11994025,26334455,-349530,297700,544640,1012180,7.411999999999999,9.532,2025-12-20 01:36:08,2.1956311580140944,1.8584386016451233,647230,0.8517151603581953,38328480,-51830,1556820,1.286022665947113,2.120000000000001,100,122947,186244.33333333334,150842.33333333334,54905,1231043,BEARISH_TURN,t,f,STRONG_BEARISH,BEARISH_PREDICT,-17900,255290,1020260,295741.14
2025-12-19 14:02:00,NSE,25911.5,25900,2025-12-23,2025-12-30,2026-01-06,2026-01-13,2026-01-20,12343555,26036755,136595,118695,514785,505475,7.389999999999999,9.542,2025-12-20 01:36:06,2.109340056410005,0.981914779956681,-17900,0.8689556718767159,38380310,255290,1020260,1.2912043301759135,2.152000000000001,0,40208,186013,129263.66666666667,41628,1205607,BULLISH_TURN,f,f,NEUTRAL,NEUTRAL_PREDICT,910,650,1567835,281550.18
2025-12-19 14:00:00,NSE,25911.5,25900,2025-12-23,2025-12-30,2026-01-06,2026-01-13,2026-01-20,12206960,25918060,-130,780,750315,817520,7.347999999999999,9.565999999999999,2025-12-20 01:36:04,2.1232198680097256,1.0895690476666466,910,6,38125020,650,1567835,1.3018508437670115,2.218,54.55,64226,187223.66666666666,112641.33333333333,-35050,1285252,BEARISH_TURN,f,t,NEUTRAL,BEARISH_PREDICT,-11930,66970,541195,304336.45
2025-12-19 13:59:00,NSE,25911.5,25900,2025-12-23,2025-12-30,2026-01-06,2026-01-13,2026-01-20,12207090,25917280,39450,27520,241640,299555,7.460000000000001,9.504,2025-12-20 01:36:03,2.123133359383768,1.2396747227280251,-11930,0.6975918884664132,38124370,66970,541195,1.273994638069705,2.0439999999999987,0,64057,219586,112613.16666666667,-35193,1221542,BULLISH_CONTINUE,f,f,NEUTRAL,NEUTRAL_PREDICT,-3575,3445,1469105,304347.18
2025-12-19 13:57:00,NSE,25911.5,25900,2025-12-23,2025-12-30,2026-01-06,2026-01-13,2026-01-20,12167640,25889760,3510,-65,585450,883655,7.386,9.528,2025-12-20 01:36:01,2.1277552590313324,1.5093603211205056,-3575,-0.018518518518518517,38057400,3445,1469105,1.2900081234768481,2.1420000000000003,32.125,133487,220390,119226.83333333333,-62201,1486449,BULLISH_TURN,t,f,NEUTRAL,NEUTRAL_PREDICT,233535,-118215,1429640,303702.56
2025-12-19 13:56:00,NSE,25911.5,25900,2025-12-23,2025-12-30,2026-01-06,2026-01-13,2026-01-20,12164130,25889825,-175875,57660,501225,928415,7.418000000000001,9.5,2025-12-20 01:36:00,2.128374573438462,1.852291884882039,233535,0.32784648187633264,38053955,-118215,1429640,1.2806686438393096,2.081999999999999,100,134241,221323.33333333334,125750.33333333333,-62851,1516346,BEARISH_CONTINUE,f,f,STRONG_BEARISH,BEARISH_PREDICT,102190,-128100,1418485,303075.04
2025-12-19 13:53:00,NSE,25911.5,25900,2025-12-23,2025-12-30,2026-01-06,2026-01-13,2026-01-20,12340005,25832165,-115145,-12955,487860,930625,7.3420000000000005,9.518,2025-12-20 01:35:58,2.093367466220638,1.9075656950764563,102190,-0.11251031308350341,38172170,-128100,1418485,1.2963770089893762,2.176,100,180542,205763,117963.66666666667,-128718,1872721,BEARISH_CONTINUE,f,f,STRONG_BEARISH,BEARISH_PREDICT,65,-65,1249285,303211.15
2025-12-19 13:52:00,NSE,25911.5,25900,2025-12-23,2025-12-30,2026-01-06,2026-01-13,2026-01-20,12455150,25845120,-65,0,519000,730285,7.260000000000001,9.544,2025-12-20 01:35:57,2.0750548969703297,1.4071001926782274,65,0,38300270,-65,1249285,1.3146005509641874,2.284,50.325,230265,198941.66666666666,115012.66666666667,-103131,2001370,BEARISH_CONTINUE,f,f,NEUTRAL,NEUTRAL_PREDICT,335220,-68070,1865730,303800.19
2025-12-19 13:50:00,NSE,25911.5,25900,2025-12-23,2025-12-30,2026-01-06,2026-01-13,2026-01-20,12455215,25845120,-201645,133575,644705,1221025,7.345999999999999,9.5,2025-12-20 01:35:55,2.0750440678864233,1.8939282307411918,335220,0.6624265416945623,38300335,-68070,1865730,1.2932208004356114,2.154000000000001,100,230265,224999.33333333334,115006.16666666667,-103131,2022156,BEARISH_CONTINUE,t,f,STRONG_BEARISH,BEARISH_PREDICT,195,195,1618590,303802.74
2025-12-19 13:48:00,NSE,25911.5,25900,2025-12-23,2025-12-30,2026-01-06,2026-01-13,2026-01-20,12656860,25711545,0,195,516965,1101625,7.241999999999999,9.528,2025-12-20 01:35:53,2.0314315714956157,2.1309469693306125,195,,38368405,195,1618590,1.3156586578293292,2.2860000000000014,50.975,301636,202616.66666666666,96904.33333333333,-24944,2002364,BEARISH_CONTINUE,t,f,NEUTRAL,NEUTRAL_PREDICT,465040,-447550,3211515,306396.69
2025-12-19 13:47:00,NSE,25911.5,25900,2025-12-23,2025-12-30,2026-01-06,2026-01-13,2026-01-20,12656860,25711350,-456295,8745,1513885,1697630,7.276000000000001,9.508,2025-12-20 01:35:53,2.031416164830772,1.1213731558209508,465040,0.019165233018113282,38368210,-447550,3211515,1.306761957119296,2.2319999999999984,100,301545,248348,90319,-24957,1999513,BEARISH_CONTINUE,f,f,STRONG_BEARISH,BEARISH_PREDICT,350805,-165,2061730,310640.59
2025-12-19 13:44:00,NSE,25911.5,25900,2025-12-23,2025-12-30,2026-01-06,2026-01-13,2026-01-20,13113155,25702605,-175485,175320,1118940,942790,7.276000000000001,9.488000000000001,2025-12-20 01:35:49,1.9600626241358392,0.8425742220315656,350805,0.9990597486964697,38815760,-165,2061730,1.3040131940626718,2.2120000000000006,100,337289,217332.33333333334,73872.5,40779,1749619,BEARISH_CONTINUE,f,f,STRONG_BEARISH,BEARISH_PREDICT,65,-65,1353215,303086.59
2025-12-19 13:42:00,NSE,25911.5,25900,2025-12-23,2025-12-30,2026-01-06,2026-01-13,2026-01-20,13288640,25527285,-65,0,617885,735330,7.376,9.446000000000002,2025-12-20 01:35:47,1.9209855184578708,1.1900758231709785,65,0,38815925,-65,1353215,1.2806399132321042,2.070000000000001,50.325,267180,212843.33333333334,62172.5,40864,2011545,BEARISH_CONTINUE,t,f,NEUTRAL,NEUTRAL_PREDICT,692075,322865,1766770,298771.65
2025-12-19 13:41:00,NSE,25911.5,25900,2025-12-23,2025-12-30,2026-01-06,2026-01-13,2026-01-20,13288705,25527285,-184605,507470,723580,1043190,7.233999999999999,9.494,2025-12-20 01:35:46,1.9209761222030288,1.4417065148290444,692075,2.7489504617968095,38815990,322865,1766770,1.3124136024329556,2.2600000000000007,100,364436,212873.66666666666,59628.333333333336,-11238,2034253,BEARISH_TURN,f,f,STRONG_BEARISH,BEARISH_PREDICT,-260,130,1604335,299642.46
2025-12-19 13:40:00,NSE,25911.5,25900,2025-12-23,2025-12-30,2026-01-06,2026-01-13,2026-01-20,13473310,25019815,195,-65,706215,898120,7.258000000000001,9.494,2025-12-20 01:35:45,1.8569909695538809,1.2717373604355615,-260,-0.3333333333333333,38493125,130,1604335,1.308073849545329,2.235999999999999,48.7,226047,122657.33333333333,36554.833333333336,-75785,2313247,BULLISH_TURN,t,f,NEUTRAL,NEUTRAL_PREDICT,643760,-118870,1962045,274891.41
2025-12-19 13:38:00,NSE,25911.5,25900,2025-12-23,2025-12-30,2026-01-06,2026-01-13,2026-01-20,13473115,25019880,-381315,262445,918810,1043235,7.4159999999999995,9.488000000000001,2025-12-20 01:35:43,1.8570226707038424,1.1354197276912528,643760,0.6882629846714658,38492995,-118870,1962045,1.2793959007551243,2.072000000000002,100,228184,115440.33333333333,39036.5,-29442,2386631,BEARISH_CONTINUE,t,f,STRONG_BEARISH,BEARISH_PREDICT,260,260,3371360,274883.65
2025-12-19 13:36:00,NSE,25911.5,25900,2025-12-23,2025-12-30,2026-01-06,2026-01-13,2026-01-20,13854430,24757435,0,260,1363720,2007640,7.336,9.498000000000001,2025-12-20 01:35:41,1.7869688612234498,1.4721790396855658,260,,38611865,260,3371360,1.2947110141766631,2.162000000000001,51.3,99458,72514.33333333333,23600.333333333332,-5642,2422444,BEARISH_CONTINUE,t,t,NEUTRAL,BEARISH_PREDICT,486345,-260575,1466755,251786.19
2025-12-19 13:35:00,NSE,25911.5,25900,2025-12-23,2025-12-30,2026-01-06,2026-01-13,2026-01-20,13854430,24757175,-373460,112885,639855,826900,7.31,9.534000000000002,2025-12-20 01:35:40,1.7869500946628623,1.292324042165803,486345,0.30226798050661385,38611605,-260575,1466755,1.3042407660738717,2.224000000000003,100,99380,38059,43014.333333333336,-5694,1950152,BEARISH_CONTINUE,t,f,STRONG_BEARISH,BEARISH_PREDICT,130,130,3161740,271598.75
2025-12-19 13:33:00,NSE,25911.5,25900,2025-12-23,2025-12-30,2026-01-06,2026-01-13,2026-01-20,14227890,24644290,0,130,1104070,2057670,7.31,9.496,2025-12-20 01:35:37,1.7321113671809383,1.8637133515085094,130,,38872180,130,3161740,1.2990424076607388,2.186000000000001,50.65,80297,5640.333333333333,52822.666666666664,26815,1910845,BEARISH_CONTINUE,f,f,NEUTRAL,NEUTRAL_PREDICT,10425,231845,1971255,292657.71
2025-12-19 13:32:00,NSE,25911.5,25900,2025-12-23,2025-12-30,2026-01-06,2026-01-13,2026-01-20,14227890,24644160,110710,121135,846220,1125035,7.324,9.546000000000001,2025-12-20 01:35:36,1.7321022301971691,1.329482876793269,10425,1.0941649354168548,38872050,231845,1971255,1.303386127799017,2.2220000000000013,100,80167,18063.666666666668,52861.666666666664,26685,1753354,BEARISH_CONTINUE,f,f,NEUTRAL,NEUTRAL_PREDICT,130,130,2141110,292650.52
2025-12-19 13:31:00,NSE,25911.5,25900,2025-12-23,2025-12-30,2026-01-06,2026-01-13,2026-01-20,14117180,24523025,0,130,789740,1351370,7.412000000000001,9.516,2025-12-20 01:35:35,1.7371050733928448,1.7111581026667004,130,,38640205,130,2141110,1.283864004317323,2.103999999999999,50.65,215315,30177.333333333332,68598.66666666667,85303,1637042,BEARISH_TURN,f,t,NEUTRAL,BEARISH_PREDICT,-130,0,1009900,302807.23
2025-12-19 13:30:00,NSE,25911.5,25900,2025-12-23,2025-12-30,2026-01-06,2026-01-13,2026-01-20,14117180,24522895,65,-65,551820,458080,7.626,9.428,2025-12-20 01:35:34,1.7370958647548589,0.8301257656482186,-130,-1,38640075,0,1009900,1.2362968790978233,1.8020000000000005,49.35,215250,30164.333333333332,68600.83333333333,85368,1390386,BULLISH_TURN,f,f,NEUTRAL,NEUTRAL_PREDICT,390930,-98030,1270220,302806.72
2025-12-19 13:29:00,NSE,25911.5,25900,2025-12-23,2025-12-30,2026-01-06,2026-01-13,2026-01-20,14117115,24522960,-244480,146450,635805,634415,7.731999999999999,9.348,2025-12-20 01:35:33,1.7371084672753605,0.997813795110136,390930,0.5990265052356021,38640075,-98030,1270220,1.209001551991723,1.6160000000000014,100,271970,31083.666666666668,83980.33333333333,52302,1466123,BEARISH_TURN,f,f,STRONG_BEARISH,BEARISH_PREDICT,-520,-520,2374285,310806.67
2025-12-19 13:27:00,NSE,25911.5,25900,2025-12-23,2025-12-30,2026-01-06,2026-01-13,2026-01-20,14361595,24376510,0,-520,1140365,1233920,7.63,9.382,2025-12-20 01:35:31,1.697340023862252,1.0820395224336068,-520,,38738105,-520,2374285,1.2296199213630405,1.7519999999999998,47.4,193888,5013,72411.16666666667,71804,1652929,BULLISH_TURN,t,f,NEUTRAL,NEUTRAL_PREDICT,686165,524935,1389695,305399.65
2025-12-19 13:26:00,NSE,25911.5,25900,2025-12-23,2025-12-30,2026-01-06,2026-01-13,2026-01-20,14361595,24377030,-80615,605550,711430,678265,7.642,9.386,2025-12-20 01:35:30,1.6973762315397418,0.9533826237296712,686165,7.511629349376667,38738625,524935,1389695,1.2282125098141845,1.7439999999999989,100,61758,-8808,73512.16666666667,50704,1772859,BEARISH_TURN,f,f,STRONG_BEARISH,BEARISH_PREDICT,-195,455,907830,305187.12
2025-12-19 13:25:00,NSE,25911.5,25900,2025-12-23,2025-12-30,2026-01-06,2026-01-13,2026-01-20,14442210,23771480,325,130,455855,451975,7.659999999999999,9.386,2025-12-20 01:35:29,1.645972465432922,0.9914885215693586,-195,0.4,38213690,455,907830,1.2253263707571802,1.726,49.025,-97178,-67710,49926.5,-13856,2037530,BULLISH_TURN,t,f,NEUTRAL,NEUTRAL_PREDICT,283470,-165330,1388585,282721.59
2025-12-19 13:23:00,NSE,25911.5,25900,2025-12-23,2025-12-30,2026-01-06,2026-01-13,2026-01-20,14441885,23771350,-224400,59070,547555,841030,7.587999999999999,9.43,2025-12-20 01:35:27,1.6460005047817512,1.535973555167974,283470,0.26323529411764707,38213235,-165330,1388585,1.242751713231418,1.8420000000000005,100,-97165,-69587.33333333333,49935.166666666664,-13921,2367881,BEARISH_CONTINUE,f,f,STRONG_BEARISH,BEARISH_PREDICT,520,-520,2204250,282720.01
2025-12-19 13:22:00,NSE,25911.5,25900,2025-12-23,2025-12-30,2026-01-06,2026-01-13,2026-01-20,14666285,23712280,-520,0,1034310,1169940,7.409999999999999,9.516,2025-12-20 01:35:25,1.6167884368809142,1.1311308988601096,520,0,38378565,-520,2204250,1.2842105263157897,2.1060000000000008,52.6,-257173,-88498.33333333333,41138.166666666664,-80709,2605456,BEARISH_TURN,f,f,NEUTRAL,NEUTRAL_PREDICT,-661170,-106020,2973935,279287.89
2025-12-19 13:20:00,NSE,25911.5,25900,2025-12-23,2025-12-30,2026-01-06,2026-01-13,2026-01-20,14666805,23712280,277575,-383595,1438640,1535295,7.388,9.526,2025-12-20 01:35:23,1.6167311149224388,1.0671849802591336,-661170,-1.381950824101594,38379085,-106020,2973935,1.28938819707634,2.138,0,-257264,-93617,46704.833333333336,-80592,2783836,BULLISH_CONTINUE,t,f,STRONG_BULLISH,NEUTRAL_PREDICT,-108515,202135,2713050,280113.46
2025-12-19 13:17:00,NSE,25911.5,25900,2025-12-23,2025-12-30,2026-01-06,2026-01-13,2026-01-20,14389230,24095875,155325,46810,1088830,1624220,7.866,9.325999999999999,2025-12-20 01:35:20,1.6745770968981661,1.491711286426715,-108515,0.30136809914694995,38485105,202135,2713050,1.1856089499110094,1.459999999999999,0,-87734,-49547.666666666664,80711.5,-52884,2493614,BULLISH_CONTINUE,f,f,STRONG_BULLISH,NEUTRAL_PREDICT,-130,130,2559585,251698.34
2025-12-19 13:15:00,NSE,25911.5,25900,2025-12-23,2025-12-30,2026-01-06,2026-01-13,2026-01-20,14233905,24049065,130,0,888200,1671385,7.9879999999999995,9.31,2025-12-20 01:35:18,1.6895620000273994,1.8817664940328755,-130,0,38282970,130,2559585,1.1654982473710567,1.322000000000001,49.35,-27605,-37367.333333333336,84341.66666666667,-29837,2168776,BULLISH_CONTINUE,t,f,NEUTRAL,NEUTRAL_PREDICT,-516570,-499270,2576460,249652.11
2025-12-19 13:14:00,NSE,25911.5,25900,2025-12-23,2025-12-30,2026-01-06,2026-01-13,2026-01-20,14233775,24049065,8650,-507920,913290,1663170,8.035999999999998,9.27,2025-12-20 01:35:17,1.6895774311452865,1.821075452484972,-516570,-58.71907514450867,38282840,-499270,2576460,1.1535589845694378,1.2340000000000018,0,-27592,-25313.666666666668,84300.5,-29876,1971138,BULLISH_TURN,t,f,STRONG_BULLISH,NEUTRAL_PREDICT,65,65,3096150,249666.62
2025-12-19 13:12:00,NSE,25911.5,25900,2025-12-23,2025-12-30,2026-01-06,2026-01-13,2026-01-20,14225125,24556985,0,65,1049300,2046850,8.226,9.138000000000002,2025-12-20 01:35:14,1.726310665108391,1.9506814066520537,65,,38782110,65,3096150,1.1108679795769512,0.9120000000000008,50.325,78454,47969.666666666664,101042.5,89330,1613135,BEARISH_CONTINUE,f,t,NEUTRAL,BEARISH_PREDICT,186480,32520,1522825,223447.83
2025-12-19 13:11:00,NSE,25911.5,25900,2025-12-23,2025-12-30,2026-01-06,2026-01-13,2026-01-20,14225125,24556920,-76980,109500,446765,1076060,7.963999999999999,9.244,2025-12-20 01:35:13,1.7263060957285086,2.408559309704207,186480,1.4224473889321902,38782045,32520,1522825,1.1607232546459068,1.2800000000000011,100,78415,100005,101038.16666666667,89343,1116456,BEARISH_CONTINUE,f,f,STRONG_BEARISH,BEARISH_PREDICT,192130,317370,1088860,223449.85
2025-12-19 13:08:00,NSE,25911.5,25900,2025-12-23,2025-12-30,2026-01-06,2026-01-13,2026-01-20,14302105,24447420,62620,254750,347930,740930,7.8180000000000005,9.315999999999999,2025-12-20 01:35:10,1.709358167906053,2.129537550656741,192130,4.068189076972214,38749525,317370,1088860,1.191609107188539,1.4979999999999984,100,-448,87659.66666666667,94996.16666666667,73446,1020107,BEARISH_TURN,t,f,STRONG_BEARISH,BEARISH_PREDICT,-65,-65,1571395,223510.47
2025-12-19 13:06:00,NSE,25911.5,25900,2025-12-23,2025-12-30,2026-01-06,2026-01-13,2026-01-20,14239485,24192670,0,-65,695040,876355,7.784000000000001,9.322,2025-12-20 01:35:07,1.698984900085923,1.2608698779926335,-65,,38432155,-65,1571395,1.1975847893114078,1.5379999999999985,49.675,-78347,107020,97529,-64451,947713,BULLISH_TURN,t,f,NEUTRAL,NEUTRAL_PREDICT,13660,96760,786445,225074.21
2025-12-19 13:05:00,NSE,25911.5,25900,2025-12-23,2025-12-30,2026-01-06,2026-01-13,2026-01-20,14239485,24192735,41550,55210,405725,380720,7.69,9.374,2025-12-20 01:35:06,1.698989464857753,0.9383695853102471,13660,1.328760529482551,38432220,96760,786445,1.2189856957087126,1.6840000000000002,100,-84005,107037.33333333333,97561.5,-43735,885218,BEARISH_TURN,f,f,NEUTRAL,NEUTRAL_PREDICT,-130,130,612755,225059.70
2025-12-19 13:03:00,NSE,25911.5,25900,2025-12-23,2025-12-30,2026-01-06,2026-01-13,2026-01-20,14197935,24137525,130,0,228065,384690,7.694,9.373999999999999,2025-12-20 01:35:04,1.7000729331413336,1.6867559686931357,-130,0,38335460,130,612755,1.2183519625682349,1.6799999999999988,49.35,-86776,136877,112469.5,-63048,865345,BULLISH_CONTINUE,t,f,NEUTRAL,NEUTRAL_PREDICT,-207835,-46965,1041080,233947.55
2025-12-19 13:02:00,NSE,25911.5,25900,2025-12-23,2025-12-30,2026-01-06,2026-01-13,2026-01-20,14197805,24137525,80435,-127400,462290,578790,7.654000000000001,9.396,2025-12-20 01:35:03,1.700088499595536,1.252006316381492,-207835,-1.5838876111145646,38335330,-46965,1041080,1.2275934152077346,1.742,0,-102002,139809.33333333334,112469.5,-15476,937915,BULLISH_CONTINUE,f,f,STRONG_BULLISH,NEUTRAL_PREDICT,-197365,-372115,726890,233947.55
2025-12-19 12:59:00,NSE,25911.5,25900,2025-12-23,2025-12-30,2026-01-06,2026-01-13,2026-01-20,14117370,24264925,-87375,-284740,309000,417890,7.675999999999999,9.414,2025-12-20 01:35:00,1.718799252268659,1.3523948220064725,-197365,-3.258826895565093,38382295,-372115,726890,1.2264200104220948,1.7380000000000004,0,-60461,155832.33333333334,119416.83333333333,-6083,974358,BULLISH_CONTINUE,t,f,STRONG_BULLISH,NEUTRAL_PREDICT,-28355,103515,1258920,227102.24
2025-12-19 12:56:00,NSE,25911.5,25900,2025-12-23,2025-12-30,2026-01-06,2026-01-13,2026-01-20,14204745,24549665,65935,37580,580565,678355,7.696,9.394000000000002,2025-12-20 01:34:57,1.728272137233016,1.1684393651012377,-28355,0.5699552589671646,38754410,103515,1258920,1.220634095634096,1.6980000000000022,0,-6150,167563,127500.66666666667,19716,1222606,BULLISH_CONTINUE,f,f,BULLISH,NEUTRAL_PREDICT,-195,195,687080,219630.71
2025-12-19 12:54:00,NSE,25911.5,25900,2025-12-23,2025-12-30,2026-01-06,2026-01-13,2026-01-20,14138810,24512085,195,0,236165,450915,7.8340000000000005,9.314,2025-12-20 01:34:54,1.733673838180158,1.9093218724197065,-195,0,38650895,195,687080,1.1889200919070717,1.4799999999999995,49.025,35656,169457.66666666666,128454.5,-25622,1104577,BULLISH_CONTINUE,f,f,NEUTRAL,NEUTRAL_PREDICT,-76260,237990,975605,218991.71
2025-12-19 12:53:00,NSE,25911.5,25900,2025-12-23,2025-12-30,2026-01-06,2026-01-13,2026-01-20,14138615,24512085,157125,80865,406425,569180,7.840000000000001,9.315999999999999,2025-12-20 01:34:52,1.733697749036946,1.4004551885341698,-76260,0.514653937947494,38650700,237990,975605,1.1882653061224486,1.4759999999999982,0,152231,170774.66666666666,132132.83333333334,38791,1210220,BULLISH_CONTINUE,f,f,STRONG_BULLISH,NEUTRAL_PREDICT,-130,0,1223295,217679.13
2025-12-19 12:52:00,NSE,25911.5,25900,2025-12-23,2025-12-30,2026-01-06,2026-01-13,2026-01-20,13981490,24431220,65,-65,532280,691015,7.787999999999999,9.335999999999999,2025-12-20 01:34:51,1.7473974519167843,1.2982171037799655,-130,-1,38412710,0,1223295,1.1987673343605547,1.5479999999999992,49.35,323602,187026.66666666666,120212.33333333333,-98580,1280783,BULLISH_TURN,f,f,NEUTRAL,NEUTRAL_PREDICT,74190,-243120,1968130,238299.75
2025-12-19 12:50:00,NSE,25911.5,25900,2025-12-23,2025-12-30,2026-01-06,2026-01-13,2026-01-20,13981425,24431285,-158655,-84465,902815,1065315,7.804,9.346,2025-12-20 01:34:49,1.7474102246373313,1.1799925787675216,74190,-0.5323815826793987,38412710,-243120,1968130,1.1975909789851358,1.5419999999999998,100,323888,210970.66666666666,120218.83333333333,-98762,1713328,BEARISH_CONTINUE,f,t,STRONG_BEARISH,BEARISH_PREDICT,180675,-123175,668775,238296.35
2025-12-19 12:47:00,NSE,25911.5,25900,2025-12-23,2025-12-30,2026-01-06,2026-01-13,2026-01-20,14140080,24515750,-151925,28750,276925,391850,7.574000000000001,9.424000000000001,2025-12-20 01:34:46,1.7337773195059716,1.4150040624717883,180675,0.1892381109099885,38655830,-123175,668775,1.244256667546871,1.8500000000000005,100,405557,206050.66666666666,117741.5,31219,1525587,BEARISH_CONTINUE,t,f,STRONG_BEARISH,BEARISH_PREDICT,582680,322260,1215295,239176.06
2025-12-19 12:44:00,NSE,25911.5,25900,2025-12-23,2025-12-30,2026-01-06,2026-01-13,2026-01-20,14292005,24487000,-130210,452470,526385,688910,7.738000000000001,9.308,2025-12-20 01:34:43,1.7133355326981763,1.3087568984678515,582680,3.4749251209584515,38779005,322260,1215295,1.2028948048591366,1.5699999999999985,100,369461,193914.66666666666,114021.66666666667,55893,1751680,BEARISH_CONTINUE,t,f,STRONG_BEARISH,BEARISH_PREDICT,780595,-448865,1328420,239031.28
2025-12-19 12:41:00,NSE,25911.5,25900,2025-12-23,2025-12-30,2026-01-06,2026-01-13,2026-01-20,14422215,24034530,-614730,165865,680915,647505,7.586,9.383999999999999,2025-12-20 01:34:39,1.666493669661699,0.9509336701350389,780595,0.26981764351829257,38456745,-448865,1328420,1.2370155549696809,1.7979999999999983,100,345176,154115.33333333334,94625,-82896,2166199,BEARISH_CONTINUE,f,f,STRONG_BEARISH,BEARISH_PREDICT,1300,-910,3386020,222744.54
2025-12-19 12:39:00,NSE,25911.5,25900,2025-12-23,2025-12-30,2026-01-06,2026-01-13,2026-01-20,15036945,23868665,-1105,195,1623040,1762980,7.6,9.389999999999999,2025-12-20 01:34:37,1.5873347278985193,1.086220918769716,1300,0.17647058823529413,38905610,-910,3386020,1.2355263157894736,1.7899999999999991,56.5,197828,102071.33333333333,69427.66666666667,49304,2659170,BEARISH_CONTINUE,t,t,NEUTRAL,BEARISH_PREDICT,482535,406785,1029425,181386.40
2025-12-19 12:38:00,NSE,25911.5,25900,2025-12-23,2025-12-30,2026-01-06,2026-01-13,2026-01-20,15038050,23868470,-37875,444660,542475,486950,7.728,9.382,2025-12-20 01:34:36,1.587205123004645,0.8976450527674087,482535,11.74019801980198,38906520,406785,1029425,1.2140269151138716,1.654,100,204070,102332.66666666667,69375.66666666667,106976,2209566,BEARISH_CONTINUE,f,f,STRONG_BEARISH,BEARISH_PREDICT,195,195,1799240,181406.83
2025-12-19 12:36:00,NSE,25911.5,25900,2025-12-23,2025-12-30,2026-01-06,2026-01-13,2026-01-20,15075925,23423810,0,195,771440,1027800,7.784000000000001,9.36,2025-12-20 01:34:34,1.5537229058913467,1.332313595354143,195,,38499735,195,1799240,1.2024665981500513,1.5759999999999987,50.975,103282,88038,53260.833333333336,-6252,2284245,BEARISH_CONTINUE,t,f,NEUTRAL,NEUTRAL_PREDICT,461255,-371685,3287890,164085.08
2025-12-19 12:35:00,NSE,25911.5,25900,2025-12-23,2025-12-30,2026-01-06,2026-01-13,2026-01-20,15075925,23423615,-416470,44785,1260460,2027430,7.75,9.442,2025-12-20 01:34:33,1.5537099713616245,1.6084842041794265,461255,0.10753475640502318,38499540,-371685,3287890,1.2183225806451614,1.6920000000000002,100,103256,88085.66666666667,57470.666666666664,-6278,2342612,BEARISH_CONTINUE,t,f,STRONG_BEARISH,BEARISH_PREDICT,43855,212135,3793275,164296.66
2025-12-19 12:32:00,NSE,25911.5,25900,2025-12-23,2025-12-30,2026-01-06,2026-01-13,2026-01-20,15492395,23378830,84140,127995,1581865,2211410,7.776000000000001,9.447999999999999,2025-12-20 01:34:30,1.5090520219759438,1.3979764392030924,43855,1.5212146422628952,38871225,212135,3793275,1.215020576131687,1.671999999999998,100,14917,88062,42099.833333333336,70361,1912129,BEARISH_CONTINUE,f,t,BEARISH,BEARISH_PREDICT,32510,287450,1138000,145740.28
2025-12-19 12:29:00,NSE,25911.5,25900,2025-12-23,2025-12-30,2026-01-06,2026-01-13,2026-01-20,15408255,23250835,127470,159980,466545,671455,7.808,9.459999999999999,2025-12-20 01:34:27,1.508985605443316,1.4392073647772454,32510,1.2550404016631365,38659090,287450,1138000,1.211577868852459,1.6519999999999992,100,39650,85129.66666666667,27953.833333333332,90058,1614211,BEARISH_TURN,t,f,BEARISH,NEUTRAL_PREDICT,-21405,-159355,1402820,164900.39
2025-12-19 12:26:00,NSE,25911.5,25900,2025-12-23,2025-12-30,2026-01-06,2026-01-13,2026-01-20,15280785,23090855,-68975,-90380,597915,804905,7.846000000000001,9.5,2025-12-20 01:34:23,1.5111039779697182,1.346186330832978,-21405,-1.3103298296484234,38371640,-159355,1402820,1.210808055059903,1.653999999999999,0,104954,83001.33333333333,26675.166666666668,7640,1847585,BULLISH_TURN,t,f,BULLISH,NEUTRAL_PREDICT,65,65,2091075,165012.53
2025-12-19 12:24:00,NSE,25911.5,25900,2025-12-23,2025-12-30,2026-01-06,2026-01-13,2026-01-20,15349760,23181235,0,65,769040,1322035,7.9719999999999995,9.434000000000001,2025-12-20 01:34:21,1.5102017881712808,1.719071829813794,65,,38530995,65,2091075,1.1833918715504268,1.4620000000000015,50.325,109313,87438.33333333333,-67936.5,39433,1773405,BEARISH_CONTINUE,f,f,NEUTRAL,NEUTRAL_PREDICT,19560,11510,1135475,552432.59
2025-12-19 12:23:00,NSE,25911.5,25900,2025-12-23,2025-12-30,2026-01-06,2026-01-13,2026-01-20,15349760,23181170,-4025,15535,458745,676730,7.8260000000000005,9.468,2025-12-20 01:34:20,1.5101975535773848,1.4751768411644814,19560,3.8596273291925467,38530930,11510,1135475,1.2098134423715818,1.6419999999999995,100,109027,87451.33333333333,-64297.333333333336,39693,1832512,BEARISH_CONTINUE,f,f,NEUTRAL,NEUTRAL_PREDICT,167520,310620,2303685,553254.99
2025-12-19 12:22:00,NSE,25911.5,25900,2025-12-23,2025-12-30,2026-01-06,2026-01-13,2026-01-20,15353785,23165635,71550,239070,1056880,1246805,7.858,9.448,2025-12-20 01:34:19,1.5087898521439502,1.1797034668079631,167520,3.3412997903563944,38519420,310620,2303685,1.2023415627386105,1.5900000000000007,100,102253,93491,-64955.833333333336,71459,1817269,BEARISH_CONTINUE,t,f,STRONG_BEARISH,BEARISH_PREDICT,359030,-124640,2304870,553163.48
2025-12-19 12:19:00,NSE,25911.5,25900,2025-12-23,2025-12-30,2026-01-06,2026-01-13,2026-01-20,15282235,22926565,-241835,117195,1085255,1219615,7.9079999999999995,9.428,2025-12-20 01:34:16,1.5002102113990525,1.1238050043538155,359030,0.4846072735542829,38208800,-124640,2304870,1.1922104198280223,1.5200000000000014,100,68736,53398,-81013.16666666667,9322,1652543,BEARISH_CONTINUE,f,t,STRONG_BEARISH,BEARISH_PREDICT,390,-390,1031920,553174.16
2025-12-19 12:18:00,NSE,25911.5,25900,2025-12-23,2025-12-30,2026-01-06,2026-01-13,2026-01-20,15524070,22809370,-390,0,396055,635865,7.942,9.404,2025-12-20 01:34:15,1.4692905919646073,1.6054967113153475,390,0,38333440,-390,1031920,1.1840846134474943,1.4619999999999997,51.95,-2026,29467,-92952.66666666667,32868,1363194,BEARISH_TURN,t,f,NEUTRAL,NEUTRAL_PREDICT,-1365,1365,2386610,547181.94
2025-12-19 12:17:00,NSE,25911.5,25900,2025-12-23,2025-12-30,2026-01-06,2026-01-13,2026-01-20,15524460,22809370,1365,0,902820,1483790,7.99,9.404,2025-12-20 01:34:14,1.4692536809653927,1.6435059037238873,-1365,0,38333830,1365,2386610,1.176971214017522,1.4139999999999997,43.175,51519,29432.333333333332,-96740.83333333333,95329,1382348,BULLISH_CONTINUE,f,t,NEUTRAL,BULLISH_PREDICT,-14310,170340,1059260,546906.75
2025-12-19 12:16:00,NSE,25911.5,25900,2025-12-23,2025-12-30,2026-01-06,2026-01-13,2026-01-20,15523095,22809370,92325,78015,575485,483775,7.952000000000001,9.43,2025-12-20 01:34:13,1.4693828775769264,0.8406387655629599,-14310,0.845004061738424,38332465,170340,1059260,1.1858651911468812,1.4779999999999989,0,51974,34128.666666666664,-96738.66666666667,95238,1285152,BULLISH_CONTINUE,t,f,NEUTRAL,NEUTRAL_PREDICT,-65,-65,1480055,546907.14
2025-12-19 12:15:00,NSE,25911.5,25900,2025-12-23,2025-12-30,2026-01-06,2026-01-13,2026-01-20,15430770,22731355,0,-65,622725,857330,7.832000000000001,9.5,2025-12-20 01:34:12,1.4731186454078442,1.3767393311654421,-65,,38162125,-65,1480055,1.2129724208375892,1.6679999999999993,49.675,147016,35134.666666666664,-122001.66666666667,-89630,1453828,BULLISH_TURN,f,f,NEUTRAL,NEUTRAL_PREDICT,5220,-6910,858125,560308.48
2025-12-19 12:14:00,NSE,25911.5,25900,2025-12-23,2025-12-30,2026-01-06,2026-01-13,2026-01-20,15430770,22731420,-6065,-845,421620,436505,7.884,9.458,2025-12-20 01:34:10,1.4731228577705455,1.0353043024524453,5220,-0.1393239901071723,38162190,-6910,858125,1.1996448503297819,1.5739999999999998,76.1,147003,36784,-121995.16666666667,-89591,1714610,BEARISH_CONTINUE,t,f,NEUTRAL,NEUTRAL_PREDICT,268115,311915,1127690,560309.95
2025-12-19 12:13:00,NSE,25911.5,25900,2025-12-23,2025-12-30,2026-01-06,2026-01-13,2026-01-20,15436835,22732265,21900,290015,550110,577580,7.872,9.476,2025-12-20 01:34:09,1.4725988196414614,1.049935467451964,268115,13.24269406392694,38169100,311915,1127690,1.203760162601626,1.604000000000001,100,146076,36418.666666666664,-173133.16666666666,-88092,2405838,BEARISH_CONTINUE,f,f,STRONG_BEARISH,BEARISH_PREDICT,910,910,1900630,615581.33
2025-12-19 12:11:00,NSE,25911.5,25900,2025-12-23,2025-12-30,2026-01-06,2026-01-13,2026-01-20,15414935,22442250,0,910,872815,1027815,7.9879999999999995,9.43,2025-12-20 01:34:07,1.455877043918771,1.1775863155422397,910,,37857185,910,1900630,1.1805207811717577,1.4420000000000002,54.55,101483,18483.666666666668,-182068.16666666666,-106135,2635796,BEARISH_CONTINUE,t,f,NEUTRAL,NEUTRAL_PREDICT,460900,-754000,1902640,610883.29
2025-12-19 12:10:00,NSE,25911.5,25900,2025-12-23,2025-12-30,2026-01-06,2026-01-13,2026-01-20,15414935,22441340,-607450,-146550,824960,1077680,7.719999999999999,9.568000000000001,2025-12-20 01:34:05,1.4558180102608282,1.3063421256788208,460900,-0.2412544242324471,37856275,-754000,1902640,1.2393782383419694,1.8480000000000025,100,101353,26855.666666666668,-182085.5,-106343,2663923,BEARISH_TURN,t,f,STRONG_BEARISH,BEARISH_PREDICT,-130,130,2783965,610877.93
2025-12-19 12:09:00,NSE,25911.5,25900,2025-12-23,2025-12-30,2026-01-06,2026-01-13,2026-01-20,16022385,22587890,130,0,1472860,1311105,7.709999999999999,9.524,2025-12-20 01:34:04,1.409770767585475,0.8901762557201635,-130,0,38610275,130,2783965,1.2352788586251622,1.814,49.35,31204,-3862.3333333333335,-193491.83333333334,91238,2681217,BULLISH_TURN,f,f,NEUTRAL,NEUTRAL_PREDICT,585,585,4314265,601582.05
2025-12-19 12:08:00,NSE,25911.5,25900,2025-12-23,2025-12-30,2026-01-06,2026-01-13,2026-01-20,16022255,22587890,0,585,2005520,2308745,7.694,9.51,2025-12-20 01:34:03,1.4097822060627545,1.151195201244565,585,,38610145,585,4314265,1.2360280738237588,1.8159999999999998,52.925,-55545,-29222,-193489.66666666666,-105129,3537060,BEARISH_CONTINUE,f,f,NEUTRAL,NEUTRAL_PREDICT,45150,221700,2277480,601582.77
2025-12-19 12:07:00,NSE,25911.5,25900,2025-12-23,2025-12-30,2026-01-06,2026-01-13,2026-01-20,16022255,22587305,88275,133425,1080475,1197005,7.779999999999999,9.495999999999999,2025-12-20 01:34:02,1.4097456943482674,1.1078507138064277,45150,1.5114698385726424,38609560,221700,2277480,1.2205655526992287,1.7159999999999993,100,-55649,-29651,-193517.83333333334,-105233,3090860,BEARISH_CONTINUE,t,f,BEARISH,NEUTRAL_PREDICT,260,-130,2041265,601573.39
2025-12-19 12:05:00,NSE,25911.5,25900,2025-12-23,2025-12-30,2026-01-06,2026-01-13,2026-01-20,15933980,22453880,-195,65,1001315,1039950,7.980000000000001,9.418000000000001,2025-12-20 01:34:00,1.4091821377960811,1.03858426169587,260,0.3333333333333333,38387860,-130,2041265,1.1802005012531327,1.4379999999999997,51.3,-64705,-223311.33333333334,-192606.83333333334,-149599,3143921,BEARISH_CONTINUE,t,f,NEUTRAL,NEUTRAL_PREDICT,110155,233905,1989110,601967.84
2025-12-19 12:04:00,NSE,25911.5,25900,2025-12-23,2025-12-30,2026-01-06,2026-01-13,2026-01-20,15934175,22453815,61875,172030,711900,1277210,8.022,9.360000000000001,2025-12-20 01:33:59,1.4091608131578823,1.7940862480685489,110155,2.7802828282828282,38387990,233905,1989110,1.1667913238593868,1.338000000000001,100,-50941,-216046,-192596,-84909,3100149,BEARISH_TURN,t,f,STRONG_BEARISH,BEARISH_PREDICT,-433875,-981705,7063180,601971.44
2025-12-19 12:01:00,NSE,25911.5,25900,2025-12-23,2025-12-30,2026-01-06,2026-01-13,2026-01-20,15872300,22281785,-273915,-707790,2905140,4158040,7.902000000000001,9.396,2025-12-20 01:33:56,1.4038157670910958,1.4312700936960008,-433875,-2.58397678111823,38154085,-981705,7063180,1.1890660592255125,1.4939999999999998,0,-72816,-223402.66666666666,-196840,-131482,3122113,BULLISH_TURN,t,t,STRONG_BULLISH,BULLISH_PREDICT,65,65,2083265,600209.63
2025-12-19 12:00:00,NSE,25911.5,25900,2025-12-23,2025-12-30,2026-01-06,2026-01-13,2026-01-20,16146215,22989575,0,65,963195,1120070,8.242,9.307999999999998,2025-12-20 01:33:55,1.423836793948303,1.1628694085828934,65,,39135790,65,2083265,1.1293375394321763,1.0659999999999972,50.325,18894,-215424.33333333334,-182375.33333333334,104504,1991291,BEARISH_TURN,t,f,NEUTRAL,NEUTRAL_PREDICT,-130,-130,2542785,599528.71
2025-12-19 11:59:00,NSE,25911.5,25900,2025-12-23,2025-12-30,2026-01-06,2026-01-13,2026-01-20,16146215,22989510,0,-130,1010295,1532490,8.422,9.258,2025-12-20 01:33:55,1.423832768237014,1.516873784389708,-130,,39135725,-130,2542785,1.0992638328188078,0.8359999999999985,49.35,18829,-215372.33333333334,-184810.66666666666,104439,1983051,BULLISH_TURN,t,f,NEUTRAL,NEUTRAL_PREDICT,69080,323320,1822405,598910.13
2025-12-19 11:58:00,NSE,25911.5,25900,2025-12-23,2025-12-30,2026-01-06,2026-01-13,2026-01-20,16146215,22989640,127120,196200,595985,1226420,8.618,9.148,2025-12-20 01:33:54,1.423840819659592,2.0578034682080926,69080,1.5434235368156073,39135855,323320,1822405,1.061499187746577,0.5299999999999994,100,18673,-222914,-184793.33333333334,104543,1792663,BEARISH_CONTINUE,f,f,STRONG_BEARISH,NEUTRAL_PREDICT,780,1040,2098930,598915.67
2025-12-19 11:56:00,NSE,25911.5,25900,2025-12-23,2025-12-30,2026-01-06,2026-01-13,2026-01-20,16019095,22793440,130,910,748610,1350320,8.448,9.308,2025-12-20 01:33:52,1.422891867486896,1.8037696530903942,780,7,38812535,1040,2098930,1.1017992424242424,0.8599999999999994,53.9,30155,-227606,-191301.66666666666,100711,1828454,BEARISH_CONTINUE,f,f,NEUTRAL,NEUTRAL_PREDICT,24675,198225,1409070,597119.92
2025-12-19 11:55:00,NSE,25911.5,25900,2025-12-23,2025-12-30,2026-01-06,2026-01-13,2026-01-20,16018965,22792530,86775,111450,541840,867230,8.312,9.362,2025-12-20 01:33:51,1.422846607130985,1.6005278310940498,24675,1.2843560933448575,38811495,198225,1409070,1.1263233878729548,1.0500000000000007,100,30025,-279138,-191332,100477,2048499,BEARISH_TURN,t,f,BEARISH,NEUTRAL_PREDICT,-260,-260,2042065,597109.85
2025-12-19 11:54:00,NSE,25911.5,25900,2025-12-23,2025-12-30,2026-01-06,2026-01-13,2026-01-20,15932190,22681080,0,-260,824190,1217875,8.314000000000002,9.361999999999998,2025-12-20 01:33:50,1.423600898558202,1.4776629175311518,-260,,38613270,-260,2042065,1.1260524416646616,1.0479999999999965,48.7,-51015,-280774.3333333333,-200888,132927,2209858,BULLISH_CONTINUE,t,f,NEUTRAL,NEUTRAL_PREDICT,-910,390,1590845,595826.32
2025-12-19 11:53:00,NSE,25911.5,25900,2025-12-23,2025-12-30,2026-01-06,2026-01-13,2026-01-20,15932190,22681340,650,-260,594325,996520,8.238,9.45,2025-12-20 01:33:49,1.4236172177208533,1.6767256972195348,-910,-0.4,38613530,390,1590845,1.1471230881281864,1.2119999999999997,45.45,-52133,-382685,-200909.66666666666,131887,2547260,BULLISH_TURN,f,f,NEUTRAL,NEUTRAL_PREDICT,126490,304160,2001360,595818.78
2025-12-19 11:52:00,NSE,25911.5,25900,2025-12-23,2025-12-30,2026-01-06,2026-01-13,2026-01-20,15931540,22681600,88835,215325,708710,1292650,8.177999999999999,9.447999999999999,2025-12-20 01:33:48,1.4236916205213055,1.82394773602743,126490,2.4238757246580738,38613140,304160,2001360,1.1552946930789925,1.2699999999999996,100,-623902,-382620,-227759,-83230,3051371,BEARISH_CONTINUE,t,f,STRONG_BEARISH,BEARISH_PREDICT,130,-130,3199155,604579.67
2025-12-19 11:50:00,NSE,25911.5,25900,2025-12-23,2025-12-30,2026-01-06,2026-01-13,2026-01-20,15842705,22466275,-130,0,1375805,1823350,8.288,9.37,2025-12-20 01:33:47,1.4180832755517445,1.3252968262217393,130,0,38308980,-130,3199155,1.1305501930501929,1.081999999999999,50.65,-627352,-391026.6666666667,-231927.66666666666,-167908,3875400,BEARISH_TURN,t,f,NEUTRAL,NEUTRAL_PREDICT,-380525,360475,2215865,602480.35
2025-12-19 11:49:00,NSE,25911.5,25900,2025-12-23,2025-12-30,2026-01-06,2026-01-13,2026-01-20,15842835,22466275,370500,-10025,852310,1363555,8.366,9.344000000000001,2025-12-20 01:33:46,1.4180716393246537,1.5998345672349263,-380525,-0.02705802968960864,38309110,360475,2215865,1.1169017451589769,0.9780000000000015,0,-627417,-383121.3333333333,-231923.33333333334,-167843,3522513,BULLISH_CONTINUE,t,f,STRONG_BULLISH,NEUTRAL_PREDICT,-5850,-5460,3729075,602482.08
2025-12-19 11:47:00,NSE,25911.5,25900,2025-12-23,2025-12-30,2026-01-06,2026-01-13,2026-01-20,15472335,22476300,195,-5655,1566215,2162860,8.292,9.378,2025-12-20 01:33:44,1.4526766645112066,1.3809470602695033,-5850,-29,37948635,-5460,3729075,1.1309696092619392,1.0860000000000003,20.75,-614152,-357757.3333333333,-235470,-204558,3286630,BULLISH_CONTINUE,f,f,NEUTRAL,NEUTRAL_PREDICT,-2859755,-1075195,4111400,603698.97
2025-12-19 11:46:00,NSE,25911.5,25900,2025-12-23,2025-12-30,2026-01-06,2026-01-13,2026-01-20,15472140,22481955,892280,-1967475,1572795,2538605,8.474,9.274,2025-12-20 01:33:43,1.4530604686875894,1.6140723997723798,-2859755,-2.204997310261353,37954095,-1075195,4111400,1.094406419636535,0.7999999999999989,0,-612813,-357384.6666666667,-235283.66666666666,-203297,2888326,BULLISH_TURN,f,f,STRONG_BULLISH,NEUTRAL_PREDICT,109240,-119230,6121505,603773.14
2025-12-19 11:43:00,NSE,25911.5,25900,2025-12-23,2025-12-30,2026-01-06,2026-01-13,2026-01-20,14579860,24449430,-114235,-4995,2154855,3966650,8.338,9.348,2025-12-20 01:33:40,1.6769317400852957,1.8407967125398228,109240,-0.04372565325863352,39029290,-119230,6121505,1.1211321659870475,1.0100000000000016,100,-63513,-161902.33333333334,-133388.33333333334,30673,2445223,BEARISH_TURN,t,t,STRONG_BEARISH,BEARISH_PREDICT,-195,195,1434720,350337.21
2025-12-19 11:41:00,NSE,25911.5,25900,2025-12-23,2025-12-30,2026-01-06,2026-01-13,2026-01-20,14694095,24454425,195,0,506945,927775,8.256,9.396,2025-12-20 01:33:39,1.6642348508023121,1.830129501227944,-195,0,39148520,195,1434720,1.1380813953488373,1.1400000000000006,49.025,-85621,-169146,-137064.33333333334,53973,1749392,BULLISH_CONTINUE,f,f,NEUTRAL,NEUTRAL_PREDICT,-314200,176900,1036450,348276.09
2025-12-19 11:40:00,NSE,25911.5,25900,2025-12-23,2025-12-30,2026-01-06,2026-01-13,2026-01-20,14693900,24454425,245550,-68650,407670,628780,8.280000000000001,9.354,2025-12-20 01:33:38,1.6642569365519024,1.5423749601393284,-314200,-0.2795764610059051,39148325,176900,1036450,1.129710144927536,1.073999999999998,0,-240022,-170277.33333333334,-134211.66666666666,79494,1863698,BULLISH_TURN,f,f,STRONG_BULLISH,NEUTRAL_PREDICT,845,845,1737555,349783.05
2025-12-19 11:38:00,NSE,25911.5,25900,2025-12-23,2025-12-30,2026-01-06,2026-01-13,2026-01-20,14448350,24523075,0,845,521885,1215670,8.187999999999999,9.436,2025-12-20 01:33:36,1.6972924243944811,2.3293829100280714,845,,38971425,845,1737555,1.1524181729360041,1.248000000000001,54.225,-177156,-149326.33333333334,-123705.83333333333,44140,2040570,BEARISH_TURN,f,f,NEUTRAL,NEUTRAL_PREDICT,-113255,94655,1895885,348922.76
2025-12-19 11:37:00,NSE,25911.5,25900,2025-12-23,2025-12-30,2026-01-06,2026-01-13,2026-01-20,14448350,24522230,103955,-9300,756280,1139605,8.23,9.422,2025-12-20 01:33:35,1.6972339402077055,1.5068559263764743,-113255,-0.08946178634986292,38970580,94655,1895885,1.1448359659781289,1.1920000000000002,0,-483109,-154249,-112866.5,-82339,2372899,BULLISH_CONTINUE,t,f,STRONG_BULLISH,NEUTRAL_PREDICT,-1300,-2730,2642350,357861.75
2025-12-19 11:35:00,NSE,25911.5,25900,2025-12-23,2025-12-30,2026-01-06,2026-01-13,2026-01-20,14344395,24531530,-715,-2015,853010,1789340,8.226,9.434000000000001,2025-12-20 01:33:33,1.7101822697994582,2.0976776356666393,-1300,-2.8181818181818183,38875925,-2730,2642350,1.1468514466326283,1.2080000000000002,43.5,-460445,-146672.66666666666,-109058.83333333333,-101231,3031807,BULLISH_CONTINUE,t,f,NEUTRAL,NEUTRAL_PREDICT,-772200,127800,2006250,358464.67
2025-12-19 11:34:00,NSE,25911.5,25900,2025-12-23,2025-12-30,2026-01-06,2026-01-13,2026-01-20,14345110,24533545,450000,-322200,693370,1312880,8.292000000000002,9.414,2025-12-20 01:33:32,1.7102374955646906,1.8934767872852878,-772200,-0.716,38878655,127800,2006250,1.135311143270622,1.121999999999998,0,-460107,-154997.33333333334,-105649.83333333333,-100607,3529539,BULLISH_TURN,f,f,STRONG_BULLISH,NEUTRAL_PREDICT,130,130,1920810,360007.77
2025-12-19 11:32:00,NSE,25911.5,25900,2025-12-23,2025-12-30,2026-01-06,2026-01-13,2026-01-20,13895110,24855745,0,130,591215,1329595,8.278,9.402,2025-12-20 01:33:31,1.7888123951519634,2.248919597777458,130,,38750855,130,1920810,1.1357815897559795,1.1239999999999988,50.65,-281925,-103526,-79916.33333333333,-44907,3446209,BEARISH_TURN,t,f,NEUTRAL,NEUTRAL_PREDICT,-1528920,-631550,3399200,337614.72
2025-12-19 11:31:00,NSE,25911.5,25900,2025-12-23,2025-12-30,2026-01-06,2026-01-13,2026-01-20,13895110,24855615,448685,-1080235,1143765,2255435,8.302,9.395999999999999,2025-12-20 01:33:30,1.7888030393426178,1.9719391658251477,-1528920,-2.4075576406610426,38750725,-631550,3399200,1.1317754757889664,1.0939999999999994,0,-281964,-121001.66666666667,-73472.5,-44920,3528773,BULLISH_TURN,t,f,STRONG_BULLISH,NEUTRAL_PREDICT,65,195,5190425,341022.84
2025-12-19 11:30:00,NSE,25911.5,25900,2025-12-23,2025-12-30,2026-01-06,2026-01-13,2026-01-20,13446425,25935850,65,130,1605475,3584950,8.342,9.366,2025-12-20 01:33:29,1.9288286663555554,2.2329528644170726,65,2,39382275,195,5190425,1.1227523375689281,1.0239999999999991,50.325,23768,-19134.333333333332,-22506.333333333332,81338,3081696,BEARISH_CONTINUE,f,f,NEUTRAL,NEUTRAL_PREDICT,390,390,5131010,201866.68
2025-12-19 11:29:00,NSE,25911.5,25900,2025-12-23,2025-12-30,2026-01-06,2026-01-13,2026-01-20,13446360,25935720,0,390,1816905,3314105,8.341999999999999,9.34,2025-12-20 01:33:28,1.9288283223117633,1.8240386811638474,390,,39382080,390,5131010,1.1196355789978425,0.9980000000000011,51.95,38251,-72898,-22506.333333333332,144173,2513787,BEARISH_CONTINUE,f,t,NEUTRAL,BEARISH_PREDICT,118710,406300,1589600,201866.68
2025-12-19 11:28:00,NSE,25911.5,25900,2025-12-23,2025-12-30,2026-01-06,2026-01-13,2026-01-20,13446360,25935330,143795,262505,501530,1088070,8.234,9.35,2025-12-20 01:33:27,1.92879931817979,2.1695013259426155,118710,1.8255502625265134,39381690,406300,1589600,1.1355355841632255,1.1159999999999997,100,38290,-72828.66666666667,-21207.333333333332,143978,1720761,BEARISH_TURN,f,f,STRONG_BEARISH,BEARISH_PREDICT,-65,65,2333630,202144.29
2025-12-19 11:27:00,NSE,25911.5,25900,2025-12-23,2025-12-30,2026-01-06,2026-01-13,2026-01-20,13302565,25672825,65,0,1018490,1315140,8.306000000000001,9.326,2025-12-20 01:33:26,1.9299153960157307,1.2912645190428969,-65,0,38975390,65,2333630,1.1228027931615698,1.0199999999999996,49.675,11115,-80725.33333333333,-25157.833333333332,23975,1797301,BULLISH_CONTINUE,t,t,NEUTRAL,BULLISH_PREDICT,-260,-260,1163815,200466.71
2025-12-19 11:26:00,NSE,25911.5,25900,2025-12-23,2025-12-30,2026-01-06,2026-01-13,2026-01-20,13302500,25672825,0,-260,428925,734890,8.27,9.376000000000001,2025-12-20 01:33:25,1.9299248261604962,1.713329836218453,-260,,38975325,-260,1163815,1.1337363966142686,1.1060000000000016,48.7,11141,-113182.66666666667,-25118.833333333332,23949,1535789,BULLISH_TURN,t,f,NEUTRAL,NEUTRAL_PREDICT,72480,314370,2350880,200471.87
2025-12-19 11:25:00,NSE,25911.5,25900,2025-12-23,2025-12-30,2026-01-06,2026-01-13,2026-01-20,13302500,25673085,120945,193425,729775,1621105,8.332,9.362,2025-12-20 01:33:24,1.9299443713587672,2.2213764516460555,72480,1.5992806647649758,38975585,314370,2350880,1.1236197791646663,1.0299999999999994,100,-3406,-113182.66666666667,5332.166666666667,43152,1460413,BEARISH_CONTINUE,t,t,STRONG_BEARISH,BEARISH_PREDICT,585,-585,1165880,263767.00
2025-12-19 11:23:00,NSE,25911.5,25900,2025-12-23,2025-12-30,2026-01-06,2026-01-13,2026-01-20,13181555,25479660,-585,0,487235,678645,8.181999999999999,9.443999999999999,2025-12-20 01:33:23,1.9329783170498473,1.3928494463657168,585,0,38661215,-585,1165880,1.154241016866292,1.2620000000000005,52.925,-17824,-104874.33333333333,2894.5,-19644,1384579,BEARISH_TURN,f,f,NEUTRAL,NEUTRAL_PREDICT,-17165,-193715,1972300,263462.79
2025-12-19 11:22:00,NSE,25911.5,25900,2025-12-23,2025-12-30,2026-01-06,2026-01-13,2026-01-20,13182140,25479660,-88275,-105440,838460,1133840,8.209999999999999,9.442,2025-12-20 01:33:22,1.9328925348994928,1.3522887197958162,-17165,-1.1944491645426225,38661800,-193715,1972300,1.1500609013398295,1.232000000000001,0,-43175,-104982.66666666667,23960.5,-35063,1365610,BULLISH_TURN,f,f,NEUTRAL,NEUTRAL_PREDICT,65,-65,1026070,287446.12
2025-12-19 11:20:00,NSE,25911.5,25900,2025-12-23,2025-12-30,2026-01-06,2026-01-13,2026-01-20,13270415,25585100,-65,0,331120,694950,8.219999999999999,9.452,2025-12-20 01:33:20,1.9279803985029857,2.09878593863252,65,0,38855515,-65,1026070,1.1498783454987835,1.232000000000001,50.325,-39768,-98146,39180.333333333336,3706,1196961,BEARISH_TURN,t,f,NEUTRAL,NEUTRAL_PREDICT,-72995,95755,786935,297118.76
2025-12-19 11:19:00,NSE,25911.5,25900,2025-12-23,2025-12-30,2026-01-06,2026-01-13,2026-01-20,13270480,25585100,84375,11380,306440,480495,8.206,9.468,2025-12-20 01:33:19,1.9279709550822577,1.5679904712178567,-72995,0.13487407407407406,38855580,95755,786935,1.1537899098220814,1.2620000000000005,0,-92182,-98085.33333333333,43260.166666666664,3488,1213363,BULLISH_TURN,f,f,STRONG_BULLISH,NEUTRAL_PREDICT,390,390,1971710,297403.32
2025-12-19 11:17:00,NSE,25911.5,25900,2025-12-23,2025-12-30,2026-01-06,2026-01-13,2026-01-20,13186105,25573720,0,390,856265,1115445,8.258000000000001,9.434000000000001,2025-12-20 01:33:17,1.9394445895888133,1.3026866682627458,390,,38759825,390,1971710,1.14240736255752,1.1760000000000002,51.95,-77765,-71484,57822.333333333336,-15845,1300901,BEARISH_TURN,t,f,NEUTRAL,NEUTRAL_PREDICT,-126170,-77680,1071035,302171.85
2025-12-19 11:16:00,NSE,25911.5,25900,2025-12-23,2025-12-30,2026-01-06,2026-01-13,2026-01-20,13186105,25573330,24245,-101925,382995,688040,8.207999999999998,9.474,2025-12-20 01:33:17,1.9394150130004273,1.7964725388059897,-126170,-4.2039595792946995,38759435,-77680,1071035,1.1542397660818715,1.2660000000000018,0,-239121,-71445,68100,38915,1102822,BULLISH_CONTINUE,t,f,STRONG_BULLISH,NEUTRAL_PREDICT,-130,130,1129055,305377.62
2025-12-19 11:15:00,NSE,25911.5,25900,2025-12-23,2025-12-30,2026-01-06,2026-01-13,2026-01-20,13161860,25675255,130,0,517105,611950,8.294,9.458000000000002,2025-12-20 01:33:16,1.950731507552884,1.1834153605167228,-130,0,38837115,130,1129055,1.1403424162044853,1.1640000000000015,49.35,-213601,-56302.333333333336,71557.66666666667,54165,1164383,BULLISH_CONTINUE,t,f,NEUTRAL,NEUTRAL_PREDICT,-262005,-1155,1108080,303684.69
2025-12-19 11:13:00,NSE,25911.5,25900,2025-12-23,2025-12-30,2026-01-06,2026-01-13,2026-01-20,13161730,25675255,130425,-131580,519675,588405,8.382,9.414,2025-12-20 01:33:14,1.9507507751640552,1.132255736758551,-262005,-1.0088556641748132,38836985,-1155,1108080,1.1231209735146743,1.032,0,-213523,-56306.666666666664,71631.33333333333,54191,1404698,BULLISH_CONTINUE,f,f,STRONG_BULLISH,NEUTRAL_PREDICT,-910,-910,1224625,303666.96
2025-12-19 11:11:00,NSE,25911.5,25900,2025-12-23,2025-12-30,2026-01-06,2026-01-13,2026-01-20,13031305,25806835,0,-910,539670,684955,8.398,9.386,2025-12-20 01:33:12,1.9803722650954758,1.2692108140159728,-910,,38838140,-910,1224625,1.1176470588235294,0.9879999999999995,45.45,-258507,-25943.333333333332,86207.33333333333,5277,1735914,BULLISH_CONTINUE,t,f,NEUTRAL,NEUTRAL_PREDICT,-806390,274190,981315,297532.97
2025-12-19 11:10:00,NSE,25911.5,25900,2025-12-23,2025-12-30,2026-01-06,2026-01-13,2026-01-20,13031305,25807745,540290,-266100,526030,455285,8.476,9.352,2025-12-20 01:33:11,1.9804420969350345,0.8655114727296922,-806390,-0.4925132799052361,38839050,274190,981315,1.1033506370929682,0.8759999999999994,0,-258377,-25878.333333333332,83802,5511,1728603,BULLISH_TURN,t,f,STRONG_BULLISH,NEUTRAL_PREDICT,1430,-1430,1378840,298551.47
2025-12-19 11:09:00,NSE,25911.5,25900,2025-12-23,2025-12-30,2026-01-06,2026-01-13,2026-01-20,12491015,26073845,-1430,0,503295,875545,8.51,9.322,2025-12-20 01:33:10,2.087408028891167,1.7396258655460515,1430,0,38564860,-1430,1378840,1.0954171562867214,0.8119999999999994,57.15,-57678,27885.333333333332,110683.83333333333,-75216,1921468,BEARISH_CONTINUE,t,f,NEUTRAL,NEUTRAL_PREDICT,260,260,2330630,247591.68
2025-12-19 11:08:00,NSE,25911.5,25900,2025-12-23,2025-12-30,2026-01-06,2026-01-13,2026-01-20,12492445,26073845,0,260,814125,1516505,8.42,9.352,2025-12-20 01:33:09,2.087169084994971,1.8627422078919085,260,,38566290,260,2330630,1.110688836104513,0.9320000000000004,51.3,-58172,30414,100083.5,-74722,2018358,BEARISH_TURN,t,f,NEUTRAL,NEUTRAL_PREDICT,-486925,-245725,2764160,258976.40
2025-12-19 11:07:00,NSE,25911.5,25900,2025-12-23,2025-12-30,2026-01-06,2026-01-13,2026-01-20,12492445,26073585,120600,-366325,1052615,1711545,8.458,9.356,2025-12-20 01:33:08,2.087148272415848,1.6259933593954106,-486925,-3.0375207296849087,38566030,-245725,2764160,1.1061716717900212,0.8979999999999997,0,-41147,30409.666666666668,100090,-64597,1827518,BULLISH_CONTINUE,t,t,STRONG_BULLISH,BULLISH_PREDICT,-260,260,1188070,258973.81
2025-12-19 11:05:00,NSE,25911.5,25900,2025-12-23,2025-12-30,2026-01-06,2026-01-13,2026-01-20,12371845,26439910,260,0,406465,781605,8.422,9.428,2025-12-20 01:33:07,2.1371032372293706,1.9229330938703209,-260,0,38811755,260,1188070,1.1194490619805273,1.0060000000000002,48.7,56433,62945,102680.83333333333,-15257,1523113,BULLISH_TURN,t,f,NEUTRAL,NEUTRAL_PREDICT,197105,-129445,1945640,253223.62
2025-12-19 11:04:00,NSE,25911.5,25900,2025-12-23,2025-12-30,2026-01-06,2026-01-13,2026-01-20,12371585,26439910,-163275,33830,767825,1177815,8.45,9.416,2025-12-20 01:33:06,2.137148150378468,1.5339628170481554,197105,0.20719644771091716,38811495,-129445,1945640,1.114319526627219,0.9660000000000011,100,121690,123847,102717.66666666667,-64034,1701537,BEARISH_TURN,t,f,STRONG_BEARISH,BEARISH_PREDICT,-1040,1040,1863290,253208.21
2025-12-19 11:02:00,NSE,25911.5,25900,2025-12-23,2025-12-30,2026-01-06,2026-01-13,2026-01-20,12534860,26406080,1040,0,708765,1154525,8.276,9.559999999999999,2025-12-20 01:33:04,2.106611481899279,1.6289249610237526,-1040,0,38940940,1040,1863290,1.155147414209763,1.283999999999999,44.8,82464,110663.33333333333,91145.5,-38340,1540194,BULLISH_TURN,f,f,NEUTRAL,NEUTRAL_PREDICT,85385,50885,1376430,256655.39
2025-12-19 11:01:00,NSE,25911.5,25900,2025-12-23,2025-12-30,2026-01-06,2026-01-13,2026-01-20,12533820,26406080,-17250,68135,562955,813475,8.064,9.672,2025-12-20 01:33:03,2.10678627904342,1.4450089261130996,85385,3.949855072463768,38939900,50885,1376430,1.1994047619047619,1.6080000000000005,100,102866,152903.66666666666,91182.33333333333,-79374,1358273,BEARISH_CONTINUE,f,f,STRONG_BEARISH,BEARISH_PREDICT,975,975,1242135,256641.79
2025-12-19 11:00:00,NSE,25911.5,25900,2025-12-23,2025-12-30,2026-01-06,2026-01-13,2026-01-20,12551070,26337945,0,975,505940,736195,8.072,9.666,2025-12-20 01:33:02,2.09846212314966,1.4551033719413369,975,,38889015,975,1242135,1.1974727452923688,1.5940000000000012,54.875,85750,176506.66666666666,68622.16666666667,-89512,1410691,BEARISH_CONTINUE,t,f,NEUTRAL,NEUTRAL_PREDICT,326025,-243625,2080190,285314.63
2025-12-19 10:58:00,NSE,25911.5,25900,2025-12-23,2025-12-30,2026-01-06,2026-01-13,2026-01-20,12551070,26336970,-284825,41200,843800,1236390,8.144,9.59,2025-12-20 01:33:01,2.0983844405297716,1.4652642806352216,326025,0.14465022382164486,38888040,-243625,2080190,1.1775540275049114,1.4459999999999997,100,124244,184605.66666666666,72975.66666666667,-48750,1389887,BEARISH_CONTINUE,f,f,STRONG_BEARISH,BEARISH_PREDICT,975,-975,1138925,285243.25
2025-12-19 10:56:00,NSE,25911.5,25900,2025-12-23,2025-12-30,2026-01-06,2026-01-13,2026-01-20,12835895,26295770,-975,0,458790,680135,8.07,9.624,2025-12-20 01:32:59,2.0486121146986633,1.4824538459861811,975,0,39131665,-975,1138925,1.1925650557620817,1.5540000000000003,54.875,59052,187128.66666666666,62097.333333333336,-12,1242557,BEARISH_CONTINUE,f,f,NEUTRAL,NEUTRAL_PREDICT,100970,-204130,953685,281457.81
2025-12-19 10:55:00,NSE,25911.5,25900,2025-12-23,2025-12-30,2026-01-06,2026-01-13,2026-01-20,12836870,26295770,-152550,-51580,400790,552895,8.184,9.591999999999999,2025-12-20 01:32:58,2.048456516269153,1.379512961900247,100970,-0.3381186496230744,39132640,-204130,953685,1.172043010752688,1.4079999999999995,100,58870,207645,66595.5,170,1262397,BEARISH_TURN,t,f,STRONG_BEARISH,BEARISH_PREDICT,-195,195,1638520,281525.61
2025-12-19 10:53:00,NSE,25911.5,25900,2025-12-23,2025-12-30,2026-01-06,2026-01-13,2026-01-20,12989420,26347350,195,0,709010,929510,8.118,9.658000000000001,2025-12-20 01:32:56,2.0283700119019943,1.3109970240194073,-195,0,39336770,195,1638520,1.1897018970189703,1.540000000000001,49.025,46548,199417.66666666666,63479.5,17118,1309010,BULLISH_TURN,f,f,NEUTRAL,NEUTRAL_PREDICT,193445,204785,1138115,281649.33
2025-12-19 10:52:00,NSE,25911.5,25900,2025-12-23,2025-12-30,2026-01-06,2026-01-13,2026-01-20,12989225,26347350,5670,199115,555690,582425,8.152,9.627999999999998,2025-12-20 01:32:55,2.028400462691192,1.0481113570515934,193445,35.117283950617285,39336575,204785,1138115,1.1810598626104023,1.475999999999999,100,46626,199569.33333333334,63481.666666666664,17118,1357719,BEARISH_CONTINUE,f,f,STRONG_BEARISH,BEARISH_PREDICT,65,65,1343540,281648.82
2025-12-19 10:51:00,NSE,25911.5,25900,2025-12-23,2025-12-30,2026-01-06,2026-01-13,2026-01-20,12983555,26148235,0,65,647470,696070,8.219999999999999,9.592,2025-12-20 01:32:54,2.0139503394871436,1.0750613928058443,65,,39131790,65,1343540,1.1669099756691,1.3720000000000017,50.325,8158,198358,64831.333333333336,-24060,1445858,BEARISH_CONTINUE,t,f,NEUTRAL,NEUTRAL_PREDICT,65,-65,1238125,282389.12
2025-12-19 10:50:00,NSE,25911.5,25900,2025-12-23,2025-12-30,2026-01-06,2026-01-13,2026-01-20,12983555,26148170,-65,0,554850,683275,8.251999999999999,9.57,2025-12-20 01:32:54,2.0139453331541324,1.2314589528701452,65,0,39131725,-65,1238125,1.1597188560349008,1.3180000000000014,50.325,190799,193482.33333333334,51504.833333333336,-33449,1507778,BEARISH_CONTINUE,f,f,NEUTRAL,NEUTRAL_PREDICT,39360,-119390,1186750,294715.50
2025-12-19 10:49:00,NSE,25911.5,25900,2025-12-23,2025-12-30,2026-01-06,2026-01-13,2026-01-20,12983620,26148170,-79375,-40015,541805,644945,8.193999999999999,9.553999999999998,2025-12-20 01:32:53,2.013935250723604,1.190363691734111,39360,-0.5041259842519685,39131790,-119390,1186750,1.1659751037344397,1.3599999999999994,100,190656,193482.33333333334,51517.833333333336,-33540,1685942,BEARISH_CONTINUE,t,f,BEARISH,NEUTRAL_PREDICT,195,195,1882065,294713.16
2025-12-19 10:48:00,NSE,25911.5,25900,2025-12-23,2025-12-30,2026-01-06,2026-01-13,2026-01-20,13062995,26188185,0,195,794110,1087955,8.244,9.544,2025-12-20 01:32:52,2.0047611592900405,1.3700306002946696,195,,39251180,195,1882065,1.1576904415332363,1.3000000000000007,50.975,309297,169753,41461.5,-10191,2009292,BEARISH_CONTINUE,t,f,NEUTRAL,NEUTRAL_PREDICT,1105,-1105,1578810,300237.74
2025-12-19 10:47:00,NSE,25911.5,25900,2025-12-23,2025-12-30,2026-01-06,2026-01-13,2026-01-20,13062995,26187990,-1105,0,679095,899715,8.172,9.716,2025-12-20 01:32:51,2.004746231626055,1.3248735449384843,1105,0,39250985,-1105,1578810,1.1889378365149288,1.5439999999999987,55.525,397144,169770.33333333334,72641,49496,2073902,BEARISH_CONTINUE,f,f,NEUTRAL,NEUTRAL_PREDICT,913270,-46880,1653140,341533.99
2025-12-19 10:46:00,NSE,25911.5,25900,2025-12-23,2025-12-30,2026-01-06,2026-01-13,2026-01-20,13064100,26187990,-480075,433195,839830,813310,8.145999999999999,9.722,2025-12-20 01:32:50,2.0045766642937517,0.9684221806794232,913270,0.9023485913659324,39252090,-46880,1653140,1.1934691873312055,1.5760000000000005,100,421415,142416.66666666666,72606.33333333333,91153,1967803,BEARISH_TURN,f,f,STRONG_BEARISH,BEARISH_PREDICT,-650,-520,2128945,341541.55
2025-12-19 10:44:00,NSE,25911.5,25900,2025-12-23,2025-12-30,2026-01-06,2026-01-13,2026-01-20,13544175,25754795,65,-585,1052340,1076605,8.194,9.718,2025-12-20 01:32:48,1.901540330068092,1.0230581371039777,-650,-9,39298970,-520,2128945,1.1859897485965338,1.5239999999999991,46.75,311535,81588.33333333333,51740.333333333336,76043,2017609,BULLISH_TURN,f,f,NEUTRAL,NEUTRAL_PREDICT,632565,-2645,2803500,305646.87
2025-12-19 10:43:00,NSE,25911.5,25900,2025-12-23,2025-12-30,2026-01-06,2026-01-13,2026-01-20,13544110,25755380,-317605,314960,942065,1861435,8.261999999999999,9.672,2025-12-20 01:32:47,1.9015926480219076,1.975909305621162,632565,0.9916720454652792,39299490,-2645,2803500,1.170660856935367,1.410000000000002,100,373409,71627.66666666667,51768.5,113481,1875380,BEARISH_CONTINUE,t,f,STRONG_BEARISH,BEARISH_PREDICT,439430,298630,2205115,305641.92
2025-12-19 10:40:00,NSE,25911.5,25900,2025-12-23,2025-12-30,2026-01-06,2026-01-13,2026-01-20,13861715,25440420,-70400,369030,997895,1207220,8.398,9.654,2025-12-20 01:32:45,1.8353010431970358,1.2097665586058652,439430,5.241903409090909,39302135,298630,2205115,1.1495594189092642,1.2560000000000002,100,242408,29461,30730.666666666668,68082,1929530,BEARISH_CONTINUE,f,t,STRONG_BEARISH,BEARISH_PREDICT,122460,207180,1048315,285332.48
2025-12-19 10:37:00,NSE,25911.5,25900,2025-12-23,2025-12-30,2026-01-06,2026-01-13,2026-01-20,13932115,25071390,42360,164820,430610,617705,8.398,9.644,2025-12-20 01:32:42,1.7995394094866428,1.4344882840621445,122460,3.8909348441926346,39003505,207180,1048315,1.1483686592045725,1.2460000000000004,100,154938,-39262.333333333336,42986.5,8590,2090092,BEARISH_CONTINUE,t,f,STRONG_BEARISH,BEARISH_PREDICT,363870,-122430,1902170,310296.85
2025-12-19 10:34:00,NSE,25911.5,25900,2025-12-23,2025-12-30,2026-01-06,2026-01-13,2026-01-20,13889755,24906570,-243150,120720,957930,944240,8.594,9.568,2025-12-20 01:32:39,1.7931612184664165,0.9857087678640402,363870,0.49648365206662554,38796325,-122430,1902170,1.1133348848033513,0.9740000000000002,100,165501,-38654.333333333336,57346.333333333336,23089,2041991,BEARISH_CONTINUE,t,f,STRONG_BEARISH,BEARISH_PREDICT,308720,186670,1417800,323776.83
2025-12-19 10:31:00,NSE,25911.5,25900,2025-12-23,2025-12-30,2026-01-06,2026-01-13,2026-01-20,14132905,24785850,-61025,247695,672320,745480,8.488000000000001,9.629999999999999,2025-12-20 01:32:37,1.7537689526675513,1.1088172298905283,308720,4.058910282671037,38918755,186670,1417800,1.1345428840716303,1.1419999999999977,100,78113,-62934,45241.166666666664,114953,1922896,BEARISH_TURN,t,f,STRONG_BEARISH,BEARISH_PREDICT,-22440,-229640,3074250,318669.97
2025-12-19 10:28:00,NSE,25911.5,25900,2025-12-23,2025-12-30,2026-01-06,2026-01-13,2026-01-20,14193930,24538155,-103600,-126040,1760035,1314215,8.354000000000001,9.684000000000001,2025-12-20 01:32:34,1.728778076262177,0.7466982190695072,-22440,-1.2166023166023165,38732085,-229640,3074250,1.1592051711754847,1.33,0,16382,-74454,59397.166666666664,77632,1959478,BULLISH_TURN,t,f,BULLISH,NEUTRAL_PREDICT,2080,1170,3007925,339527.85
2025-12-19 10:26:00,NSE,25911.5,25900,2025-12-23,2025-12-30,2026-01-06,2026-01-13,2026-01-20,14297530,24664195,-455,1625,1106115,1901810,8.39,9.588,2025-12-20 01:32:32,1.725066847210672,1.7193601027017986,2080,3.5714285714285716,38961725,1170,3007925,1.142789034564958,1.1979999999999986,60.4,-42446,-72458.66666666667,100826.5,183488,1638774,BEARISH_CONTINUE,f,t,NEUTRAL,BEARISH_PREDICT,175275,279675,807810,399695.02
2025-12-19 10:25:00,NSE,25911.5,25900,2025-12-23,2025-12-30,2026-01-06,2026-01-13,2026-01-20,14297985,24662570,52200,227475,308400,499410,8.419999999999998,9.596,2025-12-20 01:32:31,1.724898298606412,1.6193579766536965,175275,4.357758620689655,38960555,279675,807810,1.1396674584323043,1.176000000000002,100,-42771,-72606,100755,183345,1759703,BEARISH_TURN,f,f,STRONG_BEARISH,BEARISH_PREDICT,-73070,336890,1306695,399713.48
2025-12-19 10:22:00,NSE,25911.5,25900,2025-12-23,2025-12-30,2026-01-06,2026-01-13,2026-01-20,14245785,24435095,204980,131910,557955,748740,8.496,9.578,2025-12-20 01:32:28,1.715250861921614,1.341936177648735,-73070,0.6435261976778223,38680880,336890,1306695,1.1273540489642184,1.081999999999999,0,-159666,-68695.33333333333,189834.33333333334,178098,2127464,BULLISH_TURN,f,f,STRONG_BULLISH,NEUTRAL_PREDICT,65,65,1600710,641528.56
2025-12-19 10:20:00,NSE,25911.5,25900,2025-12-23,2025-12-30,2026-01-06,2026-01-13,2026-01-20,14040805,24303185,0,65,733430,867280,8.602,9.534,2025-12-20 01:32:27,1.7308968396042819,1.1824986706297806,65,,38343990,65,1600710,1.1083468960706813,0.9320000000000004,50.325,-144883,-90472.66666666667,235535,110915,2382859,BEARISH_TURN,f,f,NEUTRAL,NEUTRAL_PREDICT,-316580,299640,1470730,670340.95
2025-12-19 10:19:00,NSE,25911.5,25900,2025-12-23,2025-12-30,2026-01-06,2026-01-13,2026-01-20,14040805,24303120,308110,-8470,607660,863070,8.522000000000002,9.654,2025-12-20 01:32:26,1.7308922102400823,1.4203172826909785,-316580,-0.027490182077829346,38343925,299640,1470730,1.1328326683877021,1.131999999999998,0,-174908,-90446.66666666667,235528.5,202730,2628495,BULLISH_TURN,f,f,STRONG_BULLISH,NEUTRAL_PREDICT,455,455,3612570,670343.32
2025-12-19 10:17:00,NSE,25911.5,25900,2025-12-23,2025-12-30,2026-01-06,2026-01-13,2026-01-20,13732695,24311590,0,455,1520500,2092070,8.55,9.636,2025-12-20 01:32:24,1.770343694373173,1.3759092403814535,455,,38044285,455,3612570,1.127017543859649,1.0859999999999985,52.275,-111579,-86830,321285.1666666667,142815,2801197,BEARISH_TURN,f,f,NEUTRAL,NEUTRAL_PREDICT,-409200,253440,2646615,756324.71
2025-12-19 10:16:00,NSE,25911.5,25900,2025-12-23,2025-12-30,2026-01-06,2026-01-13,2026-01-20,13732695,24311135,331320,-77880,1003365,1643250,8.669999999999998,9.602,2025-12-20 01:32:23,1.7703105617651889,1.6377390082372816,-409200,-0.2350597609561753,38043830,253440,2646615,1.1074971164936565,0.9320000000000022,0,-229954,-24488.333333333332,373956.8333333333,207098,2607570,BULLISH_TURN,f,f,STRONG_BULLISH,NEUTRAL_PREDICT,845,975,2583670,787587.11
2025-12-19 10:14:00,NSE,25911.5,25900,2025-12-23,2025-12-30,2026-01-06,2026-01-13,2026-01-20,13401375,24389015,65,910,880535,1703135,8.664,9.61,2025-12-20 01:32:21,1.8198890039268358,1.934204773234454,845,14,37790390,975,2583670,1.1091874422899353,0.9459999999999997,54.225,-121798,2796,526187.5,40732,3331066,BEARISH_TURN,f,f,NEUTRAL,NEUTRAL_PREDICT,-150060,459140,2828890,1033854.75
2025-12-19 10:13:00,NSE,25911.5,25900,2025-12-23,2025-12-30,2026-01-06,2026-01-13,2026-01-20,13401310,24388105,304600,154540,967345,1861545,8.678,9.399999999999999,2025-12-20 01:32:21,1.8198299270742935,1.9243858189167258,-150060,0.5073539067629679,37789415,459140,2828890,1.083198893754321,0.7219999999999978,0,-122032,21892.333333333332,526157.1666666666,40472,3904991,BULLISH_TURN,f,f,STRONG_BULLISH,NEUTRAL_PREDICT,65,65,2334240,1033870.71
2025-12-19 10:11:00,NSE,25911.5,25900,2025-12-23,2025-12-30,2026-01-06,2026-01-13,2026-01-20,13096710,24233565,0,65,864435,1469805,8.582,9.4225,2025-12-20 01:32:19,1.8503551655339394,1.7003071370317029,65,,37330275,65,2334240,1.097937543696108,0.8404999999999987,50.325,-64836,31909.333333333332,599426.5,-24930,3626527,BEARISH_TURN,f,f,NEUTRAL,NEUTRAL_PREDICT,-591420,321870,2644435,1061805.81
2025-12-19 10:10:00,NSE,25911.5,25900,2025-12-23,2025-12-30,2026-01-06,2026-01-13,2026-01-20,13096710,24233500,456645,-134775,1197375,1447060,8.540000000000001,9.375,2025-12-20 01:32:18,1.850350202455426,1.2085269861154608,-591420,-0.29514174030154716,37330210,321870,2644435,1.097775175644028,0.8349999999999991,0,-63351,32000.333333333332,371226.3333333333,-22757,3742537,BULLISH_TURN,t,f,STRONG_BULLISH,NEUTRAL_PREDICT,131580,-578390,6264095,1724144.01
2025-12-19 10:07:00,NSE,25911.5,25900,2025-12-23,2025-12-30,2026-01-06,2026-01-13,2026-01-20,12640065,24368275,-354985,-223405,2250920,4013175,8.533999999999999,9.4625,2025-12-20 01:32:15,1.9278599437582007,1.7829043235654753,131580,-0.6293364508359508,37008340,-578390,6264095,1.1088000937426765,0.9285000000000014,100,54907,125235.33333333333,404421.0344827586,-87105,4078248,BEARISH_TURN,f,f,STRONG_BEARISH,BEARISH_PREDICT,-325,-325,5453295,1744878.85
2025-12-19 10:05:00,NSE,25911.5,25900,2025-12-23,2025-12-30,2026-01-06,2026-01-13,2026-01-20,12995050,24591680,0,-325,2340795,3112500,8.678,9.4375,2025-12-20 01:32:14,1.8923882555280664,1.3296764560758203,-325,,37586730,-325,5453295,1.0875201659368516,0.7594999999999992,48.375,75378,153347,414165.35714285716,113790,3371620,BULLISH_TURN,t,t,NEUTRAL,BULLISH_PREDICT,135920,132130,1436570,1776093.93
2025-12-19 10:04:00,NSE,25911.5,25900,2025-12-23,2025-12-30,2026-01-06,2026-01-13,2026-01-20,12995050,24592005,-1895,134025,594395,842175,8.654,9.435,2025-12-20 01:32:13,1.8924132650509233,1.4168608416961785,135920,70.72559366754618,37587055,132130,1436570,1.0902472844927202,0.7810000000000006,100,-4503,153416.33333333334,429516.85185185185,161055,2769174,BEARISH_CONTINUE,f,f,STRONG_BEARISH,NEUTRAL_PREDICT,7490,10930,2914290,1808033.31
2025-12-19 10:01:00,NSE,25911.5,25900,2025-12-23,2025-12-30,2026-01-06,2026-01-13,2026-01-20,12996945,24457980,1720,9210,1347850,1566440,8.636,9.41,2025-12-20 01:32:10,1.8818253058699563,1.1621768000890307,7490,5.354651162790698,37454925,10930,2914290,1.0896248263084762,0.7740000000000009,87.45,-31596,193248.33333333334,440809.03846153844,134538,2833878,BEARISH_TURN,f,f,NEUTRAL,NEUTRAL_PREDICT,-130,130,4322990,1842868.21
2025-12-19 10:00:00,NSE,25911.5,25900,2025-12-23,2025-12-30,2026-01-06,2026-01-13,2026-01-20,12995225,24448770,130,0,1711515,2611475,8.713999999999999,9.415000000000001,2025-12-20 01:32:09,1.88136565546191,1.5258265338019241,-130,0,37443995,130,4322990,1.0804452605003445,0.7010000000000023,49.35,-85560,274111.6666666667,458141.8,258364,2658421,BULLISH_TURN,f,f,NEUTRAL,NEUTRAL_PREDICT,233935,426085,2730955,1878705.28
2025-12-19 09:58:00,NSE,25911.5,25900,2025-12-23,2025-12-30,2026-01-06,2026-01-13,2026-01-20,12995095,24448770,96075,330010,1221325,1509630,8.742,9.365,2025-12-20 01:32:07,1.8813844762196814,1.2360591980021698,233935,3.4349206349206347,37443865,426085,2730955,1.0712651567147105,0.6229999999999993,100,101582,274116,477236.4583333333,166756,2656543,BEARISH_TURN,f,f,STRONG_BEARISH,NEUTRAL_PREDICT,-399730,236000,2441065,1916632.48
2025-12-19 09:55:00,NSE,25911.5,25900,2025-12-23,2025-12-30,2026-01-06,2026-01-13,2026-01-20,12899020,24118760,317865,-81865,1223030,1218035,8.782,9.442499999999999,2025-12-20 01:32:05,1.869813365666539,0.9959158810495246,-399730,-0.2575464426722036,37017780,236000,2441065,1.0752106581644272,0.660499999999999,0,54808,448364,487814.7826086957,81552,2914639,BULLISH_TURN,t,f,STRONG_BULLISH,NEUTRAL_PREDICT,455,-455,1760090,1958991.76
2025-12-19 09:53:00,NSE,25911.5,25900,2025-12-23,2025-12-30,2026-01-06,2026-01-13,2026-01-20,12581155,24200625,-455,0,797480,962610,8.858,9.387500000000001,2025-12-20 01:32:03,1.9235614695153187,1.2070647539750212,455,0,36781780,-455,1760090,1.0597764732445247,0.5295000000000005,52.275,192212,561542.6666666666,528157.7272727273,122756,3219247,BEARISH_TURN,t,f,NEUTRAL,NEUTRAL_PREDICT,-262330,630060,2037005,1995288.86
2025-12-19 09:52:00,NSE,25911.5,25900,2025-12-23,2025-12-30,2026-01-06,2026-01-13,2026-01-20,12581610,24200625,446195,183865,699795,1337210,8.84,9.375,2025-12-20 01:32:02,1.9234919060438211,1.9108596088854592,-262330,0.4120731966965116,36782235,630060,2037005,1.0605203619909502,0.5350000000000001,0,192160,561503.6666666666,553286.4285714285,122886,3423711,BULLISH_TURN,t,f,STRONG_BULLISH,NEUTRAL_PREDICT,935580,-457910,4313600,2040992.40
2025-12-19 09:49:00,NSE,25911.5,25900,2025-12-23,2025-12-30,2026-01-06,2026-01-13,2026-01-20,12135415,24016760,-696745,238835,1573295,2740305,8.856,9.409999999999998,2025-12-20 01:32:00,1.9790637567812885,1.7417617166519948,935580,0.34278681583649684,36152175,-457910,4313600,1.0625564588979222,0.5539999999999985,100,244912,729400.3333333334,594067.25,-3412,3325568,BEARISH_CONTINUE,t,f,STRONG_BEARISH,NEUTRAL_PREDICT,65,65,4021435,2085217.49
2025-12-19 09:48:00,NSE,25911.5,25900,2025-12-23,2025-12-30,2026-01-06,2026-01-13,2026-01-20,12832160,23777925,0,65,1971155,2050280,8.838,9.4475,2025-12-20 01:31:59,1.8529947413373897,1.040141439917206,65,,36610085,65,4021435,1.0689635664177417,0.6095000000000006,50.325,219217,772402,576092.8947368421,223083,2838077,BEARISH_CONTINUE,f,f,NEUTRAL,NEUTRAL_PREDICT,287290,442020,3964105,2140764.90
2025-12-19 09:46:00,NSE,25911.5,25900,2025-12-23,2025-12-30,2026-01-06,2026-01-13,2026-01-20,12832160,23777860,77365,364655,1889750,2074355,8.596,9.585,2025-12-20 01:31:57,1.8529896759392028,1.0976875248048683,287290,4.713436308408195,36610020,442020,3964105,1.1150535132619823,0.9890000000000008,100,329855,1049579,608094.4444444445,265903,2550306,BEARISH_CONTINUE,f,f,STRONG_BEARISH,BEARISH_PREDICT,195,195,2782410,2198147.57
2025-12-19 09:45:00,NSE,25911.5,25900,2025-12-23,2025-12-30,2026-01-06,2026-01-13,2026-01-20,12754795,23413205,0,195,1396150,1386260,8.594,9.5775,2025-12-20 01:31:56,1.8356394595130694,0.9929162339290191,195,,36168000,195,2782410,1.1144403071910636,0.9835000000000012,50.975,272540,1030422,626965.2941176471,177642,2184361,BEARISH_CONTINUE,t,f,NEUTRAL,NEUTRAL_PREDICT,1430,-1430,1546290,2264295.24
2025-12-19 09:44:00,NSE,25911.5,25900,2025-12-23,2025-12-30,2026-01-06,2026-01-13,2026-01-20,12754795,23413010,-1430,0,636055,910235,8.716,9.515,2025-12-20 01:31:55,1.8356241711450478,1.431063351439734,1430,0,36167805,-1430,1546290,1.091670491050941,0.7990000000000013,57.15,419181,1166943.6666666667,666138.4375,299199,2007900,BEARISH_CONTINUE,t,f,NEUTRAL,NEUTRAL_PREDICT,807105,674565,1876145,2332597.03
2025-12-19 09:43:00,NSE,25911.5,25900,2025-12-23,2025-12-30,2026-01-06,2026-01-13,2026-01-20,12756225,23413010,-66270,740835,751865,1124280,8.59,9.5475,2025-12-20 01:31:54,1.835418393764613,1.4953216335379356,807105,11.179040289723856,36169235,674565,1876145,1.1114668218859138,0.9574999999999996,100,662983,710452.3333333334,710452.3333333334,524839,2435970,BEARISH_CONTINUE,f,f,STRONG_BEARISH,BEARISH_PREDICT,553255,214165,2582580,2407485.95
2025-12-19 09:40:00,NSE,25911.5,25900,2025-12-23,2025-12-30,2026-01-06,2026-01-13,2026-01-20,12822495,22672175,-169545,383710,1340790,1241790,8.628000000000002,9.5675,2025-12-20 01:31:52,1.768156275358267,0.9261629337927639,553255,2.263174968297502,35494670,214165,2582580,1.108889661566991,0.9394999999999989,100,501549,703548.5714285715,703548.5714285715,389939,2487832,BEARISH_CONTINUE,f,f,STRONG_BEARISH,BEARISH_PREDICT,715,715,2134380,2498212.15
2025-12-19 09:38:00,NSE,25911.5,25900,2025-12-23,2025-12-30,2026-01-06,2026-01-13,2026-01-20,12992040,22288465,0,715,1097590,1036790,8.732,9.504999999999999,2025-12-20 01:31:50,1.7155477507766295,0.9446059093103982,715,,35280505,715,2134380,1.0885249656436098,0.7729999999999997,53.575,960429,715109.6153846154,715109.6153846154,433441,2628294,BEARISH_CONTINUE,f,f,NEUTRAL,NEUTRAL_PREDICT,733400,607980,1900105,2599831.82
2025-12-19 09:37:00,NSE,25911.5,25900,2025-12-23,2025-12-30,2026-01-06,2026-01-13,2026-01-20,12992040,22287750,-62710,670690,1041650,858455,8.71,9.495000000000001,2025-12-20 01:31:49,1.715492717079073,0.8241299860797773,733400,10.695104449051188,35279790,607980,1900105,1.090126291618829,0.7850000000000001,100,1219876,774642.5,774642.5,708334,3204830,BEARISH_CONTINUE,f,f,STRONG_BEARISH,NEUTRAL_PREDICT,1220440,1126770,3686640,2706164.95
2025-12-19 09:34:00,NSE,25911.5,25900,2025-12-23,2025-12-30,2026-01-06,2026-01-13,2026-01-20,13054750,21617060,-46835,1173605,1846550,1840090,8.676,9.525,2025-12-20 01:31:46,1.6558769796434247,0.9965015840350925,1220440,25.058289740578626,34671810,1126770,3686640,1.097856154910097,0.8490000000000002,100,1073170,778391.8181818182,778391.8181818182,586764,3481647,BEARISH_TURN,f,f,STRONG_BEARISH,NEUTRAL_PREDICT,-65,65,2135455,2838217.06
2025-12-19 09:33:00,NSE,25911.5,25900,2025-12-23,2025-12-30,2026-01-06,2026-01-13,2026-01-20,13101585,20443455,65,0,1098155,1037300,8.669999999999998,9.4925,2025-12-20 01:31:46,1.5603802898656918,0.9445843255278171,-65,0,33545040,65,2135455,1.0948673587081894,0.8225000000000016,49.675,1280306,734187,734187,673152,3318794,BULLISH_TURN,f,f,NEUTRAL,NEUTRAL_PREDICT,2847655,431675,3284890,2987749.31
2025-12-19 09:31:00,NSE,25911.5,25900,2025-12-23,2025-12-30,2026-01-06,2026-01-13,2026-01-20,13101520,20443455,-1207990,1639665,1665505,1619385,8.430000000000001,9.615,2025-12-20 01:31:44,1.5603880313123974,0.9723086991633169,2847655,1.3573498124984478,33544975,431675,3284890,1.1405693950177933,1.1849999999999987,100,1596440,815770.5555555555,815770.5555555555,1380474,3907482,BEARISH_CONTINUE,f,f,STRONG_BEARISH,BEARISH_PREDICT,1297950,1375180,5017060,3157150.31
2025-12-19 09:28:00,NSE,25911.5,25900,2025-12-23,2025-12-30,2026-01-06,2026-01-13,2026-01-20,14309510,18803790,38615,1336565,2838470,2178590,8.588,9.44,2025-12-20 01:31:41,1.314076442869113,0.7675226442414399,1297950,34.61258578272692,33113300,1375180,5017060,1.0992081974848626,0.8520000000000003,100,1858453,561785,561785,2185099,4258564,BEARISH_TURN,f,f,STRONG_BEARISH,NEUTRAL_PREDICT,-130,130,3284190,3275366.08
2025-12-19 09:26:00,NSE,25911.5,25900,2025-12-23,2025-12-30,2026-01-06,2026-01-13,2026-01-20,14270895,17467225,130,0,1649860,1634330,8.544,9.5125,2025-12-20 01:31:39,1.223975440923642,0.9905870801158886,-130,0,31738120,130,3284190,1.1133544007490634,0.9684999999999988,49.35,1598850,456618.5714285714,456618.5714285714,1910076,4669509,BULLISH_TURN,f,f,NEUTRAL,NEUTRAL_PREDICT,2256120,1558710,2872375,3523180.43
2025-12-19 09:25:00,NSE,25911.5,25900,2025-12-23,2025-12-30,2026-01-06,2026-01-13,2026-01-20,14270765,17467225,-348705,1907415,1299570,1572805,8.568000000000001,9.455,2025-12-20 01:31:38,1.223986590767909,1.2102503135652563,2256120,5.469996128532714,31737990,1558710,2872375,1.1035247432306254,0.8869999999999987,100,2008480,532743.3333333334,532743.3333333334,2464024,6016694,BEARISH_CONTINUE,f,f,STRONG_BEARISH,BEARISH_PREDICT,1580605,3536675,5078895,3853139.31
2025-12-19 09:22:00,NSE,25911.5,25900,2025-12-23,2025-12-30,2026-01-06,2026-01-13,2026-01-20,14619470,15559810,978035,2558640,2764045,2314850,8.492,9.5425,2025-12-20 01:31:36,1.06432107319896,0.8374863650917406,1580605,2.6161026957112985,30179280,3536675,5078895,1.1237046632124352,1.0504999999999995,100,188068,188068,188068,6035856,7825789,BEARISH_CONTINUE,f,f,STRONG_BEARISH,NEUTRAL_PREDICT,4157720,4454800,5040300,4203254.11
2025-12-19 09:19:00,NSE,25911.5,25900,2025-12-23,2025-12-30,2026-01-06,2026-01-13,2026-01-20,13641435,13001170,148540,4306260,2308790,2731510,8.634,9.49,2025-12-20 01:31:33,0.9530646885756521,1.1830915761069651,4157720,28.99057492931197,26642605,4454800,5040300,1.099142923326384,0.8559999999999999,100,-160066.25,-160066.25,-160066.25,6660651.25,8512512.5,BEARISH_TURN,f,f,STRONG_BEARISH,NEUTRAL_PREDICT,-65,65,7071785,4769536.36
2025-12-19 09:18:00,NSE,25911.5,25900,2025-12-23,2025-12-30,2026-01-06,2026-01-13,2026-01-20,13492895,8694910,65,0,3949460,3122325,8.569999999999999,9.5475,2025-12-20 01:31:32,0.6444065561912399,0.7905701032546222,-65,0,22187805,65,7071785,1.1140606767794634,0.9775000000000009,49.675,-1599328.3333333333,-1599328.3333333333,-1599328.3333333333,7395935,9669916.666666666,BULLISH_TURN,f,f,NEUTRAL,NEUTRAL_PREDICT,2048020,2769870,10020115,4657667.18
2025-12-19 09:16:00,NSE,25911.5,25900,2025-12-23,2025-12-30,2026-01-06,2026-01-13,2026-01-20,13492830,8694910,360925,2408945,5644475,4375640,8.402000000000001,9.5325,2025-12-20 01:31:31,0.6444096605382266,0.7752076145257087,2048020,6.674364480155157,22187740,2769870,10020115,1.1345512973101641,1.1304999999999996,100,-2398960,-2398960,-2398960,11093870,10968982.5,BEARISH_TURN,f,f,STRONG_BEARISH,NEUTRAL_PREDICT,-6845940,19417870,11917850,6288979.43
2025-12-19 09:15:00,NSE,25911.5,25900,2025-12-23,2025-12-30,2026-01-06,2026-01-13,2026-01-20,13131905,6285965,13131905,6285965,6963715,4954135,8.362,9.594999999999999,2025-12-20 01:31:30,0.47867883601046457,0.7114212744203345,-6845940,0.47867883601046457,19417870,19417870,11917850,1.1474527624970101,1.2329999999999988,0,-6845940,-6845940,-6845940,19417870,11917850,,f,f,STRONG_BULLISH,NEUTRAL_PREDICT,,,,0.00
2025-12-18 15:30:00,NSE,25764.7,25750,2025-12-23,2025-12-30,2026-01-06,2026-01-13,2026-01-20,1575560,4348895,-120375,-512325,168785,690270,9.247499999999999,9.8275,2025-12-20 01:31:28,2.7602217624209806,4.089640667120894,-391950,-4.25607476635514,5924455,-632700,859055,1.0627196539605301,0.5800000000000018,0,-185888,-108262.33333333333,-60297.666666666664,-299088,599011,BULLISH_CONTINUE,f,f,STRONG_BULLISH,NEUTRAL_PREDICT,-391950,-632700,859055,124039.91
2025-12-18 15:29:00,NSE,25764.7,25750,2025-12-23,2025-12-30,2026-01-06,2026-01-13,2026-01-20,1575560,4348895,-120375,-512325,168785,690270,9.247499999999999,9.8275,2025-12-20 01:31:27,2.7602217624209806,4.089640667120894,-391950,-4.25607476635514,5924455,-632700,859055,1.0627196539605301,0.5800000000000018,0,-139103,-77952.33333333333,-47221.833333333336,-229923,491068,BULLISH_CONTINUE,t,f,STRONG_BULLISH,NEUTRAL_PREDICT,-715,715,439400,107437.80
2025-12-18 15:27:00,NSE,25764.7,25750,2025-12-23,2025-12-30,2026-01-06,2026-01-13,2026-01-20,1695935,4861220,715,0,90140,349260,9.0475,9.8775,2025-12-20 01:31:26,2.8663952333078804,3.8746394497448415,-715,0,6557155,715,439400,1.0917380491848576,0.8300000000000001,46.425,-60661,-51800.666666666664,-37021.833333333336,-103435,389170,BULLISH_CONTINUE,t,f,NEUTRAL,NEUTRAL_PREDICT,-144760,-230690,385340,85960.04
2025-12-18 15:26:00,NSE,25764.7,25750,2025-12-23,2025-12-30,2026-01-06,2026-01-13,2026-01-20,1695220,4861220,-42965,-187725,57515,327825,9.120000000000001,9.7775,2025-12-20 01:31:25,2.8676042047639836,5.699817438928975,-144760,-4.369254043989294,6556440,-230690,385340,1.0720942982456139,0.6574999999999989,0,-105717,-47626.333333333336,-37786.833333333336,-164947,397926,BULLISH_CONTINUE,f,f,STRONG_BULLISH,NEUTRAL_PREDICT,-65,-65,452205,85727.60
2025-12-18 15:25:00,NSE,25764.7,25750,2025-12-23,2025-12-30,2026-01-06,2026-01-13,2026-01-20,1738185,5048945,0,-65,96225,355980,9.0475,9.787500000000001,2025-12-20 01:31:24,2.9047224547444603,3.6994544037412314,-65,,6787130,-65,452205,1.0817905498756566,0.740000000000002,49.675,-76701,-37954,-32944.166666666664,-118899,387058,BULLISH_CONTINUE,f,f,NEUTRAL,NEUTRAL_PREDICT,-158025,-286875,319340,83552.17
2025-12-18 15:23:00,NSE,25764.7,25750,2025-12-23,2025-12-30,2026-01-06,2026-01-13,2026-01-20,1738185,5049010,-64425,-222450,55200,264140,9.105,9.747499999999999,2025-12-20 01:31:22,2.9047598500734964,4.785144927536232,-158025,-3.4528521536670547,6787195,-286875,319340,1.0705656232839098,0.6424999999999983,0,-116408,-34702.666666666664,-28842.333333333332,-197126,377120,BULLISH_TURN,f,f,STRONG_BULLISH,NEUTRAL_PREDICT,260,-260,349565,88117.81
2025-12-18 15:22:00,NSE,25764.7,25750,2025-12-23,2025-12-30,2026-01-06,2026-01-13,2026-01-20,1802610,5271460,-260,0,70115,279450,9.2,9.6825,2025-12-20 01:31:22,2.924348583442897,3.9855950937745135,260,0,7074070,-260,349565,1.052445652173913,0.48249999999999993,51.3,-84855,-24267.333333333332,-12742.333333333334,-139699,484002,BEARISH_TURN,f,f,NEUTRAL,NEUTRAL_PREDICT,-225995,-306845,483180,106009.10
2025-12-18 15:20:00,NSE,25764.7,25750,2025-12-23,2025-12-30,2026-01-06,2026-01-13,2026-01-20,1802870,5271460,-40425,-266420,104610,378570,9.095,9.78,2025-12-20 01:31:20,2.923926849966997,3.6188700889016348,-225995,-6.59047619047619,7074330,-306845,483180,1.0753161077515117,0.6849999999999987,0,-103867,-14089.666666666666,-13546.833333333334,-183147,508217,BULLISH_TURN,f,f,STRONG_BULLISH,NEUTRAL_PREDICT,320,-450,331000,105998.60
2025-12-18 15:18:00,NSE,25764.7,25750,2025-12-23,2025-12-30,2026-01-06,2026-01-13,2026-01-20,1843295,5537880,-385,-65,54880,276120,9.205,9.605,2025-12-20 01:31:18,3.0043373415541192,5.03134110787172,320,-0.16883116883116883,7381175,-450,331000,1.0434546442151005,0.40000000000000036,51.6,-58356,950.6666666666666,-6039.666666666667,-122090,484529,BEARISH_TURN,f,f,NEUTRAL,NEUTRAL_PREDICT,-198600,-391200,402515,98115.59
2025-12-18 15:17:00,NSE,25764.7,25750,2025-12-23,2025-12-30,2026-01-06,2026-01-13,2026-01-20,1843680,5537945,-96300,-294900,72150,330365,9.2825,9.6125,2025-12-20 01:31:18,3.0037452269374296,4.578863478863479,-198600,-3.0623052959501558,7381625,-391200,402515,1.0355507675733908,0.33000000000000007,0,-62224,-5760.666666666667,-11332.5,-149654,517588,BULLISH_CONTINUE,t,f,STRONG_BULLISH,NEUTRAL_PREDICT,-260,260,853750,101967.89
2025-12-18 15:15:00,NSE,25764.7,25750,2025-12-23,2025-12-30,2026-01-06,2026-01-13,2026-01-20,1939980,5832845,260,0,219880,633870,9.2025,9.629999999999999,2025-12-20 01:31:16,3.0066521304343343,2.882799708932145,-260,0,7772825,260,853750,1.0464547677261613,0.42749999999999844,48.7,-22491,7488,-18181.166666666668,-71427,497996,BULLISH_CONTINUE,t,f,NEUTRAL,NEUTRAL_PREDICT,-94800,-217500,470640,120241.81
2025-12-18 15:14:00,NSE,25764.7,25750,2025-12-23,2025-12-30,2026-01-06,2026-01-13,2026-01-20,1939720,5832845,-61350,-156150,101670,368970,9.08,9.625000000000002,2025-12-20 01:31:15,3.007055141979255,3.629094128061375,-94800,-2.545232273838631,7772565,-217500,470640,1.0600220264317182,0.5450000000000017,0,-9899,-2610,-19801.5,-82099,382116,BULLISH_TURN,f,f,STRONG_BULLISH,NEUTRAL_PREDICT,1560,-1560,364740,120319.48
2025-12-18 15:12:00,NSE,25764.7,25750,2025-12-23,2025-12-30,2026-01-06,2026-01-13,2026-01-20,2001070,5988995,-1560,0,106900,257840,9.215,9.495,2025-12-20 01:31:14,2.9928963004792437,2.4119738072965387,1560,0,7990065,-1560,364740,1.0303852414541508,0.27999999999999936,57.8,9126,3627.6666666666665,-16648,-38534,443247,BEARISH_TURN,f,f,NEUTRAL,NEUTRAL_PREDICT,-19020,-138270,496295,119523.17
2025-12-18 15:11:00,NSE,25764.7,25750,2025-12-23,2025-12-30,2026-01-06,2026-01-13,2026-01-20,2002630,5988995,-59625,-78645,196530,299765,9.232500000000002,9.497499999999999,2025-12-20 01:31:13,2.9905649071471014,1.5252887599857528,-19020,-1.318993710691824,7991625,-138270,496295,1.028702951529921,0.264999999999997,0,21194,-7491.333333333333,-17310.5,-61162,492428,BULLISH_TURN,f,f,NEUTRAL,NEUTRAL_PREDICT,65,-65,304555,119473.84
2025-12-18 15:09:00,NSE,25764.7,25750,2025-12-23,2025-12-30,2026-01-06,2026-01-13,2026-01-20,2062255,6067640,-65,0,108355,196200,9.39,9.39,2025-12-20 01:31:11,2.9422355625274275,1.810714780120899,65,0,8129895,-65,304555,1,0,50.325,25063,-6253.666666666667,-20546.833333333332,-33443,519742,BEARISH_CONTINUE,f,f,NEUTRAL,NEUTRAL_PREDICT,62700,-53100,274350,120829.05
2025-12-18 15:08:00,NSE,25764.7,25750,2025-12-23,2025-12-30,2026-01-06,2026-01-13,2026-01-20,2062320,6067640,-57900,4800,77775,196575,9.3675,9.3975,2025-12-20 01:31:10,2.942142829434811,2.5274831243972997,62700,0.08290155440414508,8129960,-53100,274350,1.0032025620496399,0.030000000000001137,100,34791,-12333,-25043.833333333332,-56011,605339,BEARISH_CONTINUE,t,f,STRONG_BEARISH,NEUTRAL_PREDICT,325,325,776295,122533.98
2025-12-18 15:06:00,NSE,25764.7,25750,2025-12-23,2025-12-30,2026-01-06,2026-01-13,2026-01-20,2120220,6062840,0,325,257765,518530,9.4925,9.285,2025-12-20 01:31:09,2.859533444642537,2.0116385079432817,325,,8183060,325,776295,0.9781406373452727,-0.20749999999999957,51.625,21952,-16491.333333333332,-27136,-45274,788606,BEARISH_CONTINUE,t,f,NEUTRAL,NEUTRAL_PREDICT,61900,-114700,610645,121515.76
2025-12-18 15:05:00,NSE,25764.7,25750,2025-12-23,2025-12-30,2026-01-06,2026-01-13,2026-01-20,2120220,6062515,-88300,-26400,191210,419435,9.04,9.5425,2025-12-20 01:31:08,2.85938015866278,2.1935829716019035,61900,-0.29898074745186864,8182735,-114700,610645,1.055586283185841,0.5025000000000013,100,52472,-22243,-27125.166666666668,-35754,761612,BEARISH_CONTINUE,t,f,STRONG_BEARISH,NEUTRAL_PREDICT,325,325,632865,121518.31
2025-12-18 15:04:00,NSE,25764.7,25750,2025-12-23,2025-12-30,2026-01-06,2026-01-13,2026-01-20,2208520,6088915,0,325,254925,377940,9.059999999999999,9.530000000000001,2025-12-20 01:31:07,2.7570114828029633,1.48255369226243,325,,8297435,325,632865,1.0518763796909496,0.4700000000000024,51.625,40014,-27947.333333333332,-44941,-12892,794632,BEARISH_CONTINUE,t,f,NEUTRAL,NEUTRAL_PREDICT,48705,-112905,732540,144939.02
2025-12-18 15:02:00,NSE,25764.7,25750,2025-12-23,2025-12-30,2026-01-06,2026-01-13,2026-01-20,2208520,6088590,-80805,-32100,248210,484330,9.2675,9.432500000000001,2025-12-20 01:31:05,2.756864325430605,1.951291245316466,48705,-0.3972526452571004,8297110,-112905,732540,1.0178041543026708,0.16500000000000092,100,19879,-27934.333333333332,-44932.333333333336,-2787,832422,BEARISH_TURN,t,f,BEARISH,NEUTRAL_PREDICT,-1495,585,1190685,144941.82
2025-12-18 15:00:00,NSE,25764.7,25750,2025-12-23,2025-12-30,2026-01-06,2026-01-13,2026-01-20,2289325,6120690,1040,-455,374990,815695,9.5275,9.3525,2025-12-20 01:31:04,2.6735784565319474,2.175244673191285,-1495,-0.4375,8410015,585,1190685,0.9816321175544476,-0.1750000000000007,42.525,10164,-22982,-55996,19768,941800,BULLISH_TURN,f,f,NEUTRAL,NEUTRAL_PREDICT,152925,47925,641325,150122.89
2025-12-18 14:59:00,NSE,25764.7,25750,2025-12-23,2025-12-30,2026-01-06,2026-01-13,2026-01-20,2288285,6121145,-52500,100425,188625,452700,9.835,9.184999999999999,2025-12-20 01:31:03,2.6749924069772777,2.4,152925,1.9128571428571428,8409430,47925,641325,0.9339095068632433,-0.6500000000000021,100,-19883,-1217.3333333333333,-55941.833333333336,6855,921181,BEARISH_TURN,t,f,STRONG_BEARISH,NEUTRAL_PREDICT,-390,-390,775745,150143.53
2025-12-18 14:57:00,NSE,25764.7,25750,2025-12-23,2025-12-30,2026-01-06,2026-01-13,2026-01-20,2340785,6020720,0,-390,242015,533730,9.685,9.2375,2025-12-20 01:31:01,2.5720944042276415,2.2053591719521517,-390,,8361505,-390,775745,0.953794527620031,-0.4474999999999998,48.05,-50715,-13004,-70171.83333333333,-2561,930902,BULLISH_CONTINUE,t,f,NEUTRAL,NEUTRAL_PREDICT,-100350,50850,821815,149895.09
2025-12-18 14:56:00,NSE,25764.7,25750,2025-12-23,2025-12-30,2026-01-06,2026-01-13,2026-01-20,2340785,6021110,75600,-24750,287435,534380,9.3825,9.455,2025-12-20 01:31:00,2.5722610150013776,1.8591333692834902,-100350,-0.3273809523809524,8361895,50850,821815,1.0077271516120436,0.07249999999999979,0,-83682,-13030,-73303.83333333333,-17168,924518,BULLISH_TURN,t,f,STRONG_BULLISH,NEUTRAL_PREDICT,130,-130,1279430,149367.45
2025-12-18 14:54:00,NSE,25764.7,25750,2025-12-23,2025-12-30,2026-01-06,2026-01-13,2026-01-20,2265185,6045860,-130,0,417580,861850,9.5775,9.2825,2025-12-20 01:30:59,2.6690358624130037,2.0639158963551893,130,0,8311045,-130,1279430,0.9691986426520491,-0.29499999999999993,50.65,-63703,-16904.333333333332,-73579.16666666667,-27403,874053,BEARISH_TURN,f,f,NEUTRAL,NEUTRAL_PREDICT,-151730,-63980,1087590,149426.62
2025-12-18 14:53:00,NSE,25764.7,25750,2025-12-23,2025-12-30,2026-01-06,2026-01-13,2026-01-20,2265315,6045860,43875,-107855,236855,850735,9.9375,9.07,2025-12-20 01:30:58,2.6688826940182713,3.5917966688480294,-151730,-2.4582336182336184,8311175,-63980,1087590,0.9127044025157233,-0.8674999999999997,0,-81954,-43850.333333333336,-73583.83333333333,-42272,701323,BULLISH_CONTINUE,t,f,STRONG_BULLISH,NEUTRAL_PREDICT,-1235,845,689930,149424.25
2025-12-18 14:51:00,NSE,25764.7,25750,2025-12-23,2025-12-30,2026-01-06,2026-01-13,2026-01-20,2221440,6153715,1040,-195,157290,532640,9.817499999999999,9.1975,2025-12-20 01:30:56,2.770146841688274,3.386356411723568,-1235,-0.1875,8375155,845,689930,0.936847466259231,-0.6199999999999992,43.825,-51543,-36993,-71686.16666666667,-29437,588460,BULLISH_CONTINUE,t,f,NEUTRAL,NEUTRAL_PREDICT,-165225,-73425,743825,148757.59
2025-12-18 14:50:00,NSE,25764.7,25750,2025-12-23,2025-12-30,2026-01-06,2026-01-13,2026-01-20,2220400,6153910,45900,-119325,165225,578600,9.895,9.1475,2025-12-20 01:30:55,2.771532156368222,3.5018913602663035,-165225,-2.599673202614379,8374310,-73425,743825,0.924456796361799,-0.7474999999999987,0,-68486,-36923.666666666664,-71642.83333333333,-33056,537449,BULLISH_CONTINUE,f,f,STRONG_BULLISH,NEUTRAL_PREDICT,-455,-325,569490,148779.01
2025-12-18 14:48:00,NSE,25764.7,25750,2025-12-23,2025-12-30,2026-01-06,2026-01-13,2026-01-20,2174500,6273235,65,-390,144750,424740,9.68,9.32,2025-12-20 01:30:54,2.8849091745228788,2.934300518134715,-455,-6,8447735,-325,569490,0.9628099173553719,-0.35999999999999943,47.725,-40174,-27129.666666666668,-64255.333333333336,-3644,527137,BULLISH_CONTINUE,f,f,NEUTRAL,NEUTRAL_PREDICT,-91125,-74475,415780,149472.72
2025-12-18 14:47:00,NSE,25764.7,25750,2025-12-23,2025-12-30,2026-01-06,2026-01-13,2026-01-20,2174435,6273625,8325,-82800,125155,290625,9.71,9.290000000000001,2025-12-20 01:30:53,2.885174769537834,2.322120570492589,-91125,-9.945945945945946,8448060,-74475,415780,0.956745623069001,-0.41999999999999993,0,-39979,-34840,-66905.16666666667,-3475,545985,BULLISH_TURN,t,f,STRONG_BULLISH,NEUTRAL_PREDICT,325,195,523275,149006.58
2025-12-18 14:45:00,NSE,25764.7,25750,2025-12-23,2025-12-30,2026-01-06,2026-01-13,2026-01-20,2166110,6356425,-65,260,139845,383430,9.6625,9.29,2025-12-20 01:30:51,2.9344885532129026,2.7418213021559583,325,4,8522535,195,523275,0.9614489003880983,-0.3725000000000005,51.625,2844,-37754.666666666664,-65780.16666666667,44958,554970,BEARISH_TURN,t,f,NEUTRAL,NEUTRAL_PREDICT,-85950,-17250,434875,148944.81
2025-12-18 14:44:00,NSE,25764.7,25750,2025-12-23,2025-12-30,2026-01-06,2026-01-13,2026-01-20,2166175,6356165,34350,-51600,110325,324550,9.74,9.337499999999999,2025-12-20 01:30:51,2.934280471337727,2.941762973034217,-85950,-1.502183406113537,8522340,-17250,434875,0.9586755646817247,-0.40250000000000163,0,67774,-37780.666666666664,-67136,75174,622943,BULLISH_CONTINUE,t,f,STRONG_BULLISH,NEUTRAL_PREDICT,-23665,73635,692265,148506.80
2025-12-18 14:41:00,NSE,25764.7,25750,2025-12-23,2025-12-30,2026-01-06,2026-01-13,2026-01-20,2131825,6407765,48650,24985,192955,499310,9.87,9.2575,2025-12-20 01:30:48,3.0057650135447327,2.587701795755487,-23665,0.5135662898252826,8539590,73635,692265,0.9379432624113476,-0.6124999999999989,0,80189,-32007.333333333332,-64264.5,44673,749303,BULLISH_TURN,f,f,BULLISH,NEUTRAL_PREDICT,520,520,663730,148962.61
2025-12-18 14:39:00,NSE,25764.7,25750,2025-12-23,2025-12-30,2026-01-06,2026-01-13,2026-01-20,2083175,6382780,0,520,116315,547415,9.61,9.395,2025-12-20 01:30:47,3.0639672615118747,4.706314748742638,520,,8465955,520,663730,0.977627471383975,-0.21499999999999986,52.6,84766,-61934.666666666664,-61360.333333333336,30102,874516,BEARISH_CONTINUE,f,f,NEUTRAL,NEUTRAL_PREDICT,122990,167690,460705,150621.49
2025-12-18 14:38:00,NSE,25764.7,25750,2025-12-23,2025-12-30,2026-01-06,2026-01-13,2026-01-20,2083175,6382260,22350,145340,78825,381880,9.6225,9.39,2025-12-20 01:30:46,3.063717642540833,4.84465588328576,122990,6.502908277404922,8465435,167690,460705,0.9758378799688231,-0.23249999999999993,100,52969,-61930.333333333336,-68750.16666666667,44295,855884,BEARISH_CONTINUE,f,f,STRONG_BEARISH,NEUTRAL_PREDICT,324975,151275,863140,152901.98
2025-12-18 14:35:00,NSE,25764.7,25750,2025-12-23,2025-12-30,2026-01-06,2026-01-13,2026-01-20,2060825,6236920,-86850,238125,185245,677895,9.42,9.4525,2025-12-20 01:30:43,3.0264190312132278,3.659450997327863,324975,2.7417962003454233,8297745,151275,863140,1.0034501061571126,0.03250000000000064,100,-52441,-89010,-79790.33333333333,-18503,960772,BEARISH_TURN,t,f,STRONG_BEARISH,NEUTRAL_PREDICT,-23875,-169755,1066675,150518.76
2025-12-18 14:32:00,NSE,25764.7,25750,2025-12-23,2025-12-30,2026-01-06,2026-01-13,2026-01-20,2147675,5998795,-72940,-96815,380060,686615,8.9225,9.762500000000001,2025-12-20 01:30:41,2.7931577170661295,1.8065963268957532,-23875,-1.3273238278036743,8146470,-169755,1066675,1.0941440179321942,0.8400000000000016,0,-127210,-110666.33333333333,-94797.83333333333,-29154,1137240,BULLISH_CONTINUE,t,f,BULLISH,NEUTRAL_PREDICT,-780,780,1318330,129787.07
2025-12-18 14:30:00,NSE,25764.7,25750,2025-12-23,2025-12-30,2026-01-06,2026-01-13,2026-01-20,2220615,6095610,780,0,352475,965855,9.2575,9.5825,2025-12-20 01:30:39,2.74500982835836,2.7402085254273354,-780,0,8316225,780,1318330,1.0351066702673508,0.3249999999999993,46.1,-122474,-127339.66666666667,-93999.83333333333,4836,1046588,BULLISH_CONTINUE,f,t,NEUTRAL,BULLISH_PREDICT,-158465,71485,570570,130310.72
2025-12-18 14:29:00,NSE,25764.7,25750,2025-12-23,2025-12-30,2026-01-06,2026-01-13,2026-01-20,2219835,6095610,114975,-43490,179240,391330,9.6775,9.355,2025-12-20 01:30:38,2.745974362959409,2.183273822807409,-158465,-0.3782561426397043,8315445,71485,570570,0.9666752777060191,-0.3224999999999998,0,-125981,-133577.66666666666,-94208.83333333333,14817,858008,BULLISH_CONTINUE,t,f,STRONG_BULLISH,NEUTRAL_PREDICT,-404060,-146300,985145,130161.00
2025-12-18 14:26:00,NSE,25764.7,25750,2025-12-23,2025-12-30,2026-01-06,2026-01-13,2026-01-20,2104860,6139100,128880,-275180,257425,727720,9.74,9.309999999999999,2025-12-20 01:30:36,2.9166310348431725,2.8269204622705644,-404060,-2.1351644941030417,8243960,-146300,985145,0.9558521560574947,-0.4300000000000015,0,-117510,-130254,-87836.66666666667,10112,960699,BULLISH_CONTINUE,t,f,STRONG_BULLISH,NEUTRAL_PREDICT,-48870,98020,1745480,131578.42
2025-12-18 14:23:00,NSE,25764.7,25750,2025-12-23,2025-12-30,2026-01-06,2026-01-13,2026-01-20,1975980,6414280,73445,24575,368245,1377235,9.793333333333333,9.3275,2025-12-20 01:30:33,3.2461259729349488,3.7399964697416124,-48870,0.33460412553611546,8390260,98020,1745480,0.9524336283185841,-0.46583333333333243,0,-63667,-103317.33333333333,-75579.33333333333,45835,862342,BULLISH_CONTINUE,f,t,BULLISH,BULLISH_PREDICT,-195,195,613415,117476.48
2025-12-18 14:21:00,NSE,25764.7,25750,2025-12-23,2025-12-30,2026-01-06,2026-01-13,2026-01-20,1902535,6389705,195,0,155920,457495,9.87,9.355,2025-12-20 01:30:31,3.3585216566318095,2.934164956387891,-195,0,8292240,195,613415,0.9478216818642352,-0.5149999999999988,49.025,-53906,-106379.33333333333,-72167.83333333333,26218,640309,BULLISH_CONTINUE,f,f,NEUTRAL,NEUTRAL_PREDICT,-18315,50685,375430,119743.04
2025-12-18 14:20:00,NSE,25764.7,25750,2025-12-23,2025-12-30,2026-01-06,2026-01-13,2026-01-20,1902340,6389705,34500,16185,86775,288655,9.653333333333334,9.54,2025-12-20 01:30:31,3.3588659230211215,3.3264765197349466,-18315,0.4691304347826087,8292045,50685,375430,0.9882596685082872,-0.11333333333333506,0,-53737,-106362,-72159.16666666667,26049,627754,BULLISH_CONTINUE,f,f,NEUTRAL,NEUTRAL_PREDICT,-116110,47960,1084025,119748.44
2025-12-18 14:17:00,NSE,25764.7,25750,2025-12-23,2025-12-30,2026-01-06,2026-01-13,2026-01-20,1867840,6373520,82035,-34075,253525,830500,9.906666666666666,9.405,2025-12-20 01:30:28,3.412240877162926,3.2758110639976334,-116110,-0.41537148777960625,8241360,47960,1084025,0.9493606998654105,-0.5016666666666669,0,-144589,-101381,-71550.83333333333,-48753,773254,BULLISH_CONTINUE,f,t,STRONG_BULLISH,BULLISH_PREDICT,-134845,32315,493360,120077.31
2025-12-18 14:14:00,NSE,25764.7,25750,2025-12-23,2025-12-30,2026-01-06,2026-01-13,2026-01-20,1785805,6407595,83580,-51265,105395,387965,9.723333333333333,9.502500000000001,2025-12-20 01:30:26,3.588070925996959,3.681056976137388,-134845,-0.6133644412538884,8193400,32315,493360,0.9772883099074393,-0.22083333333333144,0,-121250,-98970.33333333333,-66758,-58228,675448,BULLISH_CONTINUE,t,f,STRONG_BULLISH,NEUTRAL_PREDICT,-65,-65,635315,121102.60
2025-12-18 14:13:00,NSE,25764.7,25750,2025-12-23,2025-12-30,2026-01-06,2026-01-13,2026-01-20,1702225,6458860,0,-65,131850,503465,9.763333333333334,9.465,2025-12-20 01:30:25,3.7943632598510773,3.8184679560106183,-65,,8161085,-65,635315,0.9694434960737452,-0.2983333333333338,49.675,-150922,-93805.66666666667,-62085.666666666664,-104260,696922,BULLISH_TURN,f,f,NEUTRAL,NEUTRAL_PREDICT,650,-650,550640,121089.10
2025-12-18 14:12:00,NSE,25764.7,25750,2025-12-23,2025-12-30,2026-01-06,2026-01-13,2026-01-20,1702225,6458925,-650,0,108590,442050,9.686666666666667,9.4725,2025-12-20 01:30:24,3.7944014451673547,4.070816833962612,650,0,8161150,-650,550640,0.9778905712319339,-0.21416666666666728,53.25,-150883,-96491.33333333333,-62026,-104221,791427,BEARISH_TURN,f,f,NEUTRAL,NEUTRAL_PREDICT,-472575,-323325,1102930,121121.15
2025-12-18 14:11:00,NSE,25764.7,25750,2025-12-23,2025-12-30,2026-01-06,2026-01-13,2026-01-20,1702875,6458925,74625,-397950,226500,876430,9.726666666666667,9.4325,2025-12-20 01:30:23,3.7929530940321516,3.869448123620309,-472575,-5.332663316582915,8161800,-323325,1102930,0.9697566826593557,-0.29416666666666735,0,-205808,-96521.66666666667,-62062.833333333336,-130716,764337,BULLISH_TURN,t,f,STRONG_BULLISH,NEUTRAL_PREDICT,585,585,594995,121101.60
2025-12-18 14:09:00,NSE,25764.7,25750,2025-12-23,2025-12-30,2026-01-06,2026-01-13,2026-01-20,1628250,6856875,0,585,115430,479565,9.753333333333334,9.405,2025-12-20 01:30:22,4.211192998618149,4.154595858962142,585,,8485125,585,594995,0.9642857142857142,-0.3483333333333345,52.925,-130163,-60786,-45572.833333333336,-73431,768865,BEARISH_TURN,t,f,NEUTRAL,NEUTRAL_PREDICT,-283205,-197845,600730,93902.39
2025-12-18 14:08:00,NSE,25764.7,25750,2025-12-23,2025-12-30,2026-01-06,2026-01-13,2026-01-20,1628250,6856290,42680,-240525,122130,478600,9.56,9.51,2025-12-20 01:30:21,4.210833717181022,3.9187750757389668,-283205,-5.635543580131209,8484540,-197845,600730,0.9947698744769874,-0.05000000000000071,0,-152002,-75570,-45594.5,-83840,693244,BULLISH_TURN,t,f,STRONG_BULLISH,NEUTRAL_PREDICT,130,130,1107840,93891.44
2025-12-18 14:07:00,NSE,25764.7,25750,2025-12-23,2025-12-30,2026-01-06,2026-01-13,2026-01-20,1585570,7096815,0,130,202650,905190,9.67,9.465,2025-12-20 01:30:20,4.475876183328393,4.466765358993339,130,,8682385,130,1107840,0.9788004136504653,-0.20500000000000007,50.65,-95363,-70570.66666666667,-35399,-44243,666531,BEARISH_TURN,t,t,NEUTRAL,BEARISH_PREDICT,-273975,-133125,415190,83197.72
2025-12-18 14:05:00,NSE,25764.7,25750,2025-12-23,2025-12-30,2026-01-06,2026-01-13,2026-01-20,1585570,7096685,70425,-203550,88875,326315,9.746666666666668,9.39,2025-12-20 01:30:18,4.47579419388611,3.671617440225035,-273975,-2.890308839190628,8682255,-133125,415190,0.9634062927496579,-0.35666666666666735,0,-114349,-78929.33333333333,-37541.333333333336,-67549,484098,BULLISH_CONTINUE,f,f,STRONG_BULLISH,NEUTRAL_PREDICT,-94350,-36900,1125570,83078.70
2025-12-18 14:02:00,NSE,25764.7,25750,2025-12-23,2025-12-30,2026-01-06,2026-01-13,2026-01-20,1515145,7300235,28725,-65625,204570,921000,9.706666666666667,9.2875,2025-12-20 01:30:16,4.818175818156018,4.502126411497287,-94350,-2.284595300261097,8815380,-36900,1125570,0.9568166208791208,-0.41916666666666735,0,-59541,-60660,-28426.166666666668,-40911,426822,BULLISH_CONTINUE,f,t,STRONG_BULLISH,BULLISH_PREDICT,-108610,-51460,216890,70254.99
2025-12-18 13:59:00,NSE,25764.7,25750,2025-12-23,2025-12-30,2026-01-06,2026-01-13,2026-01-20,1486420,7365860,28575,-80035,64050,152840,9.746666666666668,9.5,2025-12-20 01:30:13,4.955436552253064,2.386260733801717,-108610,-2.8008748906386702,8852280,-51460,216890,0.9746922024623802,-0.24666666666666792,0,-29391,-54840,-25283.333333333332,-40431,259908,BULLISH_CONTINUE,t,f,STRONG_BULLISH,NEUTRAL_PREDICT,-10,140,467165,69306.72
2025-12-18 13:57:00,NSE,25764.7,25750,2025-12-23,2025-12-30,2026-01-06,2026-01-13,2026-01-20,1457845,7445895,75,65,126900,340265,9.793333333333333,9.5325,2025-12-20 01:30:12,5.107466843182917,2.681363278171789,-10,0.8666666666666667,8903740,140,467165,0.9733662355343772,-0.26083333333333236,49.95,-23659,-45419.333333333336,-23813,-15499,247505,BULLISH_CONTINUE,t,t,NEUTRAL,BULLISH_PREDICT,-94800,-116400,195675,67932.26
2025-12-18 13:56:00,NSE,25764.7,25750,2025-12-23,2025-12-30,2026-01-06,2026-01-13,2026-01-20,1457770,7445830,-10800,-105600,39225,156450,9.913333333333332,9.535,2025-12-20 01:30:11,5.107685025758522,3.988527724665392,-94800,-9.777777777777779,8903600,-116400,195675,0.9618359112306659,-0.3783333333333321,0,-35132,-47841.333333333336,-23793.166666666668,-20852,227135,BULLISH_TURN,t,f,STRONG_BULLISH,NEUTRAL_PREDICT,65,65,128810,67939.54
2025-12-18 13:55:00,NSE,25764.7,25750,2025-12-23,2025-12-30,2026-01-06,2026-01-13,2026-01-20,1468570,7551430,0,65,27225,101585,9.96,9.5475,2025-12-20 01:30:10,5.142029321040195,3.731313131313131,65,,9020000,65,128810,0.9585843373493974,-0.4125000000000014,50.325,-24242,-37956.333333333336,-23550.666666666668,-9242,243365,BEARISH_CONTINUE,t,f,NEUTRAL,NEUTRAL_PREDICT,56400,-34500,291000,67689.87
2025-12-18 13:53:00,NSE,25764.7,25750,2025-12-23,2025-12-30,2026-01-06,2026-01-13,2026-01-20,1468570,7551365,-45450,10950,73425,217575,9.76,9.61,2025-12-20 01:30:08,5.141985060296752,2.9632277834525027,56400,0.24092409240924093,9019935,-34500,291000,0.9846311475409836,-0.15000000000000036,100,-24216,-37956.333333333336,-24287.166666666668,-9216,266186,BEARISH_TURN,t,f,STRONG_BEARISH,NEUTRAL_PREDICT,-79950,73200,154875,67544.11
2025-12-18 13:50:00,NSE,25764.7,25750,2025-12-23,2025-12-30,2026-01-06,2026-01-13,2026-01-20,1514020,7540415,76575,-3375,41475,113400,9.973333333333333,9.54,2025-12-20 01:30:06,4.980393257684839,2.7341772151898733,-79950,-0.04407443682664055,9054435,73200,154875,0.9565508021390374,-0.43333333333333357,0,-22804,-41720.666666666664,-29617.166666666668,9502,263334,BULLISH_CONTINUE,t,f,STRONG_BULLISH,NEUTRAL_PREDICT,-57375,-26625,365315,67265.81
2025-12-18 13:47:00,NSE,25764.7,25750,2025-12-23,2025-12-30,2026-01-06,2026-01-13,2026-01-20,1437445,7543790,15375,-42000,122175,243140,10.200000000000001,9.399999999999999,2025-12-20 01:30:03,5.248054708180139,1.9900961735215879,-57375,-2.731707317073171,8981235,-26625,365315,0.9215686274509801,-0.8000000000000025,0,-51049,-34545.666666666664,-26939.166666666668,-38633,290947,BULLISH_CONTINUE,f,f,STRONG_BULLISH,NEUTRAL_PREDICT,-40350,-58350,276825,66790.42
2025-12-18 13:44:00,NSE,25764.7,25750,2025-12-23,2025-12-30,2026-01-06,2026-01-13,2026-01-20,1422070,7585790,-9000,-49350,56100,220725,10.156666666666666,9.395,2025-12-20 01:30:01,5.334329533707905,3.9344919786096257,-40350,-5.483333333333333,9007860,-58350,276825,0.9250082047915983,-0.7616666666666667,0,-81217,-30365.666666666668,-23004.166666666668,-67151,324997,BULLISH_TURN,t,f,BULLISH,NEUTRAL_PREDICT,195,195,242915,68393.70
2025-12-18 13:42:00,NSE,25764.7,25750,2025-12-23,2025-12-30,2026-01-06,2026-01-13,2026-01-20,1431070,7635140,0,195,29100,213815,9.85,9.545,2025-12-20 01:29:59,5.335266618683922,7.347594501718213,195,,9066210,195,242915,0.9690355329949238,-0.3049999999999997,50.975,-98197,-27560.666666666668,-23914.166666666668,-76841,371973,BEARISH_CONTINUE,f,f,NEUTRAL,NEUTRAL_PREDICT,63460,59090,276740,68812.78
2025-12-18 13:41:00,NSE,25764.7,25750,2025-12-23,2025-12-30,2026-01-06,2026-01-13,2026-01-20,1431070,7634945,-2185,61275,58565,218175,9.926666666666666,9.5225,2025-12-20 01:29:58,5.335130357005597,3.725347904038248,63460,28.043478260869566,9066015,59090,276740,0.9592847548690397,-0.404166666666665,100,-98223,-27604,-23833.166666666668,-76867,391561,BEARISH_TURN,t,f,STRONG_BEARISH,NEUTRAL_PREDICT,-221175,-167475,292940,68843.56
2025-12-18 13:38:00,NSE,25764.7,25750,2025-12-23,2025-12-30,2026-01-06,2026-01-13,2026-01-20,1433255,7573670,26850,-194325,81525,211415,9.613333333333333,9.65,2025-12-20 01:29:56,5.284244604065571,2.593253603189206,-221175,-7.237430167597766,9006925,-167475,292940,1.0038141470180306,0.03666666666666707,0,-112325,-30359.666666666668,-23621,-112445,395208,BULLISH_CONTINUE,f,f,STRONG_BULLISH,NEUTRAL_PREDICT,-208215,-169215,535565,69131.07
2025-12-18 13:35:00,NSE,25764.7,25750,2025-12-23,2025-12-30,2026-01-06,2026-01-13,2026-01-20,1406405,7767995,19500,-188715,99450,436115,10.1,9.475000000000001,2025-12-20 01:29:53,5.523298765291647,4.385268979386627,-208215,-9.677692307692308,9174400,-169215,535565,0.9381188118811883,-0.6249999999999982,0,-61550,-15619,-16252.833333333334,-54530,394998,BULLISH_CONTINUE,f,f,STRONG_BULLISH,NEUTRAL_PREDICT,-125250,-106800,511705,58276.87
2025-12-18 13:32:00,NSE,25764.7,25750,2025-12-23,2025-12-30,2026-01-06,2026-01-13,2026-01-20,1386905,7956710,9225,-116025,123355,388350,9.996666666666666,9.5275,2025-12-20 01:29:50,5.737025967892538,3.148230716225528,-125250,-12.577235772357724,9343615,-106800,511705,0.9530676892297433,-0.4691666666666663,0,-27175,-227.33333333333334,-8042.666666666667,-26245,340589,BULLISH_TURN,t,f,STRONG_BULLISH,NEUTRAL_PREDICT,65,65,340855,46450.22
2025-12-18 13:30:00,NSE,25764.7,25750,2025-12-23,2025-12-30,2026-01-06,2026-01-13,2026-01-20,1377680,8072735,0,65,57675,283180,10.146666666666667,9.582500000000001,2025-12-20 01:29:49,5.85965899192846,4.909926311226702,65,,9450415,65,340855,0.944398817345598,-0.5641666666666652,50.325,8570,3846.6666666666665,-4142.666666666667,980,274653,BEARISH_TURN,t,f,NEUTRAL,NEUTRAL_PREDICT,-7050,-118800,294975,40843.37
2025-12-18 13:29:00,NSE,25764.7,25750,2025-12-23,2025-12-30,2026-01-06,2026-01-13,2026-01-20,1377680,8072670,-55875,-62925,82575,212400,10.016666666666667,9.6025,2025-12-20 01:29:48,5.859611811160792,2.5722070844686646,-7050,-1.1261744966442953,9450350,-118800,294975,0.9586522462562395,-0.41416666666666835,14.75,8570,3807.6666666666665,-3911,954,246455,BULLISH_TURN,t,f,NEUTRAL,NEUTRAL_PREDICT,32700,122100,291890,40887.75
2025-12-18 13:26:00,NSE,25764.7,25750,2025-12-23,2025-12-30,2026-01-06,2026-01-13,2026-01-20,1433555,8135595,44700,77400,123675,168215,10.013333333333334,9.692499999999999,2025-12-20 01:29:45,5.675118847899104,1.3601374570446736,32700,1.7315436241610738,9569150,122100,291890,0.9679593874833554,-0.32083333333333464,100,9967,4273.333333333333,-1688.5,24701,232683,BEARISH_TURN,t,f,BEARISH,NEUTRAL_PREDICT,-36340,-27790,263520,42491.87
2025-12-18 13:23:00,NSE,25764.7,25750,2025-12-23,2025-12-30,2026-01-06,2026-01-13,2026-01-20,1388855,8058195,4275,-32065,109800,153720,10.4,9.495000000000001,2025-12-20 01:29:43,5.802041969824064,1.4,-36340,-7.500584795321638,9447050,-27790,263520,0.9129807692307693,-0.9049999999999994,0,8962,-2206.6666666666665,-2782.8333333333335,11246,223653,BULLISH_TURN,t,f,BULLISH,NEUTRAL_PREDICT,53475,29325,182025,41995.54
2025-12-18 13:20:00,NSE,25764.7,25750,2025-12-23,2025-12-30,2026-01-06,2026-01-13,2026-01-20,1384580,8090260,-12075,41400,41100,140925,10.273333333333333,9.555,2025-12-20 01:29:40,5.843114879602479,3.428832116788321,53475,3.4285714285714284,9474840,29325,182025,0.9300778715120052,-0.7183333333333337,100,17295,255,-1531.5,14179,193419,BEARISH_CONTINUE,t,f,STRONG_BEARISH,NEUTRAL_PREDICT,65,-65,199865,41517.74
2025-12-18 13:19:00,NSE,25764.7,25750,2025-12-23,2025-12-30,2026-01-06,2026-01-13,2026-01-20,1396655,8048860,-65,0,52790,147075,10.216666666666667,9.5825,2025-12-20 01:29:39,5.762955060483799,2.7860390225421483,65,0,9445515,-65,199865,0.9379282218597063,-0.6341666666666672,50.325,6945,-9145,-2376.5,9619,224049,BEARISH_TURN,f,f,NEUTRAL,NEUTRAL_PREDICT,-65,-65,226115,40607.59
2025-12-18 13:18:00,NSE,25764.7,25750,2025-12-23,2025-12-30,2026-01-06,2026-01-13,2026-01-20,1396720,8048860,0,-65,45150,180965,10.233333333333334,9.5625,2025-12-20 01:29:39,5.762686866372644,4.0080841638981175,-65,,9445580,-65,226115,0.9344462540716612,-0.6708333333333343,49.675,6841,-10618,-2380.8333333333335,9723,215167,BULLISH_TURN,t,f,NEUTRAL,NEUTRAL_PREDICT,27675,54825,246740,40607.33
2025-12-18 13:17:00,NSE,25764.7,25750,2025-12-23,2025-12-30,2026-01-06,2026-01-13,2026-01-20,1396720,8048925,13575,41250,32990,213750,10.023333333333333,9.675,2025-12-20 01:29:38,5.7627334039750275,6.479236132161261,27675,3.0386740331491713,9445645,54825,246740,0.9652477552377786,-0.3483333333333327,100,11279,-17513.666666666668,-2257.3333333333335,13471,194019,BEARISH_CONTINUE,t,t,BEARISH,BEARISH_PREDICT,5325,-13125,112350,40620.25
2025-12-18 13:14:00,NSE,25764.7,25750,2025-12-23,2025-12-30,2026-01-06,2026-01-13,2026-01-20,1383145,8007675,-9225,-3900,29325,83025,9.959999999999999,9.7675,2025-12-20 01:29:35,5.789468927697385,2.8312020460358056,5325,-0.42276422764227645,9390820,-13125,112350,0.9806726907630523,-0.192499999999999,76.625,5731,-19332.666666666668,-819.8333333333334,2493,170030,BEARISH_CONTINUE,t,f,NEUTRAL,NEUTRAL_PREDICT,1725,6525,335175,42438.42
2025-12-18 13:11:00,NSE,25764.7,25750,2025-12-23,2025-12-30,2026-01-06,2026-01-13,2026-01-20,1392370,8011575,2400,4125,99150,236025,9.883333333333333,9.7275,2025-12-20 01:29:33,5.753912393975739,2.3804841149773073,1725,1.71875,9403945,6525,335175,0.9842327150084317,-0.1558333333333337,58.625,9198,-15642.666666666666,-1057.6666666666667,10546,173254,BEARISH_TURN,f,t,NEUTRAL,BEARISH_PREDICT,-455,455,155455,42422.79
2025-12-18 13:10:00,NSE,25764.7,25750,2025-12-23,2025-12-30,2026-01-06,2026-01-13,2026-01-20,1389970,8007450,455,0,25115,130340,9.806666666666667,9.8275,2025-12-20 01:29:32,5.76087973121722,5.189727254628708,-455,0,9397420,455,155455,1.0021244051665534,0.020833333333333925,47.725,-3975,-20267.666666666668,-740.1666666666666,103,144193,BULLISH_TURN,f,f,NEUTRAL,NEUTRAL_PREDICT,22125,18675,120375,42479.94
2025-12-18 13:08:00,NSE,25764.7,25750,2025-12-23,2025-12-30,2026-01-06,2026-01-13,2026-01-20,1389515,8007450,-1725,20400,41100,79275,9.803333333333333,9.81,2025-12-20 01:29:31,5.762766145021824,1.9288321167883211,22125,11.826086956521738,9396965,18675,120375,1.0006800408024483,0.006666666666667709,100,-3988,-20062.333333333332,-731.5,-92,167434,BEARISH_TURN,t,f,BEARISH,NEUTRAL_PREDICT,-65,-65,126795,42480.02
2025-12-18 13:06:00,NSE,25764.7,25750,2025-12-23,2025-12-30,2026-01-06,2026-01-13,2026-01-20,1391240,7987050,0,-65,31575,95220,9.946666666666667,9.762500000000001,2025-12-20 01:29:29,5.740957706793939,3.0156769596199524,-65,,9378290,-65,126795,0.9814845844504022,-0.18416666666666615,49.675,-8426,-16882.333333333332,-1456.5,-3814,171587,BULLISH_TURN,t,f,NEUTRAL,NEUTRAL_PREDICT,22660,27140,128470,42261.52
2025-12-18 13:05:00,NSE,25764.7,25750,2025-12-23,2025-12-30,2026-01-06,2026-01-13,2026-01-20,1391240,7987115,2240,24900,24230,104240,9.906666666666666,9.7975,2025-12-20 01:29:28,5.741004427704781,4.302104828724722,22660,11.116071428571429,9378355,27140,128470,0.9889804845222072,-0.10916666666666686,100,-21313,-16886.666666666668,-2731.8333333333335,-13371,183518,BEARISH_TURN,t,f,BEARISH,NEUTRAL_PREDICT,-64140,-45690,189870,42792.04
2025-12-18 13:02:00,NSE,25764.7,25750,2025-12-23,2025-12-30,2026-01-06,2026-01-13,2026-01-20,1389000,7962215,9225,-54915,38325,151545,9.726666666666667,9.8325,2025-12-20 01:29:26,5.732336213102951,3.954207436399217,-64140,-5.952845528455285,9351215,-45690,189870,1.0108807402330362,0.105833333333333,0,-25728,-15858,-3489.6666666666665,-18682,225112,BULLISH_CONTINUE,f,f,STRONG_BULLISH,NEUTRAL_PREDICT,-520,-520,271660,42527.35
2025-12-18 13:01:00,NSE,25764.7,25750,2025-12-23,2025-12-30,2026-01-06,2026-01-13,2026-01-20,1379775,8017130,0,-520,81675,189985,9.73,9.8325,2025-12-20 01:29:25,5.8104618506640575,2.3261095806550354,-520,,9396905,-520,271660,1.0105344295991776,0.10249999999999915,47.4,-30405,-12132,-589.5,-22219,222493,BULLISH_CONTINUE,t,f,NEUTRAL,NEUTRAL_PREDICT,-65,65,141140,41194.44
2025-12-18 13:00:00,NSE,25764.7,25750,2025-12-23,2025-12-30,2026-01-06,2026-01-13,2026-01-20,1379775,8017650,65,0,35615,105525,9.836666666666666,9.797500000000001,2025-12-20 01:29:24,5.8108387237049515,2.9629369647620383,-65,0,9397425,65,141140,0.9960182988817352,-0.039166666666664796,49.675,-34707,-11629.666666666666,-531.8333333333334,-30571,263574,BULLISH_CONTINUE,t,f,NEUTRAL,NEUTRAL_PREDICT,-64500,-47850,186450,41195.75
2025-12-18 12:59:00,NSE,25764.7,25750,2025-12-23,2025-12-30,2026-01-06,2026-01-13,2026-01-20,1379710,8017650,8325,-56175,35625,150825,9.783333333333333,9.844999999999999,2025-12-20 01:29:23,5.811112480158874,4.233684210526316,-64500,-6.747747747747748,9397360,-47850,186450,1.0063032367972742,0.06166666666666565,0,-55394,-7650.333333333333,1000.3333333333334,-44804,282941,BULLISH_TURN,t,f,STRONG_BULLISH,NEUTRAL_PREDICT,585,585,336440,42059.43
2025-12-18 12:57:00,NSE,25764.7,25750,2025-12-23,2025-12-30,2026-01-06,2026-01-13,2026-01-20,1371385,8073825,0,585,78150,258290,9.790000000000001,9.81,2025-12-20 01:29:22,5.8873511085508445,3.305054382597569,585,,9445210,585,336440,1.0020429009193055,0.019999999999999574,52.925,-42416,-3359,3156.8333333333335,-35312,294609,BEARISH_TURN,t,f,NEUTRAL,NEUTRAL_PREDICT,-87525,-63375,176775,40202.81
2025-12-18 12:56:00,NSE,25764.7,25750,2025-12-23,2025-12-30,2026-01-06,2026-01-13,2026-01-20,1371385,8073240,12075,-75450,32475,144300,9.873333333333333,9.84,2025-12-20 01:29:21,5.886924532498168,4.443418013856813,-87525,-6.248447204968944,9444625,-63375,176775,0.9966239027683997,-0.033333333333333215,0,-30398,-3318,3494.8333333333335,-29954,259698,BULLISH_CONTINUE,f,f,STRONG_BULLISH,NEUTRAL_PREDICT,-22030,-42280,477065,40223.06
2025-12-18 12:53:00,NSE,25764.7,25750,2025-12-23,2025-12-30,2026-01-06,2026-01-13,2026-01-20,1359310,8148690,-10125,-32155,99300,377765,10.14,9.7425,2025-12-20 01:29:18,5.994725265024167,3.804279959718026,-22030,-3.1758024691358027,9508000,-42280,477065,0.9607988165680472,-0.39750000000000085,0,-26423,4392,6410.166666666667,-39569,252303,BULLISH_CONTINUE,f,t,BULLISH,BULLISH_PREDICT,-103500,-71100,237975,36384.93
2025-12-18 12:50:00,NSE,25764.7,25750,2025-12-23,2025-12-30,2026-01-06,2026-01-13,2026-01-20,1369435,8180845,16200,-87300,68475,169500,9.909999999999998,9.807500000000001,2025-12-20 01:29:16,5.973883389865163,2.475355969331873,-103500,-5.388888888888889,9550280,-71100,237975,0.9896569122098893,-0.10249999999999737,0,-21492,5856.333333333333,13757,-31638,213858,BULLISH_TURN,f,f,STRONG_BULLISH,NEUTRAL_PREDICT,390,-390,244790,50108.30
2025-12-18 12:49:00,NSE,25764.7,25750,2025-12-23,2025-12-30,2026-01-06,2026-01-13,2026-01-20,1353235,8268145,-390,0,35840,208950,9.979999999999999,9.83,2025-12-20 01:29:15,6.1099106954815685,5.830078125,390,0,9621380,-390,244790,0.9849699398797597,-0.14999999999999858,51.95,13173,12999,9966,-19833,197191,BEARISH_CONTINUE,t,f,NEUTRAL,NEUTRAL_PREDICT,60675,27375,161885,62142.51
2025-12-18 12:47:00,NSE,25764.7,25750,2025-12-23,2025-12-30,2026-01-06,2026-01-13,2026-01-20,1353625,8268145,-16650,44025,45225,116660,10.046666666666667,9.92,2025-12-20 01:29:14,6.1081503370579,2.5795467108899945,60675,2.644144144144144,9621770,27375,161885,0.9873921698739216,-0.12666666666666693,100,13069,17693,6838,-19781,195295,BEARISH_TURN,t,f,STRONG_BEARISH,NEUTRAL_PREDICT,-67650,-111450,139800,64939.94
2025-12-18 12:44:00,NSE,25764.7,25750,2025-12-23,2025-12-30,2026-01-06,2026-01-13,2026-01-20,1370275,8224120,-21900,-89550,43275,96525,10.08,9.8925,2025-12-20 01:29:11,6.001802557880717,2.2305025996533794,-67650,-4.089041095890411,9594395,-111450,139800,0.9813988095238095,-0.1875,0,8552,13527.333333333334,4817.666666666667,-31674,253246,BULLISH_TURN,f,f,STRONG_BULLISH,NEUTRAL_PREDICT,2625,-2625,284840,64145.23
2025-12-18 12:42:00,NSE,25764.7,25750,2025-12-23,2025-12-30,2026-01-06,2026-01-13,2026-01-20,1392175,8313670,-2625,0,74165,210675,10.06,9.925,2025-12-20 01:29:10,5.971713326270045,2.840625632036675,2625,0,9705845,-2625,284840,0.9865805168986084,-0.1349999999999998,63.125,20432,18787.333333333332,7062.666666666667,-11034,291470,BEARISH_CONTINUE,f,f,NEUTRAL,NEUTRAL_PREDICT,69825,-12075,154640,62683.42
2025-12-18 12:41:00,NSE,25764.7,25750,2025-12-23,2025-12-30,2026-01-06,2026-01-13,2026-01-20,1394800,8313670,-40950,28875,20175,134465,9.993333333333332,9.8975,2025-12-20 01:29:09,5.960474620017207,6.664931846344485,69825,0.7051282051282052,9708470,-12075,154640,0.9904102735156773,-0.09583333333333144,100,21310,18599.333333333332,8895.166666666666,-11480,348923,BEARISH_TURN,f,f,STRONG_BEARISH,NEUTRAL_PREDICT,-130,-130,235310,63349.25
2025-12-18 12:40:00,NSE,25764.7,25750,2025-12-23,2025-12-30,2026-01-06,2026-01-13,2026-01-20,1435750,8284795,0,-130,67275,168035,10.023333333333333,9.865,2025-12-20 01:29:08,5.770360438795055,2.4977331846897064,-130,,9720545,-130,235310,0.9842035251080812,-0.15833333333333321,49.35,19270,13969.333333333334,6627.333333333333,-8420,363139,BULLISH_TURN,f,f,NEUTRAL,NEUTRAL_PREDICT,38090,-32090,451640,62301.95
2025-12-18 12:38:00,NSE,25764.7,25750,2025-12-23,2025-12-30,2026-01-06,2026-01-13,2026-01-20,1435750,8284925,-35090,3000,127415,324225,10.106666666666667,9.9,2025-12-20 01:29:06,5.770450983806373,2.5446376015382803,38090,0.08549444286121402,9720675,-32090,451640,0.9795514511873351,-0.206666666666667,100,19270,11423,9361.666666666666,-8394,355636,BEARISH_TURN,f,f,BEARISH,NEUTRAL_PREDICT,-8250,-8250,330920,63777.76
2025-12-18 12:37:00,NSE,25764.7,25750,2025-12-23,2025-12-30,2026-01-06,2026-01-13,2026-01-20,1470840,8281925,0,-8250,76200,254720,10.153333333333334,9.8575,2025-12-20 01:29:05,5.630745016453183,3.342782152230971,-8250,,9752765,-8250,330920,0.9708634274458305,-0.2958333333333343,8.75,11892,8878.666666666666,10650.5,-1736,284658,BULLISH_TURN,f,f,NEUTRAL,NEUTRAL_PREDICT,7015,-4855,572105,64761.41
2025-12-18 12:35:00,NSE,25764.7,25750,2025-12-23,2025-12-30,2026-01-06,2026-01-13,2026-01-20,1470840,8290175,-5935,1080,137080,435025,10.083333333333334,9.8675,2025-12-20 01:29:04,5.636354056185581,3.173511817916545,7015,0.18197135636057288,9761015,-4855,572105,0.978595041322314,-0.2158333333333342,85.075,19167,10953,10927.666666666666,-4271,251680,BEARISH_CONTINUE,t,t,NEUTRAL,BEARISH_PREDICT,59625,3225,225720,64695.49
2025-12-18 12:34:00,NSE,25764.7,25750,2025-12-23,2025-12-30,2026-01-06,2026-01-13,2026-01-20,1476775,8289095,-28200,31425,75430,150290,10.276666666666666,9.805,2025-12-20 01:29:03,5.612970831710991,1.9924433249370277,59625,1.1143617021276595,9765870,3225,225720,0.9541031462860851,-0.4716666666666658,100,17751,10566,12104.333333333334,-3287,190980,BEARISH_TURN,f,f,STRONG_BEARISH,NEUTRAL_PREDICT,-130,0,197795,64942.42
2025-12-18 12:33:00,NSE,25764.7,25750,2025-12-23,2025-12-30,2026-01-06,2026-01-13,2026-01-20,1504975,8257670,65,-65,56315,141480,10.163333333333334,9.827499999999999,2025-12-20 01:29:02,5.486915065034303,2.51229690135843,-130,-1,9762645,0,197795,0.9669563791407016,-0.3358333333333352,49.35,6554,9651,12419.666666666666,-3024,185985,BULLISH_TURN,f,t,NEUTRAL,BULLISH_PREDICT,1200,1200,96750,65203.56
2025-12-18 12:32:00,NSE,25764.7,25750,2025-12-23,2025-12-30,2026-01-06,2026-01-13,2026-01-20,1504910,8257735,0,1200,21300,75450,10.153333333333334,9.81,2025-12-20 01:29:01,5.487195247556333,3.5422535211267605,1200,,9762645,1200,96750,0.9661851608667104,-0.3433333333333337,56,20740,9672.666666666666,12368.666666666666,-954,172640,BEARISH_CONTINUE,t,f,NEUTRAL,NEUTRAL_PREDICT,28125,-20925,166030,65214.31
2025-12-18 12:31:00,NSE,25764.7,25750,2025-12-23,2025-12-30,2026-01-06,2026-01-13,2026-01-20,1504910,8256535,-24525,3600,53305,112725,10.206666666666665,9.79,2025-12-20 01:29:01,5.486397857679197,2.1147171935090516,28125,0.14678899082568808,9761445,-20925,166030,0.9591770084911823,-0.4166666666666661,100,20138,10307.666666666666,13656.166666666666,-1612,198703,BEARISH_TURN,t,f,BEARISH,NEUTRAL_PREDICT,-65,65,268605,65367.31
2025-12-18 12:30:00,NSE,25764.7,25750,2025-12-23,2025-12-30,2026-01-06,2026-01-13,2026-01-20,1529435,8252935,65,0,79340,189265,10.13,9.82,2025-12-20 01:29:00,5.396067828969522,2.3854928157297706,-65,0,9782370,65,268605,0.9693978282329713,-0.3100000000000005,49.675,16763,8428.333333333334,12716.5,13853,213384,BULLISH_TURN,f,f,NEUTRAL,NEUTRAL_PREDICT,3640,4540,200745,65354.76
2025-12-18 12:29:00,NSE,25764.7,25750,2025-12-23,2025-12-30,2026-01-06,2026-01-13,2026-01-20,1529370,8252935,450,4090,59475,141270,10.213333333333333,9.7625,2025-12-20 01:28:59,5.396297168114976,2.375283732660782,3640,9.088888888888889,9782305,4540,200745,0.9558583550913837,-0.45083333333333364,68.2,16737,21657.666666666668,11995.833333333334,13801,187861,BEARISH_CONTINUE,f,f,NEUTRAL,NEUTRAL_PREDICT,70800,10350,131070,65619.23
2025-12-18 12:28:00,NSE,25764.7,25750,2025-12-23,2025-12-30,2026-01-06,2026-01-13,2026-01-20,1528920,8248845,-30225,40575,28490,102580,10.14,9.795,2025-12-20 01:28:58,5.395210344556943,3.6005616005616004,70800,1.3424317617866004,9777765,10350,131070,0.9659763313609467,-0.34500000000000064,100,16084,6933,11868,12878,215645,BEARISH_TURN,t,f,STRONG_BEARISH,NEUTRAL_PREDICT,-1810,-2090,227065,65639.80
2025-12-18 12:26:00,NSE,25764.7,25750,2025-12-23,2025-12-30,2026-01-06,2026-01-13,2026-01-20,1559145,8208270,-140,-1950,54065,173000,10.333333333333334,9.71,2025-12-20 01:28:57,5.2645969425550545,3.199852029963932,-1810,-13.928571428571429,9767415,-2090,227065,0.9396774193548387,-0.6233333333333331,40.95,-5741,-4017,9476.333333333334,-727,220031,BULLISH_TURN,t,f,NEUTRAL,NEUTRAL_PREDICT,11250,56400,239435,64719.19
2025-12-18 12:25:00,NSE,25764.7,25750,2025-12-23,2025-12-30,2026-01-06,2026-01-13,2026-01-20,1559285,8210220,22575,33825,89230,150205,10.676666666666668,9.582500000000001,2025-12-20 01:28:56,5.265374835261033,1.683346408158691,11250,1.4983388704318936,9769505,56400,239435,0.897517951920075,-1.0941666666666663,100,-5394,-3892,7769.166666666667,-294,218498,BEARISH_TURN,t,f,NEUTRAL,NEUTRAL_PREDICT,-195,-195,140990,65695.28
2025-12-18 12:24:00,NSE,25764.7,25750,2025-12-23,2025-12-30,2026-01-06,2026-01-13,2026-01-20,1536710,8176395,0,-195,37125,103865,10.526666666666666,9.594999999999999,2025-12-20 01:28:55,5.320714383325416,2.7977104377104376,-195,,9713105,-195,140990,0.9114946168461051,-0.9316666666666666,49.025,-3071,-4662,7406.666666666667,-19091,207418,BULLISH_TURN,f,f,NEUTRAL,NEUTRAL_PREDICT,375,-75,339665,65705.42
2025-12-18 12:23:00,NSE,25764.7,25750,2025-12-23,2025-12-30,2026-01-06,2026-01-13,2026-01-20,1536710,8176590,-225,150,119240,220425,10.376666666666665,9.657499999999999,2025-12-20 01:28:54,5.320841277794769,1.8485826903723583,375,0.6666666666666666,9713300,-75,339665,0.9306938644394475,-0.7191666666666663,51.875,-2790,-809,7660.833333333333,-18810,230259,BEARISH_TURN,f,t,NEUTRAL,BEARISH_PREDICT,-38325,-57675,153000,65689.74
2025-12-18 12:22:00,NSE,25764.7,25750,2025-12-23,2025-12-30,2026-01-06,2026-01-13,2026-01-20,1536935,8176440,-9675,-48000,32400,120600,10.5,9.665,2025-12-20 01:28:53,5.319964735008312,3.7222222222222223,-38325,-4.961240310077519,9713375,-57675,153000,0.9204761904761904,-0.8350000000000009,0,6315,-714.6666666666666,10822.666666666666,-23895,198656,BULLISH_CONTINUE,t,f,BULLISH,NEUTRAL_PREDICT,-75,75,219400,67582.51
2025-12-18 12:20:00,NSE,25764.7,25750,2025-12-23,2025-12-30,2026-01-06,2026-01-13,2026-01-20,1546610,8224440,75,0,37050,182350,10.4,9.684999999999999,2025-12-20 01:28:52,5.317720692352952,4.921727395411606,-75,0,9771050,75,219400,0.9312499999999998,-0.7150000000000016,49.625,14019,7300.333333333333,12106.666666666666,-12321,206259,BULLISH_TURN,t,f,NEUTRAL,NEUTRAL_PREDICT,22865,-37585,184035,66979.79
2025-12-18 12:19:00,NSE,25764.7,25750,2025-12-23,2025-12-30,2026-01-06,2026-01-13,2026-01-20,1546535,8224440,-30225,-7360,43725,140310,10.583333333333334,9.6375,2025-12-20 01:28:51,5.317978577917732,3.208919382504288,22865,-0.2435070306038048,9770975,-37585,184035,0.9106299212598424,-0.9458333333333346,100,16179,12422.333333333334,12174.166666666666,-26511,215353,BEARISH_CONTINUE,t,f,BEARISH,NEUTRAL_PREDICT,1210,1210,255195,66968.11
2025-12-18 12:17:00,NSE,25764.7,25750,2025-12-23,2025-12-30,2026-01-06,2026-01-13,2026-01-20,1576760,8231800,0,1210,53175,202020,10.283333333333333,9.7875,2025-12-20 01:28:49,5.2207057510337656,3.799153737658674,1210,,9808560,1210,255195,0.9517828200972447,-0.49583333333333357,56.05,11593,10902.333333333334,17302,-18981,285492,BEARISH_CONTINUE,t,f,NEUTRAL,NEUTRAL_PREDICT,45900,-25500,181650,73396.12
2025-12-18 12:16:00,NSE,25764.7,25750,2025-12-23,2025-12-30,2026-01-06,2026-01-13,2026-01-20,1576760,8230590,-35700,10200,63825,117825,10.366666666666667,9.7325,2025-12-20 01:28:48,5.219938354600574,1.8460634547591068,45900,0.2857142857142857,9807350,-25500,181650,0.9388263665594855,-0.6341666666666672,100,51026,13642.666666666666,17263.833333333332,-76118,350388,BEARISH_CONTINUE,t,f,BEARISH,NEUTRAL_PREDICT,195,195,191015,73405.08
2025-12-18 12:14:00,NSE,25764.7,25750,2025-12-23,2025-12-30,2026-01-06,2026-01-13,2026-01-20,1612460,8220390,0,195,40050,150965,10.28,9.795,2025-12-20 01:28:47,5.098042742145542,3.7694132334581774,195,,9832850,195,191015,0.9528210116731518,-0.48499999999999943,50.975,-1600,15188.333333333334,15723,-21374,429012,BEARISH_CONTINUE,t,f,NEUTRAL,NEUTRAL_PREDICT,10725,-70875,264870,73268.27
2025-12-18 12:13:00,NSE,25764.7,25750,2025-12-23,2025-12-30,2026-01-06,2026-01-13,2026-01-20,1612460,8220195,-40800,-30075,64575,200295,10.333333333333334,9.782499999999999,2025-12-20 01:28:46,5.097921808913089,3.1017421602787456,10725,-0.7371323529411765,9832655,-70875,264870,0.9466935483870966,-0.5508333333333351,100,-20329,15064.666666666666,18476.5,-35843,437804,BEARISH_TURN,t,f,NEUTRAL,NEUTRAL_PREDICT,-65,65,534730,74210.72
2025-12-18 12:11:00,NSE,25764.7,25750,2025-12-23,2025-12-30,2026-01-06,2026-01-13,2026-01-20,1653260,8250270,65,0,153130,381600,10.299999999999999,9.834999999999999,2025-12-20 01:28:44,4.9903040054195955,2.4920002612159604,-65,0,9903530,65,534730,0.9548543689320389,-0.46499999999999986,49.675,-22461,17004.666666666668,18345.333333333332,-21681,457968,BULLISH_TURN,t,f,NEUTRAL,NEUTRAL_PREDICT,198375,-284475,579675,74228.37
2025-12-18 12:10:00,NSE,25764.7,25750,2025-12-23,2025-12-30,2026-01-06,2026-01-13,2026-01-20,1653195,8250270,-241425,-43050,417750,161925,10.549999999999999,9.7075,2025-12-20 01:28:44,4.990500213223485,0.3876122082585278,198375,-0.1783162472817645,9903465,-284475,579675,0.9201421800947868,-0.8424999999999994,100,-22508,17004.666666666668,18356.166666666668,-21634,420877,BEARISH_TURN,t,f,STRONG_BEARISH,NEUTRAL_PREDICT,-217230,248220,574770,74225.62
2025-12-18 12:07:00,NSE,25764.7,25750,2025-12-23,2025-12-30,2026-01-06,2026-01-13,2026-01-20,1894620,8293320,232725,15495,378890,195880,10.719999999999999,9.565,2025-12-20 01:28:41,4.377299933495899,0.5169838211618147,-217230,0.06658072832742508,10187940,248220,574770,0.8922574626865672,-1.1549999999999994,0,-50663,2334,5360.333333333333,48551,337147,BULLISH_CONTINUE,t,t,STRONG_BULLISH,BULLISH_PREDICT,-93450,-72150,234975,75735.45
2025-12-18 12:04:00,NSE,25764.7,25750,2025-12-23,2025-12-30,2026-01-06,2026-01-13,2026-01-20,1661895,8277825,10650,-82800,67575,167400,10.593333333333334,9.675,2025-12-20 01:28:39,4.980955475526432,2.477247502774695,-93450,-7.774647887323944,9939720,-72150,234975,0.9133102580239144,-0.918333333333333,0,-6859,16803,12599.166666666666,-1425,264234,BULLISH_TURN,f,f,STRONG_BULLISH,NEUTRAL_PREDICT,65,-65,365690,63041.00
2025-12-18 12:03:00,NSE,25764.7,25750,2025-12-23,2025-12-30,2026-01-06,2026-01-13,2026-01-20,1651245,8360625,-65,0,90890,274800,10.596666666666668,9.705000000000002,2025-12-20 01:28:38,5.063225021120427,3.02343492133348,65,0,10011870,-65,365690,0.9158540421516201,-0.8916666666666657,50.325,28211,22969.666666666668,15713.166666666666,27555,258444,BEARISH_TURN,t,f,NEUTRAL,NEUTRAL_PREDICT,-300,300,349275,59848.38
2025-12-18 12:02:00,NSE,25764.7,25750,2025-12-23,2025-12-30,2026-01-06,2026-01-13,2026-01-20,1651310,8360625,300,0,94875,254400,10.606666666666667,9.704999999999998,2025-12-20 01:28:37,5.063025718974632,2.681422924901186,-300,0,10011935,300,349275,0.9149905719673159,-0.9016666666666691,48.5,43549,19430.333333333332,16448.5,14651,263193,BULLISH_TURN,f,t,NEUTRAL,BULLISH_PREDICT,57600,66450,161025,59784.97
2025-12-18 12:01:00,NSE,25764.7,25750,2025-12-23,2025-12-30,2026-01-06,2026-01-13,2026-01-20,1651010,8360625,4425,62025,34350,126675,10.533333333333333,9.68,2025-12-20 01:28:36,5.063945705961805,3.6877729257641922,57600,14.016949152542374,10011635,66450,161025,0.9189873417721519,-0.8533333333333335,100,43622,19475.333333333332,16475.833333333332,14604,328722,BEARISH_CONTINUE,t,f,STRONG_BEARISH,NEUTRAL_PREDICT,1790,-1660,210205,59777.24
2025-12-18 11:59:00,NSE,25764.7,25750,2025-12-23,2025-12-30,2026-01-06,2026-01-13,2026-01-20,1646585,8298600,-1725,65,50625,159580,10.533333333333333,9.725,2025-12-20 01:28:35,5.039885581369926,3.1521975308641976,1790,0.03768115942028986,9945185,-1660,210205,0.923259493670886,-0.8083333333333336,58.95,40565,16130.666666666666,8540.5,-8553,434855,BEARISH_CONTINUE,t,f,NEUTRAL,NEUTRAL_PREDICT,81900,72750,206025,69189.81
2025-12-18 11:58:00,NSE,25764.7,25750,2025-12-23,2025-12-30,2026-01-06,2026-01-13,2026-01-20,1648310,8298535,-4575,77325,63975,142050,10.543333333333335,9.7,2025-12-20 01:28:34,5.034571773513478,2.220398593200469,81900,16.901639344262296,9946845,72750,206025,0.920012646221941,-0.8433333333333355,100,54024,22360,8478.666666666666,5502,424657,BEARISH_CONTINUE,t,f,STRONG_BEARISH,NEUTRAL_PREDICT,76755,-64585,389435,69196.88
2025-12-18 11:55:00,NSE,25764.7,25750,2025-12-23,2025-12-30,2026-01-06,2026-01-13,2026-01-20,1652885,8221210,-70670,6085,119980,269455,10.340000000000002,9.805,2025-12-20 01:28:31,4.973854805385734,2.2458326387731287,76755,0.08610442903636621,9874095,-64585,389435,0.9482591876208896,-0.5350000000000019,100,37312,16913,5628.666666666667,-9380,448939,BEARISH_CONTINUE,t,f,STRONG_BEARISH,NEUTRAL_PREDICT,65,65,676920,67815.56
2025-12-18 11:53:00,NSE,25764.7,25750,2025-12-23,2025-12-30,2026-01-06,2026-01-13,2026-01-20,1723555,8215125,0,65,260925,415995,10.540000000000001,9.7075,2025-12-20 01:28:30,4.766384014435281,1.5943087093992527,65,,9938680,65,676920,0.9210151802656545,-0.8325000000000014,50.325,29926,11926,3055,6762,418947,BEARISH_CONTINUE,t,f,NEUTRAL,NEUTRAL_PREDICT,42315,-49335,691690,66475.02
2025-12-18 11:52:00,NSE,25764.7,25750,2025-12-23,2025-12-30,2026-01-06,2026-01-13,2026-01-20,1723555,8215060,-45825,-3510,216505,475185,10.416666666666666,9.75,2025-12-20 01:28:29,4.7663463016845995,2.1947991963234106,42315,-0.07659574468085106,9938615,-49335,691690,0.936,-0.6666666666666661,100,29900,23701.666666666668,-4414.666666666667,6736,336464,BEARISH_CONTINUE,t,t,BEARISH,BEARISH_PREDICT,69085,68615,159215,78351.86
2025-12-18 11:49:00,NSE,25764.7,25750,2025-12-23,2025-12-30,2026-01-06,2026-01-13,2026-01-20,1769380,8218570,-235,68850,40565,118650,10.34,9.685,2025-12-20 01:28:26,4.6448869095389345,2.9249352890422777,69085,292.97872340425533,9987950,68615,159215,0.9366537717601549,-0.6549999999999994,100,17100,20885,-29712.666666666668,15390,240647,BEARISH_TURN,t,f,STRONG_BEARISH,NEUTRAL_PREDICT,-1660,-1660,327435,151303.72
2025-12-18 11:47:00,NSE,25764.7,25750,2025-12-23,2025-12-30,2026-01-06,2026-01-13,2026-01-20,1769615,8149720,0,-1660,90225,237210,10.39,9.6125,2025-12-20 01:28:25,4.605363313489092,2.629093931837074,-1660,,9919335,-1660,327435,0.9251684311838306,-0.7774999999999999,41.7,3244,16257.666666666666,-32017.666666666668,1706,243107,BULLISH_TURN,t,f,NEUTRAL,NEUTRAL_PREDICT,39825,16125,239475,150269.90
2025-12-18 11:46:00,NSE,25764.7,25750,2025-12-23,2025-12-30,2026-01-06,2026-01-13,2026-01-20,1769615,8151380,-11850,27975,48825,190650,10.433333333333332,9.5725,2025-12-20 01:28:24,4.606301370637116,3.9047619047619047,39825,2.3607594936708862,9920995,16125,239475,0.9174920127795528,-0.860833333333332,100,3386,21888.333333333332,-35310.5,1968,212568,BEARISH_TURN,t,f,BEARISH,NEUTRAL_PREDICT,-65,-65,264505,150663.55
2025-12-18 11:44:00,NSE,25764.7,25750,2025-12-23,2025-12-30,2026-01-06,2026-01-13,2026-01-20,1781465,8123405,0,-65,68690,195815,10.25,9.7225,2025-12-20 01:28:22,4.559957675284106,2.850706070752657,-65,,9904870,-65,264505,0.9485365853658537,-0.5274999999999999,49.675,-15184,19686,-36635.833333333336,-8892,203665,BULLISH_CONTINUE,f,f,NEUTRAL,NEUTRAL_PREDICT,-21685,-6065,212605,150153.84
2025-12-18 11:43:00,NSE,25764.7,25750,2025-12-23,2025-12-30,2026-01-06,2026-01-13,2026-01-20,1781465,8123470,7810,-13875,84065,128540,10.343333333333334,9.682500000000001,2025-12-20 01:28:21,4.559994162108152,1.5290548979955987,-21685,-1.7765685019206146,9904935,-6065,212605,0.9361102159200774,-0.6608333333333327,0,-15096,19707.666666666668,-33498.666666666664,-8954,191922,BULLISH_CONTINUE,t,f,BULLISH,NEUTRAL_PREDICT,-195,195,171515,151917.08
2025-12-18 11:42:00,NSE,25764.7,25750,2025-12-23,2025-12-30,2026-01-06,2026-01-13,2026-01-20,1773655,8137345,195,0,45440,126075,10.393333333333334,9.7,2025-12-20 01:28:21,4.587896180486059,2.774537852112676,-195,0,9911000,195,171515,0.9332905708787683,-0.6933333333333351,49.025,-9273,8386.666666666666,-32765,-379,202905,BULLISH_CONTINUE,t,f,NEUTRAL,NEUTRAL_PREDICT,-950,-350,174740,152029.21
2025-12-18 11:41:00,NSE,25764.7,25750,2025-12-23,2025-12-30,2026-01-06,2026-01-13,2026-01-20,1773460,8137345,300,-650,51150,123590,10.396666666666667,9.75,2025-12-20 01:28:19,4.58840064055575,2.4162267839687193,-950,-2.1666666666666665,9910805,-350,174740,0.9378005771080474,-0.6466666666666665,45.25,9812,8395.333333333334,-33416,8758,217252,BULLISH_CONTINUE,f,f,NEUTRAL,NEUTRAL_PREDICT,-53025,-38175,194960,151926.71
2025-12-18 11:40:00,NSE,25764.7,25750,2025-12-23,2025-12-30,2026-01-06,2026-01-13,2026-01-20,1773160,8137995,7425,-45600,67160,127800,10.416666666666666,9.7425,2025-12-20 01:28:17,4.589543526810892,1.9029184038117928,-53025,-6.141414141414141,9911155,-38175,194960,0.93528,-0.6741666666666664,0,10041,8456.666666666666,-34420.666666666664,8789,250863,BULLISH_TURN,f,f,STRONG_BULLISH,NEUTRAL_PREDICT,375,-375,205790,151804.22
2025-12-18 11:38:00,NSE,25764.7,25750,2025-12-23,2025-12-30,2026-01-06,2026-01-13,2026-01-20,1765735,8183595,-375,0,68690,137100,10.543333333333331,9.725000000000001,2025-12-20 01:28:13,4.634667716276791,1.9959237152423934,375,0,9949330,-375,205790,0.9223838128359156,-0.8183333333333298,51.875,21036,13466.666666666666,-32640.166666666668,16034,288131,BEARISH_CONTINUE,t,f,NEUTRAL,NEUTRAL_PREDICT,7430,36810,267520,151891.71
2025-12-18 11:37:00,NSE,25764.7,25750,2025-12-23,2025-12-30,2026-01-06,2026-01-13,2026-01-20,1766110,8183595,14690,22120,89680,177840,10.58,9.675,2025-12-20 01:28:11,4.633683632389828,1.9830508474576272,7430,1.505786249149081,9949705,36810,267520,0.9144612476370511,-0.9049999999999994,87.15,56301,13476.333333333334,-31270,39569,311248,BEARISH_CONTINUE,f,f,NEUTRAL,NEUTRAL_PREDICT,95230,45880,243250,152384.40
2025-12-18 11:34:00,NSE,25764.7,25750,2025-12-23,2025-12-30,2026-01-06,2026-01-13,2026-01-20,1751420,8161475,-24675,70555,55125,188125,10.6,9.682500000000001,2025-12-20 01:28:04,4.659918808738053,3.4126984126984126,95230,2.8593718338399188,9912895,45880,243250,0.9134433962264152,-0.9174999999999986,100,54828,950.3333333333334,-31513.333333333332,32194,383837,BEARISH_CONTINUE,t,f,STRONG_BEARISH,NEUTRAL_PREDICT,195,-195,342795,152326.29
2025-12-18 11:33:00,NSE,25764.7,25750,2025-12-23,2025-12-30,2026-01-06,2026-01-13,2026-01-20,1776095,8090920,-195,0,112490,230305,10.506666666666668,9.6875,2025-12-20 01:28:02,4.555454522421379,2.0473375411147656,195,0,9867015,-195,342795,0.9220336294416243,-0.8191666666666677,50.975,35717,-5402.666666666667,-30949.333333333332,22953,402160,BEARISH_CONTINUE,f,f,NEUTRAL,NEUTRAL_PREDICT,1950,-1950,381300,152842.20
2025-12-18 11:32:00,NSE,25764.7,25750,2025-12-23,2025-12-30,2026-01-06,2026-01-13,2026-01-20,1776290,8090920,-1950,0,127950,253350,10.573333333333332,9.665,2025-12-20 01:28:00,4.554954427486503,1.9800703399765534,1950,0,9867210,-1950,381300,0.9140920554854981,-0.9083333333333332,59.75,52238,-5655.666666666667,-30962.333333333332,33402,428001,BEARISH_CONTINUE,t,f,NEUTRAL,NEUTRAL_PREDICT,176700,117300,321375,152839.47
2025-12-18 11:31:00,NSE,25764.7,25750,2025-12-23,2025-12-30,2026-01-06,2026-01-13,2026-01-20,1778240,8090920,-29700,147000,113250,208125,10.58,9.66,2025-12-20 01:27:58,4.5499595105272626,1.8377483443708609,176700,4.94949494949495,9869160,117300,321375,0.9130434782608696,-0.9199999999999999,100,53206,-5816,-21567.333333333332,20818,475668,BEARISH_CONTINUE,t,f,STRONG_BEARISH,NEUTRAL_PREDICT,65,-65,630465,163241.03
2025-12-18 11:30:00,NSE,25764.7,25750,2025-12-23,2025-12-30,2026-01-06,2026-01-13,2026-01-20,1807940,7943920,-65,0,195025,435440,10.543333333333333,9.7,2025-12-20 01:27:56,4.393906877440623,2.2327393923855916,65,0,9751860,-65,630465,0.9200126462219411,-0.8433333333333337,50.325,17918,-32531,-27463.833333333332,-2694,518487,BEARISH_TURN,f,f,NEUTRAL,NEUTRAL_PREDICT,-325,-325,334865,158971.39
2025-12-18 11:29:00,NSE,25764.7,25750,2025-12-23,2025-12-30,2026-01-06,2026-01-13,2026-01-20,1808005,7943920,0,-325,120900,213965,10.536666666666667,9.7225,2025-12-20 01:27:54,4.393748911092613,1.7697684036393715,-325,,9751925,-325,334865,0.9227301486871243,-0.8141666666666669,48.375,-20395,-80310.33333333333,-24235,-30181,515875,BULLISH_TURN,t,f,NEUTRAL,NEUTRAL_PREDICT,82800,52050,472000,160525.90
2025-12-18 11:28:00,NSE,25764.7,25750,2025-12-23,2025-12-30,2026-01-06,2026-01-13,2026-01-20,1808005,7944245,-15375,67425,151275,320725,10.543333333333335,9.68,2025-12-20 01:27:52,4.393928667232668,2.120145430507354,82800,4.385365853658537,9752250,52050,472000,0.9181157129307618,-0.8633333333333351,100,-20343,-80293,-24213.333333333332,-30103,613935,BEARISH_CONTINUE,t,f,STRONG_BEARISH,NEUTRAL_PREDICT,6790,-64870,619635,160529.28
2025-12-18 11:25:00,NSE,25764.7,25750,2025-12-23,2025-12-30,2026-01-06,2026-01-13,2026-01-20,1823380,7876820,-35830,-29040,237185,382450,10.583333333333334,9.7125,2025-12-20 01:27:46,4.319900404742841,1.6124544132217467,6790,-0.8104939994418086,9700200,-64870,619635,0.9177165354330709,-0.8708333333333336,83.95,-36909,-92509.33333333333,-26990.666666666668,-40429,616136,BEARISH_CONTINUE,f,f,NEUTRAL,NEUTRAL_PREDICT,260,-260,535470,159330.28
2025-12-18 11:23:00,NSE,25764.7,25750,2025-12-23,2025-12-30,2026-01-06,2026-01-13,2026-01-20,1859210,7905860,-260,0,156795,378675,10.563333333333334,9.6475,2025-12-20 01:27:41,4.252268436594037,2.4150961446474697,260,0,9765070,-260,535470,0.9133007257810034,-0.9158333333333335,51.3,-33842,-92957.66666666667,-28117,-22400,574302,BEARISH_TURN,f,f,NEUTRAL,NEUTRAL_PREDICT,-191500,-137500,617405,159202.62
2025-12-18 11:22:00,NSE,25764.7,25750,2025-12-23,2025-12-30,2026-01-06,2026-01-13,2026-01-20,1859470,7905860,27000,-164500,245390,372015,10.66,9.577499999999999,2025-12-20 01:27:39,4.251673864058038,1.516015322547781,-191500,-6.092592592592593,9765330,-137500,617405,0.898452157598499,-1.0825000000000014,0,-33790,-86705,-28117,-22452,530056,BULLISH_CONTINUE,t,f,STRONG_BULLISH,NEUTRAL_PREDICT,-65,65,825165,159202.62
2025-12-18 11:21:00,NSE,25764.7,25750,2025-12-23,2025-12-30,2026-01-06,2026-01-13,2026-01-20,1832470,8070360,65,0,273495,551670,10.36,9.6725,2025-12-20 01:27:37,4.4040884707525905,2.0171118301979925,-65,0,9902830,65,825165,0.9336389961389961,-0.6875,49.675,-31582,-73916.66666666667,-5984.833333333333,-19854,523971,BULLISH_CONTINUE,f,f,NEUTRAL,NEUTRAL_PREDICT,-30,420,483005,180441.24
2025-12-18 11:20:00,NSE,25764.7,25750,2025-12-23,2025-12-30,2026-01-06,2026-01-13,2026-01-20,1832405,8070360,225,195,104100,378905,10.183333333333335,9.662500000000001,2025-12-20 01:27:35,4.404244694813647,3.639817483189241,-30,0.8666666666666667,9902765,420,483005,0.9488543371522095,-0.5208333333333339,49.85,-31582,-75227.33333333333,3292,-19854,397514,BULLISH_TURN,f,f,NEUTRAL,NEUTRAL_PREDICT,22125,25275,410465,187761.69
2025-12-18 11:19:00,NSE,25764.7,25750,2025-12-23,2025-12-30,2026-01-06,2026-01-13,2026-01-20,1832180,8070165,1575,23700,125400,285065,10.209999999999999,9.5975,2025-12-20 01:27:33,4.404679125413442,2.273245614035088,22125,15.047619047619047,9902345,25275,410465,0.9400097943192949,-0.6124999999999989,100,-32296,-77298,6203.5,-23058,355361,BEARISH_CONTINUE,t,f,BEARISH,NEUTRAL_PREDICT,520,-520,314240,188384.57
2025-12-18 11:18:00,NSE,25764.7,25750,2025-12-23,2025-12-30,2026-01-06,2026-01-13,2026-01-20,1830605,8046465,-520,0,92840,221400,10.209999999999999,9.63,2025-12-20 01:27:31,4.395522245377895,2.3847479534683327,520,0,9877070,-520,314240,0.9431929480901079,-0.5799999999999983,52.6,-36812,-78747,18756,-28204,319121,BEARISH_TURN,f,f,NEUTRAL,NEUTRAL_PREDICT,-180460,-124510,586980,201566.85
2025-12-18 11:16:00,NSE,25764.7,25750,2025-12-23,2025-12-30,2026-01-06,2026-01-13,2026-01-20,1831125,8046465,27975,-152485,149100,437880,10.246666666666666,9.59,2025-12-20 01:27:27,4.394274011877944,2.9368209255533197,-180460,-5.450759606791778,9877590,-124510,586980,0.935914118412492,-0.6566666666666663,0,-81721,-76016.33333333333,22729.5,-65585,307035,BULLISH_CONTINUE,t,t,STRONG_BULLISH,BULLISH_PREDICT,-65,65,192880,202368.32
2025-12-18 11:14:00,NSE,25764.7,25750,2025-12-23,2025-12-30,2026-01-06,2026-01-13,2026-01-20,1803150,8198950,65,0,64405,128475,10.223333333333334,9.682500000000001,2025-12-20 01:27:22,4.547014946066605,1.9947985404859871,-65,0,10002100,65,192880,0.947098141506358,-0.5408333333333335,49.675,-188954,-63977,28747,-170778,281913,BULLISH_CONTINUE,t,f,NEUTRAL,NEUTRAL_PREDICT,-3600,-15600,272240,198770.06
2025-12-18 11:13:00,NSE,25764.7,25750,2025-12-23,2025-12-30,2026-01-06,2026-01-13,2026-01-20,1803085,8198950,-6000,-9600,67125,205115,10.219999999999999,9.695,2025-12-20 01:27:20,4.547178862893319,3.0557169459962754,-3600,-1.6,10002035,-15600,272240,0.9486301369863015,-0.5249999999999986,32,-188954,-56496,40817.666666666664,-170778,311298,BULLISH_CONTINUE,f,f,NEUTRAL,NEUTRAL_PREDICT,-455,-455,229265,207752.31
2025-12-18 11:12:00,NSE,25764.7,25750,2025-12-23,2025-12-30,2026-01-06,2026-01-13,2026-01-20,1809085,8208550,0,-455,63450,165815,10.323333333333332,9.639999999999999,2025-12-20 01:27:18,4.537404267903388,2.613317572892041,-455,,10017635,-455,229265,0.9338069099128188,-0.6833333333333336,47.725,-208323,-56269,57578.166666666664,-189517,386133,BULLISH_CONTINUE,f,f,NEUTRAL,NEUTRAL_PREDICT,-224025,-187425,253810,223714.52
2025-12-18 11:10:00,NSE,25764.7,25750,2025-12-23,2025-12-30,2026-01-06,2026-01-13,2026-01-20,1809085,8209005,18300,-205725,73950,179860,10.32,9.605,2025-12-20 01:27:14,4.537655776262586,2.432183908045977,-224025,-11.241803278688524,10018090,-187425,253810,0.9307170542635659,-0.7149999999999999,0,-208219,-37318.666666666664,89231.16666666667,-189387,418789,BULLISH_CONTINUE,f,f,STRONG_BULLISH,NEUTRAL_PREDICT,-716625,-650475,461370,276233.64
2025-12-18 11:07:00,NSE,25764.7,25750,2025-12-23,2025-12-30,2026-01-06,2026-01-13,2026-01-20,1790785,8414730,33075,-683550,117515,343855,10.346666666666666,9.6425,2025-12-20 01:27:07,4.698905787126875,2.9260519933625493,-716625,-20.666666666666668,10205515,-650475,461370,0.9319426546391754,-0.7041666666666657,0,-144604,-22396.666666666668,96696.5,-151092,414932,BULLISH_CONTINUE,t,f,STRONG_BULLISH,NEUTRAL_PREDICT,-65,65,339805,270441.41
2025-12-18 11:06:00,NSE,25764.7,25750,2025-12-23,2025-12-30,2026-01-06,2026-01-13,2026-01-20,1757710,9098280,65,0,94340,245465,10.383333333333333,9.677499999999998,2025-12-20 01:27:05,5.176212230686518,2.6019185923256307,-65,0,10855990,65,339805,0.9320224719101122,-0.7058333333333344,49.675,-1214,31840.333333333332,160415.33333333334,-21062,369666,BULLISH_CONTINUE,t,f,NEUTRAL,NEUTRAL_PREDICT,-100445,-109295,646415,296174.60
2025-12-18 11:04:00,NSE,25764.7,25750,2025-12-23,2025-12-30,2026-01-06,2026-01-13,2026-01-20,1757645,9098280,-4425,-104870,141825,504590,10.56,9.592500000000001,2025-12-20 01:27:00,5.176403653752606,3.557835360479464,-100445,-23.699435028248587,10855925,-109295,646415,0.9083806818181819,-0.9674999999999994,0,-5146,31866.333333333332,174006.33333333334,-23670,356505,BULLISH_TURN,t,f,STRONG_BULLISH,NEUTRAL_PREDICT,65,195,392545,297906.45
2025-12-18 11:02:00,NSE,25764.7,25750,2025-12-23,2025-12-30,2026-01-06,2026-01-13,2026-01-20,1762070,9203150,65,130,103555,288990,10.43,9.7375,2025-12-20 01:26:56,5.222919634293757,2.790690937183139,65,2,10965220,195,392545,0.9336049856184085,-0.692499999999999,50.325,8725,38528,181938.66666666666,-7545,298201,BEARISH_CONTINUE,f,f,NEUTRAL,NEUTRAL_PREDICT,94050,4050,234525,293482.02
2025-12-18 11:01:00,NSE,25764.7,25750,2025-12-23,2025-12-30,2026-01-06,2026-01-13,2026-01-20,1762005,9203020,-45000,49050,70050,164475,10.526666666666666,9.807500000000001,2025-12-20 01:26:54,5.223038527132442,2.34796573875803,94050,1.09,10965025,4050,234525,0.9316814439518685,-0.7191666666666645,100,8790,36723.666666666664,181938.66666666666,-7506,335947,BEARISH_CONTINUE,t,f,STRONG_BEARISH,NEUTRAL_PREDICT,325,-325,235040,293482.02
2025-12-18 11:00:00,NSE,25764.7,25750,2025-12-23,2025-12-30,2026-01-06,2026-01-13,2026-01-20,1807005,9153970,-325,0,85865,149175,10.51,9.790000000000001,2025-12-20 01:26:52,5.065824388975128,1.737320211960636,325,0,10960975,-325,235040,0.9314938154138916,-0.7199999999999989,51.625,-1724,30471,183445,-5992,372887,BEARISH_TURN,f,f,NEUTRAL,NEUTRAL_PREDICT,-19725,-12975,274000,293131.12
2025-12-18 10:58:00,NSE,25764.7,25750,2025-12-23,2025-12-30,2026-01-06,2026-01-13,2026-01-20,1807330,9153970,3375,-16350,83700,190300,10.276666666666666,9.8325,2025-12-20 01:26:48,5.064913435841822,2.2735961768219832,-19725,-4.844444444444444,10961300,-12975,274000,0.9567791112552709,-0.44416666666666593,0,-1763,61947,191120.16666666666,-5953,425563,BULLISH_CONTINUE,f,f,NEUTRAL,NEUTRAL_PREDICT,-31090,-28670,354895,291179.01
2025-12-18 10:55:00,NSE,25764.7,25750,2025-12-23,2025-12-30,2026-01-06,2026-01-13,2026-01-20,1803955,9170320,1210,-29880,106515,248380,10.396666666666667,9.765,2025-12-20 01:26:41,5.083452746881158,2.3318781392292167,-31090,-24.694214876033058,10974275,-28670,354895,0.9392433472266752,-0.6316666666666659,0,24612,81811.33333333333,191764.66666666666,2332,448404,BULLISH_TURN,t,f,BULLISH,NEUTRAL_PREDICT,390,390,581275,290717.27
2025-12-18 10:53:00,NSE,25764.7,25750,2025-12-23,2025-12-30,2026-01-06,2026-01-13,2026-01-20,1802745,9200200,0,390,142190,439085,10.693333333333333,9.719999999999999,2025-12-20 01:26:37,5.103439477019767,3.0880160348829033,390,,11002945,390,581275,0.9089775561097255,-0.9733333333333345,51.95,30791,89705,193921,8079,442620,BEARISH_CONTINUE,f,f,NEUTRAL,NEUTRAL_PREDICT,41480,11620,419225,289243.47
2025-12-18 10:52:00,NSE,25764.7,25750,2025-12-23,2025-12-30,2026-01-06,2026-01-13,2026-01-20,1802745,9199810,-14930,26550,96100,323125,10.479999999999999,9.7125,2025-12-20 01:26:35,5.103223140266649,3.3623829344432883,41480,1.7782987273945077,11002555,11620,419225,0.9267652671755727,-0.7674999999999983,100,87473,116259,201841.33333333334,46131,379030,BEARISH_CONTINUE,t,f,BEARISH,NEUTRAL_PREDICT,130,-130,498420,287005.85
2025-12-18 10:50:00,NSE,25764.7,25750,2025-12-23,2025-12-30,2026-01-06,2026-01-13,2026-01-20,1817675,9173260,-130,0,123440,374980,10.51,9.73,2025-12-20 01:26:31,5.046699767560208,3.037751134154245,130,0,10990935,-130,498420,0.9257849666983825,-0.7799999999999994,50.65,79138,121475.33333333333,200437,43768,463464,BEARISH_CONTINUE,t,f,NEUTRAL,NEUTRAL_PREDICT,112150,28450,388205,287919.19
2025-12-18 10:49:00,NSE,25764.7,25750,2025-12-23,2025-12-30,2026-01-06,2026-01-13,2026-01-20,1817805,9173260,-41850,70300,100855,287350,10.523333333333333,9.7925,2025-12-20 01:26:29,5.046338853727435,2.849139854246195,112150,1.6798088410991636,10991065,28450,388205,0.9305511561609123,-0.730833333333333,100,98498,121471,191965.16666666666,48266,552524,BEARISH_TURN,f,f,STRONG_BEARISH,NEUTRAL_PREDICT,-195,65,325975,297592.98
2025-12-18 10:47:00,NSE,25764.7,25750,2025-12-23,2025-12-30,2026-01-06,2026-01-13,2026-01-20,1859655,9102960,130,-65,105420,220555,10.360000000000001,9.8525,2025-12-20 01:26:24,4.894972454568186,2.0921551887687344,-195,-0.5,10962615,65,325975,0.9510135135135134,-0.5075000000000021,49.025,76133,138131.33333333334,156638.16666666666,42511,662303,BULLISH_TURN,f,f,NEUTRAL,NEUTRAL_PREDICT,283800,190650,263325,363091.19
2025-12-18 10:46:00,NSE,25764.7,25750,2025-12-23,2025-12-30,2026-01-06,2026-01-13,2026-01-20,1859525,9103025,-46575,237225,85800,177525,10.333333333333334,9.872499999999999,2025-12-20 01:26:22,4.8953496188542776,2.069055944055944,283800,5.093397745571659,10962550,190650,263325,0.9554032258064514,-0.4608333333333352,100,76068,171425.33333333334,156646.83333333334,42394,698438,BEARISH_TURN,t,f,STRONG_BEARISH,NEUTRAL_PREDICT,-195,-195,841395,363087.32
2025-12-18 10:44:00,NSE,25764.7,25750,2025-12-23,2025-12-30,2026-01-06,2026-01-13,2026-01-20,1906100,8865800,0,-195,163950,677445,10.410000000000002,9.85,2025-12-20 01:26:18,4.651277477572005,4.132021957913998,-195,,10771900,-195,841395,0.9462055715658019,-0.5600000000000023,49.025,13908,215781,116557.83333333333,-8846,706943,BULLISH_TURN,t,f,NEUTRAL,NEUTRAL_PREDICT,96930,22360,943720,411703.54
2025-12-18 10:43:00,NSE,25764.7,25750,2025-12-23,2025-12-30,2026-01-06,2026-01-13,2026-01-20,1906100,8865995,-37285,59645,280930,662790,10.31,9.8875,2025-12-20 01:26:16,4.6513797807040556,2.3592709927740008,96930,1.5997049751910957,10772095,22360,943720,0.9590203685741997,-0.4225000000000012,100,13999,215789.66666666666,96159.66666666667,-8859,596232,BEARISH_CONTINUE,t,f,STRONG_BEARISH,NEUTRAL_PREDICT,325,-325,937100,432330.53
2025-12-18 10:42:00,NSE,25764.7,25750,2025-12-23,2025-12-30,2026-01-06,2026-01-13,2026-01-20,1943385,8806350,-325,0,280705,656395,10.626666666666667,10.085,2025-12-20 01:26:13,4.531448992350975,2.338380149979516,325,0,10749735,-325,937100,0.9490276035131745,-0.5416666666666661,51.625,89106,288990.3333333333,85338.5,24342,527531,BEARISH_TURN,f,f,NEUTRAL,NEUTRAL_PREDICT,-520,-520,506650,436354.64
2025-12-18 10:41:00,NSE,25764.7,25750,2025-12-23,2025-12-30,2026-01-06,2026-01-13,2026-01-20,1943710,8806350,0,-520,185100,321550,10.466666666666667,10.055,2025-12-20 01:26:11,4.530691306830752,1.7371690977849812,-520,,10750060,-520,506650,0.9606687898089171,-0.41166666666666707,47.4,144689,316146.3333333333,85301.66666666667,1085,665965,BULLISH_CONTINUE,f,f,NEUTRAL,NEUTRAL_PREDICT,-27000,-65550,305850,436362.11
2025-12-18 10:40:00,NSE,25764.7,25750,2025-12-23,2025-12-30,2026-01-06,2026-01-13,2026-01-20,1943710,8806870,-19275,-46275,108375,197475,10.576666666666668,9.9875,2025-12-20 01:26:09,4.53095883645194,1.8221453287197231,-27000,-2.4007782101167314,10750580,-65550,305850,0.9442956192877403,-0.5891666666666673,0,162256,325349.3333333333,86568.83333333333,11314,713160,BULLISH_TURN,f,f,BULLISH,NEUTRAL_PREDICT,260,-260,287840,436159.45
2025-12-18 10:39:00,NSE,25764.7,25750,2025-12-23,2025-12-30,2026-01-06,2026-01-13,2026-01-20,1962985,8853145,-260,0,85715,202125,10.62,9.95,2025-12-20 01:26:07,4.5100421042443015,2.3581053491220905,260,0,10816130,-260,287840,0.9369114877589454,-0.6699999999999999,51.3,247396,327153.6666666667,87466.66666666667,71622,759918,BEARISH_CONTINUE,t,f,NEUTRAL,NEUTRAL_PREDICT,472465,188365,600215,435945.28
2025-12-18 10:37:00,NSE,25764.7,25750,2025-12-23,2025-12-30,2026-01-06,2026-01-13,2026-01-20,1963245,8853145,-142050,330415,205440,394775,10.403333333333334,9.965,2025-12-20 01:26:02,4.509444822220354,1.9216072819314642,472465,2.3260471664906723,10816390,188365,600215,0.9578660685677667,-0.43833333333333435,100,271289,336419,91255.66666666667,-6889,821972,BEARISH_CONTINUE,t,f,STRONG_BEARISH,NEUTRAL_PREDICT,278240,-116610,1629270,435655.07
2025-12-18 10:34:00,NSE,25764.7,25750,2025-12-23,2025-12-30,2026-01-06,2026-01-13,2026-01-20,2105295,8522730,-197425,80815,716865,912405,10.746666666666668,10.105,2025-12-20 01:25:56,4.048235520437753,1.2727710238329393,278240,0.4093453210079777,10628025,-116610,1629270,0.9402915632754342,-0.6416666666666675,100,176809,320293.3333333333,77865.66666666667,-44549,1021614,BEARISH_CONTINUE,t,t,STRONG_BEARISH,BEARISH_PREDICT,87315,50625,742625,429666.49
2025-12-18 10:31:00,NSE,25764.7,25750,2025-12-23,2025-12-30,2026-01-06,2026-01-13,2026-01-20,2302720,8441915,-18345,68970,252130,490495,10.473333333333334,9.985,2025-12-20 01:25:50,3.666062308921623,1.9454051481378654,87315,3.759607522485691,10744635,50625,742625,0.9533736473583703,-0.48833333333333506,100,193572,301718,74712.16666666667,-88538,878111,BEARISH_CONTINUE,f,f,STRONG_BEARISH,NEUTRAL_PREDICT,398700,235990,539640,428490.71
2025-12-18 10:28:00,NSE,25764.7,25750,2025-12-23,2025-12-30,2026-01-06,2026-01-13,2026-01-20,2321065,8372945,-81355,317345,161540,378100,10.41,9.955,2025-12-20 01:25:43,3.6073720468836505,2.340596756221369,398700,3.9007436543543728,10694010,235990,539640,0.9562920268972143,-0.45500000000000007,100,275952,298137,71821.16666666667,-173464,1062513,BEARISH_CONTINUE,t,f,STRONG_BEARISH,NEUTRAL_PREDICT,119725,-392815,598110,428695.28
2025-12-18 10:25:00,NSE,25764.7,25750,2025-12-23,2025-12-30,2026-01-06,2026-01-13,2026-01-20,2402420,8055600,-256270,-136545,216700,381410,10.363333333333335,10.004999999999999,2025-12-20 01:25:37,3.3531189384037763,1.7600830641439777,119725,-0.5328169508721271,10458020,-392815,598110,0.9654229655837887,-0.35833333333333606,100,386039,287423.6666666667,74987.33333333333,-133519,1191801,BEARISH_CONTINUE,t,f,STRONG_BEARISH,NEUTRAL_PREDICT,65,65,1598425,431534.08
2025-12-18 10:23:00,NSE,25764.7,25750,2025-12-23,2025-12-30,2026-01-06,2026-01-13,2026-01-20,2658690,8192145,0,65,612675,985750,10.696666666666665,9.9475,2025-12-20 01:25:33,3.081271227559437,1.6089280613702208,65,,10850835,65,1598425,0.9299626051729512,-0.7491666666666656,50.325,362081,279398.6666666667,70994.33333333333,-54969,1370775,BEARISH_CONTINUE,t,f,NEUTRAL,NEUTRAL_PREDICT,362055,-336555,911755,431660.04
2025-12-18 10:22:00,NSE,25764.7,25750,2025-12-23,2025-12-30,2026-01-06,2026-01-13,2026-01-20,2658690,8192080,-349305,12750,420430,491325,10.463333333333333,9.9725,2025-12-20 01:25:31,3.081246779428967,1.1686249791879741,362055,0.03650105208914845,10850770,-336555,911755,0.953090156100669,-0.4908333333333328,100,601056,262459.3333333333,82452.5,-84128,1433491,BEARISH_CONTINUE,f,f,STRONG_BEARISH,NEUTRAL_PREDICT,499215,-374005,1664635,434266.72
2025-12-18 10:19:00,NSE,25764.7,25750,2025-12-23,2025-12-30,2026-01-06,2026-01-13,2026-01-20,3007995,8179330,-436610,62605,749465,915170,10.573333333333332,9.832500000000001,2025-12-20 01:25:24,2.7191966741965996,1.2210977163710113,499215,0.14338883671926891,11187325,-374005,1664635,0.9299337957124845,-0.740833333333331,100,610178,175145,103505.66666666667,-53836,1520843,BEARISH_CONTINUE,t,f,STRONG_BEARISH,NEUTRAL_PREDICT,949135,435715,1186080,462670.14
2025-12-18 10:16:00,NSE,25764.7,25750,2025-12-23,2025-12-30,2026-01-06,2026-01-13,2026-01-20,3444605,8116725,-256710,692425,576700,609380,10.290000000000001,9.7225,2025-12-20 01:25:18,2.3563587116665046,1.0566672446679384,949135,2.6973043512134316,11561330,435715,1186080,0.944849368318756,-0.5675000000000008,100,537840,141868.33333333334,85848,7160,1361999,BEARISH_TURN,t,f,STRONG_BEARISH,NEUTRAL_PREDICT,-65,-65,1492980,457122.49
2025-12-18 10:15:00,NSE,25764.7,25750,2025-12-23,2025-12-30,2026-01-06,2026-01-13,2026-01-20,3701315,7424300,0,-65,436235,1056745,10.043333333333335,9.842500000000001,2025-12-20 01:25:16,2.005854675973269,2.4224214013089274,-65,,11125615,-65,1492980,0.9800033189512114,-0.20083333333333364,49.675,348026,17334.666666666668,124099.5,-79970,1561351,BULLISH_TURN,f,f,NEUTRAL,NEUTRAL_PREDICT,1194940,-145730,1912005,566725.43
2025-12-18 10:13:00,NSE,25764.7,25750,2025-12-23,2025-12-30,2026-01-06,2026-01-13,2026-01-20,3701315,7424365,-670335,524605,791835,1120170,10.03,10.037500000000001,2025-12-20 01:25:12,2.0058722372994464,1.4146507795184602,1194940,0.7826012366950853,11125680,-145730,1912005,1.0007477567298109,0.007500000000002061,100,375887,-23470.333333333332,128381.03448275862,-45577,1377330,BEARISH_CONTINUE,f,f,STRONG_BEARISH,NEUTRAL_PREDICT,407665,-185095,1348515,576262.75
2025-12-18 10:10:00,NSE,25764.7,25750,2025-12-23,2025-12-30,2026-01-06,2026-01-13,2026-01-20,4371650,6899760,-296380,111285,662040,686475,10.076666666666666,9.955,2025-12-20 01:25:06,1.57829652419567,1.0369086460032626,407665,0.3754808016735272,11271410,-185095,1348515,0.9879259014224281,-0.12166666666666615,100,183015,-118313.33333333333,90289.64285714286,16135,1211208,BEARISH_CONTINUE,f,f,STRONG_BEARISH,NEUTRAL_PREDICT,137525,-69025,870415,548399.37
2025-12-18 10:07:00,NSE,25764.7,25750,2025-12-23,2025-12-30,2026-01-06,2026-01-13,2026-01-20,4668030,6788475,-103275,34250,330140,540275,9.916666666666666,9.959999999999999,2025-12-20 01:24:59,1.4542483660130718,1.6365026958260132,137525,0.3316388283708545,11456505,-69025,870415,1.0043697478991596,0.043333333333333,100,101404,-145543,78535,53232,1213887,BEARISH_CONTINUE,t,f,STRONG_BEARISH,NEUTRAL_PREDICT,65,65,2182840,555239.82
2025-12-18 10:06:00,NSE,25764.7,25750,2025-12-23,2025-12-30,2026-01-06,2026-01-13,2026-01-20,4771305,6754225,0,65,912955,1269885,10.033333333333333,9.8575,2025-12-20 01:24:57,1.4155927990350647,1.3909612193372072,65,,11525530,65,2182840,0.9824750830564785,-0.17583333333333329,50.325,80619,-152211.66666666666,76266.15384615384,113657,1255890,BEARISH_CONTINUE,f,t,NEUTRAL,BEARISH_PREDICT,139240,171900,572875,566108.08
2025-12-18 10:04:00,NSE,25764.7,25750,2025-12-23,2025-12-30,2026-01-06,2026-01-13,2026-01-20,4771305,6754160,16330,155570,200895,371980,10.203333333333333,9.7875,2025-12-20 01:24:52,1.4155791759277598,1.851614027228154,139240,9.526638089406001,11525465,171900,572875,0.9592453446586083,-0.4158333333333335,100,128206,-152220.33333333334,79314.2,152046,1024021,BEARISH_CONTINUE,f,f,STRONG_BEARISH,NEUTRAL_PREDICT,230580,162830,1081395,577563.86
2025-12-18 10:01:00,NSE,25764.7,25750,2025-12-23,2025-12-30,2026-01-06,2026-01-13,2026-01-20,4754975,6598590,-33875,196705,312815,768580,10.153333333333334,9.8325,2025-12-20 01:24:45,1.3877233844552286,2.456979364800281,230580,5.806789667896679,11353565,162830,1081395,0.9684011818778725,-0.32083333333333464,100,100228,-153907.66666666666,76817.29166666667,117796,1091638,BEARISH_TURN,f,f,STRONG_BEARISH,NEUTRAL_PREDICT,-390,390,1361910,589848.15
2025-12-18 09:59:00,NSE,25764.7,25750,2025-12-23,2025-12-30,2026-01-06,2026-01-13,2026-01-20,4788850,6401885,390,0,538860,823050,9.946666666666665,9.935,2025-12-20 01:24:43,1.33683138958205,1.5273911591136844,-390,0,11190735,390,1361910,0.9988270777479894,-0.011666666666664938,48.05,3307,-164562,70131.95652173914,160065,1127267,BULLISH_TURN,f,f,NEUTRAL,NEUTRAL_PREDICT,33600,233100,1080430,602174.41
2025-12-18 09:58:00,NSE,25764.7,25750,2025-12-23,2025-12-30,2026-01-06,2026-01-13,2026-01-20,4788460,6401885,99750,133350,328715,751715,9.986666666666666,9.892499999999998,2025-12-20 01:24:42,1.336940268896472,2.2868290160169145,33600,1.3368421052631578,11190345,233100,1080430,0.9905707610146861,-0.09416666666666806,100,-186147,-152293.66666666666,73337.5,211619,1068916,BEARISH_CONTINUE,f,f,BEARISH,NEUTRAL_PREDICT,238000,192010,1023495,616144.27
2025-12-18 09:55:00,NSE,25764.7,25750,2025-12-23,2025-12-30,2026-01-06,2026-01-13,2026-01-20,4688710,6268535,-22995,215005,428680,594815,9.790000000000001,10.004999999999999,2025-12-20 01:24:39,1.3369423572795076,1.3875501539609965,238000,9.350076103500761,10957245,192010,1023495,1.021961184882533,0.21499999999999808,100,-192854,-154494.66666666666,75229.76190476191,165012,1099041,BEARISH_TURN,f,f,STRONG_BEARISH,NEUTRAL_PREDICT,-650,650,910960,631294.50
2025-12-18 09:53:00,NSE,25764.7,25750,2025-12-23,2025-12-30,2026-01-06,2026-01-13,2026-01-20,4711705,6053530,650,0,402320,508640,9.976666666666667,9.8825,2025-12-20 01:24:37,1.2847854439104316,1.2642672499502883,-650,0,10765235,650,910960,0.9905613097226863,-0.09416666666666629,46.75,-424228,-137449,67091.25,228476,1542355,BULLISH_CONTINUE,f,f,NEUTRAL,NEUTRAL_PREDICT,-254025,374175,1259540,646563.22
2025-12-18 09:52:00,NSE,25764.7,25750,2025-12-23,2025-12-30,2026-01-06,2026-01-13,2026-01-20,4711055,6053530,314100,60075,562050,697490,9.916666666666666,9.907499999999999,2025-12-20 01:24:36,1.2849627100511456,1.2409750022240014,-254025,0.19126074498567336,10764585,374175,1259540,0.9990756302521008,-0.009166666666667211,0,-546526,-137410,70656.57894736843,188722,1925978,BULLISH_CONTINUE,f,f,STRONG_BULLISH,NEUTRAL_PREDICT,-947660,258160,1070155,664078.54
2025-12-18 09:49:00,NSE,25764.7,25750,2025-12-23,2025-12-30,2026-01-06,2026-01-13,2026-01-20,4396955,5993455,602910,-344750,411815,658340,10.016666666666667,9.8275,2025-12-20 01:24:32,1.3630921853873874,1.59863045299467,-947660,-0.5718100545686753,10390410,258160,1070155,0.9811148086522462,-0.18916666666666693,0,-541262,-97554.33333333333,88694.44444444444,138182,2023745,BULLISH_TURN,f,f,STRONG_BULLISH,NEUTRAL_PREDICT,65,65,1231055,678524.82
2025-12-18 09:48:00,NSE,25764.7,25750,2025-12-23,2025-12-30,2026-01-06,2026-01-13,2026-01-20,3794045,6338205,0,65,442825,788230,10.146666666666667,9.787499999999998,2025-12-20 01:24:31,1.6705666379813628,1.7800033873426298,65,,10132250,65,1231055,0.9646024967148487,-0.35916666666666863,50.325,-351886,31866.333333333332,149656.4705882353,86706,1973384,BEARISH_TURN,f,f,NEUTRAL,NEUTRAL_PREDICT,-918870,509330,3240065,646602.76
2025-12-18 09:46:00,NSE,25764.7,25750,2025-12-23,2025-12-30,2026-01-06,2026-01-13,2026-01-20,3794045,6338140,714100,-204770,848825,2391240,10.276666666666667,9.58,2025-12-20 01:24:29,1.6705495058703836,2.817117780461226,-918870,-0.2867525556644728,10132185,509330,3240065,0.9322088874472916,-0.6966666666666672,0,-344400,29827.666666666668,159005.9375,90952,1959546,BULLISH_CONTINUE,t,f,STRONG_BULLISH,NEUTRAL_PREDICT,-612140,-198120,2829075,666620.63
2025-12-18 09:43:00,NSE,25764.7,25750,2025-12-23,2025-12-30,2026-01-06,2026-01-13,2026-01-20,3079945,6542910,207010,-405130,659875,2169200,10.07,9.692499999999999,2025-12-20 01:24:25,2.1243593635600635,3.2872892593294183,-612140,-1.9570552147239264,9622855,-198120,2829075,0.9625124131082422,-0.3775000000000013,0,-160639,230864.33333333334,230864.33333333334,-10927,1575633,BULLISH_CONTINUE,t,f,STRONG_BULLISH,NEUTRAL_PREDICT,-227705,121475,1748375,622579.59
2025-12-18 09:40:00,NSE,25764.7,25750,2025-12-23,2025-12-30,2026-01-06,2026-01-13,2026-01-20,2872935,6948040,174590,-53115,449320,1299055,10.163333333333334,9.7575,2025-12-20 01:24:21,2.418446640804613,2.8911577494881153,-227705,-0.3042270462225786,9820975,121475,1748375,0.960068875040997,-0.4058333333333337,0,-15425,291078.9285714286,291078.9285714286,41199,1208814,BULLISH_CONTINUE,f,t,STRONG_BULLISH,BULLISH_PREDICT,-780,780,818350,599041.38
2025-12-18 09:38:00,NSE,25764.7,25750,2025-12-23,2025-12-30,2026-01-06,2026-01-13,2026-01-20,2698345,7001155,780,0,242540,575810,10.19,9.78,2025-12-20 01:24:19,2.5946107706760997,2.3740826255463015,-780,0,9699500,780,818350,0.9597644749754661,-0.41000000000000014,46.1,44269,330985.3846153846,330985.3846153846,102917,1054912,BULLISH_TURN,f,f,NEUTRAL,NEUTRAL_PREDICT,37495,21295,1161865,603822.40
2025-12-18 09:37:00,NSE,25764.7,25750,2025-12-23,2025-12-30,2026-01-06,2026-01-13,2026-01-20,2697565,7001155,-8100,29395,345900,815965,10.146666666666667,9.7625,2025-12-20 01:24:18,2.5953610014957933,2.358962127782596,37495,3.6290123456790124,9698720,21295,1161865,0.9621386333771353,-0.3841666666666672,100,81152,358632.5,358632.5,221396,1229690,BEARISH_TURN,t,f,BEARISH,NEUTRAL_PREDICT,-65,-65,1320500,622018.51
2025-12-18 09:35:00,NSE,25764.7,25750,2025-12-23,2025-12-30,2026-01-06,2026-01-13,2026-01-20,2705665,6971760,0,-65,309515,1010985,10.16,9.95,2025-12-20 01:24:15,2.57672697839533,3.266352196177891,-65,,9677425,-65,1320500,0.9793307086614172,-0.21000000000000085,49.675,73770,387826.8181818182,387826.8181818182,217176,1235177,BULLISH_TURN,t,f,NEUTRAL,NEUTRAL_PREDICT,113930,62510,994980,643698.11
2025-12-18 09:34:00,NSE,25764.7,25750,2025-12-23,2025-12-30,2026-01-06,2026-01-13,2026-01-20,2705665,6971825,-25710,88220,386765,608215,10.040000000000001,9.99,2025-12-20 01:24:14,2.5767510020641877,1.5725699067909453,113930,3.4313496693893426,9677490,62510,994980,0.995019920318725,-0.05000000000000071,100,172520,426616,426616,349766,1202958,BEARISH_CONTINUE,f,f,STRONG_BEARISH,NEUTRAL_PREDICT,70765,430065,978865,664828.00
2025-12-18 09:31:00,NSE,25764.7,25750,2025-12-23,2025-12-30,2026-01-06,2026-01-13,2026-01-20,2731375,6883605,179650,250415,291350,687515,10.04,9.942499999999999,2025-12-20 01:24:11,2.5201977026223057,2.3597563068474345,70765,1.3939048149178959,9614980,430065,978865,0.9902888446215139,-0.09750000000000014,100,149721,461358.8888888889,461358.8888888889,337277,1219750,BEARISH_CONTINUE,f,f,STRONG_BEARISH,NEUTRAL_PREDICT,183635,593175,1692240,695461.21
2025-12-18 09:28:00,NSE,25764.7,25750,2025-12-23,2025-12-30,2026-01-06,2026-01-13,2026-01-20,2551725,6633190,204770,388405,532790,1159450,10.049999999999999,10.065,2025-12-20 01:24:07,2.599492500171453,2.1761857392218324,183635,1.8967866386677736,9184915,593175,1692240,1.001492537313433,0.015000000000000568,100,204330,510183.125,510183.125,441526,1199364,BEARISH_CONTINUE,f,f,STRONG_BEARISH,NEUTRAL_PREDICT,585,195,1189300,726802.81
2025-12-18 09:26:00,NSE,25764.7,25750,2025-12-23,2025-12-30,2026-01-06,2026-01-13,2026-01-20,2346955,6244785,-195,390,478340,710960,10.053333333333335,10.0925,2025-12-20 01:24:05,2.6608030405355025,1.4863068110548983,585,2,8591740,195,1189300,1.0038958885941642,0.039166666666664796,52.925,366333,556832.8571428572,556832.8571428572,739839,1190550,BEARISH_CONTINUE,f,f,NEUTRAL,NEUTRAL_PREDICT,493685,662885,1159405,771991.93
2025-12-18 09:25:00,NSE,25764.7,25750,2025-12-23,2025-12-30,2026-01-06,2026-01-13,2026-01-20,2347150,6244395,84600,578285,433875,725530,9.983333333333333,10.195,2025-12-20 01:24:04,2.660415823445455,1.6722097378277154,493685,6.835520094562648,8591545,662885,1159405,1.0212020033388982,0.21166666666666778,100,360113,649540.8333333334,649540.8333333334,935739,1534455,BEARISH_TURN,f,f,STRONG_BEARISH,NEUTRAL_PREDICT,-65,65,1078940,801853.97
2025-12-18 09:23:00,NSE,25764.7,25750,2025-12-23,2025-12-30,2026-01-06,2026-01-13,2026-01-20,2262550,5666110,65,0,421875,657065,10.133333333333335,10.055,2025-12-20 01:24:02,2.5043026673443682,1.5574874074074074,-65,0,7928660,65,1078940,0.9922697368421051,-0.07833333333333492,49.675,680712,680712,680712,1585732,1970933,BULLISH_TURN,f,f,NEUTRAL,NEUTRAL_PREDICT,343810,951310,876935,892426.42
2025-12-18 09:22:00,NSE,25764.7,25750,2025-12-23,2025-12-30,2026-01-06,2026-01-13,2026-01-20,2262485,5666110,303750,647560,294675,582260,10.093333333333334,10.0025,2025-12-20 01:24:01,2.504374614638329,1.9759395944684823,343810,2.1318847736625512,7928595,951310,876935,0.9910006605019814,-0.09083333333333421,100,850906.25,850906.25,850906.25,1982148.75,2193931.25,BEARISH_CONTINUE,f,f,STRONG_BEARISH,NEUTRAL_PREDICT,993650,2084740,1648170,932090.49
2025-12-18 09:19:00,NSE,25764.7,25750,2025-12-23,2025-12-30,2026-01-06,2026-01-13,2026-01-20,1958735,5018550,545545,1539195,466915,1181255,10.133333333333333,10.0625,2025-12-20 01:23:58,2.5621383188639606,2.5299144383881433,993650,2.821389619554757,6977285,2084740,1648170,0.9930098684210527,-0.07083333333333286,100,1019938.3333333334,1019938.3333333334,1019938.3333333334,2325761.6666666665,2632930,BEARISH_TURN,f,f,STRONG_BEARISH,NEUTRAL_PREDICT,-30515,979695,2908825,1063841.13
2025-12-18 09:16:00,NSE,25764.7,25750,2025-12-23,2025-12-30,2026-01-06,2026-01-13,2026-01-20,1413190,3479355,505105,474590,832975,2075850,10.01,10.1025,2025-12-20 01:23:54,2.4620574728097426,2.4920915993877366,-30515,0.939586818582275,4892545,979695,2908825,1.009240759240759,0.09249999999999936,0,1033082.5,1033082.5,1033082.5,2446272.5,3125310,BULLISH_TURN,f,f,BULLISH,NEUTRAL_PREDICT,2096680,3912850,3341795,1504154.01
2025-12-18 09:15:00,NSE,25764.7,25750,2025-12-23,2025-12-30,2026-01-06,2026-01-13,2026-01-20,908085,3004765,908085,3004765,831540,2510255,10.07,10.035,2025-12-20 01:23:53,3.3089028009492503,3.0188024629001613,2096680,3.3089028009492503,3912850,3912850,3341795,0.9965243296921549,-0.03500000000000014,100,2096680,2096680,2096680,3912850,3341795,,f,f,STRONG_BEARISH,NEUTRAL_PREDICT,,,,0.00
2025-12-17 15:30:00,NSE,25902.4,25900,2025-12-23,2025-12-30,2026-01-06,2026-01-13,2026-01-20,12823515,7292695,-680815,-193090,868895,455480,10.535,9.682500000000001,2025-12-20 01:23:51,0.5686970382145613,0.524206031799009,487725,-0.28361596028289626,20116210,-873905,1324375,0.9190792596108212,-0.8524999999999991,100,235214,152312.33333333334,118832,-478118,975521,BEARISH_CONTINUE,f,f,STRONG_BEARISH,NEUTRAL_PREDICT,487725,-873905,1324375,154414.41
2025-12-17 15:29:00,NSE,25902.4,25900,2025-12-23,2025-12-30,2026-01-06,2026-01-13,2026-01-20,12823515,7292695,-680815,-193090,868895,455480,10.535,9.682500000000001,2025-12-20 01:23:49,0.5686970382145613,0.524206031799009,487725,-0.28361596028289626,20116210,-873905,1324375,0.9190792596108212,-0.8524999999999991,100,137682,119775.66666666667,102565.83333333333,-303324,935736,BEARISH_CONTINUE,t,f,STRONG_BEARISH,NEUTRAL_PREDICT,130,130,774590,139164.22
2025-12-17 15:28:00,NSE,25902.4,25900,2025-12-23,2025-12-30,2026-01-06,2026-01-13,2026-01-20,13504330,7485785,0,130,537600,236990,10.280000000000001,9.9325,2025-12-20 01:23:48,0.5543247980462562,0.4408296130952381,130,,20990115,130,774590,0.9661964980544745,-0.3475000000000019,50.65,111239,94570.66666666667,86306.16666666667,-294337,839082,BEARISH_CONTINUE,f,f,NEUTRAL,NEUTRAL_PREDICT,4290,1040,661905,119753.76
2025-12-17 15:27:00,NSE,25902.4,25900,2025-12-23,2025-12-30,2026-01-06,2026-01-13,2026-01-20,13504330,7485655,-1625,2665,415585,246320,10.25,9.98,2025-12-20 01:23:47,0.5543151715042509,0.5927066665062503,4290,1.64,20989985,1040,661905,0.9736585365853659,-0.2699999999999996,71.45,111187,94566.33333333333,96054.33333333333,-294337,845568,BEARISH_CONTINUE,t,f,NEUTRAL,NEUTRAL_PREDICT,196200,-643950,792360,124312.96
2025-12-17 15:26:00,NSE,25902.4,25900,2025-12-23,2025-12-30,2026-01-06,2026-01-13,2026-01-20,13505955,7482990,-420075,-223875,557565,234795,10.2,9.997499999999999,2025-12-20 01:23:46,0.5540511574338874,0.4211078528960749,196200,-0.5329405463310123,20988945,-643950,792360,0.9801470588235294,-0.20250000000000057,100,178171,116124.33333333333,95909.16666666667,-368963,865199,BEARISH_CONTINUE,t,f,STRONG_BEARISH,NEUTRAL_PREDICT,65,65,1125450,124426.30
2025-12-17 15:24:00,NSE,25902.4,25900,2025-12-23,2025-12-30,2026-01-06,2026-01-13,2026-01-20,13926030,7706865,0,65,778460,346990,10.295,9.91,2025-12-20 01:23:44,0.5534143614511817,0.4457390231996506,65,,21632895,65,1125450,0.9626032054395338,-0.3849999999999998,50.325,138957,103048.66666666667,92320,-240199,784025,BEARISH_CONTINUE,t,f,NEUTRAL,NEUTRAL_PREDICT,355510,-828970,841105,122978.14
2025-12-17 15:23:00,NSE,25902.4,25900,2025-12-23,2025-12-30,2026-01-06,2026-01-13,2026-01-20,13926030,7706800,-592240,-236730,616830,224275,10.372499999999999,9.850000000000001,2025-12-20 01:23:42,0.5534096939328724,0.36359288620851776,355510,-0.3997197082263947,21632830,-828970,841105,0.9496264160038566,-0.5224999999999973,100,183314,115930.33333333333,88652.83333333333,-380852,657816,BEARISH_TURN,t,f,STRONG_BEARISH,NEUTRAL_PREDICT,-130,130,807020,127385.35
2025-12-17 15:21:00,NSE,25902.4,25900,2025-12-23,2025-12-30,2026-01-06,2026-01-13,2026-01-20,14518270,7943530,130,0,544960,262060,10.440000000000001,9.785,2025-12-20 01:23:40,0.5471402584467708,0.48087933059307103,-130,0,22461800,130,807020,0.9372605363984673,-0.6550000000000011,49.35,112121,92238.33333333333,76800.33333333333,-215149,743726,BULLISH_TURN,t,f,NEUTRAL,NEUTRAL_PREDICT,339210,-372090,760060,117887.65
2025-12-17 15:20:00,NSE,25902.4,25900,2025-12-23,2025-12-30,2026-01-06,2026-01-13,2026-01-20,14518140,7943530,-355650,-16440,446510,313550,10.4475,9.79,2025-12-20 01:23:39,0.5471451577130404,0.7022239143580211,339210,-0.046225221425558835,22461670,-372090,760060,0.937066283799952,-0.6575000000000006,100,129006,94212.33333333333,79992.16666666667,-298690,744291,BEARISH_CONTINUE,f,f,STRONG_BEARISH,NEUTRAL_PREDICT,130,-130,386490,117026.06
2025-12-17 15:18:00,NSE,25902.4,25900,2025-12-23,2025-12-30,2026-01-06,2026-01-13,2026-01-20,14873790,7959970,-130,0,260905,125585,10.4125,9.782499999999999,2025-12-20 01:23:37,0.5351675665718018,0.4813437841359882,130,0,22833760,-130,386490,0.9394957983193276,-0.6300000000000008,50.65,61177,71602.66666666667,65030.666666666664,-224259,684757,BEARISH_CONTINUE,f,f,NEUTRAL,NEUTRAL_PREDICT,221850,-703200,494405,111294.43
2025-12-17 15:17:00,NSE,25902.4,25900,2025-12-23,2025-12-30,2026-01-06,2026-01-13,2026-01-20,14873920,7959970,-462525,-240675,303540,190865,10.365,9.8675,2025-12-20 01:23:36,0.535162889137497,0.6287968636752982,221850,-0.5203502513377656,22833890,-703200,494405,0.9520019295706704,-0.4975000000000005,100,82766,71641.66666666667,64985.166666666664,-282178,692591,BEARISH_TURN,f,f,STRONG_BEARISH,NEUTRAL_PREDICT,-455,-455,1270655,111322.15
2025-12-17 15:15:00,NSE,25902.4,25900,2025-12-23,2025-12-30,2026-01-06,2026-01-13,2026-01-20,15336445,8200645,0,-455,740425,530230,10.317499999999999,9.9725,2025-12-20 01:23:33,0.5347161614050714,0.7161157443360232,-455,,23537090,-455,1270655,0.9665616670705114,-0.34499999999999886,47.725,38331,72371.66666666667,56877.666666666664,-141473,792611,BULLISH_TURN,f,f,NEUTRAL,NEUTRAL_PREDICT,84295,-417575,809845,108320.34
2025-12-17 15:14:00,NSE,25902.4,25900,2025-12-23,2025-12-30,2026-01-06,2026-01-13,2026-01-20,15336445,8201100,-250935,-166640,519925,289920,10.370000000000001,9.865,2025-12-20 01:23:32,0.5347458292974676,0.5576188873395201,84295,-0.6640763544344153,23537545,-417575,809845,0.9513018322082931,-0.5050000000000008,100,60352,72389,50272.833333333336,-204082,643254,BEARISH_CONTINUE,t,f,STRONG_BEARISH,NEUTRAL_PREDICT,65,65,462390,117581.77
2025-12-17 15:12:00,NSE,25902.4,25900,2025-12-23,2025-12-30,2026-01-06,2026-01-13,2026-01-20,15587380,8367740,0,65,297525,164865,10.337499999999999,9.942499999999999,2025-12-20 01:23:30,0.5368278697253804,0.5541215023947568,65,,23955120,65,462390,0.9617896009673519,-0.3949999999999996,50.325,43506,76378,47452.166666666664,-120580,595667,BEARISH_CONTINUE,t,f,NEUTRAL,NEUTRAL_PREDICT,108075,-289725,425660,117752.32
2025-12-17 15:11:00,NSE,25902.4,25900,2025-12-23,2025-12-30,2026-01-06,2026-01-13,2026-01-20,15587380,8367675,-198900,-90825,240635,185025,10.29,9.9875,2025-12-20 01:23:28,0.5368236996852582,0.7689031105200823,108075,-0.4566365007541478,23955055,-289725,425660,0.9706025267249758,-0.30249999999999844,100,109025,76391,48752.5,-178301,684820,BEARISH_TURN,t,f,STRONG_BEARISH,NEUTRAL_PREDICT,-325,325,994505,117425.92
2025-12-17 15:09:00,NSE,25902.4,25900,2025-12-23,2025-12-30,2026-01-06,2026-01-13,2026-01-20,15786280,8458500,325,0,543830,450675,10.290000000000001,9.9925,2025-12-20 01:23:26,0.5358133771857587,0.8287056616957506,-325,0,24244780,325,994505,0.9710884353741496,-0.2975000000000012,48.375,87423,85351.66666666667,45141.333333333336,-120343,752139,BULLISH_TURN,t,f,NEUTRAL,NEUTRAL_PREDICT,109650,-313500,523870,117204.27
2025-12-17 15:08:00,NSE,25902.4,25900,2025-12-23,2025-12-30,2026-01-06,2026-01-13,2026-01-20,15785955,8458500,-211575,-101925,303520,220350,10.3,9.9825,2025-12-20 01:23:25,0.5358244084694274,0.7259818133895625,109650,-0.4817440623892237,24244455,-313500,523870,0.9691747572815533,-0.3175000000000008,100,126146,85356,53713.166666666664,-163776,749328,BEARISH_CONTINUE,f,f,STRONG_BEARISH,NEUTRAL_PREDICT,65,-65,571910,123023.55
2025-12-17 15:06:00,NSE,25902.4,25900,2025-12-23,2025-12-30,2026-01-06,2026-01-13,2026-01-20,15997530,8560425,-65,0,355320,216590,10.155,10.165,2025-12-20 01:23:23,0.5351091699781154,0.6095632106270404,65,0,24557955,-65,571910,1.000984736582964,0.009999999999999787,50.325,104242,78041.66666666667,55141.333333333336,-101050,1218781,BEARISH_CONTINUE,f,f,NEUTRAL,NEUTRAL_PREDICT,327660,-288540,908155,123940.58
2025-12-17 15:05:00,NSE,25902.4,25900,2025-12-23,2025-12-30,2026-01-06,2026-01-13,2026-01-20,15997595,8560425,-308100,19560,646790,261365,10.209999999999999,10.11,2025-12-20 01:23:22,0.5351069957703017,0.4040956106309621,327660,0.06348588120740019,24558020,-288540,908155,0.990205680705191,-0.09999999999999964,100,110125,97542.33333333333,55141.333333333336,-138163,1252288,BEARISH_CONTINUE,t,f,STRONG_BEARISH,NEUTRAL_PREDICT,65,65,762255,123940.58
2025-12-17 15:03:00,NSE,25902.4,25900,2025-12-23,2025-12-30,2026-01-06,2026-01-13,2026-01-20,16305695,8540865,0,65,468715,293540,10.19,10.1275,2025-12-20 01:23:20,0.5237964404461141,0.6262654278186105,65,,24846560,65,762255,0.9938665358194309,-0.0625,50.325,44606,75694,46416.833333333336,-80468,1209597,BEARISH_CONTINUE,t,f,NEUTRAL,NEUTRAL_PREDICT,193290,-216840,980450,112807.91
2025-12-17 15:02:00,NSE,25902.4,25900,2025-12-23,2025-12-30,2026-01-06,2026-01-13,2026-01-20,16305695,8540800,-205065,-11775,622385,358065,10.127499999999998,10.184999999999999,2025-12-20 01:23:18,0.5237924541088251,0.5753111016493007,193290,-0.05742081778948138,24846495,-216840,980450,1.0056776104665515,0.057500000000000995,100,44736,81591.33333333333,46408.166666666664,-80364,1184501,BEARISH_CONTINUE,t,f,STRONG_BEARISH,NEUTRAL_PREDICT,130,130,2871135,112811.60
2025-12-17 15:00:00,NSE,25902.4,25900,2025-12-23,2025-12-30,2026-01-06,2026-01-13,2026-01-20,16510760,8552575,0,130,1850230,1020905,10.1325,10.115,2025-12-20 01:23:16,0.5180000799478643,0.5517719418666869,130,,25063335,130,2871135,0.998272884283247,-0.01750000000000007,50.65,52638,61375.333333333336,39945.666666666664,-69126,1104739,BEARISH_CONTINUE,t,t,NEUTRAL,BEARISH_PREDICT,29480,-185630,739445,109615.07
2025-12-17 14:59:00,NSE,25902.4,25900,2025-12-23,2025-12-30,2026-01-06,2026-01-13,2026-01-20,16510760,8552445,-107555,-78075,506030,233415,10.2975,10.075000000000001,2025-12-20 01:23:15,0.5179922062945619,0.4612671185502836,29480,-0.7259076751429501,25063205,-185630,739445,0.978392813789755,-0.22249999999999837,100,52573,61362.333333333336,41653.833333333336,-69191,652918,BEARISH_CONTINUE,f,f,BEARISH,NEUTRAL_PREDICT,65,-65,694700,109372.23
2025-12-17 14:58:00,NSE,25902.4,25900,2025-12-23,2025-12-30,2026-01-06,2026-01-13,2026-01-20,16618315,8630520,-65,0,551975,142725,10.365,9.925,2025-12-20 01:23:14,0.5193378510396511,0.2585714932741519,65,0,25248835,-65,694700,0.9575494452484322,-0.4399999999999995,50.325,75503,65772,44670,-74571,714336,BEARISH_CONTINUE,t,f,NEUTRAL,NEUTRAL_PREDICT,715,585,636775,110268.91
2025-12-17 14:57:00,NSE,25902.4,25900,2025-12-23,2025-12-30,2026-01-06,2026-01-13,2026-01-20,16618380,8630520,-65,650,396850,239925,10.3325,10,2025-12-20 01:23:13,0.5193358197369419,0.6045735164419807,715,10,25248900,585,636775,0.9678199854827002,-0.3324999999999996,53.575,75542,58458.666666666664,44828.166666666664,-74610,720421,BEARISH_CONTINUE,t,f,NEUTRAL,NEUTRAL_PREDICT,232800,-160650,581640,110206.11
2025-12-17 14:56:00,NSE,25902.4,25900,2025-12-23,2025-12-30,2026-01-06,2026-01-13,2026-01-20,16618445,8629870,-196725,36075,367425,214215,10.405000000000001,9.9525,2025-12-20 01:23:12,0.5192946752839992,0.5830169422331088,232800,0.18337781166603126,25248315,-160650,581640,0.9565112926477655,-0.45250000000000057,100,123896,58328.666666666664,50901.833333333336,-136540,743051,BEARISH_TURN,f,f,STRONG_BEARISH,NEUTRAL_PREDICT,-195,-195,612030,112684.22
2025-12-17 14:55:00,NSE,25902.4,25900,2025-12-23,2025-12-30,2026-01-06,2026-01-13,2026-01-20,16815170,8593795,0,-195,445265,166765,10.365,10.004999999999999,2025-12-20 01:23:10,0.5110739290771369,0.3745297744040066,-195,,25408965,-195,612030,0.9652677279305354,-0.3600000000000012,49.025,77284,41383.666666666664,44091,-104410,887257,BULLISH_TURN,f,f,NEUTRAL,NEUTRAL_PREDICT,144130,-212530,1046535,107359.96
2025-12-17 14:53:00,NSE,25902.4,25900,2025-12-23,2025-12-30,2026-01-06,2026-01-13,2026-01-20,16815170,8593990,-178330,-34200,687880,358655,10.2675,10.065000000000001,2025-12-20 01:23:08,0.5110855257484759,0.5213918125254405,144130,-0.19177928559412324,25409160,-212530,1046535,0.9802775748721696,-0.2024999999999988,100,77310,28156.666666666668,46938.666666666664,-104358,819044,BEARISH_CONTINUE,f,f,STRONG_BEARISH,NEUTRAL_PREDICT,260,-260,725125,107277.76
2025-12-17 14:51:00,NSE,25902.4,25900,2025-12-23,2025-12-30,2026-01-06,2026-01-13,2026-01-20,16993500,8628190,-260,0,525590,199535,10.4175,9.92,2025-12-20 01:23:06,0.5077347220996263,0.3796400235925341,260,0,25621690,-260,725125,0.9522438204943604,-0.4975000000000005,51.3,106999,18526.333333333332,42156,-110767,673937,BEARISH_CONTINUE,f,f,NEUTRAL,NEUTRAL_PREDICT,242485,-309065,749925,105985.89
2025-12-17 14:50:00,NSE,25902.4,25900,2025-12-23,2025-12-30,2026-01-06,2026-01-13,2026-01-20,16993760,8628190,-275775,-33290,525675,224250,10.4475,9.907499999999999,2025-12-20 01:23:05,0.5077269538936645,0.4265943786560137,242485,-0.1207143504668661,25621950,-309065,749925,0.9483129935391241,-0.5400000000000009,100,106934,21114,42924.833333333336,-110728,834363,BEARISH_TURN,f,f,STRONG_BEARISH,NEUTRAL_PREDICT,-260,0,1302670,105754.90
2025-12-17 14:49:00,NSE,25902.4,25900,2025-12-23,2025-12-30,2026-01-06,2026-01-13,2026-01-20,17269535,8661480,130,-130,906690,395980,10.3825,9.96,2025-12-20 01:23:04,0.5015467990307788,0.4367314076475973,-260,-1,25931015,0,1302670,0.959306525403323,-0.42249999999999943,48.7,76142,4931,34839.833333333336,-79572,846254,BULLISH_CONTINUE,f,t,NEUTRAL,BULLISH_PREDICT,-65,65,270965,99030.07
2025-12-17 14:48:00,NSE,25902.4,25900,2025-12-23,2025-12-30,2026-01-06,2026-01-13,2026-01-20,17269405,8661610,65,0,174665,96300,10.547500000000001,9.71,2025-12-20 01:23:02,0.5015581023202594,0.551341138751324,-65,0,25931015,65,270965,0.9205972979378999,-0.8375000000000004,49.675,54204,22070.333333333332,30606.5,-106212,740101,BULLISH_TURN,t,f,NEUTRAL,NEUTRAL_PREDICT,292575,-244575,321000,103208.60
2025-12-17 14:47:00,NSE,25902.4,25900,2025-12-23,2025-12-30,2026-01-06,2026-01-13,2026-01-20,17269340,8661610,-268575,24000,185700,135300,10.5175,9.7575,2025-12-20 01:23:01,0.5015599901328018,0.72859450726979,292575,0.08936051382295448,25930950,-244575,321000,0.927739481816021,-0.7599999999999998,100,54204,32241,29002.833333333332,-106160,923144,BEARISH_TURN,f,f,STRONG_BEARISH,NEUTRAL_PREDICT,-65,-65,1527255,104071.77
2025-12-17 14:45:00,NSE,25902.4,25900,2025-12-23,2025-12-30,2026-01-06,2026-01-13,2026-01-20,17537915,8637610,0,-65,1060495,466760,10.4575,9.84,2025-12-20 01:22:59,0.49251065477281647,0.44013408832667766,-65,,26175525,-65,1527255,0.9409514702366722,-0.6174999999999997,49.675,14814,12740.333333333334,17005.5,-50510,1013961,BULLISH_TURN,f,f,NEUTRAL,NEUTRAL_PREDICT,88525,-153285,809380,92771.80
2025-12-17 14:44:00,NSE,25902.4,25900,2025-12-23,2025-12-30,2026-01-06,2026-01-13,2026-01-20,17537915,8637675,-120905,-32380,537755,271625,10.545,9.649999999999999,2025-12-20 01:22:58,0.49251436102866275,0.5051092040055416,88525,-0.26781357263967576,26175590,-153285,809380,0.9151256519677571,-0.8950000000000014,100,-7100,17139.666666666668,16966.5,-115734,917072,BEARISH_TURN,f,f,STRONG_BEARISH,NEUTRAL_PREDICT,-109950,-133200,771905,92779.47
2025-12-17 14:41:00,NSE,25902.4,25900,2025-12-23,2025-12-30,2026-01-06,2026-01-13,2026-01-20,17658820,8670055,-11625,-121575,459400,312505,10.5125,9.6575,2025-12-20 01:22:54,0.4909758975967817,0.6802459730082716,-109950,-10.458064516129033,26328875,-133200,771905,0.9186682520808562,-0.8549999999999986,0,-25052,11225,10773.166666666666,-85272,841173,BULLISH_CONTINUE,t,f,STRONG_BULLISH,NEUTRAL_PREDICT,-65,325,1186180,94030.93
2025-12-17 14:39:00,NSE,25902.4,25900,2025-12-23,2025-12-30,2026-01-06,2026-01-13,2026-01-20,17670445,8791630,195,130,624185,561995,10.697500000000002,9.4275,2025-12-20 01:22:52,0.4975330276062657,0.9003660773648838,-65,0.6666666666666666,26462075,325,1186180,0.8812806730544519,-1.2700000000000014,49.675,-7337,18516,7055.833333333333,-77907,806492,BULLISH_TURN,f,f,NEUTRAL,NEUTRAL_PREDICT,95625,33675,775085,100920.06
2025-12-17 14:38:00,NSE,25902.4,25900,2025-12-23,2025-12-30,2026-01-06,2026-01-13,2026-01-20,17670250,8791500,-30975,64650,337490,437595,10.690000000000001,9.4525,2025-12-20 01:22:51,0.4975311611324118,1.296616196035438,95625,2.0871670702179177,26461750,33675,775085,0.8842376052385407,-1.2375000000000007,100,-47044,21945.333333333332,-3025.1666666666665,-64682,702349,BEARISH_TURN,t,f,STRONG_BEARISH,NEUTRAL_PREDICT,-109635,-326185,1042810,115681.36
2025-12-17 14:35:00,NSE,25902.4,25900,2025-12-23,2025-12-30,2026-01-06,2026-01-13,2026-01-20,17701225,8726850,-108275,-217910,639590,403220,9.9375,10.2825,2025-12-20 01:22:47,0.4930082522537282,0.6304351225003518,-109635,-2.012560609558993,26428075,-326185,1042810,1.0347169811320756,0.34500000000000064,0,-66234,23568,-6214.833333333333,-71352,695935,BULLISH_CONTINUE,f,t,STRONG_BULLISH,BULLISH_PREDICT,-1235,-975,429885,114176.94
2025-12-17 14:33:00,NSE,25902.4,25900,2025-12-23,2025-12-30,2026-01-06,2026-01-13,2026-01-20,17809500,8944760,130,-1105,247395,182490,10.2,9.9575,2025-12-20 01:22:44,0.5022465538055532,0.7376462741769235,-1235,-8.5,26754260,-975,429885,0.9762254901960784,-0.24249999999999972,43.825,-36492,31197.666666666668,-2786.6666666666665,-49210,579026,BULLISH_CONTINUE,f,f,NEUTRAL,NEUTRAL_PREDICT,-21375,-96375,598500,112496.26
2025-12-17 14:32:00,NSE,25902.4,25900,2025-12-23,2025-12-30,2026-01-06,2026-01-13,2026-01-20,17809370,8945865,-37500,-58875,365250,233250,10.272499999999999,9.8875,2025-12-20 01:22:43,0.5023122659588745,0.6386036960985626,-21375,-1.57,26755235,-96375,598500,0.9625212947189097,-0.3849999999999998,0,-36297,43475,-3099.8333333333335,-48963,748478,BULLISH_CONTINUE,t,f,BULLISH,NEUTRAL_PREDICT,-198600,66450,665465,112504.87
2025-12-17 14:29:00,NSE,25902.4,25900,2025-12-23,2025-12-30,2026-01-06,2026-01-13,2026-01-20,17846870,9004740,132525,-66075,332625,332840,10.4125,9.692499999999999,2025-12-20 01:22:40,0.5045557008035583,1.0006463735437805,-198600,-0.4985851726089417,26851610,66450,665465,0.9308523409363745,-0.7200000000000006,0,19344,46798.333333333336,10098.166666666666,-40842,740362,BULLISH_CONTINUE,f,f,STRONG_BULLISH,NEUTRAL_PREDICT,-325,325,743015,131848.15
2025-12-17 14:27:00,NSE,25902.4,25900,2025-12-23,2025-12-30,2026-01-06,2026-01-13,2026-01-20,17714345,9070815,325,0,343610,399405,10.245,9.885,2025-12-20 01:22:37,0.5120604233461638,1.1623788597537907,-325,0,26785160,325,743015,0.9648609077598829,-0.35999999999999943,48.375,89563,65720.66666666667,16713.833333333332,-68533,914143,BULLISH_TURN,t,f,NEUTRAL,NEUTRAL_PREDICT,39075,-215475,458265,125858.54
2025-12-17 14:26:00,NSE,25902.4,25900,2025-12-23,2025-12-30,2026-01-06,2026-01-13,2026-01-20,17714020,9070815,-127275,-88200,251830,206435,10.3625,9.8425,2025-12-20 01:22:36,0.5120698181440464,0.8197395068101497,39075,-0.6929876252209782,26784835,-215475,458265,0.9498190591073581,-0.5200000000000014,100,89641,65785.66666666667,16729,-68299,953899,BEARISH_TURN,t,f,BEARISH,NEUTRAL_PREDICT,-260,260,1277145,125856.45
2025-12-17 14:24:00,NSE,25902.4,25900,2025-12-23,2025-12-30,2026-01-06,2026-01-13,2026-01-20,17841295,9159015,260,0,709825,567320,10.330000000000002,9.865,2025-12-20 01:22:34,0.5133604371207359,0.7992392491106963,-260,0,27000310,260,1277145,0.9549854791868343,-0.46500000000000163,48.7,95011,64735.666666666664,20539,-32179,1022387,BULLISH_TURN,t,t,NEUTRAL,BULLISH_PREDICT,256830,-55770,557920,128263.31
2025-12-17 14:23:00,NSE,25902.4,25900,2025-12-23,2025-12-30,2026-01-06,2026-01-13,2026-01-20,17841035,9159015,-156300,100530,318975,238945,10.245000000000001,9.94,2025-12-20 01:22:33,0.5133679183971109,0.749102594247198,256830,0.6431861804222648,27000050,-55770,557920,0.9702293801854561,-0.3050000000000015,100,95024,64748.666666666664,20534.666666666668,-32192,977822,BEARISH_CONTINUE,f,f,STRONG_BEARISH,NEUTRAL_PREDICT,152495,-72005,1534370,128264.04
2025-12-17 14:20:00,NSE,25902.4,25900,2025-12-23,2025-12-30,2026-01-06,2026-01-13,2026-01-20,17997335,9058485,-112250,40245,988570,545800,10.0775,10.125,2025-12-20 01:22:29,0.5033236865347008,0.5521106244373185,152495,0.35853006681514477,27055820,-72005,1534370,1.004713470602828,0.04749999999999943,100,43541,39142.666666666664,12448.5,-21129,998636,BEARISH_CONTINUE,t,f,STRONG_BEARISH,NEUTRAL_PREDICT,65,1495,941795,120249.84
2025-12-17 14:18:00,NSE,25902.4,25900,2025-12-23,2025-12-30,2026-01-06,2026-01-13,2026-01-20,18109585,9018240,715,780,596010,345785,10.004999999999999,10.195,2025-12-20 01:22:27,0.4979815937250909,0.5801664401604,65,1.0909090909090908,27127825,1495,941795,1.0189905047476264,0.19000000000000128,50.325,23317,25764.666666666668,7790.333333333333,-16283,874250,BEARISH_CONTINUE,t,f,NEUTRAL,NEUTRAL_PREDICT,65925,-34875,800705,117308.44
2025-12-17 14:17:00,NSE,25902.4,25900,2025-12-23,2025-12-30,2026-01-06,2026-01-13,2026-01-20,18108870,9017460,-50400,15525,529630,271075,10.155,10.075,2025-12-20 01:22:25,0.497958182923617,0.5118195721541453,65925,0.3080357142857143,27126330,-34875,800705,0.9921221073362876,-0.08000000000000007,100,47297,21270.666666666668,5195,-40005,798329,BEARISH_TURN,t,f,STRONG_BEARISH,NEUTRAL_PREDICT,-195,195,1054320,118341.98
2025-12-17 14:16:00,NSE,25902.4,25900,2025-12-23,2025-12-30,2026-01-06,2026-01-13,2026-01-20,18159270,9001935,195,0,659860,394460,10.250000000000002,9.92,2025-12-20 01:22:24,0.49572119363829054,0.597793471342406,-195,0,27161205,195,1054320,0.9678048780487803,-0.33000000000000185,49.025,35074,16793.333333333332,3047.3333333333335,-32068,731109,BULLISH_CONTINUE,t,f,NEUTRAL,NEUTRAL_PREDICT,-585,-455,661990,117785.18
2025-12-17 14:15:00,NSE,25902.4,25900,2025-12-23,2025-12-30,2026-01-06,2026-01-13,2026-01-20,18159075,9001935,65,-520,430640,231350,10.52,9.635,2025-12-20 01:22:23,0.49572651690683583,0.53722366710013,-585,-8,27161010,-455,661990,0.9158745247148289,-0.8849999999999998,47.075,71698,10321.333333333334,79,-51982,610581,BULLISH_TURN,f,f,NEUTRAL,NEUTRAL_PREDICT,51375,-47775,912440,118985.68
2025-12-17 14:14:00,NSE,25902.4,25900,2025-12-23,2025-12-30,2026-01-06,2026-01-13,2026-01-20,18159010,9002455,-49575,1800,576150,336290,10.459999999999999,9.727500000000001,2025-12-20 01:22:22,0.49575692727742315,0.5836848043044346,51375,0.036308623298033284,27161465,-47775,912440,0.9299713193116637,-0.7324999999999982,100,77510,-4404.333333333333,92,-64646,625984,BEARISH_CONTINUE,f,f,STRONG_BEARISH,NEUTRAL_PREDICT,119965,-117115,562190,118985.62
2025-12-17 14:11:00,NSE,25902.4,25900,2025-12-23,2025-12-30,2026-01-06,2026-01-13,2026-01-20,18208585,9000655,-118540,1425,305040,257150,10.530000000000001,9.7075,2025-12-20 01:22:18,0.49430831665393,0.843004196170994,119965,0.012021258646870255,27209240,-117115,562190,0.9218898385565051,-0.8225000000000016,100,84282,-27995.666666666668,-1881.1666666666667,-68318,551111,BEARISH_CONTINUE,t,f,STRONG_BEARISH,NEUTRAL_PREDICT,4810,4810,464605,118596.04
2025-12-17 14:10:00,NSE,25902.4,25900,2025-12-23,2025-12-30,2026-01-06,2026-01-13,2026-01-20,18327125,8999230,0,4810,250425,214180,10.5175,9.7425,2025-12-20 01:22:17,0.4910333726648342,0.8552660477188779,4810,,27326355,4810,464605,0.9263132873781792,-0.7750000000000004,74.05,60419,-35997.666666666664,1342.8333333333333,-45103,579196,BEARISH_CONTINUE,t,f,NEUTRAL,NEUTRAL_PREDICT,182925,-99375,451680,123246.11
2025-12-17 14:08:00,NSE,25902.4,25900,2025-12-23,2025-12-30,2026-01-06,2026-01-13,2026-01-20,18327125,8994420,-141150,41775,289605,162075,10.514999999999999,9.72,2025-12-20 01:22:15,0.4907709201525062,0.5596415807738127,182925,0.29596174282678,27321545,-99375,451680,0.9243937232524966,-0.7949999999999982,100,64122,-36771,1180.3333333333333,-60630,652053,BEARISH_CONTINUE,f,f,STRONG_BEARISH,NEUTRAL_PREDICT,28475,-63775,739005,123244.59
2025-12-17 14:05:00,NSE,25902.4,25900,2025-12-23,2025-12-30,2026-01-06,2026-01-13,2026-01-20,18468275,8952645,-46125,-17650,448845,290160,10.55,9.6875,2025-12-20 01:22:12,0.4847580513069033,0.6464592453965178,28475,-0.3826558265582656,27420920,-63775,739005,0.9182464454976302,-0.8625000000000007,100,27524,-49674.666666666664,-3789.3333333333335,-40768,708055,BEARISH_CONTINUE,f,f,BEARISH,NEUTRAL_PREDICT,85235,-66135,538075,118580.97
2025-12-17 14:02:00,NSE,25902.4,25900,2025-12-23,2025-12-30,2026-01-06,2026-01-13,2026-01-20,18514400,8970295,-75685,9550,314800,223275,10.4825,9.8275,2025-12-20 01:22:08,0.4845036836192369,0.7092598475222364,85235,0.12618088128427032,27484695,-66135,538075,0.9375149057953733,-0.6549999999999994,100,-3623,-26602,-9057.166666666666,-35831,773602,BEARISH_CONTINUE,f,f,STRONG_BEARISH,NEUTRAL_PREDICT,650,-1040,702615,120591.46
2025-12-17 14:00:00,NSE,25902.4,25900,2025-12-23,2025-12-30,2026-01-06,2026-01-13,2026-01-20,18590085,8960745,-845,-195,470315,232300,10.465,9.8275,2025-12-20 01:22:06,0.48201743025919463,0.49392428478785494,650,-0.23076923076923078,27550830,-1040,702615,0.9390826564739609,-0.6374999999999993,53.25,-30305,-32293,-14378.333333333334,-3263,763342,BEARISH_CONTINUE,f,f,NEUTRAL,NEUTRAL_PREDICT,23325,-72825,828890,119806.73
2025-12-17 13:59:00,NSE,25902.4,25900,2025-12-23,2025-12-30,2026-01-06,2026-01-13,2026-01-20,18590930,8960940,-48075,-24750,504975,323915,10.435,9.834999999999999,2025-12-20 01:22:04,0.48200601045778774,0.6414475964156642,23325,-0.514820592823713,27551870,-72825,828890,0.9425011978917105,-0.6000000000000014,100,-43904,-32327.666666666668,-14421.666666666666,8718,683744,BEARISH_TURN,f,f,BEARISH,NEUTRAL_PREDICT,-65,-65,731690,119801.34
2025-12-17 13:57:00,NSE,25902.4,25900,2025-12-23,2025-12-30,2026-01-06,2026-01-13,2026-01-20,18639005,8985690,0,-65,405275,326415,10.517499999999998,9.8425,2025-12-20 01:22:02,0.4820906480791223,0.8054160755042872,-65,,27624695,-65,731690,0.9358212502971239,-0.6749999999999989,49.675,-48816,-23657.666666666668,-13475,23452,618059,BULLISH_CONTINUE,f,f,NEUTRAL,NEUTRAL_PREDICT,-127260,-39090,1066740,120221.37
2025-12-17 13:56:00,NSE,25902.4,25900,2025-12-23,2025-12-30,2026-01-06,2026-01-13,2026-01-20,18639005,8985755,44085,-83175,558025,508715,10.552499999999998,9.827499999999999,2025-12-20 01:22:01,0.48209413538973783,0.9116347833878411,-127260,-1.8866961551548145,27624760,-39090,1066740,0.9312959014451552,-0.7249999999999996,0,-68258,-23679.333333333332,-10213.833333333334,53150,563378,BULLISH_CONTINUE,t,t,STRONG_BULLISH,BULLISH_PREDICT,-48175,96705,486775,121912.74
2025-12-17 13:53:00,NSE,25902.4,25900,2025-12-23,2025-12-30,2026-01-06,2026-01-13,2026-01-20,18594920,9068930,72440,24265,266390,220385,10.43,9.855,2025-12-20 01:21:58,0.48771008425957196,0.8273020759037502,-48175,0.33496686913307566,27663850,96705,486775,0.9448705656759349,-0.5749999999999993,0,-87100,-14245.666666666666,-4909.333333333333,57412,480368,BULLISH_CONTINUE,f,f,BULLISH,NEUTRAL_PREDICT,-67345,58865,304625,120092.82
2025-12-17 13:50:00,NSE,25902.4,25900,2025-12-23,2025-12-30,2026-01-06,2026-01-13,2026-01-20,18522480,9044665,63105,-4240,178565,126060,10.485,9.865,2025-12-20 01:21:54,0.48830745127002434,0.705961414610926,-67345,-0.06718960462720862,27567145,58865,304625,0.9408679065331427,-0.6199999999999992,0,-137964,-10184,-3299.1666666666665,62292,525133,BULLISH_CONTINUE,f,f,STRONG_BULLISH,NEUTRAL_PREDICT,-1235,845,500465,119816.23
2025-12-17 13:48:00,NSE,25902.4,25900,2025-12-23,2025-12-30,2026-01-06,2026-01-13,2026-01-20,18459375,9048905,1040,-195,298025,202440,10.435,9.89,2025-12-20 01:21:52,0.4902064669036736,0.6792718731650029,-1235,-0.1875,27508280,845,500465,0.9477719214183038,-0.5449999999999999,43.825,-124508,-10880.666666666666,-1951.8333333333333,50532,551847,BULLISH_CONTINUE,f,f,NEUTRAL,NEUTRAL_PREDICT,-97275,148425,458285,119297.34
2025-12-17 13:47:00,NSE,25902.4,25900,2025-12-23,2025-12-30,2026-01-06,2026-01-13,2026-01-20,18458335,9049100,122850,25575,285420,172865,10.4475,9.925,2025-12-20 01:21:51,0.49024465099371095,0.6056513208604863,-97275,0.2081807081807082,27507435,148425,458285,0.9499880354151712,-0.5224999999999991,0,-125619,-10698.666666666666,-4505.5,49485,568630,BULLISH_CONTINUE,t,f,STRONG_BULLISH,NEUTRAL_PREDICT,-221470,-17780,651690,120098.73
2025-12-17 13:44:00,NSE,25902.4,25900,2025-12-23,2025-12-30,2026-01-06,2026-01-13,2026-01-20,18335485,9023525,101845,-119625,326360,325330,10.59,9.825,2025-12-20 01:21:48,0.49213451403112596,0.9968439759774482,-221470,-1.17457901713388,27359010,-17780,651690,0.9277620396600565,-0.7650000000000006,0,-108290,-10163.333333333334,-1258.6666666666667,16384,585625,BULLISH_CONTINUE,t,f,STRONG_BULLISH,NEUTRAL_PREDICT,-302495,121105,710600,118814.04
2025-12-17 13:41:00,NSE,25902.4,25900,2025-12-23,2025-12-30,2026-01-06,2026-01-13,2026-01-20,18233640,9143150,211800,-90695,399710,310890,10.520000000000001,9.95,2025-12-20 01:21:45,0.5014440342136841,0.777788896950289,-302495,-0.4282105760151086,27376790,121105,710600,0.9458174904942964,-0.5700000000000021,0,10917,4588.333333333333,1368.3333333333333,-1071,543689,BULLISH_CONTINUE,f,f,STRONG_BULLISH,NEUTRAL_PREDICT,-65,65,438195,114572.78
2025-12-17 13:40:00,NSE,25902.4,25900,2025-12-23,2025-12-30,2026-01-06,2026-01-13,2026-01-20,18021840,9233845,65,0,253940,184255,10.5025,9.95,2025-12-20 01:21:43,0.5123697136363434,0.7255847838071986,-65,0,27255685,65,438195,0.9473934777433944,-0.5525000000000002,49.675,71390,24233.333333333332,5847.166666666667,-25318,607157,BULLISH_CONTINUE,t,f,NEUTRAL,NEUTRAL_PREDICT,-6790,-4390,584380,104465.10
2025-12-17 13:38:00,NSE,25902.4,25900,2025-12-23,2025-12-30,2026-01-06,2026-01-13,2026-01-20,18021775,9233845,1200,-5590,269990,314390,10.5425,9.912500000000001,2025-12-20 01:21:41,0.5123715616247567,1.1644505352050076,-6790,-4.658333333333333,27255620,-4390,584380,0.9402418781124022,-0.629999999999999,16.049999999999997,71429,38683.333333333336,3220.5,-25305,708424,BULLISH_CONTINUE,f,f,NEUTRAL,NEUTRAL_PREDICT,-10630,-17080,543260,105603.35
2025-12-17 13:35:00,NSE,25902.4,25900,2025-12-23,2025-12-30,2026-01-06,2026-01-13,2026-01-20,18020575,9239435,-3225,-13855,277330,265930,10.489999999999998,9.9025,2025-12-20 01:21:38,0.5127158817074372,0.9588937367035661,-10630,-4.296124031007752,27260010,-17080,543260,0.943994280266921,-0.5874999999999986,0,103462,39131.666666666664,3785.8333333333335,-84652,772448,BULLISH_TURN,f,f,NEUTRAL,NEUTRAL_PREDICT,374565,-105055,442010,105593.31
2025-12-17 13:32:00,NSE,25902.4,25900,2025-12-23,2025-12-30,2026-01-06,2026-01-13,2026-01-20,18023800,9253290,-239810,134755,234290,207720,10.504999999999999,9.897499999999999,2025-12-20 01:21:34,0.5133928472353222,0.8865935379230868,374565,0.5619240231850214,27277090,-105055,442010,0.9421703950499762,-0.6074999999999999,100,105510,42096,-759.6666666666666,-81158,816364,BEARISH_TURN,f,f,STRONG_BEARISH,NEUTRAL_PREDICT,-130,-130,1027940,109111.72
2025-12-17 13:31:00,NSE,25902.4,25900,2025-12-23,2025-12-30,2026-01-06,2026-01-13,2026-01-20,18263610,9118535,0,-130,523875,504065,10.48,9.9225,2025-12-20 01:21:33,0.49927341856292373,0.9621856358864233,-130,,27382145,-130,1027940,0.9468034351145037,-0.557500000000001,49.35,33446,8487.666666666666,-13471,-78688,907635,BULLISH_TURN,t,f,NEUTRAL,NEUTRAL_PREDICT,130,130,944530,82957.38
2025-12-17 13:30:00,NSE,25902.4,25900,2025-12-23,2025-12-30,2026-01-06,2026-01-13,2026-01-20,18263610,9118665,0,130,484650,459880,10.3475,10.017499999999998,2025-12-20 01:21:32,0.49928053654233745,0.9488909522335707,130,,27382275,130,944530,0.9681082387050011,-0.33000000000000185,50.65,36022,3536.3333333333335,-16255,-98658,775732,BEARISH_CONTINUE,t,f,NEUTRAL,NEUTRAL_PREDICT,153375,-301125,904500,83890.42
2025-12-17 13:29:00,NSE,25902.4,25900,2025-12-23,2025-12-30,2026-01-06,2026-01-13,2026-01-20,18263610,9118535,-227250,-73875,510675,393825,10.2675,10.055,2025-12-20 01:21:31,0.49927341856292373,0.7711851960640329,153375,-0.3250825082508251,27382145,-301125,904500,0.9793036279522765,-0.21250000000000036,100,20437,3484.3333333333335,-16248.5,-107389,688722,BEARISH_TURN,t,f,STRONG_BEARISH,NEUTRAL_PREDICT,-390,390,762840,83891.74
2025-12-17 13:27:00,NSE,25902.4,25900,2025-12-23,2025-12-30,2026-01-06,2026-01-13,2026-01-20,18490860,9192410,390,0,492175,270665,10.115,10.1475,2025-12-20 01:21:29,0.4971326374219479,0.5499365063239702,-390,0,27683270,390,762840,1.0032130499258527,0.03250000000000064,48.05,-9939,-3292.3333333333335,-21986.333333333332,-47463,570182,BULLISH_TURN,t,f,NEUTRAL,NEUTRAL_PREDICT,14245,-92705,898365,77536.06
2025-12-17 13:26:00,NSE,25902.4,25900,2025-12-23,2025-12-30,2026-01-06,2026-01-13,2026-01-20,18490470,9192410,-53475,-39230,595500,302865,10.1775,10.13,2025-12-20 01:21:28,0.49714312291683227,0.5085894206549119,14245,-0.7336138382421692,27682880,-92705,898365,0.9953328420535495,-0.04749999999999943,100,-27710,3251.6666666666665,-22510.833333333332,-35030,466246,BEARISH_CONTINUE,f,t,NEUTRAL,BEARISH_PREDICT,12750,-99980,368425,77438.09
2025-12-17 13:23:00,NSE,25902.4,25900,2025-12-23,2025-12-30,2026-01-06,2026-01-13,2026-01-20,18543945,9231640,-56365,-43615,252205,116220,10.4625,9.9125,2025-12-20 01:21:24,0.4978250312972779,0.46081560635197555,12750,-0.7737957952630178,27775585,-99980,368425,0.9474313022700119,-0.5500000000000007,100,-30598,4427,-23017.833333333332,-16528,357380,BEARISH_TURN,f,f,NEUTRAL,NEUTRAL_PREDICT,-77795,-43525,509480,77238.68
2025-12-17 13:20:00,NSE,25902.4,25900,2025-12-23,2025-12-30,2026-01-06,2026-01-13,2026-01-20,18600310,9275255,17135,-60660,300785,208695,10.427499999999998,9.93,2025-12-20 01:21:20,0.49866131263403674,0.693834466479379,-77795,-3.540122556171579,27875565,-43525,509480,0.9522896187964518,-0.4974999999999987,0,-34712,3585.6666666666665,-29110.333333333332,-11884,353460,BULLISH_TURN,f,f,STRONG_BULLISH,NEUTRAL_PREDICT,1495,-1495,311800,81415.67
2025-12-17 13:18:00,NSE,25902.4,25900,2025-12-23,2025-12-30,2026-01-06,2026-01-13,2026-01-20,18583175,9335915,-1495,0,165515,146285,10.5025,9.82,2025-12-20 01:21:18,0.5023853566465365,0.8838171766909344,1495,0,27919090,-1495,311800,0.9350154725065462,-0.6824999999999992,57.475,24184,6977,-26525.833333333332,-10936,376868,BEARISH_TURN,t,f,NEUTRAL,NEUTRAL_PREDICT,-89245,62555,243160,81046.72
2025-12-17 13:17:00,NSE,25902.4,25900,2025-12-23,2025-12-30,2026-01-06,2026-01-13,2026-01-20,18584670,9335915,75900,-13345,168870,74290,10.545,9.795000000000002,2025-12-20 01:21:17,0.5023449434399427,0.43992420204891336,-89245,-0.17582345191040843,27920585,62555,243160,0.9288762446657185,-0.7499999999999982,0,23872,1687.6666666666667,-26582.166666666668,-10598,407063,BULLISH_CONTINUE,t,f,STRONG_BULLISH,NEUTRAL_PREDICT,-195,-195,354035,81027.16
2025-12-17 13:16:00,NSE,25902.4,25900,2025-12-23,2025-12-30,2026-01-06,2026-01-13,2026-01-20,18508770,9349260,0,-195,206860,147175,10.467500000000001,9.8925,2025-12-20 01:21:16,0.5051259484017576,0.7114715266363725,-195,,27858030,-195,354035,0.9450680678289944,-0.5750000000000011,49.025,48488,7646,-30097.333333333332,-35482,438553,BULLISH_CONTINUE,f,f,NEUTRAL,NEUTRAL_PREDICT,-7820,-76760,348825,85975.72
2025-12-17 13:14:00,NSE,25902.4,25900,2025-12-23,2025-12-30,2026-01-06,2026-01-13,2026-01-20,18508770,9349455,-34470,-42290,134435,214390,10.462499999999999,9.922500000000001,2025-12-20 01:21:14,0.5051364839478798,1.594748391415926,-7820,-1.2268639396576733,27858225,-76760,348825,0.9483870967741937,-0.5399999999999974,10.899999999999999,22615,-1851.6666666666667,-30114.666666666668,-39421,512713,BULLISH_TURN,f,f,NEUTRAL,NEUTRAL_PREDICT,216685,-38785,626520,85969.54
2025-12-17 13:11:00,NSE,25902.4,25900,2025-12-23,2025-12-30,2026-01-06,2026-01-13,2026-01-20,18543240,9391745,-127735,88950,343995,282525,10.4725,9.934999999999999,2025-12-20 01:21:10,0.5064781019929635,0.8213055422317185,216685,0.6963635651935648,27934985,-38785,626520,0.9486751014561947,-0.5375000000000014,100,9299,-12539,-29856.166666666668,-25393,555293,BEARISH_TURN,t,f,STRONG_BEARISH,NEUTRAL_PREDICT,-65,195,462775,86050.51
2025-12-17 13:09:00,NSE,25902.4,25900,2025-12-23,2025-12-30,2026-01-06,2026-01-13,2026-01-20,18670975,9302795,130,65,299970,162805,10.465,9.91,2025-12-20 01:21:08,0.498249020203819,0.5427376070940427,-65,0.5,27973770,195,462775,0.94696607740086,-0.5549999999999997,49.675,-34168,-32242.333333333332,-36786.5,-17766,533005,BULLISH_TURN,t,f,NEUTRAL,NEUTRAL_PREDICT,33835,-61865,400610,72873.28
2025-12-17 13:08:00,NSE,25902.4,25900,2025-12-23,2025-12-30,2026-01-06,2026-01-13,2026-01-20,18670845,9302730,-47850,-14015,246515,154095,10.3875,9.9975,2025-12-20 01:21:07,0.4982490080122244,0.6250938076790459,33835,-0.2928944618599791,27973575,-61865,400610,0.9624548736462095,-0.3899999999999988,100,-23810,-31560,-36780,1670,496720,BEARISH_TURN,f,f,BEARISH,NEUTRAL_PREDICT,-129560,-19890,724835,72876.68
2025-12-17 13:05:00,NSE,25902.4,25900,2025-12-23,2025-12-30,2026-01-06,2026-01-13,2026-01-20,18718695,9316745,54835,-74725,404005,320830,10.31,10.15,2025-12-20 01:21:03,0.4977240667685434,0.7941238351010508,-129560,-1.362724537248108,28035440,-19890,724835,0.9844810863239573,-0.16000000000000014,0,-11023,-43615.333333333336,-46265.333333333336,8475,624396,BULLISH_CONTINUE,f,f,STRONG_BULLISH,NEUTRAL_PREDICT,-74400,-6620,561725,81390.11
2025-12-17 13:02:00,NSE,25902.4,25900,2025-12-23,2025-12-30,2026-01-06,2026-01-13,2026-01-20,18663860,9391470,33890,-40510,294505,267220,10.515,9.945,2025-12-20 01:21:00,0.5031901225148495,0.9073530160778255,-74400,-1.195337857775155,28055330,-6620,561725,0.9457917261055635,-0.5700000000000003,0,21264,-35429.666666666664,-41979.166666666664,-10846,596338,BULLISH_CONTINUE,f,f,STRONG_BULLISH,NEUTRAL_PREDICT,-650,-650,515080,80229.89
2025-12-17 13:00:00,NSE,25902.4,25900,2025-12-23,2025-12-30,2026-01-06,2026-01-13,2026-01-20,18629970,9431980,0,-650,309740,205340,10.6275,9.8575,2025-12-20 01:20:57,0.5062799349650053,0.6629431135791309,-650,,28061950,-650,515080,0.9275464596565515,-0.7699999999999996,46.75,36170,-36046.333333333336,-45704.166666666664,-9548,608877,BULLISH_TURN,t,f,NEUTRAL,NEUTRAL_PREDICT,51725,97375,281350,84279.10
2025-12-17 12:59:00,NSE,25902.4,25900,2025-12-23,2025-12-30,2026-01-06,2026-01-13,2026-01-20,18629970,9432630,22825,74550,133375,147975,10.6275,9.87,2025-12-20 01:20:56,0.5063148249836151,1.1094657919400188,51725,3.266155531215772,28062600,97375,281350,0.9287226534932956,-0.7575000000000003,100,30915,-35981.333333333336,-45762.666666666664,-2855,721225,BEARISH_CONTINUE,t,f,STRONG_BEARISH,NEUTRAL_PREDICT,97770,-27840,1038990,84247.36
2025-12-17 12:56:00,NSE,25902.4,25900,2025-12-23,2025-12-30,2026-01-06,2026-01-13,2026-01-20,18607145,9358080,-62805,34965,507535,531455,10.5925,9.8425,2025-12-20 01:20:51,0.5029293854591879,1.047129754598205,97770,0.5567231908287557,27965225,-27840,1038990,0.9291951852725985,-0.75,100,5001,-40680.333333333336,-55014.333333333336,-32811,777550,BEARISH_CONTINUE,f,f,STRONG_BEARISH,NEUTRAL_PREDICT,31875,-116495,584545,88314.03
2025-12-17 12:53:00,NSE,25902.4,25900,2025-12-23,2025-12-30,2026-01-06,2026-01-13,2026-01-20,18669950,9323115,-74185,-42310,329475,255070,10.3325,10.170000000000002,2025-12-20 01:20:45,0.4993647545922726,0.7741710296684119,31875,-0.5703309294331739,27993065,-116495,584545,0.9842729252359064,-0.16249999999999787,100,-14527,-48273.333333333336,-58271.166666666664,-27269,681438,BEARISH_CONTINUE,f,f,BEARISH,NEUTRAL_PREDICT,130,-130,624420,84190.70
2025-12-17 12:51:00,NSE,25902.4,25900,2025-12-23,2025-12-30,2026-01-06,2026-01-13,2026-01-20,18744135,9365425,-130,0,382695,241725,10.3,10.195,2025-12-20 01:20:41,0.49964562248404637,0.631638772390546,130,0,28109560,-130,624420,0.9898058252427184,-0.10500000000000043,50.65,-49434,-50462.666666666664,-86923.33333333333,-672,702966,BEARISH_TURN,t,f,NEUTRAL,NEUTRAL_PREDICT,-26925,32815,1076820,162396.36
2025-12-17 12:50:00,NSE,25902.4,25900,2025-12-23,2025-12-30,2026-01-06,2026-01-13,2026-01-20,18744265,9365425,29870,2945,727415,349405,10.25,10.26,2025-12-20 01:20:38,0.4996421572144867,0.48033790889657213,-26925,0.09859390693003013,28109690,32815,1076820,1.0009756097560976,0.009999999999999787,0,-83086,-61806.333333333336,-86973.16666666667,5538,668020,BULLISH_CONTINUE,t,f,BULLISH,NEUTRAL_PREDICT,-77845,-52405,562975,162368.95
2025-12-17 12:47:00,NSE,25902.4,25900,2025-12-23,2025-12-30,2026-01-06,2026-01-13,2026-01-20,18714395,9362480,12720,-65125,322985,239990,10.445,10.08,2025-12-20 01:20:32,0.5002822693439997,0.7430376023654349,-77845,-5.119889937106918,28076875,-52405,562975,0.9650550502632839,-0.3650000000000002,0,-93474,-60028.666666666664,-96735.66666666667,8012,596597,BULLISH_TURN,f,f,STRONG_BULLISH,NEUTRAL_PREDICT,130,-130,558430,167361.88
2025-12-17 12:45:00,NSE,25902.4,25900,2025-12-23,2025-12-30,2026-01-06,2026-01-13,2026-01-20,18701675,9427605,-130,0,298305,260125,10.57,10.03,2025-12-20 01:20:28,0.5041048462236671,0.8720101909119861,130,0,28129280,-130,558430,0.9489120151371806,-0.5400000000000009,50.65,-75871,-54852,-94145.16666666667,22503,565303,BEARISH_TURN,t,f,NEUTRAL,NEUTRAL_PREDICT,-142660,16490,692185,168263.39
2025-12-17 12:44:00,NSE,25902.4,25900,2025-12-23,2025-12-30,2026-01-06,2026-01-13,2026-01-20,18701805,9427605,79575,-63085,398240,293945,10.530000000000001,10.07,2025-12-20 01:20:25,0.5041013420897074,0.738110184813178,-142660,-0.7927741124725102,28129410,16490,692185,0.9563152896486229,-0.46000000000000085,0,-105296,-67840.66666666667,-96664.5,23812,561798,BULLISH_CONTINUE,f,f,STRONG_BULLISH,NEUTRAL_PREDICT,-168130,30920,449690,167366.60
2025-12-17 12:41:00,NSE,25902.4,25900,2025-12-23,2025-12-30,2026-01-06,2026-01-13,2026-01-20,18622230,9490690,99525,-68605,233625,216065,10.592500000000001,10.0625,2025-12-20 01:20:19,0.5096430448984896,0.924836811128946,-168130,-0.6893242903793017,28112920,30920,449690,0.9499645975926362,-0.5300000000000011,0,-78119,-58377.666666666664,-91900.5,21219,565342,BULLISH_CONTINUE,f,f,STRONG_BULLISH,NEUTRAL_PREDICT,-78865,45185,719705,168044.91
2025-12-17 12:38:00,NSE,25902.4,25900,2025-12-23,2025-12-30,2026-01-06,2026-01-13,2026-01-20,18522705,9559295,62025,-16840,338240,381465,10.6025,10.0775,2025-12-20 01:20:13,0.5160852586055871,1.1277938741721854,-78865,-0.27150342603788796,28082000,45185,719705,0.9504833765621317,-0.5249999999999986,0,-61223,-47173.333333333336,-76448.66666666667,-22065,627451,BULLISH_TURN,f,f,STRONG_BULLISH,NEUTRAL_PREDICT,10170,20050,406505,181562.28
2025-12-17 12:35:00,NSE,25902.4,25900,2025-12-23,2025-12-30,2026-01-06,2026-01-13,2026-01-20,18460680,9576135,4940,15110,240560,165945,10.5975,10.035,2025-12-20 01:20:05,0.5187314335116583,0.6898279015630197,10170,3.0587044534412957,28036815,20050,406505,0.9469214437367304,-0.5625,100,-45385,-41330.666666666664,-73863.16666666667,-31037,779968,BEARISH_TURN,f,f,NEUTRAL,NEUTRAL_PREDICT,-146995,6415,540905,182078.23
2025-12-17 12:32:00,NSE,25902.4,25900,2025-12-23,2025-12-30,2026-01-06,2026-01-13,2026-01-20,18455740,9561025,76705,-70290,266090,274815,10.512500000000001,10.1175,2025-12-20 01:19:58,0.5180515655292066,1.032789657634635,-146995,-0.9163679030050192,28016765,6415,540905,0.962425683709869,-0.39500000000000135,0,-51171,-42000,-60854.666666666664,-31295,968961,BULLISH_CONTINUE,f,f,STRONG_BULLISH,NEUTRAL_PREDICT,-6775,3525,709905,201223.24
2025-12-17 12:29:00,NSE,25902.4,25900,2025-12-23,2025-12-30,2026-01-06,2026-01-13,2026-01-20,18379035,9631315,5150,-1625,404585,305320,10.605,10.067499999999999,2025-12-20 01:19:49,0.5240381227850102,0.7546498263652879,-6775,-0.3155339805825243,28010350,3525,709905,0.9493163602074491,-0.5375000000000014,16.125,-24997,-48915.333333333336,-55965.666666666664,-43273,998412,BULLISH_CONTINUE,t,f,NEUTRAL,NEUTRAL_PREDICT,-83650,-185500,760235,200839.58
2025-12-17 12:28:00,NSE,25902.4,25900,2025-12-23,2025-12-30,2026-01-06,2026-01-13,2026-01-20,18373885,9632940,-50925,-134575,357750,402485,10.567499999999999,10.125,2025-12-20 01:19:47,0.5242734457084063,1.1250454227812718,-83650,-2.642611683848797,28006825,-185500,760235,0.9581263307310149,-0.442499999999999,0,-23835,-48528.666666666664,-55765.833333333336,-41081,972980,BULLISH_TURN,t,f,STRONG_BULLISH,NEUTRAL_PREDICT,325,325,1482290,200893.19
2025-12-17 12:27:00,NSE,25902.4,25900,2025-12-23,2025-12-30,2026-01-06,2026-01-13,2026-01-20,18424810,9767515,0,325,724045,758245,10.512500000000001,10.185,2025-12-20 01:19:45,0.5301283975248592,1.0472346332064997,325,,28192325,325,1482290,0.96884661117717,-0.32750000000000057,51.625,-41110,-55362,-51474.166666666664,-1836,892141,BEARISH_TURN,f,f,NEUTRAL,NEUTRAL_PREDICT,-18760,18760,1351470,201650.77
2025-12-17 12:26:00,NSE,25902.4,25900,2025-12-23,2025-12-30,2026-01-06,2026-01-13,2026-01-20,18424810,9767190,18760,0,515295,836175,10.547500000000001,10.105,2025-12-20 01:19:42,0.5301107582656212,1.622711262480715,-18760,0,28192000,18760,1351470,0.9580469305522635,-0.4425000000000008,0,-41227,-55544,-51461.166666666664,-1953,693088,BULLISH_CONTINUE,t,f,NEUTRAL,NEUTRAL_PREDICT,-16125,-53475,688160,201654.24
2025-12-17 12:25:00,NSE,25902.4,25900,2025-12-23,2025-12-30,2026-01-06,2026-01-13,2026-01-20,18406050,9767190,-18675,-34800,354720,333440,10.552499999999998,10.145,2025-12-20 01:19:39,0.5306510631015345,0.9400090211998195,-16125,-1.8634538152610443,28173240,-53475,688160,0.9613835583984839,-0.40749999999999886,0,-37514,-69348.33333333333,-41899.833333333336,-5640,520648,BULLISH_CONTINUE,t,f,NEUTRAL,NEUTRAL_PREDICT,-965,14485,582745,209890.21
2025-12-17 12:23:00,NSE,25902.4,25900,2025-12-23,2025-12-30,2026-01-06,2026-01-13,2026-01-20,18424725,9801990,7725,6760,376705,206040,10.469999999999999,10.1875,2025-12-20 01:19:35,0.5320019701786594,0.5469531861801675,-965,0.8750809061488674,28226715,14485,582745,0.9730181470869151,-0.28249999999999886,45.175,-73229,-68269,-41355.833333333336,-2265,482405,BULLISH_CONTINUE,f,f,NEUTRAL,NEUTRAL_PREDICT,-170025,10725,356040,209980.45
2025-12-17 12:22:00,NSE,25902.4,25900,2025-12-23,2025-12-30,2026-01-06,2026-01-13,2026-01-20,18417000,9795230,90375,-79650,224765,131275,10.465,10.209999999999999,2025-12-20 01:19:33,0.531858065917359,0.5840544568771828,-170025,-0.8813278008298755,28212230,10725,356040,0.9756330625895843,-0.2550000000000008,0,-73179,-123384,-41308.5,-5305,447894,BULLISH_CONTINUE,t,f,STRONG_BULLISH,NEUTRAL_PREDICT,-260,-260,487025,209990.03
2025-12-17 12:21:00,NSE,25902.4,25900,2025-12-23,2025-12-30,2026-01-06,2026-01-13,2026-01-20,18326625,9874880,0,-260,332275,154750,10.485000000000001,10.2025,2025-12-20 01:19:30,0.5388269798721805,0.4657286885862614,-260,,28201505,-260,487025,0.9730567477348593,-0.28250000000000064,48.7,-39187,-112140,-33323.5,-7437,492527,BULLISH_CONTINUE,t,f,NEUTRAL,NEUTRAL_PREDICT,-195,325,489270,209480.63
2025-12-17 12:20:00,NSE,25902.4,25900,2025-12-23,2025-12-30,2026-01-06,2026-01-13,2026-01-20,18326625,9875140,260,65,271790,217480,10.440000000000001,10.145000000000001,2025-12-20 01:19:28,0.5388411668815181,0.800176606939181,-195,0.25,28201765,325,489270,0.9717432950191571,-0.29499999999999993,49.025,-37380,-133442.66666666666,-33306.166666666664,45460,461479,BULLISH_CONTINUE,t,f,NEUTRAL,NEUTRAL_PREDICT,-194700,-36600,496945,209483.48
2025-12-17 12:19:00,NSE,25902.4,25900,2025-12-23,2025-12-30,2026-01-06,2026-01-13,2026-01-20,18326365,9875075,79050,-115650,272530,224415,10.379999999999999,10.135,2025-12-20 01:19:26,0.5388452647319859,0.8234506292885186,-194700,-1.462998102466793,28201440,-36600,496945,0.9763969171483623,-0.24499999999999922,0,-37315,-133438.33333333334,-37183.166666666664,45473,521802,BULLISH_CONTINUE,f,f,STRONG_BULLISH,NEUTRAL_PREDICT,-715,-715,410190,209925.38
2025-12-17 12:18:00,NSE,25902.4,25900,2025-12-23,2025-12-30,2026-01-06,2026-01-13,2026-01-20,18247315,9990725,0,-715,242100,168090,10.5375,9.962499999999999,2025-12-20 01:19:24,0.5475175388817478,0.6942998760842627,-715,,28238040,-715,410190,0.945432977461447,-0.5750000000000011,46.425,-48520,-125488.33333333333,-30576,70148,604520,BULLISH_CONTINUE,t,f,NEUTRAL,NEUTRAL_PREDICT,-65,65,579205,207906.35
2025-12-17 12:17:00,NSE,25902.4,25900,2025-12-23,2025-12-30,2026-01-06,2026-01-13,2026-01-20,18247315,9991440,65,0,268855,310350,10.555,10.0125,2025-12-20 01:19:21,0.547556722728796,1.1543396998382027,-65,0,28238755,65,579205,0.9486025580293699,-0.5425000000000004,49.675,-48572,-125423.33333333333,-38067.166666666664,70174,720610,BULLISH_TURN,f,f,NEUTRAL,NEUTRAL_PREDICT,8775,264225,331785,210821.64
2025-12-17 12:16:00,NSE,25902.4,25900,2025-12-23,2025-12-30,2026-01-06,2026-01-13,2026-01-20,18247250,9991440,127725,136500,160425,171360,10.585,9.959999999999999,2025-12-20 01:19:19,0.5475586732247325,1.0681626928471248,8775,1.0687022900763359,28238690,264225,331785,0.9409541804440243,-0.6250000000000018,93.875,-85789,-105724,-38071.5,90831,792181,BEARISH_CONTINUE,f,f,NEUTRAL,NEUTRAL_PREDICT,130,390,790885,210820.83
2025-12-17 12:14:00,NSE,25902.4,25900,2025-12-23,2025-12-30,2026-01-06,2026-01-13,2026-01-20,18119525,9854940,130,260,333935,456950,10.632499999999999,9.95,2025-12-20 01:19:15,0.5438851184012826,1.3683800739664904,130,2,27974465,390,790885,0.9358100164589702,-0.6824999999999992,50.65,-88025,-106395.66666666667,-47892.5,37687,888507,BEARISH_TURN,f,f,NEUTRAL,NEUTRAL_PREDICT,-250725,86775,910535,215376.64
2025-12-17 12:13:00,NSE,25902.4,25900,2025-12-23,2025-12-30,2026-01-06,2026-01-13,2026-01-20,18119395,9854680,168750,-81975,431850,478685,10.505,10.0425,2025-12-20 01:19:13,0.5438746713121492,1.1084520087993517,-250725,-0.48577777777777775,27974075,86775,910535,0.955973346025702,-0.46250000000000036,0,-133216,-79709.33333333333,-64214.833333333336,66724,889646,BULLISH_CONTINUE,t,f,STRONG_BULLISH,NEUTRAL_PREDICT,-975,-585,990640,229690.91
2025-12-17 12:11:00,NSE,25902.4,25900,2025-12-23,2025-12-30,2026-01-06,2026-01-13,2026-01-20,17950645,9936655,195,-780,513580,477060,10.4475,10.1025,2025-12-20 01:19:08,0.5535542037625946,0.9288913119669769,-975,-4,27887300,-585,990640,0.9669777458722182,-0.34500000000000064,45.125,-83058,-63016,-55870.333333333336,49356,966666,BULLISH_CONTINUE,t,f,NEUTRAL,NEUTRAL_PREDICT,-186150,103350,937060,227215.39
2025-12-17 12:10:00,NSE,25902.4,25900,2025-12-23,2025-12-30,2026-01-06,2026-01-13,2026-01-20,17950450,9937435,144750,-41400,454665,482395,10.540000000000001,10.035,2025-12-20 01:19:06,0.553603670102978,1.0609899596406145,-186150,-0.2860103626943005,27887885,103350,937060,0.9520872865275142,-0.5050000000000008,0,-248401,-63003,-61970.833333333336,19595,999419,BULLISH_CONTINUE,t,f,STRONG_BULLISH,NEUTRAL_PREDICT,-2405,-1495,813415,228145.66
2025-12-17 12:08:00,NSE,25902.4,25900,2025-12-23,2025-12-30,2026-01-06,2026-01-13,2026-01-20,17805700,9978835,455,-1950,363440,449975,10.685,9.9725,2025-12-20 01:19:02,0.5604292445677508,1.2380998239049086,-2405,-4.285714285714286,27784535,-1495,813415,0.9333177351427234,-0.7125000000000004,37.975,-211444,-47586.333333333336,-55733.333333333336,-1062,1335285,BULLISH_CONTINUE,t,f,NEUTRAL,NEUTRAL_PREDICT,-225825,145575,796580,227189.53
2025-12-17 12:07:00,NSE,25902.4,25900,2025-12-23,2025-12-30,2026-01-06,2026-01-13,2026-01-20,17805245,9980785,185700,-40125,394300,402280,10.649999999999999,10.025,2025-12-20 01:18:59,0.5605530842176,1.0202383971595232,-225825,-0.21607431340872374,27786030,145575,796580,0.9413145539906105,-0.6249999999999982,0,-274923,-47378.333333333336,-54911.333333333336,20567,1529835,BULLISH_TURN,t,f,STRONG_BULLISH,NEUTRAL_PREDICT,65,-65,1295635,227433.61
2025-12-17 12:05:00,NSE,25902.4,25900,2025-12-23,2025-12-30,2026-01-06,2026-01-13,2026-01-20,17619545,10020910,-65,0,708145,587490,10.447499999999998,10.177499999999998,2025-12-20 01:18:55,0.5687382960229677,0.8296182279053019,65,0,27640455,-65,1295635,0.9741564967695622,-0.2699999999999996,50.325,-229784,-14451.333333333334,-47353.5,-8522,1671947,BEARISH_TURN,f,f,NEUTRAL,NEUTRAL_PREDICT,-827690,-149390,1154405,225315.59
2025-12-17 12:04:00,NSE,25902.4,25900,2025-12-23,2025-12-30,2026-01-06,2026-01-13,2026-01-20,17619610,10020910,339150,-488540,625470,528935,10.57,10.102500000000001,2025-12-20 01:18:53,0.5687361979067641,0.8456600636321486,-827690,-1.440483561845791,27640520,-149390,1154405,0.9557710501419111,-0.46749999999999936,0,-244887,-14442.666666666666,-37998.166666666664,-3169,1546072,BULLISH_CONTINUE,t,f,STRONG_BULLISH,NEUTRAL_PREDICT,-1365,65,2616390,233046.36
2025-12-17 12:02:00,NSE,25902.4,25900,2025-12-23,2025-12-30,2026-01-06,2026-01-13,2026-01-20,17280460,10509450,715,-650,1322045,1294345,10.6075,10.045,2025-12-20 01:18:49,0.608169574189576,0.9790476118437723,-1365,-0.9090909090909091,27789910,65,2616390,0.9469714824416686,-0.5625,43.175,-79297,40767,-10389,26735,1561906,BULLISH_CONTINUE,f,f,NEUTRAL,NEUTRAL_PREDICT,-319800,106650,1786165,179079.55
2025-12-17 12:01:00,NSE,25902.4,25900,2025-12-23,2025-12-30,2026-01-06,2026-01-13,2026-01-20,17279745,10510100,213225,-106575,886130,900035,10.637500000000001,10.067499999999999,2025-12-20 01:18:46,0.6082323552807058,1.0156918285127465,-319800,-0.4998241294407316,27789845,106650,1786165,0.9464159811985897,-0.5700000000000021,0,-19939,45493,10691.166666666666,17647,1136206,BULLISH_CONTINUE,f,f,STRONG_BULLISH,NEUTRAL_PREDICT,-130,130,1507140,213995.94
2025-12-17 11:59:00,NSE,25902.4,25900,2025-12-23,2025-12-30,2026-01-06,2026-01-13,2026-01-20,17066520,10616675,130,0,537310,969830,10.6425,10.197500000000002,2025-12-20 01:18:42,0.6220761467481362,1.8049729206603264,-130,0,27683195,130,1507140,0.9581865163260513,-0.4449999999999985,49.35,43761,66830.33333333333,21355.5,-3137,916907,BULLISH_CONTINUE,f,t,NEUTRAL,BULLISH_PREDICT,-75450,26700,666260,204729.34
2025-12-17 11:58:00,NSE,25902.4,25900,2025-12-23,2025-12-30,2026-01-06,2026-01-13,2026-01-20,17066390,10616675,51075,-24375,293080,373180,10.600000000000001,10.27,2025-12-20 01:18:40,0.6220808852956015,1.2733042172785587,-75450,-0.47723935389133626,27683065,26700,666260,0.9688679245283017,-0.33000000000000185,0,123872,59072,21385.833333333332,-32458,872613,BULLISH_TURN,f,f,STRONG_BULLISH,NEUTRAL_PREDICT,260,130,1233575,204726.11
2025-12-17 11:56:00,NSE,25902.4,25900,2025-12-23,2025-12-30,2026-01-06,2026-01-13,2026-01-20,17015315,10641050,-65,195,626660,606915,10.565,10.247499999999999,2025-12-20 01:18:35,0.6253807231896676,0.9684916860817668,260,3,27656365,130,1233575,0.9699479413156649,-0.3175000000000008,51.3,138897,64336.333333333336,35887.5,-37863,1035886,BEARISH_CONTINUE,t,t,NEUTRAL,BEARISH_PREDICT,295425,-45375,487890,212876.31
2025-12-17 11:55:00,NSE,25902.4,25900,2025-12-23,2025-12-30,2026-01-06,2026-01-13,2026-01-20,17015380,10640855,-170400,125025,230690,257200,10.555,10.23,2025-12-20 01:18:33,0.6253668739693148,1.1149161212016125,295425,0.7337147887323944,27656235,-45375,487890,0.9692089057318807,-0.3249999999999993,100,138689,49289,36897.666666666664,-38045,964403,BEARISH_TURN,t,f,STRONG_BEARISH,NEUTRAL_PREDICT,-1300,2730,689670,212773.29
2025-12-17 11:54:00,NSE,25902.4,25900,2025-12-23,2025-12-30,2026-01-06,2026-01-13,2026-01-20,17185780,10515830,2015,715,424630,265040,10.62,10.190000000000001,2025-12-20 01:18:31,0.6118913427263702,0.6241669217907355,-1300,0.3548387096774194,27701610,2730,689670,0.9595103578154428,-0.42999999999999794,43.5,88624,29581,32055.333333333332,-17170,1006598,BULLISH_TURN,t,f,NEUTRAL,NEUTRAL_PREDICT,400425,-146475,1285670,208292.66
2025-12-17 11:52:00,NSE,25902.4,25900,2025-12-23,2025-12-30,2026-01-06,2026-01-13,2026-01-20,17183765,10515115,-273450,126975,740240,545430,10.682500000000001,10.165000000000001,2025-12-20 01:18:26,0.6119214851925641,0.7368285961309845,400425,0.4643444871091607,27698880,-146475,1285670,0.9515562836414697,-0.5175000000000001,100,89027,10610.666666666666,32100.833333333332,-17859,1131633,BEARISH_TURN,f,f,STRONG_BEARISH,NEUTRAL_PREDICT,-325,-325,1482625,208285.27
2025-12-17 11:51:00,NSE,25902.4,25900,2025-12-23,2025-12-30,2026-01-06,2026-01-13,2026-01-20,17457215,10388140,0,-325,815025,667600,10.5425,10.34,2025-12-20 01:18:24,0.5950628436437313,0.8191159780374835,-325,,27845355,-325,1482625,0.9807920322504149,-0.20250000000000057,48.375,62558,-48720.333333333336,14588.333333333334,19902,1047661,BULLISH_CONTINUE,f,f,NEUTRAL,NEUTRAL_PREDICT,-780,-780,876160,198085.80
2025-12-17 11:50:00,NSE,25902.4,25900,2025-12-23,2025-12-30,2026-01-06,2026-01-13,2026-01-20,17457215,10388465,0,-780,535520,340640,10.2625,10.5225,2025-12-20 01:18:22,0.595081460588072,0.6360920227069017,-780,,27845680,-780,876160,1.0253349573690622,0.26000000000000156,46.1,62662,-48724.666666666664,14629.5,20058,873733,BULLISH_TURN,t,f,NEUTRAL,NEUTRAL_PREDICT,45100,59000,698865,198082.72
2025-12-17 11:49:00,NSE,25902.4,25900,2025-12-23,2025-12-30,2026-01-06,2026-01-13,2026-01-20,17457215,10389245,6950,52050,490290,208575,10.285,10.44,2025-12-20 01:18:20,0.5951261412544899,0.4254114911582941,45100,7.489208633093525,27846460,59000,698865,1.0150704910063197,0.15499999999999936,100,62909,-60938.666666666664,10060.5,20123,844927,BEARISH_CONTINUE,t,f,BEARISH,NEUTRAL_PREDICT,715,-715,1314845,200021.76
2025-12-17 11:47:00,NSE,25902.4,25900,2025-12-23,2025-12-30,2026-01-06,2026-01-13,2026-01-20,17450265,10337195,-715,0,732705,582140,10.3675,10.3325,2025-12-20 01:18:15,0.5923804022460404,0.7945080216458192,715,0,27787460,-715,1314845,0.9966240655895828,-0.03500000000000014,53.575,67794,-63880.333333333336,6608.333333333333,-22232,817299,BEARISH_CONTINUE,t,f,NEUTRAL,NEUTRAL_PREDICT,268080,42330,865810,200289.69
2025-12-17 11:46:00,NSE,25902.4,25900,2025-12-23,2025-12-30,2026-01-06,2026-01-13,2026-01-20,17450980,10337195,-112875,155205,557250,308560,10.462499999999999,10.259999999999998,2025-12-20 01:18:13,0.5923561312889019,0.553719156572454,268080,1.375016611295681,27788175,42330,865810,0.9806451612903225,-0.20250000000000057,100,67703,-62444.333333333336,6463.666666666667,-22141,784868,BEARISH_CONTINUE,f,f,STRONG_BEARISH,NEUTRAL_PREDICT,195,455,612985,200295.66
2025-12-17 11:45:00,NSE,25902.4,25900,2025-12-23,2025-12-30,2026-01-06,2026-01-13,2026-01-20,17563855,10181990,130,325,292905,320080,10.622499999999999,10.1525,2025-12-20 01:18:10,0.5797127111331767,1.09277752172206,195,2.5,27745845,455,612985,0.9557542951282656,-0.46999999999999886,50.975,-9214,-80255.66666666667,-6109.333333333333,-48148,804046,BEARISH_CONTINUE,t,f,NEUTRAL,NEUTRAL_PREDICT,455,-455,732130,195077.70
2025-12-17 11:44:00,NSE,25902.4,25900,2025-12-23,2025-12-30,2026-01-06,2026-01-13,2026-01-20,17563725,10181665,-455,0,406705,325425,10.537500000000001,10.219999999999999,2025-12-20 01:18:08,0.5796984978983672,0.8001499858619884,455,0,27745390,-455,732130,0.9698695136417554,-0.31750000000000256,52.275,-8550,-61553.666666666664,-6111.5,-47562,748386,BEARISH_CONTINUE,f,f,NEUTRAL,NEUTRAL_PREDICT,69525,-152775,560725,195077.63
2025-12-17 11:43:00,NSE,25902.4,25900,2025-12-23,2025-12-30,2026-01-06,2026-01-13,2026-01-20,17564180,10181665,-111150,-41625,357025,203700,10.535,10.2375,2025-12-20 01:18:06,0.5796834808115152,0.5705482809327078,69525,-0.37449392712550605,27745845,-152775,560725,0.9717607973421928,-0.29749999999999943,100,-53731,-61545,363.3333333333333,-14681,720685,BEARISH_CONTINUE,f,f,STRONG_BEARISH,NEUTRAL_PREDICT,260,-260,1152690,198496.73
2025-12-17 11:41:00,NSE,25902.4,25900,2025-12-23,2025-12-30,2026-01-06,2026-01-13,2026-01-20,17675330,10223290,-260,0,706770,445920,10.5075,10.26,2025-12-20 01:18:01,0.5783931615421042,0.6309266097881914,260,0,27898620,-260,1152690,0.9764453961456102,-0.2475000000000005,51.3,-67675,-24110.666666666668,-1965,15835,705901,BEARISH_TURN,f,f,NEUTRAL,NEUTRAL_PREDICT,-116505,-87705,961700,198066.70
2025-12-17 11:40:00,NSE,25902.4,25900,2025-12-23,2025-12-30,2026-01-06,2026-01-13,2026-01-20,17675590,10223290,14400,-102105,484920,476780,10.469999999999999,10.309999999999999,2025-12-20 01:17:59,0.578384653638153,0.9832137259754187,-116505,-7.090625,27898880,-87705,961700,0.9847182425978988,-0.16000000000000014,0,-124898,-24119.333333333332,-8841.5,39332,589437,BULLISH_TURN,t,t,STRONG_BULLISH,BULLISH_PREDICT,3515,3385,334685,201537.46
2025-12-17 11:38:00,NSE,25902.4,25900,2025-12-23,2025-12-30,2026-01-06,2026-01-13,2026-01-20,17661190,10325395,-65,3450,195560,139125,10.6,10.350000000000001,2025-12-20 01:17:55,0.5846375583978203,0.7114184904888525,3515,53.07692307692308,27986585,3385,334685,0.9764150943396228,-0.24999999999999822,67.575,-199505,-16300.333333333334,-4951.5,76685,647757,BEARISH_TURN,f,f,NEUTRAL,NEUTRAL_PREDICT,-225450,163950,593625,200511.36
2025-12-17 11:37:00,NSE,25902.4,25900,2025-12-23,2025-12-30,2026-01-06,2026-01-13,2026-01-20,17661255,10321945,194700,-30750,426675,166950,10.5725,10.372499999999999,2025-12-20 01:17:53,0.5844400638572966,0.39128142028476004,-225450,-0.15793528505392912,27983200,163950,593625,0.9810829983447622,-0.20000000000000107,0,-200286,7438.666666666667,-6140.333333333333,76086,764539,BULLISH_CONTINUE,t,f,STRONG_BULLISH,NEUTRAL_PREDICT,-195,-195,486805,200565.16
2025-12-17 11:36:00,NSE,25902.4,25900,2025-12-23,2025-12-30,2026-01-06,2026-01-13,2026-01-20,17466555,10352695,0,-195,270365,216440,10.5525,10.377500000000001,2025-12-20 01:17:50,0.5927153351075813,0.8005474081334493,-195,,27819250,-195,486805,0.9834162520729686,-0.17499999999999893,49.025,-191994,24506.333333333332,-5872.166666666667,34308,943502,BULLISH_CONTINUE,t,f,NEUTRAL,NEUTRAL_PREDICT,-285855,117225,570370,200266.97
2025-12-17 11:34:00,NSE,25902.4,25900,2025-12-23,2025-12-30,2026-01-06,2026-01-13,2026-01-20,17466555,10352890,201540,-84315,305875,264495,10.680000000000001,10.3,2025-12-20 01:17:46,0.5927264993010929,0.8647159787494891,-285855,-0.4183536766894909,27819445,117225,570370,0.9644194756554306,-0.3800000000000008,0,-191760,34529.666666666664,-5867.833333333333,34542,1058068,BULLISH_CONTINUE,f,f,STRONG_BULLISH,NEUTRAL_PREDICT,-489540,99060,1253300,200267.10
2025-12-17 11:31:00,NSE,25902.4,25900,2025-12-23,2025-12-30,2026-01-06,2026-01-13,2026-01-20,17265015,10437205,294300,-195240,687890,565410,10.4725,10.29,2025-12-20 01:17:39,0.6045291591116486,0.8219482766139935,-489540,-0.6634046890927625,27702220,99060,1253300,0.9825734065409405,-0.182500000000001,0,-130138,53591,3671.5,30286,1122927,BULLISH_CONTINUE,f,f,STRONG_BULLISH,NEUTRAL_PREDICT,-390,390,918595,193160.29
2025-12-17 11:29:00,NSE,25902.4,25900,2025-12-23,2025-12-30,2026-01-06,2026-01-13,2026-01-20,16970715,10632445,390,0,363110,555485,10.595,10.1975,2025-12-20 01:17:35,0.6265172092042085,1.5297981327972239,-390,0,27603160,390,918595,0.9624823029731004,-0.39750000000000085,48.05,-32048,77897,15014.5,9954,1088362,BULLISH_CONTINUE,t,f,NEUTRAL,NEUTRAL_PREDICT,-183990,-44940,1488440,172034.83
2025-12-17 11:28:00,NSE,25902.4,25900,2025-12-23,2025-12-30,2026-01-06,2026-01-13,2026-01-20,16970325,10632445,69525,-114465,703470,784970,10.65,10.315000000000001,2025-12-20 01:17:33,0.6265316073793519,1.1158542652849446,-183990,-1.64638619201726,27602770,-44940,1488440,0.9685446009389672,-0.3349999999999991,0,24175,77983.66666666667,14975.5,-39,1048536,BULLISH_TURN,t,f,STRONG_BULLISH,NEUTRAL_PREDICT,975,975,1059635,172038.58
2025-12-17 11:26:00,NSE,25902.4,25900,2025-12-23,2025-12-30,2026-01-06,2026-01-13,2026-01-20,16900800,10746910,0,975,486270,573365,10.64,10.290000000000001,2025-12-20 01:17:29,0.6358817334090694,1.1791083143109795,975,,27647710,975,1059635,0.9671052631578948,-0.34999999999999964,54.875,61090,81059.66666666667,21457.666666666668,9066,1085034,BEARISH_CONTINUE,f,f,NEUTRAL,NEUTRAL_PREDICT,22255,95945,894665,167897.06
2025-12-17 11:25:00,NSE,25902.4,25900,2025-12-23,2025-12-30,2026-01-06,2026-01-13,2026-01-20,16900800,10745935,36845,59100,407940,486725,10.587499999999999,10.31,2025-12-20 01:17:26,0.6358240438322447,1.1931288915036524,22255,1.6040168272492876,27646735,95945,894665,0.9737898465171194,-0.2774999999999981,100,187103,77097,21427.333333333332,-50883,1162621,BEARISH_CONTINUE,t,f,BEARISH,NEUTRAL_PREDICT,910,-2600,1080475,167900.97
2025-12-17 11:23:00,NSE,25902.4,25900,2025-12-23,2025-12-30,2026-01-06,2026-01-13,2026-01-20,16863955,10686835,-1755,-845,468785,611690,10.610000000000001,10.327499999999999,2025-12-20 01:17:22,0.6337087000054258,1.3048412385208572,910,-0.48148148148148145,27550790,-2600,1080475,0.9733741753063145,-0.2825000000000024,54.55,182678,75371.66666666667,20774.333333333332,-70072,1280340,BEARISH_CONTINUE,f,f,NEUTRAL,NEUTRAL_PREDICT,280725,-49575,719465,167935.74
2025-12-17 11:22:00,NSE,25902.4,25900,2025-12-23,2025-12-30,2026-01-06,2026-01-13,2026-01-20,16865710,10687680,-165150,115575,429375,290090,10.5825,10.317499999999999,2025-12-20 01:17:20,0.6336928596542927,0.6756098981077147,280725,0.6998183469573115,27553390,-49575,719465,0.97495865816206,-0.26500000000000057,100,182652,68037,11457.333333333334,-69396,1316000,BEARISH_CONTINUE,t,f,STRONG_BEARISH,NEUTRAL_PREDICT,585,585,1670930,176605.55
2025-12-17 11:20:00,NSE,25902.4,25900,2025-12-23,2025-12-30,2026-01-06,2026-01-13,2026-01-20,17030860,10572105,0,585,755135,915795,10.495,10.422500000000001,2025-12-20 01:17:15,0.6207616644138934,1.2127566594052719,585,,27602965,585,1670930,0.9930919485469273,-0.07249999999999801,52.925,198427,49330.666666666664,-14387.166666666666,-131345,1387680,BEARISH_CONTINUE,t,f,NEUTRAL,NEUTRAL_PREDICT,631040,-298770,1447570,191910.28
2025-12-17 11:19:00,NSE,25902.4,25900,2025-12-23,2025-12-30,2026-01-06,2026-01-13,2026-01-20,17030860,10571520,-464905,166135,718235,729335,10.49,10.365,2025-12-20 01:17:13,0.6207273150034702,1.0154545517831908,631040,0.35735257740828774,27602380,-298770,1447570,0.9880838894184938,-0.125,100,204423,62271.666666666664,-14404.5,-146567,1234401,BEARISH_CONTINUE,f,f,STRONG_BEARISH,NEUTRAL_PREDICT,130,0,1483260,191908.90
2025-12-17 11:18:00,NSE,25902.4,25900,2025-12-23,2025-12-30,2026-01-06,2026-01-13,2026-01-20,17495765,10405385,-65,65,858785,624475,10.5425,10.4075,2025-12-20 01:17:11,0.5947373550113413,0.7271610472935601,130,1,27901150,0,1483260,0.9871946881669433,-0.1349999999999998,50.65,108246,20180.666666666668,-58596,-111864,1077981,BEARISH_CONTINUE,f,f,NEUTRAL,NEUTRAL_PREDICT,780,780,1258775,190793.74
2025-12-17 11:17:00,NSE,25902.4,25900,2025-12-23,2025-12-30,2026-01-06,2026-01-13,2026-01-20,17495830,10405320,0,780,835235,423540,10.412500000000001,10.4,2025-12-20 01:17:09,0.5947314302893889,0.5070908187516088,780,,27901150,780,1258775,0.998799519807923,-0.012500000000001066,53.9,108233,6436.333333333333,-69785.66666666667,-111851,937173,BEARISH_CONTINUE,t,f,NEUTRAL,NEUTRAL_PREDICT,359600,-359320,1077865,196974.47
2025-12-17 11:16:00,NSE,25902.4,25900,2025-12-23,2025-12-30,2026-01-06,2026-01-13,2026-01-20,17495830,10404540,-359460,140,619850,458015,10.4225,10.41,2025-12-20 01:17:07,0.5946868482375515,0.7389126401548762,359600,0.00038947309853669393,27900370,-359320,1077865,0.9988006716238906,-0.01249999999999929,100,83087,6397.333333333333,-69813.83333333333,-78917,883734,BEARISH_CONTINUE,f,f,STRONG_BEARISH,NEUTRAL_PREDICT,30565,-75525,904535,196964.09
2025-12-17 11:13:00,NSE,25902.4,25900,2025-12-23,2025-12-30,2026-01-06,2026-01-13,2026-01-20,17855290,10404400,-53045,-22480,523275,381260,10.47,10.3925,2025-12-20 01:17:00,0.5827068616639662,0.7286035067603077,30565,-0.42379112074653597,28259690,-75525,904535,0.9925978987583571,-0.07750000000000057,100,11349,-19719.333333333332,-76895.83333333333,-6923,779749,BEARISH_CONTINUE,f,f,BEARISH,NEUTRAL_PREDICT,150155,-125255,665470,184411.35
2025-12-17 11:10:00,NSE,25902.4,25900,2025-12-23,2025-12-30,2026-01-06,2026-01-13,2026-01-20,17908335,10426880,-137705,12450,424645,240825,10.547500000000001,10.5525,2025-12-20 01:16:54,0.5822361486983575,0.567120771467932,150155,0.09041066046984496,28335215,-125255,665470,1.0004740459824601,0.004999999999999005,100,-22334,-36250.666666666664,-77886.5,4102,706808,BEARISH_CONTINUE,t,f,STRONG_BEARISH,NEUTRAL_PREDICT,65,65,779220,183893.26
2025-12-17 11:08:00,NSE,25902.4,25900,2025-12-23,2025-12-30,2026-01-06,2026-01-13,2026-01-20,18046040,10414430,0,65,506990,272230,10.51,10.605,2025-12-20 01:16:49,0.5771033423399261,0.5369533915856328,65,,28460470,65,779220,1.0090390104662228,0.09500000000000064,50.325,-64058,-46265.333333333336,-82893.83333333333,69590,730497,BEARISH_TURN,f,f,NEUTRAL,NEUTRAL_PREDICT,-124950,165450,991580,179461.48
2025-12-17 11:07:00,NSE,25902.4,25900,2025-12-23,2025-12-30,2026-01-06,2026-01-13,2026-01-20,18046040,10414365,145200,20250,584705,406875,10.4875,10.6725,2025-12-20 01:16:47,0.5770997404416703,0.6958637261525042,-124950,0.13946280991735538,28460405,165450,991580,1.0176400476758045,0.18499999999999872,0,-64796,-46248,-93894.16666666667,55210,854608,BULLISH_TURN,f,f,STRONG_BULLISH,NEUTRAL_PREDICT,910,650,557940,184251.34
2025-12-17 11:05:00,NSE,25902.4,25900,2025-12-23,2025-12-30,2026-01-06,2026-01-13,2026-01-20,17900840,10394115,-130,780,289975,267965,10.65,10.495000000000001,2025-12-20 01:16:42,0.5806495672828761,0.9240969049055953,910,6,28294955,650,557940,0.9854460093896714,-0.15499999999999936,54.55,-61628,-47868,-94344.5,40410,1117481,BEARISH_TURN,t,f,NEUTRAL,NEUTRAL_PREDICT,-137850,-20400,539830,184346.35
2025-12-17 11:04:00,NSE,25902.4,25900,2025-12-23,2025-12-30,2026-01-06,2026-01-13,2026-01-20,17900970,10393335,58725,-79125,318205,221625,10.6975,10.445,2025-12-20 01:16:40,0.5806017774455797,0.6964849703807294,-137850,-1.3473818646232438,28294305,-20400,539830,0.9763963542883852,-0.2524999999999995,0,-61784,-48032.666666666664,-107936,40280,1174757,BULLISH_CONTINUE,t,f,STRONG_BULLISH,NEUTRAL_PREDICT,-58465,202185,783915,191955.34
2025-12-17 11:01:00,NSE,25902.4,25900,2025-12-23,2025-12-30,2026-01-06,2026-01-13,2026-01-20,17842245,10472460,130325,71860,351720,432195,10.839999999999998,10.2825,2025-12-20 01:16:34,0.5869474385089993,1.2288041624019106,-58465,0.5513907538845195,28314705,202185,783915,0.9485701107011072,-0.5574999999999974,0,4726,-38144.333333333336,-103345.33333333333,80570,1246114,BULLISH_CONTINUE,t,f,STRONG_BULLISH,NEUTRAL_PREDICT,-3625,-71835,1399775,192859.95
2025-12-17 10:58:00,NSE,25902.4,25900,2025-12-23,2025-12-30,2026-01-06,2026-01-13,2026-01-20,17711920,10400600,-34105,-37730,753095,646680,10.8125,10.3275,2025-12-20 01:16:26,0.5872090659849413,0.8586964459995087,-3625,-1.1062894003811758,28112520,-71835,1399775,0.9551445086705203,-0.48499999999999943,31.875,16354,-34242.333333333336,-130287.16666666667,40198,1209424,BULLISH_CONTINUE,t,f,NEUTRAL,NEUTRAL_PREDICT,-109110,91450,2305945,237632.33
2025-12-17 10:55:00,NSE,25902.4,25900,2025-12-23,2025-12-30,2026-01-06,2026-01-13,2026-01-20,17746025,10438330,100280,-8830,1249925,1056020,10.6475,10.370000000000001,2025-12-20 01:16:19,0.5882066547297211,0.8448666920015201,-109110,-0.08805345033905065,28184355,91450,2305945,0.9739375440244189,-0.27749999999999986,0,-24128,-33823,-130487,47502,1105563,BULLISH_TURN,f,t,STRONG_BULLISH,BULLISH_PREDICT,130,0,844320,237524.64
2025-12-17 10:54:00,NSE,25902.4,25900,2025-12-23,2025-12-30,2026-01-06,2026-01-13,2026-01-20,17645745,10447160,-65,65,475190,369130,10.752500000000001,10.405,2025-12-20 01:16:17,0.5920498114417951,0.7768050674467055,130,1,28092905,0,844320,0.9676819344338524,-0.3475000000000019,50.65,-2267,-45122.333333333336,-179050.16666666666,29251,892920,BEARISH_CONTINUE,f,f,NEUTRAL,NEUTRAL_PREDICT,194700,181050,896615,353583.83
2025-12-17 10:52:00,NSE,25902.4,25900,2025-12-23,2025-12-30,2026-01-06,2026-01-13,2026-01-20,17645810,10447095,-6825,187875,445115,451500,10.7425,10.35,2025-12-20 01:16:12,0.5920439469766478,1.0143446075733238,194700,27.52747252747253,28092905,181050,896615,0.9634628810798231,-0.39250000000000007,100,-8723,-78105,-179058.83333333334,59715,828970,BEARISH_TURN,f,f,STRONG_BEARISH,NEUTRAL_PREDICT,-325,325,600465,353579.29
2025-12-17 10:50:00,NSE,25902.4,25900,2025-12-23,2025-12-30,2026-01-06,2026-01-13,2026-01-20,17652635,10259220,325,0,335360,265105,10.6,10.4425,2025-12-20 01:16:08,0.581172159283869,0.7905087070610687,-325,0,27911855,325,600465,0.9851415094339624,-0.15749999999999886,48.375,-91144,-91080.66666666667,-188214.33333333334,43436,857715,BULLISH_CONTINUE,t,f,NEUTRAL,NEUTRAL_PREDICT,-206035,-35315,880470,347063.56
2025-12-17 10:49:00,NSE,25902.4,25900,2025-12-23,2025-12-30,2026-01-06,2026-01-13,2026-01-20,17652310,10259220,85360,-120675,519570,360900,10.635,10.415,2025-12-20 01:16:06,0.5811828593538183,0.6946128529360818,-206035,-1.4137183692596065,27911530,-35315,880470,0.9793135872120357,-0.22000000000000064,0,-91092,-137372.66666666666,-188203.5,43384,875633,BULLISH_TURN,t,f,STRONG_BULLISH,NEUTRAL_PREDICT,195,195,1242730,347069.63
2025-12-17 10:47:00,NSE,25902.4,25900,2025-12-23,2025-12-30,2026-01-06,2026-01-13,2026-01-20,17566950,10379895,0,195,663790,578940,10.6225,10.422500000000001,2025-12-20 01:16:01,0.5908763331141718,0.8721734283433014,195,,27946845,195,1242730,0.9811720404801131,-0.1999999999999993,50.975,-49820,-146007.66666666666,-187809.66666666666,50512,808555,BEARISH_TURN,f,t,NEUTRAL,BEARISH_PREDICT,-32150,152320,524570,347055.40
2025-12-17 10:46:00,NSE,25902.4,25900,2025-12-23,2025-12-30,2026-01-06,2026-01-13,2026-01-20,17566950,10379700,92235,60085,294705,229865,10.764999999999999,10.344999999999999,2025-12-20 01:15:59,0.5908652327239504,0.7799833732037121,-32150,0.6514338374803491,27946650,152320,524570,0.9609846725499304,-0.41999999999999993,0,-79709,-146025,-187844.33333333334,93763,649439,BULLISH_CONTINUE,f,f,BULLISH,NEUTRAL_PREDICT,-217405,99655,1040340,347036.02
2025-12-17 10:43:00,NSE,25902.4,25900,2025-12-23,2025-12-30,2026-01-06,2026-01-13,2026-01-20,17474715,10319615,158530,-58875,600805,439535,10.67,10.4575,2025-12-20 01:15:53,0.5905455396554393,0.7315768011251571,-217405,-0.3713808112029269,27794330,99655,1040340,0.9800843486410497,-0.21250000000000036,0,-73591,-134072.33333333334,-201603,63585,643114,BULLISH_CONTINUE,f,f,STRONG_BULLISH,NEUTRAL_PREDICT,-65,65,690055,348828.04
2025-12-17 10:42:00,NSE,25902.4,25900,2025-12-23,2025-12-30,2026-01-06,2026-01-13,2026-01-20,17316185,10378490,65,0,357815,332240,10.8025,10.2875,2025-12-20 01:15:51,0.5993519935251327,0.9285245168592708,-65,0,27694675,65,690055,0.9523258504975699,-0.5150000000000006,49.675,-28015,-119522.33333333333,-194360.5,123209,572948,BULLISH_TURN,f,f,NEUTRAL,NEUTRAL_PREDICT,325,325,545080,350738.98
2025-12-17 10:41:00,NSE,25902.4,25900,2025-12-23,2025-12-30,2026-01-06,2026-01-13,2026-01-20,17316120,10378490,0,325,260175,284905,10.8975,10.254999999999999,2025-12-20 01:15:49,0.5993542433293371,1.0950514077063516,325,,27694610,325,545080,0.941041523285157,-0.6425000000000018,51.625,-27989,-119522.33333333333,-194399.5,123209,573814,BEARISH_TURN,f,f,NEUTRAL,NEUTRAL_PREDICT,-149250,216450,447150,350716.69
2025-12-17 10:40:00,NSE,25902.4,25900,2025-12-23,2025-12-30,2026-01-06,2026-01-13,2026-01-20,17316120,10378165,182850,33600,247575,199575,10.887500000000001,10.285,2025-12-20 01:15:47,0.5993354746906351,0.8061193577703726,-149250,0.1837571780147662,27694285,216450,447150,0.9446613088404132,-0.6025000000000009,0,-27521,-141540.33333333334,-226126.33333333334,123677,686388,BULLISH_CONTINUE,f,f,STRONG_BULLISH,NEUTRAL_PREDICT,-1560,1430,492945,374723.77
2025-12-17 10:38:00,NSE,25902.4,25900,2025-12-23,2025-12-30,2026-01-06,2026-01-13,2026-01-20,17133270,10344565,1495,-65,268940,224005,10.9,10.2875,2025-12-20 01:15:43,0.6037706170509191,0.832918123001413,-1560,-0.043478260869565216,27477835,1430,492945,0.9438073394495412,-0.6125000000000007,42.2,-53391,-140821,-263774.8333333333,98089,909283,BULLISH_TURN,f,f,NEUTRAL,NEUTRAL_PREDICT,10475,397775,689510,420656.67
2025-12-17 10:37:00,NSE,25902.4,25900,2025-12-23,2025-12-30,2026-01-06,2026-01-13,2026-01-20,17131775,10344630,193650,204125,325845,363665,10.835,10.385,2025-12-20 01:15:41,0.6038270990600799,1.1160674553852292,10475,1.0540924348050607,27476405,397775,689510,0.9584679280110752,-0.45000000000000107,100,-152001,-167839.33333333334,-294836.3333333333,88751,990584,BEARISH_CONTINUE,f,f,NEUTRAL,NEUTRAL_PREDICT,65,65,694385,434793.34
2025-12-17 10:36:00,NSE,25902.4,25900,2025-12-23,2025-12-30,2026-01-06,2026-01-13,2026-01-20,16938125,10140505,0,65,284905,409480,10.925,10.3675,2025-12-20 01:15:39,0.5986793107265415,1.4372510134957266,65,,27078630,65,694385,0.948970251716247,-0.557500000000001,50.325,-154083,-168546.33333333334,-295179,9209,1487988,BEARISH_CONTINUE,f,f,NEUTRAL,NEUTRAL_PREDICT,2665,2665,1107950,434548.41
2025-12-17 10:35:00,NSE,25902.4,25900,2025-12-23,2025-12-30,2026-01-06,2026-01-13,2026-01-20,16938125,10140440,0,2665,480310,627640,10.799999999999999,10.47,2025-12-20 01:15:37,0.5986754732297701,1.3067393974724657,2665,,27078565,2665,1107950,0.9694444444444446,-0.3299999999999983,63.325,-293037,-226332,-319443.8333333333,32301,1614504,BEARISH_TURN,f,f,NEUTRAL,NEUTRAL_PREDICT,-278600,88510,1561625,437805.46
2025-12-17 10:34:00,NSE,25902.4,25900,2025-12-23,2025-12-30,2026-01-06,2026-01-13,2026-01-20,16938125,10137775,183555,-95045,760730,800895,10.684999999999999,10.5575,2025-12-20 01:15:35,0.5985181358621453,1.0527979703705652,-278600,-0.5178012039988015,27075900,88510,1561625,0.9880673841834348,-0.1274999999999995,0,-360682,-227151,-317182.5,51252,1908471,BULLISH_CONTINUE,t,f,STRONG_BULLISH,NEUTRAL_PREDICT,-494610,-45260,899450,439697.68
2025-12-17 10:31:00,NSE,25902.4,25900,2025-12-23,2025-12-30,2026-01-06,2026-01-13,2026-01-20,16754570,10232820,224675,-269935,474375,425075,10.785,10.5475,2025-12-20 01:15:29,0.6107479929356587,0.8960737812911725,-494610,-1.2014465338822744,26987390,-45260,899450,0.9779786740843763,-0.2375000000000007,0,-304975,-312978,-295830,33563,1899065,BULLISH_TURN,t,f,STRONG_BULLISH,NEUTRAL_PREDICT,65,65,3176530,456854.91
2025-12-17 10:29:00,NSE,25902.4,25900,2025-12-23,2025-12-30,2026-01-06,2026-01-13,2026-01-20,16529895,10502755,0,65,1493580,1682950,10.71,10.6125,2025-12-20 01:15:25,0.6353794140858124,1.1267893249775707,65,,27032650,65,3176530,0.9908963585434174,-0.09750000000000014,50.325,-176625,-280012.6666666667,-254604.66666666666,88059,1981049,BEARISH_TURN,f,t,NEUTRAL,BEARISH_PREDICT,-694705,115525,1326965,492694.18
2025-12-17 10:28:00,NSE,25902.4,25900,2025-12-23,2025-12-30,2026-01-06,2026-01-13,2026-01-20,16529895,10502690,405115,-289590,569805,757160,10.642500000000002,10.7425,2025-12-20 01:15:23,0.6353754818164302,1.3288054685374822,-694705,-0.7148340594645964,27032585,115525,1326965,1.0093962884660557,0.09999999999999787,0,-176469,-285348,-280804.8333333333,88215,1611142,BULLISH_CONTINUE,f,f,STRONG_BULLISH,NEUTRAL_PREDICT,-335560,97420,2577785,499535.86
2025-12-17 10:25:00,NSE,25902.4,25900,2025-12-23,2025-12-30,2026-01-06,2026-01-13,2026-01-20,16124780,10792280,216490,-119070,934520,1643265,10.66,10.7375,2025-12-20 01:15:17,0.6692978136755975,1.7584053845824594,-335560,-0.5500023095755,26917060,97420,2577785,1.0072701688555348,0.07750000000000057,0,-37541,-239034.33333333334,-257650.16666666666,65123,1601050,BULLISH_CONTINUE,f,f,STRONG_BULLISH,NEUTRAL_PREDICT,-65,65,1514595,495773.99
2025-12-17 10:23:00,NSE,25902.4,25900,2025-12-23,2025-12-30,2026-01-06,2026-01-13,2026-01-20,15908290,10911350,65,0,575355,939240,10.629999999999999,10.670000000000002,2025-12-20 01:15:13,0.6858908154176219,1.6324530072737702,-65,0,26819640,65,1514595,1.00376293508937,0.0400000000000027,49.675,-36418,-229611.66666666666,-255576,5894,1570361,BULLISH_TURN,f,f,NEUTRAL,NEUTRAL_PREDICT,147140,227220,1309370,495566.92
2025-12-17 10:22:00,NSE,25902.4,25900,2025-12-23,2025-12-30,2026-01-06,2026-01-13,2026-01-20,15908225,10911350,40040,187180,608740,700630,10.739999999999998,10.64,2025-12-20 01:15:11,0.6858936179240613,1.150951144988008,147140,4.674825174825175,26819575,227220,1309370,0.9906890130353819,-0.09999999999999787,100,-64097,-229663.66666666666,-255584.66666666666,82743,1410271,BEARISH_CONTINUE,f,f,STRONG_BEARISH,NEUTRAL_PREDICT,845,845,1326995,495562.30
2025-12-17 10:21:00,NSE,25902.4,25900,2025-12-23,2025-12-30,2026-01-06,2026-01-13,2026-01-20,15868185,10724170,0,845,671115,655880,10.6625,10.720000000000002,2025-12-20 01:15:09,0.6758283949928741,0.9772989726052912,845,,26592355,845,1326995,1.0053927315357565,0.05750000000000277,54.225,-174892,-269133.6666666667,-237700,67654,1389827,BEARISH_TURN,f,f,NEUTRAL,NEUTRAL_PREDICT,-65,65,1276505,519691.98
2025-12-17 10:20:00,NSE,25902.4,25900,2025-12-23,2025-12-30,2026-01-06,2026-01-13,2026-01-20,15868185,10723325,65,0,667085,609420,10.7125,10.7225,2025-12-20 01:15:07,0.6757751437861356,0.9135567431436773,-65,0,26591510,65,1276505,1.0009334889148191,0.009999999999999787,49.675,-175087,-269198.6666666667,-237732.5,67511,1489342,BULLISH_CONTINUE,t,f,NEUTRAL,NEUTRAL_PREDICT,-329945,-198725,2424340,519676.58
2025-12-17 10:19:00,NSE,25902.4,25900,2025-12-23,2025-12-30,2026-01-06,2026-01-13,2026-01-20,15868120,10723325,65610,-264335,1351715,1072625,10.530000000000001,10.7575,2025-12-20 01:15:04,0.6757779119391585,0.793528961356499,-329945,-4.028882792257278,26591445,-198725,2424340,1.0216049382716048,0.22749999999999915,0,-348418,-269276.6666666667,-191747.16666666666,47690,1492790,BULLISH_CONTINUE,t,t,STRONG_BULLISH,BULLISH_PREDICT,-138460,384310,714145,596754.10
2025-12-17 10:16:00,NSE,25902.4,25900,2025-12-23,2025-12-30,2026-01-06,2026-01-13,2026-01-20,15802510,10987660,261385,122925,342315,371830,10.6575,10.7475,2025-12-20 01:14:58,0.6953110613440523,1.0862217548164703,-138460,0.47028329858255064,26790170,384310,714145,1.00844475721323,0.08999999999999986,0,-284353,-310712.3333333333,-159366.83333333334,89359,1484231,BULLISH_CONTINUE,f,f,STRONG_BULLISH,NEUTRAL_PREDICT,-406835,151775,1207150,615070.43
2025-12-17 10:13:00,NSE,25902.4,25900,2025-12-23,2025-12-30,2026-01-06,2026-01-13,2026-01-20,15541125,10864735,279305,-127530,629205,577945,10.665000000000001,10.715,2025-12-20 01:14:51,0.6990957861802154,0.9185321159240629,-406835,-0.4565976262508727,26405860,151775,1207150,1.0046882325363338,0.049999999999998934,0,-569862,-386728.6666666667,-138915,-171744,1987645,BULLISH_CONTINUE,f,f,STRONG_BULLISH,NEUTRAL_PREDICT,-130,130,1824570,625895.05
2025-12-17 10:12:00,NSE,25902.4,25900,2025-12-23,2025-12-30,2026-01-06,2026-01-13,2026-01-20,15261820,10992265,130,0,791025,1033545,10.61,10.7275,2025-12-20 01:14:49,0.7202460125987595,1.3065895515312411,-130,0,26254085,130,1824570,1.0110744580584354,0.11749999999999972,49.35,-488521,-421833.3333333333,-125338.66666666667,-202125,2427178,BULLISH_CONTINUE,t,f,NEUTRAL,NEUTRAL_PREDICT,-866720,-99040,1293745,624298.42
2025-12-17 10:10:00,NSE,25902.4,25900,2025-12-23,2025-12-30,2026-01-06,2026-01-13,2026-01-20,15261690,10992265,383840,-482880,594795,698950,10.684999999999999,10.7375,2025-12-20 01:14:45,0.7202521476979286,1.1751107524441193,-866720,-1.2580241767403084,26253955,-99040,1293745,1.0049134300421152,0.05250000000000199,0,-504488,-421811.6666666667,-115760.5,-203356,2751834,BULLISH_CONTINUE,t,f,STRONG_BULLISH,NEUTRAL_PREDICT,-9620,9620,2381545,628475.94
2025-12-17 10:08:00,NSE,25902.4,25900,2025-12-23,2025-12-30,2026-01-06,2026-01-13,2026-01-20,14877850,11475145,9620,0,988605,1392940,10.81,10.6225,2025-12-20 01:14:40,0.7712905426523322,1.4089955037654067,-9620,0,26352995,9620,2381545,0.9826549491211841,-0.1875,1.8999999999999986,-331144,-412555.6666666667,-113423.5,-183522,3158684,BULLISH_CONTINUE,t,f,NEUTRAL,NEUTRAL_PREDICT,-1566005,-921205,3231215,625711.46
2025-12-17 10:07:00,NSE,25902.4,25900,2025-12-23,2025-12-30,2026-01-06,2026-01-13,2026-01-20,14868230,11475145,322400,-1243605,1269015,1962200,10.6875,10.712499999999999,2025-12-20 01:14:38,0.7717895808714286,1.5462386181408416,-1566005,-3.857335607940447,26343375,-921205,3231215,1.0023391812865496,0.02499999999999858,0,-368064,-407214,-117002.93103448275,-64552,3153172,BULLISH_CONTINUE,f,f,STRONG_BULLISH,NEUTRAL_PREDICT,-130,-130,3404815,636474.20
2025-12-17 10:05:00,NSE,25902.4,25900,2025-12-23,2025-12-30,2026-01-06,2026-01-13,2026-01-20,14545830,12718750,0,-130,1358995,2045820,10.6175,10.685,2025-12-20 01:14:34,0.8743914922696058,1.5053918520671525,-130,,27264580,-130,3404815,1.0063574287732517,0.06750000000000078,49.35,-55032,-278682,-65252.857142857145,119858,2886750,BULLISH_CONTINUE,f,f,NEUTRAL,NEUTRAL_PREDICT,-79965,-6025,3447850,582720.01
2025-12-17 10:04:00,NSE,25902.4,25900,2025-12-23,2025-12-30,2026-01-06,2026-01-13,2026-01-20,14545830,12718880,36970,-42995,1348625,2099225,10.655000000000001,10.715,2025-12-20 01:14:32,0.8744004295389125,1.5565668736676244,-79965,-1.1629699756559373,27264710,-6025,3447850,1.0056311590802438,0.05999999999999872,0,-143988,-229196.66666666666,-67664.81481481482,156632,2706644,NEUTRAL,t,f,STRONG_BULLISH,NEUTRAL_PREDICT,0,130,3327995,593677.99
2025-12-17 10:03:00,NSE,25902.4,25900,2025-12-23,2025-12-30,2026-01-06,2026-01-13,2026-01-20,14508860,12761875,65,65,1440915,1887080,10.595,10.694999999999999,2025-12-20 01:14:30,0.8795918493940944,1.309640055103875,0,1,27270735,130,3327995,1.0094384143463897,0.09999999999999787,50,-128021,-276261.6666666667,-67191.73076923077,157863,2557766,NEUTRAL,f,f,NEUTRAL,NEUTRAL_PREDICT,-194220,604470,2353985,605429.94
2025-12-17 10:01:00,NSE,25902.4,25900,2025-12-23,2025-12-30,2026-01-06,2026-01-13,2026-01-20,14508795,12761810,399345,205125,939955,1414030,10.65,10.6725,2025-12-20 01:14:25,0.8795913099606135,1.5043592512407509,-194220,0.5136536077827443,27270605,604470,2353985,1.002112676056338,0.022499999999999076,0,-128268,-276266,-69879.4,158084,2391248,BULLISH_CONTINUE,f,f,STRONG_BULLISH,NEUTRAL_PREDICT,-845,845,1899105,617756.02
2025-12-17 09:59:00,NSE,25902.4,25900,2025-12-23,2025-12-30,2026-01-06,2026-01-13,2026-01-20,14109450,12556685,845,0,890820,1008285,10.540000000000001,10.802499999999998,2025-12-20 01:14:21,0.889948580561255,1.1318616555533105,-845,0,26666135,845,1899105,1.0249051233396582,0.2624999999999975,45.775,-279720,-281540.3333333333,-64698.541666666664,83414,2337585,BULLISH_CONTINUE,f,f,NEUTRAL,NEUTRAL_PREDICT,-444910,183740,2504285,630487.57
2025-12-17 09:58:00,NSE,25902.4,25900,2025-12-23,2025-12-30,2026-01-06,2026-01-13,2026-01-20,14108605,12556685,314325,-130585,930285,1574000,10.6025,10.665,2025-12-20 01:14:19,0.8900018818302731,1.6919546160585197,-444910,-0.4154457965481588,26665290,183740,2504285,1.0058948361235558,0.0625,0,-535292,-281505.6666666667,-67474.78260869565,156528,2886727,BULLISH_CONTINUE,f,f,STRONG_BULLISH,NEUTRAL_PREDICT,-130,130,2703460,644507.59
2025-12-17 09:57:00,NSE,25902.4,25900,2025-12-23,2025-12-30,2026-01-06,2026-01-13,2026-01-20,13794280,12687270,130,0,1535635,1167825,10.6325,10.727500000000001,2025-12-20 01:14:17,0.9197486204426762,0.7604834482152334,-130,0,26481550,130,2703460,1.0089348695038798,0.09500000000000064,49.35,-632991,-206266.33333333334,-50318.63636363636,141641,3015050,BULLISH_CONTINUE,f,f,NEUTRAL,NEUTRAL_PREDICT,-1235,1235,2495405,654277.07
2025-12-17 09:56:00,NSE,25902.4,25900,2025-12-23,2025-12-30,2026-01-06,2026-01-13,2026-01-20,13794150,12687270,1235,0,1451900,1043505,10.61,10.7225,2025-12-20 01:14:15,0.9197572884157414,0.7187168537778084,-1235,0,26481420,1235,2495405,1.010603204524034,0.11250000000000071,43.825,-632926,-206266.33333333334,-52708.57142857143,141628,3039059,BULLISH_CONTINUE,f,f,NEUTRAL,NEUTRAL_PREDICT,-951480,231120,2085670,670336.08
2025-12-17 09:55:00,NSE,25902.4,25900,2025-12-23,2025-12-30,2026-01-06,2026-01-13,2026-01-20,13792915,12687270,591300,-360180,1075725,1009945,10.6925,10.635,2025-12-20 01:14:13,0.9198396423091131,0.9388505426572776,-951480,-0.6091324200913242,26480185,231120,2085670,0.994622398877718,-0.057500000000000995,0,-778255,-114217.66666666667,-55282.25,166127,3176840,BULLISH_CONTINUE,f,f,STRONG_BULLISH,NEUTRAL_PREDICT,-1278705,366415,4644815,687643.85
2025-12-17 09:52:00,NSE,25902.4,25900,2025-12-23,2025-12-30,2026-01-06,2026-01-13,2026-01-20,13201615,13047450,822560,-456145,1719120,2925695,10.840000000000002,10.655000000000001,2025-12-20 01:14:06,0.9883222620868735,1.7018561822327702,-1278705,-0.5545431336315891,26249065,366415,4644815,0.9829335793357933,-0.1850000000000005,0,-573858,-8021.333333333333,-8113.9473684210525,91816,3941511,BULLISH_CONTINUE,f,f,STRONG_BULLISH,NEUTRAL_PREDICT,-933405,109305,3145900,672424.50
2025-12-17 09:49:00,NSE,25902.4,25900,2025-12-23,2025-12-30,2026-01-06,2026-01-13,2026-01-20,12379055,13503595,521355,-412050,1171465,1974435,10.732500000000002,10.610000000000001,2025-12-20 01:14:00,1.0908421523290752,1.6854408795824032,-933405,-0.7903443910579164,25882650,109305,3145900,0.9885860703470766,-0.1225000000000005,0,-245722,108898.66666666667,62474.444444444445,75744,3336029,BULLISH_TURN,f,f,STRONG_BULLISH,NEUTRAL_PREDICT,195,65,2823505,615232.82
2025-12-17 09:47:00,NSE,25902.4,25900,2025-12-23,2025-12-30,2026-01-06,2026-01-13,2026-01-20,11857700,13915645,-65,130,1006085,1817420,10.6025,10.745000000000001,2025-12-20 01:13:56,1.1735534715838654,1.8064278863117929,195,2,25773345,65,2823505,1.0134402263617073,0.14250000000000185,50.975,89389,171156,121055.58823529411,258327,3140542,BEARISH_TURN,f,f,NEUTRAL,NEUTRAL_PREDICT,-727880,123730,3184310,580117.36
2025-12-17 09:46:00,NSE,25902.4,25900,2025-12-23,2025-12-30,2026-01-06,2026-01-13,2026-01-20,11857765,13915515,425805,-302075,1539890,1644420,10.7375,10.6675,2025-12-20 01:13:54,1.1735360753059283,1.0678814720531986,-727880,-0.7094209790866711,25773280,123730,3184310,0.9934807916181606,-0.07000000000000028,0,-67838,190290.66666666666,128609.375,535762,3340113,BULLISH_TURN,t,f,STRONG_BULLISH,NEUTRAL_PREDICT,70505,-140435,5909025,598278.54
2025-12-17 09:43:00,NSE,25902.4,25900,2025-12-23,2025-12-30,2026-01-06,2026-01-13,2026-01-20,11431960,14217590,-105470,-34965,2364665,3544360,10.764999999999999,10.672500000000001,2025-12-20 01:13:47,1.2436703767332986,1.498884620020172,70505,-0.33151607092064095,25649550,-140435,5909025,0.9914073385973063,-0.09249999999999758,100,77725,185708.66666666666,185708.66666666666,511003,3262936,BEARISH_CONTINUE,t,t,STRONG_BEARISH,BEARISH_PREDICT,361975,286055,1617405,572374.70
2025-12-17 09:40:00,NSE,25902.4,25900,2025-12-23,2025-12-30,2026-01-06,2026-01-13,2026-01-20,11537430,14252555,-37960,324015,688815,928590,10.6525,10.6175,2025-12-20 01:13:41,1.2353318720026905,1.3480978201694214,361975,8.535695468914646,25789985,286055,1617405,0.9967143862942971,-0.03500000000000014,100,8957,193937.5,193937.5,645589,2627944,BEARISH_CONTINUE,f,f,STRONG_BEARISH,NEUTRAL_PREDICT,742150,1022220,2168465,593059.82
2025-12-17 09:37:00,NSE,25902.4,25900,2025-12-23,2025-12-30,2026-01-06,2026-01-13,2026-01-20,11575390,13928540,140035,882185,1133670,1034795,10.685,10.67,2025-12-20 01:13:35,1.2032890468485296,0.9127832614429243,742150,6.299746491948442,25503930,1022220,2168465,0.9985961628451099,-0.015000000000000568,100,-63503,181011.53846153847,181011.53846153847,588313,2888546,BEARISH_TURN,f,f,STRONG_BEARISH,NEUTRAL_PREDICT,-785940,1387240,3821360,615220.20
2025-12-17 09:34:00,NSE,25902.4,25900,2025-12-23,2025-12-30,2026-01-06,2026-01-13,2026-01-20,11435355,13046355,1086590,300650,2043265,1778095,10.785,10.5225,2025-12-20 01:13:28,1.1408788795800393,0.8702224136369976,-785940,0.27669130030646333,24481710,1387240,3821360,0.9756606397774688,-0.2624999999999993,0,-75197,134250,134250,606721,2802443,BULLISH_CONTINUE,t,f,STRONG_BULLISH,NEUTRAL_PREDICT,-65,-65,2798425,617975.77
2025-12-17 09:32:00,NSE,25902.4,25900,2025-12-23,2025-12-30,2026-01-06,2026-01-13,2026-01-20,10348765,12745705,0,-65,1481615,1316810,10.8175,10.5925,2025-12-20 01:13:24,1.2316160430737388,0.8887666499056772,-65,,23094470,-65,2798425,0.979200369771204,-0.22500000000000142,49.675,81965,217903.63636363635,217903.63636363635,329299,2393928,BULLISH_CONTINUE,t,f,NEUTRAL,NEUTRAL_PREDICT,-273335,532495,2734065,572460.28
2025-12-17 09:31:00,NSE,25902.4,25900,2025-12-23,2025-12-30,2026-01-06,2026-01-13,2026-01-20,10348765,12745770,402915,129580,1019995,1714070,10.870000000000001,10.572499999999998,2025-12-20 01:13:22,1.2316223240164406,1.6804690219069702,-273335,0.3216062941315166,23094535,532495,2734065,0.9726310947562095,-0.297500000000003,0,357877,239700.5,239700.5,643231,2440606,BULLISH_CONTINUE,t,f,STRONG_BULLISH,NEUTRAL_PREDICT,-325,-325,2920415,598595.24
2025-12-17 09:29:00,NSE,25902.4,25900,2025-12-23,2025-12-30,2026-01-06,2026-01-13,2026-01-20,9945850,12616190,0,-325,1435205,1485210,10.9675,10.5425,2025-12-20 01:13:18,1.2684878617714925,1.0348417125079692,-325,,22562040,-325,2920415,0.9612491452017324,-0.42499999999999893,48.375,540837,296704.44444444444,296704.44444444444,927543,3082534,BULLISH_TURN,t,f,NEUTRAL,NEUTRAL_PREDICT,683680,1114260,1737950,605433.31
2025-12-17 09:28:00,NSE,25902.4,25900,2025-12-23,2025-12-30,2026-01-06,2026-01-13,2026-01-20,9945850,12616515,215290,898970,734875,1003075,10.797500000000001,10.59,2025-12-20 01:13:16,1.2685205387171534,1.364960027215513,683680,4.175623577500116,22562365,1114260,1737950,0.980782588562167,-0.20750000000000135,100,635921,333833.125,333833.125,1563957,2882972,BEARISH_TURN,f,f,STRONG_BEARISH,NEUTRAL_PREDICT,-130,130,1778785,636187.43
2025-12-17 09:27:00,NSE,25902.4,25900,2025-12-23,2025-12-30,2026-01-06,2026-01-13,2026-01-20,9730560,11717545,130,0,927810,850975,10.9275,10.5225,2025-12-20 01:13:14,1.2042004776703499,0.9171867084855736,-130,0,21448105,130,1778785,0.9629375428963625,-0.40499999999999936,49.35,499276,283855,283855,1341196,3300696,BULLISH_TURN,f,f,NEUTRAL,NEUTRAL_PREDICT,1379495,1569595,3031815,669983.04
2025-12-17 09:25:00,NSE,25902.4,25900,2025-12-23,2025-12-30,2026-01-06,2026-01-13,2026-01-20,9730430,11717545,95050,1474545,1713315,1318500,10.635,10.594999999999999,2025-12-20 01:13:10,1.2042165659688215,0.7695607637824918,1379495,15.513361388742767,21447975,1569595,3031815,0.9962388340385518,-0.040000000000000924,100,556745,331185.8333333333,331185.8333333333,1716643,3925925,BEARISH_CONTINUE,f,f,STRONG_BEARISH,NEUTRAL_PREDICT,641465,1954055,5943705,720995.82
2025-12-17 09:22:00,NSE,25902.4,25900,2025-12-23,2025-12-30,2026-01-06,2026-01-13,2026-01-20,9635380,10243000,656295,1297760,3629800,2313905,10.867500000000001,10.504999999999999,2025-12-20 01:13:03,1.063061342676677,0.6374745165022866,641465,1.9774034542393284,19878380,1954055,5943705,0.966643662295836,-0.3625000000000025,100,121524,121524,121524,3975676,4425377,BEARISH_CONTINUE,f,t,STRONG_BEARISH,BEARISH_PREDICT,475095,3181745,1922605,565780.95
2025-12-17 09:19:00,NSE,25902.4,25900,2025-12-23,2025-12-30,2026-01-06,2026-01-13,2026-01-20,8979085,8945240,1353325,1828420,927270,995335,11.075,10.2875,2025-12-20 01:12:57,0.9962306849751394,1.0734036472656292,475095,1.3510575804038203,17924325,3181745,1922605,0.9288939051918736,-0.7874999999999996,100,-8461.25,-8461.25,-8461.25,4481081.25,4045795,BEARISH_CONTINUE,f,f,STRONG_BEARISH,NEUTRAL_PREDICT,455,455,3826570,560508.41
2025-12-17 09:17:00,NSE,25902.4,25900,2025-12-23,2025-12-30,2026-01-06,2026-01-13,2026-01-20,7625760,7116820,0,455,2179790,1646780,10.985,10.4925,2025-12-20 01:12:53,0.9332604225677178,0.7554764449786447,455,,14742580,455,3826570,0.9551661356395085,-0.4924999999999997,52.275,-169646.66666666666,-169646.66666666666,-169646.66666666666,4914193.333333333,4753525,BEARISH_CONTINUE,f,f,NEUTRAL,NEUTRAL_PREDICT,287215,1877365,4904930,561578.21
2025-12-17 09:16:00,NSE,25902.4,25900,2025-12-23,2025-12-30,2026-01-06,2026-01-13,2026-01-20,7625760,7116365,795075,1082290,2653985,2250945,10.807500000000001,10.6775,2025-12-20 01:12:51,0.933200756383626,0.8481378003266785,287215,1.3612426500644594,14742125,1877365,4904930,0.987971316215591,-0.13000000000000078,100,-254697.5,-254697.5,-254697.5,7371062.5,5217002.5,BEARISH_TURN,f,f,STRONG_BEARISH,NEUTRAL_PREDICT,-796610,12864760,5529075,766380.01
2025-12-17 09:15:00,NSE,25902.4,25900,2025-12-23,2025-12-30,2026-01-06,2026-01-13,2026-01-20,6830685,6034075,6830685,6034075,2783495,2745580,10.822500000000002,10.717499999999998,2025-12-20 01:12:49,0.883377728587982,0.9863786354924294,-796610,0.883377728587982,12864760,12864760,5529075,0.9902979902979899,-0.10500000000000398,0,-796610,-796610,-796610,12864760,5529075,,f,f,STRONG_BULLISH,NEUTRAL_PREDICT,,,,0.00
2025-12-16 15:30:00,NSE,25951.5,25950,2025-12-23,2025-12-30,2026-01-06,2026-01-13,2026-01-20,2669725,1618160,-5775,-33450,113175,78490,11.500000000000002,10.329999999999998,2025-12-20 01:12:46,0.6061148620176235,0.6935277225535675,-27675,-5.792207792207792,4287885,-39225,191665,0.8982608695652171,-1.1700000000000035,0,-20227,-12270,-5970.666666666667,-17955,150141,BULLISH_CONTINUE,f,f,BULLISH,NEUTRAL_PREDICT,-27675,-39225,191665,19036.71
2025-12-16 15:29:00,NSE,25951.5,25950,2025-12-23,2025-12-30,2026-01-06,2026-01-13,2026-01-20,2669725,1618160,-5775,-33450,113175,78490,11.500000000000002,10.329999999999998,2025-12-20 01:12:44,0.6061148620176235,0.6935277225535675,-27675,-5.792207792207792,4287885,-39225,191665,0.8982608695652171,-1.1700000000000035,0,-14705,-10429.333333333334,-5113.166666666667,-10097,138971,BULLISH_CONTINUE,t,f,BULLISH,NEUTRAL_PREDICT,-130,130,142695,18599.71
2025-12-16 15:27:00,NSE,25951.5,25950,2025-12-23,2025-12-30,2026-01-06,2026-01-13,2026-01-20,2675500,1651610,130,0,73405,69290,11.685,10.022499999999999,2025-12-20 01:12:40,0.6173089142216408,0.9439411484231319,-130,0,4327110,130,142695,0.8577235772357722,-1.6625000000000014,49.35,-5870,-8580,-4058.1666666666665,-3092,118263,BULLISH_CONTINUE,t,f,NEUTRAL,NEUTRAL_PREDICT,-45525,-11325,103010,18168.46
2025-12-16 15:26:00,NSE,25951.5,25950,2025-12-23,2025-12-30,2026-01-06,2026-01-13,2026-01-20,2675370,1651610,17100,-28425,55460,47550,11.475000000000001,10.265,2025-12-20 01:12:38,0.6173389101320566,0.8573746844572665,-45525,-1.662280701754386,4326980,-11325,103010,0.894553376906318,-1.2100000000000009,0,-5883,-8711.333333333334,-4731.333333333333,-3079,111127,BULLISH_CONTINUE,f,f,BULLISH,NEUTRAL_PREDICT,-130,-130,121670,18390.66
2025-12-16 15:25:00,NSE,25951.5,25950,2025-12-23,2025-12-30,2026-01-06,2026-01-13,2026-01-20,2658270,1680035,0,-130,75815,45855,11.4175,10.305,2025-12-20 01:12:36,0.6320031449025117,0.6048275407241311,-130,,4338305,-130,121670,0.9025618567987738,-1.1125000000000007,49.35,6942,-6591.333333333333,-3218.1666666666665,-15124,122098,BULLISH_CONTINUE,t,f,NEUTRAL,NEUTRAL_PREDICT,-65,65,135815,16709.11
2025-12-16 15:24:00,NSE,25951.5,25950,2025-12-23,2025-12-30,2026-01-06,2026-01-13,2026-01-20,2658270,1680165,65,0,87215,48600,11.5475,10.192499999999999,2025-12-20 01:12:34,0.6320520488889391,0.5572435934185633,-65,0,4338435,65,135815,0.8826585841091145,-1.3550000000000004,49.675,6201,-6582.666666666667,-3201.3333333333335,-14331,125982,BULLISH_TURN,t,f,NEUTRAL,NEUTRAL_PREDICT,16500,-4200,88125,16712.58
2025-12-16 15:23:00,NSE,25951.5,25950,2025-12-23,2025-12-30,2026-01-06,2026-01-13,2026-01-20,2658205,1680165,-10350,6150,60150,27975,11.5025,10.212499999999999,2025-12-20 01:12:32,0.6320675041992623,0.46508728179551123,16500,0.5942028985507246,4338370,-4200,88125,0.8878504672897195,-1.290000000000001,100,787,-7323.333333333333,-3312.3333333333335,-8941,124122,BEARISH_TURN,t,f,NEUTRAL,NEUTRAL_PREDICT,-195,195,107015,16702.09
2025-12-16 15:21:00,NSE,25951.5,25950,2025-12-23,2025-12-30,2026-01-06,2026-01-13,2026-01-20,2668555,1674015,195,0,57140,49875,11.7975,9.775,2025-12-20 01:12:27,0.6273114101077175,0.8728561428071404,-195,0,4342570,195,107015,0.8285653740199196,-2.022499999999999,49.025,-6683,-5823.333333333333,-3684.8333333333335,-3361,127958,BULLISH_TURN,t,f,NEUTRAL,NEUTRAL_PREDICT,18600,-71550,157865,16366.22
2025-12-16 15:20:00,NSE,25951.5,25950,2025-12-23,2025-12-30,2026-01-06,2026-01-13,2026-01-20,2668360,1674015,-45075,-26475,90750,67115,11.6375,9.975,2025-12-20 01:12:25,0.6273572531442534,0.7395592286501378,18600,-0.5873544093178037,4342375,-71550,157865,0.8571428571428572,-1.6624999999999996,100,-6631,-5801.666666666667,-3495.8333333333335,-3361,127270,BEARISH_TURN,t,f,NEUTRAL,NEUTRAL_PREDICT,-3835,3835,141090,16440.48
2025-12-16 15:18:00,NSE,25951.5,25950,2025-12-23,2025-12-30,2026-01-06,2026-01-13,2026-01-20,2713435,1700490,3835,0,110810,30280,11.5725,10.0125,2025-12-20 01:12:21,0.6266927344859928,0.27326053605270284,-3835,0,4413925,3835,141090,0.865197666882696,-1.5600000000000005,30.825,-22921,-8196.666666666666,-4139.666666666667,11459,118662,BULLISH_CONTINUE,f,f,NEUTRAL,NEUTRAL_PREDICT,-27135,27015,126515,15915.15
2025-12-16 15:17:00,NSE,25951.5,25950,2025-12-23,2025-12-30,2026-01-06,2026-01-13,2026-01-20,2709600,1700490,27075,-60,96750,29765,11.547500000000001,10.0075,2025-12-20 01:12:19,0.6275797165633303,0.30764857881136953,-27135,-0.00221606648199446,4410090,27015,126515,0.8666378003896946,-1.540000000000001,0,-22784,-7932.333333333333,-4355.5,17232,108997,BULLISH_CONTINUE,f,f,BULLISH,NEUTRAL_PREDICT,-20850,23700,107305,15954.73
2025-12-16 15:14:00,NSE,25951.5,25950,2025-12-23,2025-12-30,2026-01-06,2026-01-13,2026-01-20,2682525,1700550,22275,1425,74100,33205,11.4525,10.065,2025-12-20 01:12:13,0.6339363100064305,0.44811066126855603,-20850,0.06397306397306397,4383075,23700,107305,0.8788474132285526,-1.387500000000001,0,-17370,-5568.333333333333,-3457.5,11842,102916,BULLISH_TURN,f,f,BULLISH,NEUTRAL_PREDICT,65,195,103575,15376.05
2025-12-16 15:12:00,NSE,25951.5,25950,2025-12-23,2025-12-30,2026-01-06,2026-01-13,2026-01-20,2660250,1699125,65,130,71045,32530,11.3,10.25,2025-12-20 01:12:09,0.6387087679729349,0.45787880920543317,65,2,4359375,195,103575,0.9070796460176991,-1.0500000000000007,50.325,-13187,-4153.333333333333,-4122.5,7115,92043,BEARISH_TURN,f,f,NEUTRAL,NEUTRAL_PREDICT,-62850,2550,114825,16541.44
2025-12-16 15:11:00,NSE,25951.5,25950,2025-12-23,2025-12-30,2026-01-06,2026-01-13,2026-01-20,2660185,1698995,32700,-30150,60975,53850,11.442499999999999,10.175,2025-12-20 01:12:07,0.6386755056509228,0.8831488314883149,-62850,-0.9220183486238532,4359180,2550,114825,0.889228752457942,-1.2674999999999983,0,-13620,-4058.3333333333335,-4126.833333333333,8396,89283,BULLISH_CONTINUE,f,f,STRONG_BULLISH,BULLISH_PREDICT,-3150,32700,92765,16540.32
2025-12-16 15:08:00,NSE,25951.5,25950,2025-12-23,2025-12-30,2026-01-06,2026-01-13,2026-01-20,2627485,1729145,17925,14775,47765,45000,11.255,10.424999999999999,2025-12-20 01:12:01,0.6580989044656772,0.9421124254160996,-3150,0.8242677824267782,4356630,32700,92765,0.9262549977787649,-0.8300000000000018,34.25,-3795,123,-2034,8051,81483,BULLISH_CONTINUE,f,f,NEUTRAL,NEUTRAL_PREDICT,-65,65,96110,12276.38
2025-12-16 15:07:00,NSE,25951.5,25950,2025-12-23,2025-12-30,2026-01-06,2026-01-13,2026-01-20,2609560,1714370,65,0,59970,36140,11.227500000000001,10.530000000000001,2025-12-20 01:11:59,0.6569574947500728,0.6026346506586626,-65,0,4323930,65,96110,0.9378757515030061,-0.6974999999999998,49.675,-3165,328.6666666666667,-2631.5,1485,91756,BULLISH_TURN,f,f,NEUTRAL,NEUTRAL_PREDICT,65,65,52940,12759.28
2025-12-16 15:06:00,NSE,25951.5,25950,2025-12-23,2025-12-30,2026-01-06,2026-01-13,2026-01-20,2609495,1714370,0,65,26775,26165,11.312499999999998,10.442499999999999,2025-12-20 01:11:56,0.6569738589267272,0.9772175536881419,65,,4323865,65,52940,0.9230939226519338,-0.8699999999999992,50.325,-5387,203,-2631.5,5747,80769,BEARISH_TURN,f,f,NEUTRAL,NEUTRAL_PREDICT,-2100,6600,89775,12759.28
2025-12-16 15:05:00,NSE,25951.5,25950,2025-12-23,2025-12-30,2026-01-06,2026-01-13,2026-01-20,2609495,1714305,4350,2250,51975,37800,11.540000000000001,10.175,2025-12-20 01:11:54,0.6569489498926038,0.7272727272727273,-2100,0.5172413793103449,4323800,6600,89775,0.8817157712305026,-1.3650000000000002,39.5,2400,463.6666666666667,-4371.833333333333,-746,94631,BULLISH_CONTINUE,f,f,NEUTRAL,NEUTRAL_PREDICT,-13725,825,75825,15618.99
2025-12-16 15:02:00,NSE,25951.5,25950,2025-12-23,2025-12-30,2026-01-06,2026-01-13,2026-01-20,2605145,1712055,7275,-6450,43500,32325,11.4275,10.2425,2025-12-20 01:11:48,0.6571822297799162,0.743103448275862,-13725,-0.8865979381443299,4317200,825,75825,0.8963027783854736,-1.1850000000000005,0,2846,-751.3333333333334,-4295.333333333333,-2040,89409,NEUTRAL,t,f,NEUTRAL,NEUTRAL_PREDICT,0,-130,144130,15636.11
2025-12-16 15:00:00,NSE,25951.5,25950,2025-12-23,2025-12-30,2026-01-06,2026-01-13,2026-01-20,2597870,1718505,-65,-65,94715,49415,11.190000000000001,10.5,2025-12-20 01:11:44,0.6615053871055904,0.521723063928628,0,-1,4316375,-130,144130,0.9383378016085789,-0.6900000000000013,50,2126,155,-4312.833333333333,-11520,104752,NEUTRAL,t,t,NEUTRAL,NEUTRAL_PREDICT,-11175,21375,41175,15647.32
2025-12-16 14:59:00,NSE,25951.5,25950,2025-12-23,2025-12-30,2026-01-06,2026-01-13,2026-01-20,2597935,1718570,16275,5100,16575,24600,11.302499999999998,10.440000000000001,2025-12-20 01:11:42,0.661513856197326,1.4841628959276019,-11175,0.31336405529953915,4316505,21375,41175,0.9236894492368948,-0.8624999999999972,0,2152,180,-3655.3333333333335,-11520,91781,BULLISH_TURN,t,f,NEUTRAL,NEUTRAL_PREDICT,39000,-32400,122250,16238.07
2025-12-16 14:56:00,NSE,25951.5,25950,2025-12-23,2025-12-30,2026-01-06,2026-01-13,2026-01-20,2581660,1713470,-35700,3300,76575,45675,11.095,10.6175,2025-12-20 01:11:36,0.6637086215845619,0.5964740450538688,39000,0.09243697478991597,4295130,-32400,122250,0.9569625957638576,-0.4775000000000009,100,6052,698.6666666666666,-3278.5,-18840,92036,BEARISH_CONTINUE,t,f,BEARISH,NEUTRAL_PREDICT,130,130,63665,16188.64
2025-12-16 14:55:00,NSE,25951.5,25950,2025-12-23,2025-12-30,2026-01-06,2026-01-13,2026-01-20,2617360,1710170,0,130,41700,21965,11.32,10.415,2025-12-20 01:11:34,0.6533950239936425,0.5267386091127099,130,,4327530,130,63665,0.9200530035335688,-0.9050000000000011,50.65,-1673,-1546.3333333333333,-5988.5,-12285,79511,BEARISH_TURN,t,f,NEUTRAL,NEUTRAL_PREDICT,-17325,-46575,152540,15663.46
2025-12-16 14:53:00,NSE,25951.5,25950,2025-12-23,2025-12-30,2026-01-06,2026-01-13,2026-01-20,2617360,1710040,-14625,-31950,72965,79575,11.3825,10.4675,2025-12-20 01:11:29,0.6533453556255158,1.0905913794284932,-17325,-2.1846153846153844,4327400,-46575,152540,0.9196134416867998,-0.9150000000000009,0,-1401,-1190,-7028.5,-11349,77604,BULLISH_TURN,f,f,NEUTRAL,NEUTRAL_PREDICT,130,-130,79275,16267.35
2025-12-16 14:51:00,NSE,25951.5,25950,2025-12-23,2025-12-30,2026-01-06,2026-01-13,2026-01-20,2631985,1741990,-130,0,37200,42075,11.38,10.4325,2025-12-20 01:11:25,0.6618540759160861,1.1310483870967742,130,0,4373975,-130,79275,0.9167398945518452,-0.9475000000000016,50.65,2038,-82.66666666666667,-6453.166666666667,-2008,57783,BEARISH_CONTINUE,f,f,NEUTRAL,NEUTRAL_PREDICT,8325,-15225,42450,16195.69
2025-12-16 14:50:00,NSE,25951.5,25950,2025-12-23,2025-12-30,2026-01-06,2026-01-13,2026-01-20,2632115,1741990,-11775,-3450,26325,16125,11.504999999999999,10.317499999999999,2025-12-20 01:11:23,0.6618213869834715,0.6125356125356125,8325,-0.2929936305732484,4374105,-15225,42450,0.8967840069534985,-1.1875,91.625,1999,-778.6666666666666,-6762.5,-1995,58801,BEARISH_CONTINUE,t,f,NEUTRAL,NEUTRAL_PREDICT,375,375,59625,16154.19
2025-12-16 14:48:00,NSE,25951.5,25950,2025-12-23,2025-12-30,2026-01-06,2026-01-13,2026-01-20,2643890,1745440,0,375,34050,25575,11.7025,10.1725,2025-12-20 01:11:19,0.6601787517635,0.751101321585903,375,,4389330,375,59625,0.869258705404828,-1.5300000000000011,51.875,-56,-1346.6666666666667,-8707.5,1560,65341,BEARISH_CONTINUE,f,f,NEUTRAL,NEUTRAL_PREDICT,1490,4810,54130,17712.55
2025-12-16 14:47:00,NSE,25951.5,25950,2025-12-23,2025-12-30,2026-01-06,2026-01-13,2026-01-20,2643890,1745065,1660,3150,33280,20850,11.41,10.4525,2025-12-20 01:11:17,0.6600369153028303,0.6265024038461539,1490,1.8975903614457832,4388955,4810,54130,0.9160823838737949,-0.9574999999999996,57.45,664,-4091.6666666666665,-10975.333333333334,3450,57976,BEARISH_TURN,f,f,NEUTRAL,NEUTRAL_PREDICT,-130,130,53435,20625.49
2025-12-16 14:46:00,NSE,25951.5,25950,2025-12-23,2025-12-30,2026-01-06,2026-01-13,2026-01-20,2642230,1741915,130,0,31695,21740,11.475,10.2825,2025-12-20 01:11:15,0.6592594134500025,0.6859126045117526,-130,0,4384145,130,53435,0.8960784313725491,-1.192499999999999,49.35,-3699,-4195.333333333333,-11025,6433,55730,BULLISH_CONTINUE,t,f,NEUTRAL,NEUTRAL_PREDICT,-65,-65,84365,20596.21
2025-12-16 14:45:00,NSE,25951.5,25950,2025-12-23,2025-12-30,2026-01-06,2026-01-13,2026-01-20,2642100,1741915,0,-65,64650,19715,11.719999999999999,10.245,2025-12-20 01:11:13,0.6592918511789864,0.30494972931167824,-65,,4384015,-65,84365,0.8741467576791809,-1.4749999999999996,49.675,-3699,-4191,-11897.833333333334,6407,57410,BULLISH_CONTINUE,t,f,NEUTRAL,NEUTRAL_PREDICT,-1950,2550,75150,20673.27
2025-12-16 14:44:00,NSE,25951.5,25950,2025-12-23,2025-12-30,2026-01-06,2026-01-13,2026-01-20,2642100,1741980,2250,300,54975,20175,11.647499999999999,10.2875,2025-12-20 01:11:11,0.6593164528216192,0.3669849931787176,-1950,0.13333333333333333,4384080,2550,75150,0.8832367460828504,-1.3599999999999994,40.25,-3611,-5591.666666666667,-11889.166666666666,6345,49447,BULLISH_TURN,f,t,NEUTRAL,BULLISH_PREDICT,3975,9825,22800,20678.46
2025-12-16 14:42:00,NSE,25951.5,25950,2025-12-23,2025-12-30,2026-01-06,2026-01-13,2026-01-20,2639850,1741680,2925,6900,14700,8100,11.629999999999999,10.305,2025-12-20 01:11:07,0.6597647593613274,0.5510204081632653,3975,2.358974358974359,4381530,9825,22800,0.8860705073086845,-1.3249999999999993,69.875,-3900,-5466,-12658.833333333334,8404,42303,BEARISH_TURN,f,f,NEUTRAL,NEUTRAL_PREDICT,-20325,19725,42900,20725.42
2025-12-16 14:41:00,NSE,25951.5,25950,2025-12-23,2025-12-30,2026-01-06,2026-01-13,2026-01-20,2636925,1734780,20025,-300,26475,16425,11.6875,10.2725,2025-12-20 01:11:04,0.6578799169487187,0.6203966005665722,-20325,-0.0149812734082397,4371705,19725,42900,0.8789304812834225,-1.4149999999999991,0,-3630,-9207.333333333334,-12793.5,7924,50853,BULLISH_CONTINUE,f,f,BULLISH,NEUTRAL_PREDICT,-130,0,61835,20626.50
2025-12-16 14:40:00,NSE,25951.5,25950,2025-12-23,2025-12-30,2026-01-06,2026-01-13,2026-01-20,2616900,1735080,65,-65,33345,28490,11.73,10.200000000000001,2025-12-20 01:11:02,0.6630287745041843,0.8544009596641176,-130,-1,4351980,0,61835,0.8695652173913044,-1.5299999999999994,49.35,1530,-7839.333333333333,-12008.5,1324,50984,BULLISH_TURN,f,f,NEUTRAL,NEUTRAL_PREDICT,375,-375,44550,20777.56
2025-12-16 14:39:00,NSE,25951.5,25950,2025-12-23,2025-12-30,2026-01-06,2026-01-13,2026-01-20,2616835,1735145,-375,0,17850,26700,11.779999999999998,10.2375,2025-12-20 01:11:00,0.6630700827526382,1.495798319327731,375,0,4351980,-375,44550,0.8690577249575554,-1.5424999999999969,51.875,1413,-8780.666666666666,-11656.666666666666,1467,49341,BEARISH_TURN,t,f,NEUTRAL,NEUTRAL_PREDICT,-3395,12845,39430,21072.90
2025-12-16 14:38:00,NSE,25951.5,25950,2025-12-23,2025-12-30,2026-01-06,2026-01-13,2026-01-20,2617210,1735145,8120,4725,27355,12075,11.805,10.200000000000001,2025-12-20 01:10:56,0.6629750765127751,0.4414183878632791,-3395,0.5818965517241379,4352355,12845,39430,0.8640406607369759,-1.6049999999999986,33.025,-724,-7490.666666666667,-11662.666666666666,2390,56259,BULLISH_TURN,f,f,NEUTRAL,NEUTRAL_PREDICT,5325,7425,65550,21069.39
2025-12-16 14:35:00,NSE,25951.5,25950,2025-12-23,2025-12-30,2026-01-06,2026-01-13,2026-01-20,2609090,1730420,1050,6375,33150,32400,11.67,10.192499999999999,2025-12-20 01:10:50,0.6632274087900379,0.9773755656108597,5325,6.071428571428571,4339510,7425,65550,0.8733933161953726,-1.477500000000001,76.625,-84,-7255.666666666667,-12437,-140,65659,BEARISH_CONTINUE,t,f,NEUTRAL,NEUTRAL_PREDICT,5475,-13275,43555,21181.63
2025-12-16 14:32:00,NSE,25951.5,25950,2025-12-23,2025-12-30,2026-01-06,2026-01-13,2026-01-20,2608040,1724045,-9375,-3900,20830,22725,11.695,10.1975,2025-12-20 01:10:44,0.6610500605818929,1.0909745559289485,5475,-0.416,4332085,-13275,43555,0.8719538264215476,-1.4975000000000005,77.375,-9309,-10430.666666666666,-12616.666666666666,-2915,66932,BEARISH_TURN,t,f,NEUTRAL,NEUTRAL_PREDICT,-715,715,53620,21048.21
2025-12-16 14:31:00,NSE,25951.5,25950,2025-12-23,2025-12-30,2026-01-06,2026-01-13,2026-01-20,2617415,1727945,715,0,31420,22200,11.495000000000001,10.344999999999999,2025-12-20 01:10:42,0.660172345615808,0.7065563335455124,-715,0,4345360,715,53620,0.8999565028273161,-1.1500000000000021,46.425,-10417,-12867,-12801.333333333334,-273,75965,BULLISH_CONTINUE,f,f,NEUTRAL,NEUTRAL_PREDICT,-10310,4240,79140,20907.85
2025-12-16 14:29:00,NSE,25951.5,25950,2025-12-23,2025-12-30,2026-01-06,2026-01-13,2026-01-20,2616700,1727945,7275,-3035,48150,30990,11.420000000000002,10.4325,2025-12-20 01:10:37,0.6603527343600718,0.643613707165109,-10310,-0.41718213058419246,4344645,4240,79140,0.9135288966725041,-0.9875000000000025,0,-10287,-12823.666666666666,-11827.5,-403,86164,BULLISH_CONTINUE,f,f,NEUTRAL,NEUTRAL_PREDICT,-195,195,86430,22134.60
2025-12-16 14:28:00,NSE,25951.5,25950,2025-12-23,2025-12-30,2026-01-06,2026-01-13,2026-01-20,2609425,1730980,195,0,53205,33225,11.600000000000001,10.3475,2025-12-20 01:10:35,0.6633568698084827,0.6244713842683959,-195,0,4340405,195,86430,0.8920258620689654,-1.2525000000000013,49.025,-12440,-12746.333333333334,-10363.833333333334,1074,104221,BULLISH_CONTINUE,t,f,NEUTRAL,NEUTRAL_PREDICT,-40800,-6450,71915,23639.07
2025-12-16 14:26:00,NSE,25951.5,25950,2025-12-23,2025-12-30,2026-01-06,2026-01-13,2026-01-20,2609230,1730980,17175,-23625,37050,34865,11.665,10.2575,2025-12-20 01:10:31,0.6634064455797304,0.941025641025641,-40800,-1.3755458515283843,4340210,-6450,71915,0.8793399057008144,-1.4074999999999989,0,-12414,-16068.333333333334,-10275.166666666666,1048,118140,BULLISH_CONTINUE,f,f,BULLISH,NEUTRAL_PREDICT,-65,-65,88720,23683.47
2025-12-16 14:25:00,NSE,25951.5,25950,2025-12-23,2025-12-30,2026-01-06,2026-01-13,2026-01-20,2592055,1754605,0,-65,62370,26350,11.7225,10.21,2025-12-20 01:10:29,0.676916577773234,0.42247875581208916,-65,,4346660,-65,88720,0.8709746214544679,-1.5124999999999993,49.675,-14683,-17859,-8817.666666666666,2919,158788,BULLISH_CONTINUE,t,f,NEUTRAL,NEUTRAL_PREDICT,-65,65,104615,23077.86
2025-12-16 14:24:00,NSE,25951.5,25950,2025-12-23,2025-12-30,2026-01-06,2026-01-13,2026-01-20,2592055,1754670,65,0,71540,33075,11.3525,10.6125,2025-12-20 01:10:27,0.6769416544016235,0.4623287671232877,-65,0,4346725,65,104615,0.9348161197974015,-0.7399999999999984,49.675,-14631,-17854.666666666668,-8855.5,2945,170616,BULLISH_CONTINUE,f,f,NEUTRAL,NEUTRAL_PREDICT,-21075,11625,169425,23063.95
2025-12-16 14:23:00,NSE,25951.5,25950,2025-12-23,2025-12-30,2026-01-06,2026-01-13,2026-01-20,2591990,1754670,16350,-4725,79650,89775,11.4875,10.3875,2025-12-20 01:10:25,0.6769586302416291,1.1271186440677967,-21075,-0.2889908256880734,4346660,11625,169425,0.9042437431991294,-1.1000000000000014,0,-17468,-19604.666666666668,-8907.333333333334,9682,163838,BULLISH_CONTINUE,f,f,BULLISH,NEUTRAL_PREDICT,-65,65,156025,23045.25
2025-12-16 14:21:00,NSE,25951.5,25950,2025-12-23,2025-12-30,2026-01-06,2026-01-13,2026-01-20,2575640,1759395,65,0,100750,55275,11.54,10.4025,2025-12-20 01:10:20,0.6830904163625351,0.5486352357320099,-65,0,4335035,65,156025,0.9014298093587522,-1.1374999999999993,49.675,-9308,-18186.666666666668,-8592.333333333334,18802,151823,BULLISH_CONTINUE,f,f,NEUTRAL,NEUTRAL_PREDICT,-52145,2905,275155,22937.53
2025-12-16 14:20:00,NSE,25951.5,25950,2025-12-23,2025-12-30,2026-01-06,2026-01-13,2026-01-20,2575575,1759395,27525,-24620,159140,116015,11.6175,10.42,2025-12-20 01:10:18,0.6831076555720568,0.7290121905240668,-52145,-0.8944595821980018,4334970,2905,275155,0.8969227458575425,-1.1974999999999998,0,-9269,-19851.666666666668,-9027.666666666666,18815,137369,BULLISH_TURN,f,f,STRONG_BULLISH,BULLISH_PREDICT,195,65,147860,22894.00
2025-12-16 14:18:00,NSE,25951.5,25950,2025-12-23,2025-12-30,2026-01-06,2026-01-13,2026-01-20,2548050,1784015,-65,130,96355,51505,11.669999999999998,10.407499999999999,2025-12-20 01:10:14,0.7001491336512234,0.5345337553837373,195,2,4332065,65,147860,0.8918166238217653,-1.2624999999999993,50.975,-7300,-16379.666666666666,-7262,28134,92598,BEARISH_TURN,f,t,NEUTRAL,BEARISH_PREDICT,-14250,33750,70725,21451.12
2025-12-16 14:17:00,NSE,25951.5,25950,2025-12-23,2025-12-30,2026-01-06,2026-01-13,2026-01-20,2548115,1783885,24000,9750,38400,32325,11.610000000000001,10.495000000000001,2025-12-20 01:10:12,0.7000802554044853,0.841796875,-14250,0.40625,4332000,33750,70725,0.9039621016365202,-1.1150000000000002,0,-13553,-16177.666666666666,-7346,33225,100672,BULLISH_TURN,f,f,NEUTRAL,NEUTRAL_PREDICT,19725,57225,109350,21425.83
2025-12-16 14:14:00,NSE,25951.5,25950,2025-12-23,2025-12-30,2026-01-06,2026-01-13,2026-01-20,2524115,1774135,18750,38475,21675,87675,11.535,10.572500000000002,2025-12-20 01:10:05,0.7028740766565708,4.044982698961937,19725,2.052,4298250,57225,109350,0.9165583008235806,-0.9624999999999986,100,-10716,-14532.666666666666,-6188.833333333333,26462,118599,BEARISH_CONTINUE,f,f,NEUTRAL,NEUTRAL_PREDICT,130,130,83755,21970.62
2025-12-16 14:13:00,NSE,25951.5,25950,2025-12-23,2025-12-30,2026-01-06,2026-01-13,2026-01-20,2505365,1735660,0,130,36900,46855,11.5625,10.5175,2025-12-20 01:10:04,0.6927772999143837,1.2697831978319782,130,,4241025,130,83755,0.9096216216216216,-1.045,50.65,-16491,-15834.666666666666,-6971,19727,111174,BEARISH_TURN,f,f,NEUTRAL,NEUTRAL_PREDICT,-42300,49500,51300,21427.23
2025-12-16 14:11:00,NSE,25951.5,25950,2025-12-23,2025-12-30,2026-01-06,2026-01-13,2026-01-20,2505365,1735530,45900,3600,26625,24675,11.5375,10.455,2025-12-20 01:10:02,0.6927254112674202,0.9267605633802817,-42300,0.0784313725490196,4240895,49500,51300,0.9061755146262189,-1.0824999999999996,0,-26522,-17618.333333333332,-7427.5,20946,117973,BULLISH_CONTINUE,f,f,BULLISH,NEUTRAL_PREDICT,-31070,25520,188230,21416.61
2025-12-16 14:08:00,NSE,25951.5,25950,2025-12-23,2025-12-30,2026-01-06,2026-01-13,2026-01-20,2459465,1731930,28295,-2775,101465,86765,11.48,10.567499999999999,2025-12-20 01:09:58,0.7041897323198338,0.855122456019317,-31070,-0.09807386464039583,4191395,25520,188230,0.9205139372822299,-0.9125000000000014,0,-31594,-14802.666666666666,-6077.5,11314,158516,BULLISH_CONTINUE,t,f,BULLISH,NEUTRAL_PREDICT,-65,-65,160360,20394.69
2025-12-16 14:07:00,NSE,25951.5,25950,2025-12-23,2025-12-30,2026-01-06,2026-01-13,2026-01-20,2431170,1734705,0,-65,72000,88360,11.715,10.33,2025-12-20 01:09:57,0.7135268204197979,1.2272222222222222,-65,,4165875,-65,160360,0.8817755014938113,-1.3849999999999998,49.675,-25380,-12735.666666666666,-5541.833333333333,6236,153007,BULLISH_CONTINUE,t,t,NEUTRAL,BULLISH_PREDICT,-9150,23550,72225,19921.17
2025-12-16 14:05:00,NSE,25951.5,25950,2025-12-23,2025-12-30,2026-01-06,2026-01-13,2026-01-20,2431170,1734770,16350,7200,40650,31575,11.34,10.587499999999999,2025-12-20 01:09:55,0.7135535565180551,0.7767527675276753,-9150,0.44036697247706424,4165940,23550,72225,0.9336419753086419,-0.7525000000000013,4.25,-30630,-10831.333333333334,-5442.166666666667,3322,148544,BULLISH_CONTINUE,f,f,NEUTRAL,NEUTRAL_PREDICT,-50025,6225,117750,19956.96
2025-12-16 14:02:00,NSE,25951.5,25950,2025-12-23,2025-12-30,2026-01-06,2026-01-13,2026-01-20,2414820,1727570,28125,-21900,46275,71475,11.3675,10.620000000000001,2025-12-20 01:09:51,0.7154032184593468,1.5445705024311183,-50025,-0.7786666666666666,4142390,6225,117750,0.9342423575984167,-0.7474999999999987,0,-28761,-7981.333333333333,-5197.166666666667,-1349,152772,BULLISH_CONTINUE,f,f,STRONG_BULLISH,NEUTRAL_PREDICT,-67660,1340,254015,19954.99
2025-12-16 13:59:00,NSE,25951.5,25950,2025-12-23,2025-12-30,2026-01-06,2026-01-13,2026-01-20,2386695,1749470,34500,-33160,103050,150965,11.322500000000002,10.6275,2025-12-20 01:09:48,0.7330094544966994,1.4649684619116934,-67660,-0.9611594202898551,4136165,1340,254015,0.9386177964230513,-0.6950000000000021,0,-23764,-4482,-4409.666666666667,978,143048,NEUTRAL,f,f,STRONG_BULLISH,NEUTRAL_PREDICT,0,130,160685,18540.98
2025-12-16 13:58:00,NSE,25951.5,25950,2025-12-23,2025-12-30,2026-01-06,2026-01-13,2026-01-20,2352195,1782630,65,65,82705,77980,11.2775,10.6225,2025-12-20 01:09:46,0.757858085745442,0.942869234024545,0,1,4134825,130,160685,0.9419197517180227,-0.6549999999999994,50,-10245,223.66666666666666,-2156.5,697,110720,NEUTRAL,t,f,NEUTRAL,NEUTRAL_PREDICT,-26315,-14635,138045,14185.03
2025-12-16 13:56:00,NSE,25951.5,25950,2025-12-23,2025-12-30,2026-01-06,2026-01-13,2026-01-20,2352130,1782565,5840,-20475,63345,74700,11.254999999999999,10.7475,2025-12-20 01:09:44,0.7578513942681739,1.1792564527587024,-26315,-3.5059931506849313,4134695,-14635,138045,0.9549089293647269,-0.5074999999999985,0,-9600,143.66666666666666,-2849,-1504,101952,BULLISH_TURN,t,f,BULLISH,NEUTRAL_PREDICT,195,195,93365,14577.79
2025-12-16 13:55:00,NSE,25951.5,25950,2025-12-23,2025-12-30,2026-01-06,2026-01-13,2026-01-20,2346290,1803040,0,195,60675,32690,11.2175,10.780000000000001,2025-12-20 01:09:43,0.7684642563365994,0.5387721466831479,195,,4149330,195,93365,0.9609984399375977,-0.4374999999999982,50.975,-2252,1790,-2354.3333333333335,-24842,110418,BEARISH_TURN,f,f,NEUTRAL,NEUTRAL_PREDICT,-25040,17860,69130,13994.17
2025-12-16 13:53:00,NSE,25951.5,25950,2025-12-23,2025-12-30,2026-01-06,2026-01-13,2026-01-20,2346290,1802845,21450,-3590,36075,33055,11.205,10.795,2025-12-20 01:09:41,0.7683811464056021,0.9162855162855162,-25040,-0.16736596736596737,4149135,17860,69130,0.963409192324855,-0.41000000000000014,0,-2252,1002,-2625.8333333333335,-24920,162208,BULLISH_CONTINUE,t,f,BULLISH,NEUTRAL_PREDICT,-65,-65,92375,14021.98
2025-12-16 13:51:00,NSE,25951.5,25950,2025-12-23,2025-12-30,2026-01-06,2026-01-13,2026-01-20,2324840,1806435,0,-65,49650,42725,11.162500000000001,10.8625,2025-12-20 01:09:38,0.7770147623062232,0.8605236656596174,-65,,4131275,-65,92375,0.973124300111982,-0.3000000000000007,49.675,-2569,1796.3333333333333,-2896.1666666666665,-16117,162225,BULLISH_TURN,f,f,NEUTRAL,NEUTRAL_PREDICT,3225,-10875,116845,14537.71
2025-12-16 13:50:00,NSE,25951.5,25950,2025-12-23,2025-12-30,2026-01-06,2026-01-13,2026-01-20,2324840,1806500,-7050,-3825,66145,50700,11.1375,10.767500000000002,2025-12-20 01:09:37,0.7770427212195248,0.7664978456421498,3225,-0.5425531914893617,4131340,-10875,116845,0.9667789001122337,-0.36999999999999744,66.125,-2569,1855.6666666666667,-3084,-16117,166336,BEARISH_CONTINUE,f,f,NEUTRAL,NEUTRAL_PREDICT,10425,-131325,180375,14536.27
2025-12-16 13:47:00,NSE,25951.5,25950,2025-12-23,2025-12-30,2026-01-06,2026-01-13,2026-01-20,2331890,1810325,-70875,-60450,104100,76275,11.2425,10.6625,2025-12-20 01:09:34,0.7763337893296853,0.7327089337175793,10425,-0.852910052910053,4142215,-131325,180375,0.9484100511452079,-0.5800000000000001,100,-3227,1485.6666666666667,-3191.5,-13929,174714,BEARISH_CONTINUE,f,f,NEUTRAL,NEUTRAL_PREDICT,195,-195,352315,14499.88
2025-12-16 13:46:00,NSE,25951.5,25950,2025-12-23,2025-12-30,2026-01-06,2026-01-13,2026-01-20,2402765,1870775,-195,0,173390,178925,11.1325,10.745000000000001,2025-12-20 01:09:32,0.7785925797986902,1.0319222561854777,195,0,4273540,-195,352315,0.965192005389625,-0.3874999999999993,50.975,388,2155,-2095.1666666666665,11916,181704,BEARISH_TURN,t,t,NEUTRAL,BEARISH_PREDICT,-26625,61875,69215,16649.05
2025-12-16 13:44:00,NSE,25951.5,25950,2025-12-23,2025-12-30,2026-01-06,2026-01-13,2026-01-20,2402960,1870775,44250,17625,38465,30750,11.3525,10.73,2025-12-20 01:09:30,0.7785293970769385,0.7994280514753672,-26625,0.3983050847457627,4273735,61875,69215,0.945166262937679,-0.6224999999999987,0,7069,1892.6666666666667,-964.1666666666666,11295,121936,BULLISH_CONTINUE,t,f,BULLISH,NEUTRAL_PREDICT,-65,-65,112930,17914.37
2025-12-16 13:43:00,NSE,25951.5,25950,2025-12-23,2025-12-30,2026-01-06,2026-01-13,2026-01-20,2358710,1853150,0,-65,63965,48965,11.322499999999998,10.767499999999998,2025-12-20 01:09:29,0.7856625019608175,0.7654967560384586,-65,,4211860,-65,112930,0.9509825568558181,-0.5549999999999997,49.675,12887,2763.3333333333335,-634.1666666666666,-2473,116581,BULLISH_CONTINUE,t,f,NEUTRAL,NEUTRAL_PREDICT,-65,65,158735,17512.04
2025-12-16 13:42:00,NSE,25951.5,25950,2025-12-23,2025-12-30,2026-01-06,2026-01-13,2026-01-20,2358710,1853215,65,0,93485,65250,11.355,10.89,2025-12-20 01:09:28,0.7856900593968738,0.6979729368347863,-65,0,4211925,65,158735,0.9590488771466315,-0.46499999999999986,49.675,13485,2647.6666666666665,-1327,-1035,102830,BULLISH_TURN,t,f,NEUTRAL,NEUTRAL_PREDICT,28500,-2100,215325,17895.71
2025-12-16 13:41:00,NSE,25951.5,25950,2025-12-23,2025-12-30,2026-01-06,2026-01-13,2026-01-20,2358645,1853215,-15300,13200,103350,111975,11.087499999999999,11.09,2025-12-20 01:09:27,0.7857117115971246,1.083454281567489,28500,0.8627450980392157,4211860,-2100,215325,1.0002254791431793,0.002500000000001279,100,13258,1652,-1027.3333333333333,752,74263,BEARISH_CONTINUE,f,t,BEARISH,BEARISH_PREDICT,33600,-3300,53475,17992.57
2025-12-16 13:38:00,NSE,25951.5,25950,2025-12-23,2025-12-30,2026-01-06,2026-01-13,2026-01-20,2373945,1840015,-18450,15150,33825,19650,11.3125,10.96,2025-12-20 01:09:24,0.7750874599032412,0.5809312638580931,33600,0.8211382113821138,4213960,-3300,53475,0.968839779005525,-0.35249999999999915,100,7234,-53,-1857.3333333333333,2216,42086,BEARISH_CONTINUE,f,f,BEARISH,NEUTRAL_PREDICT,2465,-6965,42440,17137.51
2025-12-16 13:35:00,NSE,25951.5,25950,2025-12-23,2025-12-30,2026-01-06,2026-01-13,2026-01-20,2392395,1824865,-4715,-2250,28640,13800,11.34,10.9375,2025-12-20 01:09:21,0.7627774677676554,0.4818435754189944,2465,-0.47720042417815484,4217260,-6965,42440,0.9645061728395062,-0.40249999999999986,62.325,-1811,-2413,-3392,4961,35392,BEARISH_CONTINUE,t,f,NEUTRAL,NEUTRAL_PREDICT,2925,7125,44175,15867.17
2025-12-16 13:32:00,NSE,25951.5,25950,2025-12-23,2025-12-30,2026-01-06,2026-01-13,2026-01-20,2397110,1827115,2100,5025,20475,23700,11.315,10.945,2025-12-20 01:09:17,0.762215751467392,1.1575091575091576,2925,2.392857142857143,4224225,7125,44175,0.9673000441891295,-0.3699999999999992,64.625,-4929,-4337.333333333333,-3634.5,9639,29589,BEARISH_TURN,f,t,NEUTRAL,BEARISH_PREDICT,-1200,9000,15900,15830.12
2025-12-16 13:29:00,NSE,25951.5,25950,2025-12-23,2025-12-30,2026-01-06,2026-01-13,2026-01-20,2395010,1822090,5100,3900,10200,5700,11.4725,10.790000000000001,2025-12-20 01:09:14,0.7607859674907411,0.5588235294117647,-1200,0.7647058823529411,4217100,9000,15900,0.9405099150141644,-0.6824999999999992,44,-5349,-4536.666666666667,-3736.3333333333335,8949,29844,BULLISH_CONTINUE,f,f,NEUTRAL,NEUTRAL_PREDICT,-1620,5220,54440,15796.26
2025-12-16 13:26:00,NSE,25951.5,25950,2025-12-23,2025-12-30,2026-01-06,2026-01-13,2026-01-20,2389910,1818190,3420,1800,24815,29625,11.43,10.8325,2025-12-20 01:09:11,0.76077760250386,1.1938343743703406,-1620,0.5263157894736842,4208100,5220,54440,0.9477252843394576,-0.5975000000000001,41.9,-5574,-5841.666666666667,-3671.3333333333335,11694,32079,BULLISH_CONTINUE,f,t,NEUTRAL,BULLISH_PREDICT,-11625,10425,20005,15811.06
2025-12-16 13:23:00,NSE,25951.5,25950,2025-12-23,2025-12-30,2026-01-06,2026-01-13,2026-01-20,2386490,1816390,11025,-600,7255,12750,11.4425,10.8525,2025-12-20 01:09:07,0.7611136019845044,1.7574086836664369,-11625,-0.05442176870748299,4202880,10425,20005,0.948437841380817,-0.5900000000000016,0,-1157,-6498.666666666667,-4382.333333333333,17627,36967,BULLISH_CONTINUE,f,f,NEUTRAL,NEUTRAL_PREDICT,-13125,16425,13425,16190.67
2025-12-16 13:20:00,NSE,25951.5,25950,2025-12-23,2025-12-30,2026-01-06,2026-01-13,2026-01-20,2375465,1816990,14775,1650,4950,8475,11.412500000000001,10.9,2025-12-20 01:09:04,0.7648986619461874,1.7121212121212122,-13125,0.1116751269035533,4192455,16425,13425,0.9550930996714129,-0.5125000000000011,0,420,-6253.666666666667,-4359.833333333333,20070,38754,BULLISH_TURN,f,f,NEUTRAL,NEUTRAL_PREDICT,825,3675,45450,16180.72
2025-12-16 13:17:00,NSE,25951.5,25950,2025-12-23,2025-12-30,2026-01-06,2026-01-13,2026-01-20,2360690,1815340,1425,2250,29100,16350,11.26,11.0175,2025-12-20 01:09:00,0.768987033452084,0.5618556701030928,825,1.5789473684210527,4176030,3675,45450,0.9784635879218473,-0.24249999999999972,54.125,332,-7588.666666666667,-3926.6666666666665,19948,51112,BEARISH_TURN,f,f,NEUTRAL,NEUTRAL_PREDICT,-2325,22725,27075,16111.77
2025-12-16 13:14:00,NSE,25951.5,25950,2025-12-23,2025-12-30,2026-01-06,2026-01-13,2026-01-20,2359265,1813090,12525,10200,17700,9375,11.4175,10.872499999999999,2025-12-20 01:08:57,0.7684978160571195,0.5296610169491526,-2325,0.8143712574850299,4172355,22725,27075,0.9522662579373767,-0.5450000000000017,38.375,-193,-8023.666666666667,-3964.1666666666665,18853,47737,BULLISH_TURN,f,f,NEUTRAL,NEUTRAL_PREDICT,20465,34885,78880,16101.64
2025-12-16 13:11:00,NSE,25951.5,25950,2025-12-23,2025-12-30,2026-01-06,2026-01-13,2026-01-20,2346740,1802890,7210,27675,37630,41250,11.455,10.834999999999997,2025-12-20 01:08:53,0.7682529807307158,1.0961998405527504,20465,3.838418862690707,4149630,34885,78880,0.9458751636839805,-0.6200000000000028,100,-2728,-7868.666666666667,-3814.1666666666665,20548,49642,BEARISH_TURN,f,t,BEARISH,BEARISH_PREDICT,-3740,22640,28940,16138.35
2025-12-16 13:08:00,NSE,25951.5,25950,2025-12-23,2025-12-30,2026-01-06,2026-01-13,2026-01-20,2339530,1775215,13190,9450,14765,14175,11.555,10.73,2025-12-20 01:08:50,0.7587912956875954,0.9600406366407044,-3740,0.7164518574677786,4114745,22640,28940,0.9286023366508006,-0.8249999999999993,31.3,-6236,-6345.333333333333,-4498.5,12776,44231,BULLISH_CONTINUE,f,f,NEUTRAL,NEUTRAL_PREDICT,-13565,15815,75215,15495.80
2025-12-16 13:05:00,NSE,25951.5,25950,2025-12-23,2025-12-30,2026-01-06,2026-01-13,2026-01-20,2326340,1765765,14690,1125,34715,40500,11.67,10.707500000000001,2025-12-20 01:08:46,0.7590313539723342,1.166642661673628,-13565,0.07658270932607215,4092105,15815,75215,0.9175235646958013,-0.9624999999999986,0,-5848,-3821,-4428.833333333333,7588,47593,BULLISH_CONTINUE,t,t,NEUTRAL,BULLISH_PREDICT,-1800,-1800,28575,15504.03
2025-12-16 13:03:00,NSE,25951.5,25950,2025-12-23,2025-12-30,2026-01-06,2026-01-13,2026-01-20,2311650,1764640,0,-1800,18900,9675,11.5375,10.8625,2025-12-20 01:08:44,0.763368156944174,0.5119047619047619,-1800,,4076290,-1800,28575,0.9414951245937162,-0.6749999999999989,41,-8415,-4031.6666666666665,-3801.6666666666665,10605,41833,BULLISH_CONTINUE,t,f,NEUTRAL,NEUTRAL_PREDICT,-15000,31200,36600,15502.26
2025-12-16 13:02:00,NSE,25951.5,25950,2025-12-23,2025-12-30,2026-01-06,2026-01-13,2026-01-20,2311650,1766440,23100,8100,11775,24825,11.517499999999998,10.875,2025-12-20 01:08:43,0.7641468215344018,2.1082802547770703,-15000,0.35064935064935066,4078090,31200,36600,0.9442153245061864,-0.6424999999999983,0,-8068,-5301.666666666667,-3969.1666666666665,10978,47606,BULLISH_TURN,t,f,NEUTRAL,NEUTRAL_PREDICT,2925,-3975,51825,15507.03
2025-12-16 12:59:00,NSE,25951.5,25950,2025-12-23,2025-12-30,2026-01-06,2026-01-13,2026-01-20,2288550,1758340,-3450,-525,22950,28875,11.3875,10.985,2025-12-20 01:08:39,0.7683205523147845,1.2581699346405228,2925,-0.15217391304347827,4046890,-3975,51825,0.9646542261251372,-0.40249999999999986,64.625,-9223,-3706.6666666666665,-3359.1666666666665,9013,52271,BEARISH_TURN,f,f,NEUTRAL,NEUTRAL_PREDICT,-1800,-3300,45750,15417.83
2025-12-16 12:56:00,NSE,25951.5,25950,2025-12-23,2025-12-30,2026-01-06,2026-01-13,2026-01-20,2292000,1758865,-750,-2550,29175,16575,11.695,10.73,2025-12-20 01:08:36,0.7673931064572426,0.5681233933161953,-1800,-3.4,4050865,-3300,45750,0.9174861051731509,-0.9649999999999999,41,-12103,-3661.6666666666665,-3549.1666666666665,12163,57236,BULLISH_CONTINUE,t,f,NEUTRAL,NEUTRAL_PREDICT,-26400,30900,46415,15372.77
2025-12-16 12:53:00,NSE,25951.5,25950,2025-12-23,2025-12-30,2026-01-06,2026-01-13,2026-01-20,2292750,1761415,28650,2250,27075,19340,11.315000000000001,11.12,2025-12-20 01:08:32,0.768254279795006,0.7143120960295476,-26400,0.07853403141361257,4054165,30900,46415,0.9827662395050816,-0.19500000000000206,0,-13333,-4371,-3526.6666666666665,17023,59156,BULLISH_CONTINUE,f,f,BULLISH,NEUTRAL_PREDICT,-65,65,57440,15375.91
2025-12-16 12:51:00,NSE,25951.5,25950,2025-12-23,2025-12-30,2026-01-06,2026-01-13,2026-01-20,2264100,1759165,65,0,23240,34200,11.535,11,2025-12-20 01:08:30,0.7769820237622013,1.4716006884681583,-65,0,4023265,65,57440,0.953619419159081,-0.5350000000000001,49.675,-14683,-2931.6666666666665,-2644.5,17923,58363,BULLISH_CONTINUE,f,f,NEUTRAL,NEUTRAL_PREDICT,-20775,21375,59925,14765.41
2025-12-16 12:50:00,NSE,25951.5,25950,2025-12-23,2025-12-30,2026-01-06,2026-01-13,2026-01-20,2264035,1759165,21075,300,27825,32100,11.6875,10.89,2025-12-20 01:08:29,0.7770043307634379,1.1536388140161724,-20775,0.014234875444839857,4023200,21375,59925,0.9317647058823529,-0.7974999999999994,0,-15810,-2936,-2706.6666666666665,21510,60195,BULLISH_CONTINUE,f,f,BULLISH,NEUTRAL_PREDICT,-11475,11775,76650,14758.10
2025-12-16 12:47:00,NSE,25951.5,25950,2025-12-23,2025-12-30,2026-01-06,2026-01-13,2026-01-20,2242960,1758865,11625,150,23775,52875,11.81,10.684999999999999,2025-12-20 01:08:25,0.7841713628419589,2.22397476340694,-11475,0.012903225806451613,4001825,11775,76650,0.9047417442845045,-1.1250000000000018,0,-11655,-1501,-3053.6666666666665,23475,53790,BULLISH_CONTINUE,f,f,NEUTRAL,NEUTRAL_PREDICT,-7950,21000,55350,15309.66
2025-12-16 12:44:00,NSE,25951.5,25950,2025-12-23,2025-12-30,2026-01-06,2026-01-13,2026-01-20,2231335,1758715,14475,6525,30375,24975,11.487499999999999,10.99,2025-12-20 01:08:22,0.788189581573363,0.8222222222222222,-7950,0.45077720207253885,3990050,21000,55350,0.9566920565832427,-0.4974999999999987,10.25,-697,-2266,-2611.1666666666665,23903,69958,BULLISH_CONTINUE,f,f,NEUTRAL,NEUTRAL_PREDICT,-33150,35400,42450,15249.59
2025-12-16 12:41:00,NSE,25951.5,25950,2025-12-23,2025-12-30,2026-01-06,2026-01-13,2026-01-20,2216860,1752190,34275,1125,22650,19800,11.482500000000002,10.9725,2025-12-20 01:08:18,0.7903927176276355,0.8741721854304636,-33150,0.03282275711159737,3969050,35400,42450,0.9555845852384062,-0.5100000000000016,0,7718,-2466,-3128.6666666666665,21038,79618,BULLISH_CONTINUE,f,f,BULLISH,NEUTRAL_PREDICT,-5700,18000,66600,15693.96
2025-12-16 12:38:00,NSE,25951.5,25950,2025-12-23,2025-12-30,2026-01-06,2026-01-13,2026-01-20,2182585,1751065,11850,6150,24075,42525,11.6325,10.844999999999999,2025-12-20 01:08:15,0.8022894870073789,1.766355140186916,-5700,0.5189873417721519,3933650,18000,66600,0.932301740812379,-0.7875000000000014,21.500000000000004,11003,-264.6666666666667,-2793.6666666666665,10883,80803,NEUTRAL,f,t,NEUTRAL,NEUTRAL_PREDICT,0,31200,27900,15128.09
2025-12-16 12:35:00,NSE,25951.5,25950,2025-12-23,2025-12-30,2026-01-06,2026-01-13,2026-01-20,2170735,1744915,15600,15600,16500,11400,11.355,11.095,2025-12-20 01:08:12,0.8038360278891712,0.6909090909090909,0,1,3915650,31200,27900,0.9771025979744606,-0.2599999999999998,50,7973,95.33333333333333,-2642.6666666666665,12953,74713,NEUTRAL,f,f,NEUTRAL,NEUTRAL_PREDICT,43315,13915,157490,15120.69
2025-12-16 12:32:00,NSE,25951.5,25950,2025-12-23,2025-12-30,2026-01-06,2026-01-13,2026-01-20,2155135,1729315,-14700,28615,94575,62915,11.332500000000001,11.059999999999999,2025-12-20 01:08:08,0.8024160899433214,0.665239228125826,43315,1.9465986394557824,3884450,13915,157490,0.9759541142731081,-0.27250000000000263,100,9758,240.33333333333334,-2653.5,9248,79843,BEARISH_CONTINUE,f,f,BEARISH,NEUTRAL_PREDICT,34125,6675,103650,15118.85
2025-12-16 12:29:00,NSE,25951.5,25950,2025-12-23,2025-12-30,2026-01-06,2026-01-13,2026-01-20,2169835,1700700,-13725,20400,43875,59775,11.38,11.145,2025-12-20 01:08:06,0.7837923160055948,1.3623931623931624,34125,1.4863387978142077,3870535,6675,103650,0.9793497363796132,-0.2350000000000012,100,1815,-2651.6666666666665,-5017.333333333333,11055,53520,BEARISH_TURN,t,t,BEARISH,BEARISH_PREDICT,-16725,-15375,48375,13091.72
2025-12-16 12:26:00,NSE,25951.5,25950,2025-12-23,2025-12-30,2026-01-06,2026-01-13,2026-01-20,2183560,1680300,675,-16050,26700,21675,11.495000000000001,11.1725,2025-12-20 01:08:03,0.7695231640074007,0.8117977528089888,-16725,-23.77777777777778,3863860,-15375,48375,0.9719443236189647,-0.32250000000000156,0,-7498,-5036.666666666667,-6135.333333333333,12028,41043,BULLISH_CONTINUE,t,f,NEUTRAL,NEUTRAL_PREDICT,-20850,28350,36150,10878.91
2025-12-16 12:23:00,NSE,25951.5,25950,2025-12-23,2025-12-30,2026-01-06,2026-01-13,2026-01-20,2182885,1696350,24600,3750,19800,16350,11.6525,11.075,2025-12-20 01:08:01,0.7771137737443796,0.8257575757575758,-20850,0.1524390243902439,3879235,28350,36150,0.9504398197811628,-0.5775000000000006,0,-5115,-3571.6666666666665,-5777.833333333333,16871,39229,BULLISH_TURN,f,f,BULLISH,NEUTRAL_PREDICT,8925,12675,53550,10693.55
2025-12-16 12:20:00,NSE,25951.5,25950,2025-12-23,2025-12-30,2026-01-06,2026-01-13,2026-01-20,2158285,1692600,1875,10800,33900,19650,11.6575,11.025,2025-12-20 01:07:58,0.7842337782081606,0.5796460176991151,8925,5.76,3850885,12675,53550,0.9457430838515977,-0.6325000000000003,94.625,-971,-2636.6666666666665,-5205.333333333333,11227,36857,BEARISH_CONTINUE,f,t,NEUTRAL,BEARISH_PREDICT,3600,22950,25875,10311.74
2025-12-16 12:17:00,NSE,25951.5,25950,2025-12-23,2025-12-30,2026-01-06,2026-01-13,2026-01-20,2156410,1681800,9675,13275,16950,8925,11.712500000000002,11.052499999999998,2025-12-20 01:07:56,0.7799073460056297,0.5265486725663717,3600,1.372093023255814,3838210,22950,25875,0.9436499466382068,-0.6600000000000037,68,-2606,-3011.6666666666665,-6042.5,8182,32282,BEARISH_TURN,f,f,NEUTRAL,NEUTRAL_PREDICT,-12440,11540,41265,10143.12
2025-12-16 12:14:00,NSE,25951.5,25950,2025-12-23,2025-12-30,2026-01-06,2026-01-13,2026-01-20,2146735,1668525,11990,-450,23640,17625,11.735,11,2025-12-20 01:07:53,0.7772384574714625,0.7455583756345178,-12440,-0.03753127606338615,3815260,11540,41265,0.9373668512995313,-0.7349999999999994,0,-7916,-3436.6666666666665,-6095.333333333333,8302,35117,BULLISH_CONTINUE,f,f,NEUTRAL,NEUTRAL_PREDICT,-4810,8840,39305,10095.17
2025-12-16 12:11:00,NSE,25951.5,25950,2025-12-23,2025-12-30,2026-01-06,2026-01-13,2026-01-20,2134745,1668975,6825,2015,20025,19280,11.7925,10.9475,2025-12-20 01:07:51,0.7818146898107268,0.9627965043695381,-4810,0.29523809523809524,3803720,8840,39305,0.9283442866228535,-0.8450000000000006,25.95,-7618,-2682.3333333333335,-6105.666666666667,10344,35564,BULLISH_CONTINUE,f,f,NEUTRAL,NEUTRAL_PREDICT,-130,130,24290,10102.05
2025-12-16 12:09:00,NSE,25951.5,25950,2025-12-23,2025-12-30,2026-01-06,2026-01-13,2026-01-20,2127920,1666960,130,0,13190,11100,11.787500000000001,11.0175,2025-12-20 01:07:49,0.783375314861461,0.8415466262319939,-130,0,3794880,130,24290,0.9346765641569458,-0.7700000000000014,49.35,-6682,-2357.3333333333335,-5990.333333333333,8602,38094,BULLISH_TURN,t,f,NEUTRAL,NEUTRAL_PREDICT,750,-2550,30675,10137.04
2025-12-16 12:08:00,NSE,25951.5,25950,2025-12-23,2025-12-30,2026-01-06,2026-01-13,2026-01-20,2127790,1666960,-1650,-900,14025,16650,11.767500000000002,11.004999999999999,2025-12-20 01:07:48,0.7834231761593015,1.1871657754010696,750,-0.5454545454545454,3794750,-2550,30675,0.9352028893137877,-0.7625000000000028,53.75,-6716,-2477.3333333333335,-6111,8786,54986,BEARISH_TURN,t,f,NEUTRAL,NEUTRAL_PREDICT,-22950,23550,40050,10086.29
2025-12-16 12:07:00,NSE,25951.5,25950,2025-12-23,2025-12-30,2026-01-06,2026-01-13,2026-01-20,2129440,1667860,23250,300,32025,8025,11.77,11.04,2025-12-20 01:07:47,0.7832387857840559,0.2505854800936768,-22950,0.012903225806451613,3797300,23550,40050,0.9379779099405268,-0.7300000000000004,0,-6431,-4606.333333333333,-6151,11741,58271,BULLISH_CONTINUE,f,f,BULLISH,NEUTRAL_PREDICT,-10950,21750,43500,10060.49
2025-12-16 12:04:00,NSE,25951.5,25950,2025-12-23,2025-12-30,2026-01-06,2026-01-13,2026-01-20,2106190,1667560,16350,5400,17100,26400,11.895,10.935,2025-12-20 01:07:45,0.7917424353928183,1.543859649122807,-10950,0.3302752293577982,3773750,21750,43500,0.9192938209331653,-0.9599999999999991,0,-1854,-2956.3333333333335,-5888.666666666667,7044,59026,BULLISH_CONTINUE,f,f,NEUTRAL,NEUTRAL_PREDICT,-130,130,51955,9703.62
2025-12-16 12:03:00,NSE,25951.5,25950,2025-12-23,2025-12-30,2026-01-06,2026-01-13,2026-01-20,2089840,1662160,130,0,21130,30825,11.934999999999999,10.8925,2025-12-20 01:07:44,0.7953527542778395,1.4588263132986274,-130,0,3752000,130,51955,0.9126518642647676,-1.0424999999999986,49.35,6,-3791.3333333333335,-5388.666666666667,2754,59116,BULLISH_CONTINUE,f,f,NEUTRAL,NEUTRAL_PREDICT,-300,1050,108750,9819.59
2025-12-16 12:02:00,NSE,25951.5,25950,2025-12-23,2025-12-30,2026-01-06,2026-01-13,2026-01-20,2089710,1662160,675,375,47925,60825,12.0075,10.877500000000001,2025-12-20 01:07:43,0.7954022328457059,1.269170579029734,-300,0.5555555555555556,3751870,1050,108750,0.9058921507391214,-1.129999999999999,48.5,1082,-5322.666666666667,-5386.5,5608,56795,BULLISH_TURN,f,t,NEUTRAL,BULLISH_PREDICT,2175,12225,47100,9820.80
2025-12-16 12:01:00,NSE,25951.5,25950,2025-12-23,2025-12-30,2026-01-06,2026-01-13,2026-01-20,2089035,1661785,5025,7200,12675,34425,11.9875,10.870000000000001,2025-12-20 01:07:42,0.7954797310720021,2.7159763313609466,2175,1.4328358208955223,3750820,12225,47100,0.9067778936392076,-1.1174999999999997,60.875,-223,-5380.666666666667,-6038.666666666667,6763,42815,BEARISH_TURN,f,f,NEUTRAL,NEUTRAL_PREDICT,-65,65,43825,10116.55
2025-12-16 12:00:00,NSE,25951.5,25950,2025-12-23,2025-12-30,2026-01-06,2026-01-13,2026-01-20,2084010,1654585,65,0,15400,28425,11.9125,10.96,2025-12-20 01:07:41,0.7939429273372008,1.8457792207792207,-65,0,3738595,65,43825,0.9200419727177336,-0.9524999999999988,49.675,2,-5547.333333333333,-6854,7798,44000,BULLISH_CONTINUE,f,f,NEUTRAL,NEUTRAL_PREDICT,-1650,300,43950,10413.07
2025-12-16 11:59:00,NSE,25951.5,25950,2025-12-23,2025-12-30,2026-01-06,2026-01-13,2026-01-20,2083945,1654585,975,-675,18375,25575,11.924999999999999,10.8675,2025-12-20 01:07:40,0.7939676910858972,1.3918367346938776,-1650,-0.6923076923076923,3738530,300,43950,0.9113207547169812,-1.0574999999999992,41.75,-540,-7383,-6279.333333333333,8340,42765,BULLISH_TURN,f,f,NEUTRAL,NEUTRAL_PREDICT,5250,14400,40350,11243.27
2025-12-16 11:58:00,NSE,25951.5,25950,2025-12-23,2025-12-30,2026-01-06,2026-01-13,2026-01-20,2082970,1655260,4575,9825,20100,20250,11.8975,10.9075,2025-12-20 01:07:40,0.7946633892950931,1.007462686567164,5250,2.1475409836065573,3738230,14400,40350,0.9167892414372767,-0.9900000000000002,76.25,-435,-7234,-6228.666666666667,8775,46245,BEARISH_TURN,f,f,NEUTRAL,NEUTRAL_PREDICT,-6825,6825,38850,11268.25
2025-12-16 11:56:00,NSE,25951.5,25950,2025-12-23,2025-12-30,2026-01-06,2026-01-13,2026-01-20,2078395,1645435,6825,0,20625,18225,11.77,10.9625,2025-12-20 01:07:38,0.7916854110984678,0.8836363636363637,-6825,0,3723830,6825,38850,0.9313933729821581,-0.8074999999999992,15.875,-1472,-7984,-6646.166666666667,5908,51043,BULLISH_TURN,f,f,NEUTRAL,NEUTRAL_PREDICT,3300,17400,53025,11058.36
2025-12-16 11:55:00,NSE,25951.5,25950,2025-12-23,2025-12-30,2026-01-06,2026-01-13,2026-01-20,2071570,1645435,7050,10350,27900,25125,11.7775,10.947500000000002,2025-12-20 01:07:37,0.7942936999473829,0.9005376344086021,3300,1.4680851063829787,3717005,17400,53025,0.9295266397792402,-0.8299999999999983,66.5,-493,-7774,-6433.666666666667,4209,55391,BEARISH_TURN,f,f,NEUTRAL,NEUTRAL_PREDICT,-2775,2775,37650,11115.91
2025-12-16 11:53:00,NSE,25951.5,25950,2025-12-23,2025-12-30,2026-01-06,2026-01-13,2026-01-20,2064520,1635085,2775,0,23100,14550,11.73,10.9975,2025-12-20 01:07:35,0.7919928118884777,0.6298701298701299,-2775,0,3699605,2775,37650,0.9375532821824382,-0.7324999999999999,36.125,-7390,-9073.333333333334,-6761.166666666667,6522,54279,BULLISH_CONTINUE,f,f,NEUTRAL,NEUTRAL_PREDICT,-1125,2475,61350,10962.93
2025-12-16 11:52:00,NSE,25951.5,25950,2025-12-23,2025-12-30,2026-01-06,2026-01-13,2026-01-20,2061745,1635085,1800,675,32475,28875,11.71,11.007499999999999,2025-12-20 01:07:34,0.7930587924306837,0.8891454965357968,-1125,0.375,3696830,2475,61350,0.9400085397096497,-0.7025000000000023,44.375,-6475,-8754,-6123.666666666667,6867,58614,BULLISH_TURN,f,f,NEUTRAL,NEUTRAL_PREDICT,65,65,64340,11731.82
2025-12-16 11:51:00,NSE,25951.5,25950,2025-12-23,2025-12-30,2026-01-06,2026-01-13,2026-01-20,2059945,1634410,0,65,30000,34340,11.727500000000001,11.01,2025-12-20 01:07:34,0.7934240962744151,1.1446666666666667,65,,3694355,65,64340,0.9388190151353655,-0.7175000000000011,50.325,-10945,-9529,-6088.333333333333,9747,59109,BEARISH_TURN,t,f,NEUTRAL,NEUTRAL_PREDICT,-1930,-1670,60590,11748.98
2025-12-16 11:50:00,NSE,25951.5,25950,2025-12-23,2025-12-30,2026-01-06,2026-01-13,2026-01-20,2059945,1634345,130,-1800,29990,30600,11.775,11.035,2025-12-20 01:07:33,0.7933925420338892,1.0203401133711236,-1930,-13.846153846153847,3694290,-1670,60590,0.9371549893842888,-0.7400000000000002,40.35,-15578,-9623.333333333334,-5200.166666666667,15434,54581,BULLISH_CONTINUE,t,f,NEUTRAL,NEUTRAL_PREDICT,-31185,28965,47465,13153.36
2025-12-16 11:49:00,NSE,25951.5,25950,2025-12-23,2025-12-30,2026-01-06,2026-01-13,2026-01-20,2059815,1636145,30075,-1110,19425,28040,11.845,11.0075,2025-12-20 01:07:32,0.7943164798780473,1.4435006435006434,-31185,-0.03690773067331671,3695960,28965,47465,0.9292950612072605,-0.8375000000000004,0,-15426,-9744.666666666666,-5126.166666666667,15534,51250,BULLISH_TURN,f,f,BULLISH,NEUTRAL_PREDICT,1800,4500,59325,13178.61
2025-12-16 11:46:00,NSE,25951.5,25950,2025-12-23,2025-12-30,2026-01-06,2026-01-13,2026-01-20,2029740,1637255,1350,3150,33300,26025,11.8375,10.9525,2025-12-20 01:07:29,0.8066328692344832,0.7815315315315315,1800,2.3333333333333335,3666995,4500,59325,0.9252375923970433,-0.8849999999999998,59,-9254,-7695.666666666667,-4781.666666666667,9806,53725,BEARISH_TURN,f,f,NEUTRAL,NEUTRAL_PREDICT,-23475,16875,63825,12596.13
2025-12-16 11:43:00,NSE,25951.5,25950,2025-12-23,2025-12-30,2026-01-06,2026-01-13,2026-01-20,2028390,1634105,20175,-3300,27225,36600,11.842499999999998,10.9325,2025-12-20 01:07:27,0.8056167699505519,1.3443526170798898,-23475,-0.16356877323420074,3662495,16875,63825,0.9231581169516573,-0.9099999999999984,0,-15134,-8821,-4931.666666666667,22706,70885,BULLISH_CONTINUE,f,f,BULLISH,NEUTRAL_PREDICT,-23100,28500,41700,12541.73
2025-12-16 11:40:00,NSE,25951.5,25950,2025-12-23,2025-12-30,2026-01-06,2026-01-13,2026-01-20,2008215,1637405,25800,2700,17925,23775,11.7275,11.0775,2025-12-20 01:07:24,0.8153534357626051,1.3263598326359833,-23100,0.10465116279069768,3645620,28500,41700,0.9445747175442337,-0.6499999999999986,0,-10322,-6986,-4301.666666666667,19448,102713,BULLISH_CONTINUE,t,f,BULLISH,NEUTRAL_PREDICT,-1170,-1170,43935,12042.91
2025-12-16 11:39:00,NSE,25951.5,25950,2025-12-23,2025-12-30,2026-01-06,2026-01-13,2026-01-20,1982415,1634705,0,-1170,21150,22785,11.6725,11.1075,2025-12-20 01:07:23,0.8246028202974655,1.0773049645390071,-1170,,3617120,-1170,43935,0.9515956307560506,-0.5649999999999995,44.15,-6902,-5450.333333333333,-4474.166666666667,17828,114443,BULLISH_CONTINUE,t,f,NEUTRAL,NEUTRAL_PREDICT,-325,325,59840,12354.49
2025-12-16 11:38:00,NSE,25951.5,25950,2025-12-23,2025-12-30,2026-01-06,2026-01-13,2026-01-20,1982415,1635875,325,0,24365,35475,11.74,11.040000000000001,2025-12-20 01:07:23,0.8251930095363483,1.4559819413092552,-325,0,3618290,325,59840,0.940374787052811,-0.6999999999999993,48.375,-7403,-6696.666666666667,-4710.166666666667,20717,109946,BULLISH_CONTINUE,f,f,NEUTRAL,NEUTRAL_PREDICT,-27600,69000,145125,12356.82
2025-12-16 11:37:00,NSE,25951.5,25950,2025-12-23,2025-12-30,2026-01-06,2026-01-13,2026-01-20,1982090,1635875,48300,20700,53175,91950,11.635000000000002,11.112499999999999,2025-12-20 01:07:22,0.8253283150613746,1.7291960507757405,-27600,0.42857142857142855,3617965,69000,145125,0.9550923936398794,-0.5225000000000026,0,-10576,-8160.666666666667,-4661.833333333333,23770,109031,BULLISH_TURN,f,f,BULLISH,NEUTRAL_PREDICT,585,585,222965,12377.38
2025-12-16 11:35:00,NSE,25951.5,25950,2025-12-23,2025-12-30,2026-01-06,2026-01-13,2026-01-20,1933790,1615175,0,585,100350,122615,11.6625,11.01,2025-12-20 01:07:20,0.8352380558385347,1.221873442949676,585,,3548965,585,222965,0.9440514469453376,-0.6524999999999999,52.925,-4653,-5175.666666666667,-4186.833333333333,10373,84431,BEARISH_TURN,f,t,NEUTRAL,BEARISH_PREDICT,-6000,20400,100350,11722.87
2025-12-16 11:34:00,NSE,25951.5,25950,2025-12-23,2025-12-30,2026-01-06,2026-01-13,2026-01-20,1933790,1614590,13200,7200,44325,56025,11.575,10.9725,2025-12-20 01:07:19,0.8349355410877086,1.263959390862944,-6000,0.5454545454545454,3548380,20400,100350,0.9479481641468683,-0.6024999999999991,20,-7320,-5223.333333333333,-4206.333333333333,13076,61528,BULLISH_CONTINUE,f,t,NEUTRAL,BULLISH_PREDICT,-3675,13275,21450,11715.14
2025-12-16 11:31:00,NSE,25951.5,25950,2025-12-23,2025-12-30,2026-01-06,2026-01-13,2026-01-20,1920590,1607390,8475,4800,10950,10500,11.5525,11.045,2025-12-20 01:07:17,0.836925111554262,0.958904109589041,-3675,0.5663716814159292,3527980,13275,21450,0.9560701146937892,-0.5075000000000003,31.625,-6390,-5308.333333333333,-2308.8333333333335,9266,50638,BULLISH_CONTINUE,f,f,NEUTRAL,NEUTRAL_PREDICT,-16190,15590,55265,15434.32
2025-12-16 11:28:00,NSE,25951.5,25950,2025-12-23,2025-12-30,2026-01-06,2026-01-13,2026-01-20,1912115,1602590,15890,-300,34340,20925,11.5425,11.0375,2025-12-20 01:07:14,0.8381242759980441,0.6093476994758299,-16190,-0.018879798615481436,3514705,15590,55265,0.9562486463071258,-0.5050000000000008,0,-6405,-5093.333333333333,-2184.1666666666665,8771,51808,BULLISH_TURN,f,t,NEUTRAL,BULLISH_PREDICT,2015,2015,22125,15438.00
2025-12-16 11:26:00,NSE,25951.5,25950,2025-12-23,2025-12-30,2026-01-06,2026-01-13,2026-01-20,1896225,1602890,0,2015,13425,8700,11.6275,10.945,2025-12-20 01:07:12,0.8453058049545809,0.6480446927374302,2015,,3499115,2015,22125,0.9413029456030961,-0.6824999999999992,60.075,-3257,-4449,-1612.3333333333333,5743,45778,BEARISH_TURN,f,f,NEUTRAL,NEUTRAL_PREDICT,-12750,14100,108450,15217.47
2025-12-16 11:25:00,NSE,25951.5,25950,2025-12-23,2025-12-30,2026-01-06,2026-01-13,2026-01-20,1896225,1600875,13425,675,48975,59475,11.57,11.0225,2025-12-20 01:07:12,0.8442431673456473,1.214395099540582,-12750,0.05027932960893855,3497100,14100,108450,0.9526793431287813,-0.5474999999999994,0,-6676,-3493.3333333333335,-722,9856,46226,BULLISH_CONTINUE,f,t,NEUTRAL,BULLISH_PREDICT,-1350,1350,45900,16187.46
2025-12-16 11:23:00,NSE,25951.5,25950,2025-12-23,2025-12-30,2026-01-06,2026-01-13,2026-01-20,1882800,1600200,1350,0,21375,24525,11.469999999999999,11.0825,2025-12-20 01:07:10,0.8499043977055449,1.1473684210526316,-1350,0,3483000,1350,45900,0.9662162162162162,-0.3874999999999993,43.25,-3316,-2647.6666666666665,-301.3333333333333,10876,27763,BULLISH_CONTINUE,f,f,NEUTRAL,NEUTRAL_PREDICT,-3750,10800,27300,16027.30
2025-12-16 11:22:00,NSE,25951.5,25950,2025-12-23,2025-12-30,2026-01-06,2026-01-13,2026-01-20,1881450,1600200,7275,3525,16725,10575,11.540000000000001,11.040000000000001,2025-12-20 01:07:09,0.8505142310452045,0.6322869955156951,-3750,0.4845360824742268,3481650,10800,27300,0.9566724436741768,-0.5,31.25,-3059,-777,-538.8333333333334,10619,22181,BULLISH_CONTINUE,f,f,NEUTRAL,NEUTRAL_PREDICT,-450,450,25115,16096.02
2025-12-16 11:20:00,NSE,25951.5,25950,2025-12-23,2025-12-30,2026-01-06,2026-01-13,2026-01-20,1874175,1596675,450,0,14465,10650,11.600000000000001,10.9925,2025-12-20 01:07:07,0.8519348513345872,0.7362599377808503,-450,0,3470850,450,25115,0.9476293103448274,-0.6075000000000017,47.75,-6282,-507.6666666666667,-1236.3333333333333,17652,32109,BULLISH_CONTINUE,f,f,NEUTRAL,NEUTRAL_PREDICT,-15080,22580,24365,16682.66
2025-12-16 11:19:00,NSE,25951.5,25950,2025-12-23,2025-12-30,2026-01-06,2026-01-13,2026-01-20,1873725,1596675,18830,3750,8840,15525,11.589999999999998,11.004999999999999,2025-12-20 01:07:06,0.8521394548292839,1.7562217194570136,-15080,0.19915029208709506,3470400,22580,24365,0.9495254529767041,-0.5849999999999991,0,-10649,-1867.6666666666667,-1225.6666666666667,22139,33054,BULLISH_TURN,f,f,NEUTRAL,NEUTRAL_PREDICT,4050,19200,16135,16683.28
2025-12-16 11:16:00,NSE,25951.5,25950,2025-12-23,2025-12-30,2026-01-06,2026-01-13,2026-01-20,1854895,1592925,7575,11625,8860,7275,11.7675,10.912500000000001,2025-12-20 01:07:04,0.8587682860754922,0.8211060948081265,4050,1.5346534653465347,3447820,19200,16135,0.9273422562141492,-0.8549999999999986,70.25,-4198,-1042.3333333333333,-1555.5,13978,43854,BEARISH_TURN,f,f,NEUTRAL,NEUTRAL_PREDICT,-65,65,17990,17060.18
2025-12-16 11:14:00,NSE,25951.5,25950,2025-12-23,2025-12-30,2026-01-06,2026-01-13,2026-01-20,1847320,1581300,65,0,8240,9750,11.695,10.9825,2025-12-20 01:07:02,0.8559967953575991,1.183252427184466,-65,0,3428620,65,17990,0.9390765284309534,-0.7125000000000004,49.675,-5034,-1617.3333333333333,-1694.8333333333333,10112,45503,BULLISH_CONTINUE,f,f,NEUTRAL,NEUTRAL_PREDICT,-19865,45965,76940,17029.87
2025-12-16 11:13:00,NSE,25951.5,25950,2025-12-23,2025-12-30,2026-01-06,2026-01-13,2026-01-20,1847255,1581300,32915,13050,41465,35475,11.7425,10.94,2025-12-20 01:07:01,0.8560269156126252,0.8555408175569758,-19865,0.3964757709251101,3428555,45965,76940,0.9316585054289972,-0.8025000000000002,0,-6476,-3498,-1809.8333333333333,9634,48880,BULLISH_CONTINUE,f,t,NEUTRAL,BULLISH_PREDICT,-22285,22885,29840,17030.13
2025-12-16 11:10:00,NSE,25951.5,25950,2025-12-23,2025-12-30,2026-01-06,2026-01-13,2026-01-20,1814340,1568250,22585,300,14990,14850,11.732500000000002,10.975000000000001,2025-12-20 01:06:59,0.8643639009226496,0.9906604402935291,-22285,0.013283152534868276,3382590,22885,29840,0.9354357553803537,-0.7575000000000003,0,-2593,-2723.6666666666665,-1152,531,38172,BULLISH_TURN,t,f,BULLISH,NEUTRAL_PREDICT,17175,-18225,78365,16686.34
2025-12-16 11:07:00,NSE,25951.5,25950,2025-12-23,2025-12-30,2026-01-06,2026-01-13,2026-01-20,1791755,1567950,-17700,-525,38990,39375,11.6325,11.0775,2025-12-20 01:06:56,0.8750917396630677,1.0098743267504489,17175,-0.029661016949152543,3359705,-18225,78365,0.9522888459058672,-0.5549999999999997,100,559,-1163,-1431.6666666666667,1189,39449,BEARISH_TURN,f,t,NEUTRAL,BEARISH_PREDICT,-130,-130,24380,17117.49
2025-12-16 11:05:00,NSE,25951.5,25950,2025-12-23,2025-12-30,2026-01-06,2026-01-13,2026-01-20,1809455,1568475,0,-130,15825,8555,11.765,11.035,2025-12-20 01:06:55,0.8668217778281305,0.5406003159557662,-130,,3377930,-130,24380,0.9379515512112196,-0.7300000000000004,49.35,394,-3198,-1999.8333333333333,12724,35641,BULLISH_CONTINUE,f,f,NEUTRAL,NEUTRAL_PREDICT,-7275,-2325,34875,16757.69
2025-12-16 11:04:00,NSE,25951.5,25950,2025-12-23,2025-12-30,2026-01-06,2026-01-13,2026-01-20,1809455,1568605,2475,-4800,18825,16050,11.745000000000001,11.0475,2025-12-20 01:06:54,0.8668936226653882,0.852589641434263,-7275,-1.9393939393939394,3378060,-2325,34875,0.9406130268199232,-0.6975000000000016,13.625,407,-3189.3333333333335,-2105.5,12737,59983,BULLISH_CONTINUE,t,f,NEUTRAL,NEUTRAL_PREDICT,-450,450,23400,16755.49
2025-12-16 11:02:00,NSE,25951.5,25950,2025-12-23,2025-12-30,2026-01-06,2026-01-13,2026-01-20,1806980,1573405,450,0,11850,11550,11.7725,11.0175,2025-12-20 01:06:52,0.8707373628927825,0.9746835443037974,-450,0,3380385,450,23400,0.9358674877893395,-0.7550000000000008,47.75,7204,690.6666666666666,-1876,19440,68977,BULLISH_CONTINUE,f,f,NEUTRAL,NEUTRAL_PREDICT,-6525,26175,36225,16729.37
2025-12-16 11:01:00,NSE,25951.5,25950,2025-12-23,2025-12-30,2026-01-06,2026-01-13,2026-01-20,1806530,1573405,16350,9825,14775,21450,11.755,10.9825,2025-12-20 01:06:51,0.87095426037763,1.4517766497461928,-6525,0.6009174311926605,3379935,26175,36225,0.9342832837090599,-0.7725000000000009,17.375,7352,725,-2181.8333333333335,25348,73711,BULLISH_TURN,f,f,NEUTRAL,NEUTRAL_PREDICT,16350,39450,59325,16786.18
2025-12-16 10:58:00,NSE,25951.5,25950,2025-12-23,2025-12-30,2026-01-06,2026-01-13,2026-01-20,1790180,1563580,11550,27900,24675,34650,11.805,10.955000000000002,2025-12-20 01:06:49,0.873420549888838,1.4042553191489362,16350,2.4155844155844157,3353760,39450,59325,0.9279966116052522,-0.8499999999999979,100,4487,1224.3333333333333,-1973,23563,76201,BEARISH_TURN,t,f,NEUTRAL,NEUTRAL_PREDICT,-65,-65,146090,16769.24
2025-12-16 10:56:00,NSE,25951.5,25950,2025-12-23,2025-12-30,2026-01-06,2026-01-13,2026-01-20,1778630,1535680,0,-65,55050,91040,11.91,10.899999999999999,2025-12-20 01:06:47,0.8634061046985602,1.6537693006357856,-65,,3314310,-65,146090,0.9151973131821997,-1.0100000000000016,49.675,677,2049.3333333333335,-6388.166666666667,20893,70171,BULLISH_TURN,t,f,NEUTRAL,NEUTRAL_PREDICT,26710,31190,79845,26431.82
2025-12-16 10:55:00,NSE,25951.5,25950,2025-12-23,2025-12-30,2026-01-06,2026-01-13,2026-01-20,1778630,1535745,2240,28950,30955,48890,11.715,11.0575,2025-12-20 01:06:46,0.8634426496798098,1.5793894362784688,26710,12.924107142857142,3314375,31190,79845,0.9438753734528382,-0.6575000000000006,100,-225,2045,-10023.5,28691,50943,BEARISH_CONTINUE,f,f,BEARISH,NEUTRAL_PREDICT,290,29990,47070,32365.90
2025-12-16 10:52:00,NSE,25951.5,25950,2025-12-23,2025-12-30,2026-01-06,2026-01-13,2026-01-20,1776390,1506795,14850,15140,26250,20820,11.7475,11.065,2025-12-20 01:06:43,0.8482343404319997,0.7931428571428571,290,1.0195286195286195,3283185,29990,47070,0.9419025324537135,-0.682500000000001,51.45,-11222,-300.6666666666667,-10907.333333333334,25798,48009,BEARISH_TURN,f,f,NEUTRAL,NEUTRAL_PREDICT,-20850,17250,48675,31683.03
2025-12-16 10:49:00,NSE,25951.5,25950,2025-12-23,2025-12-30,2026-01-06,2026-01-13,2026-01-20,1761540,1491655,19050,-1800,20700,27975,11.807500000000001,11.0075,2025-12-20 01:06:40,0.84679030848008,1.3514492753623188,-20850,-0.09448818897637795,3253195,17250,48675,0.9322464535253017,-0.8000000000000007,0,-12930,-1965,-11747,25230,48748,BULLISH_CONTINUE,f,f,BULLISH,NEUTRAL_PREDICT,-2700,26100,29175,31709.83
2025-12-16 10:46:00,NSE,25951.5,25950,2025-12-23,2025-12-30,2026-01-06,2026-01-13,2026-01-20,1742490,1493455,14400,11700,11850,17325,11.827499999999999,10.987499999999999,2025-12-20 01:06:36,0.8570809588577266,1.4620253164556962,-2700,0.8125,3235945,26100,29175,0.9289790741915028,-0.8399999999999999,36.5,-8535,-583.6666666666666,-10546.333333333334,22005,61046,BULLISH_CONTINUE,f,f,NEUTRAL,NEUTRAL_PREDICT,-4575,38925,49950,32033.55
2025-12-16 10:43:00,NSE,25951.5,25950,2025-12-23,2025-12-30,2026-01-06,2026-01-13,2026-01-20,1728090,1481755,21750,17175,17025,32925,11.78,11.032499999999999,2025-12-20 01:06:33,0.8574524474998408,1.933920704845815,-4575,0.7896551724137931,3209845,38925,49950,0.9365449915110357,-0.7475000000000005,27.125,-10665,-2068.6666666666665,-10454.166666666666,18825,65349,BULLISH_CONTINUE,f,f,NEUTRAL,NEUTRAL_PREDICT,-28275,16725,65175,32060.87
2025-12-16 10:40:00,NSE,25951.5,25950,2025-12-23,2025-12-30,2026-01-06,2026-01-13,2026-01-20,1706340,1464580,22500,-5775,26400,38775,11.7275,11.11,2025-12-20 01:06:30,0.8583166309176365,1.46875,-28275,-0.25666666666666665,3170920,16725,65175,0.947345981667022,-0.6174999999999997,0,-9750,-1772.3333333333333,-10306,11066,65780,BULLISH_CONTINUE,f,f,BULLISH,NEUTRAL_PREDICT,-8250,27150,50765,32099.22
2025-12-16 10:37:00,NSE,25951.5,25950,2025-12-23,2025-12-30,2026-01-06,2026-01-13,2026-01-20,1683840,1470355,17700,9450,19950,30815,11.84,11.01,2025-12-20 01:06:27,0.8732153886354999,1.5446115288220552,-8250,0.5338983050847458,3154195,27150,50765,0.9298986486486487,-0.8300000000000001,8.75,6090,-121.66666666666667,-8738.333333333334,12986,82505,BULLISH_TURN,f,f,NEUTRAL,NEUTRAL_PREDICT,1125,1125,110165,32338.92
2025-12-16 10:35:00,NSE,25951.5,25950,2025-12-23,2025-12-30,2026-01-06,2026-01-13,2026-01-20,1666140,1460905,0,1125,48075,62090,11.674999999999999,11.095,2025-12-20 01:06:25,0.8768200751437454,1.2915236609464378,1125,,3127045,1125,110165,0.9503211991434691,-0.5799999999999983,55.625,7753,419.6666666666667,-7683.666666666667,7543,82670,BEARISH_TURN,f,t,NEUTRAL,BEARISH_PREDICT,-13350,10200,50690,32867.02
2025-12-16 10:34:00,NSE,25951.5,25950,2025-12-23,2025-12-30,2026-01-06,2026-01-13,2026-01-20,1666140,1459780,11775,-1575,23325,27365,11.635,11.1325,2025-12-20 01:06:23,0.8761448617763213,1.1732047159699892,-13350,-0.1337579617834395,3125920,10200,50690,0.9568113450795015,-0.5024999999999995,0,7721,-1700.3333333333333,-7710.333333333333,7511,72110,NEUTRAL,f,f,NEUTRAL,NEUTRAL_PREDICT,0,130,52105,32859.95
2025-12-16 10:33:00,NSE,25951.5,25950,2025-12-23,2025-12-30,2026-01-06,2026-01-13,2026-01-20,1654365,1461355,65,65,20165,31940,11.61,11.1675,2025-12-20 01:06:22,0.8833328799871855,1.5839325564096207,0,1,3115720,130,52105,0.9618863049095608,-0.442499999999999,50,16136,-801.6666666666666,-7263.166666666667,4196,73072,NEUTRAL,f,f,NEUTRAL,NEUTRAL_PREDICT,50925,26325,148800,32871.84
2025-12-16 10:31:00,NSE,25951.5,25950,2025-12-23,2025-12-30,2026-01-06,2026-01-13,2026-01-20,1654300,1461290,-12300,38625,57675,91125,11.620000000000001,11.120000000000001,2025-12-20 01:06:20,0.8833282959559935,1.5799739921976592,50925,3.1402439024390243,3115590,26325,148800,0.9569707401032702,-0.5,100,16110,-1021.6666666666666,-7428.166666666667,4196,89469,BEARISH_CONTINUE,t,t,STRONG_BEARISH,BEARISH_PREDICT,65,-65,51590,32846.54
2025-12-16 10:30:00,NSE,25951.5,25950,2025-12-23,2025-12-30,2026-01-06,2026-01-13,2026-01-20,1666600,1422665,-65,0,22415,29175,11.64,11.114999999999998,2025-12-20 01:06:19,0.853633145325813,1.3015837608744145,65,0,3089265,-65,51590,0.9548969072164947,-0.5250000000000021,50.325,4230,-4442.666666666667,-9199.333333333334,1886,73539,BEARISH_CONTINUE,t,f,NEUTRAL,NEUTRAL_PREDICT,965,965,57365,30970.50
2025-12-16 10:29:00,NSE,25951.5,25950,2025-12-23,2025-12-30,2026-01-06,2026-01-13,2026-01-20,1666665,1422665,0,965,13425,43940,11.7425,11.065,2025-12-20 01:06:18,0.8535998535998536,3.272998137802607,965,,3089330,965,57365,0.9423035980413029,-0.6775000000000002,54.825,-718,-5088.666666666667,-9197.166666666666,7224,84311,BEARISH_CONTINUE,t,f,NEUTRAL,NEUTRAL_PREDICT,28725,-6375,55500,30971.17
2025-12-16 10:28:00,NSE,25951.5,25950,2025-12-23,2025-12-30,2026-01-06,2026-01-13,2026-01-20,1666665,1421700,-17550,11175,21525,33975,11.780000000000001,11.017500000000002,2025-12-20 01:06:16,0.8530208530208531,1.578397212543554,28725,0.6367521367521367,3088365,-6375,55500,0.9352716468590833,-0.7624999999999993,100,-937,-5170.333333333333,-12042.166666666666,7057,97121,BEARISH_TURN,t,f,BEARISH,NEUTRAL_PREDICT,-130,130,134090,33796.71
2025-12-16 10:26:00,NSE,25951.5,25950,2025-12-23,2025-12-30,2026-01-06,2026-01-13,2026-01-20,1684215,1410525,130,0,83540,50550,11.5,11.275,2025-12-20 01:06:14,0.8374969941486093,0.6050993536030644,-130,0,3094740,130,134090,0.9804347826086957,-0.22499999999999964,49.35,-11677,-14825.666666666666,-13008.333333333334,16297,117401,BULLISH_CONTINUE,f,f,NEUTRAL,NEUTRAL_PREDICT,-8475,14775,69150,32995.90
2025-12-16 10:25:00,NSE,25951.5,25950,2025-12-23,2025-12-30,2026-01-06,2026-01-13,2026-01-20,1684085,1410525,11625,3150,36525,32625,11.63,11.1875,2025-12-20 01:06:13,0.8375616432662247,0.893223819301848,-8475,0.2709677419354839,3094610,14775,69150,0.9619518486672398,-0.4425000000000008,7.625,-11677,-22092,-17171.166666666668,16245,110726,BULLISH_CONTINUE,f,f,NEUTRAL,NEUTRAL_PREDICT,-24675,26625,105450,38699.96
2025-12-16 10:22:00,NSE,25951.5,25950,2025-12-23,2025-12-30,2026-01-06,2026-01-13,2026-01-20,1672460,1407375,25650,975,51300,54150,11.605,11.182500000000001,2025-12-20 01:06:10,0.8414999461870538,1.0555555555555556,-24675,0.038011695906432746,3079835,26625,105450,0.9635932787591556,-0.42249999999999943,0,-10685,-21514,-16916.833333333332,20653,112719,BULLISH_CONTINUE,f,f,BULLISH,NEUTRAL_PREDICT,-130,130,121415,38784.07
2025-12-16 10:20:00,NSE,25951.5,25950,2025-12-23,2025-12-30,2026-01-06,2026-01-13,2026-01-20,1646810,1406400,130,0,65915,55500,11.56,11.235,2025-12-20 01:06:08,0.8540147315112248,0.8419934764469392,-130,0,3053210,130,121415,0.9718858131487889,-0.32500000000000107,49.35,-5776,-21529,-16092.166666666666,15302,117037,BULLISH_CONTINUE,f,f,NEUTRAL,NEUTRAL_PREDICT,-24975,39825,156900,38876.33
2025-12-16 10:19:00,NSE,25951.5,25950,2025-12-23,2025-12-30,2026-01-06,2026-01-13,2026-01-20,1646680,1406400,32400,7425,97500,59400,11.642499999999998,11.1325,2025-12-20 01:06:07,0.8540821531809459,0.6092307692307692,-24975,0.22916666666666666,3053080,39825,156900,0.9561949753059912,-0.509999999999998,0,-11885,-20509,-19025.333333333332,15411,109284,BULLISH_CONTINUE,t,f,BULLISH,NEUTRAL_PREDICT,-130,-130,100715,40897.49
2025-12-16 10:17:00,NSE,25951.5,25950,2025-12-23,2025-12-30,2026-01-06,2026-01-13,2026-01-20,1614280,1398975,0,-130,64500,36215,11.809999999999999,11.0525,2025-12-20 01:06:05,0.8666247491141561,0.5614728682170542,-130,,3013255,-130,100715,0.9358594411515666,-0.7574999999999985,49.35,-6864,-18839.666666666668,-21252,7472,96082,BULLISH_CONTINUE,t,f,NEUTRAL,NEUTRAL_PREDICT,-3515,36815,79115,42997.16
2025-12-16 10:16:00,NSE,25951.5,25950,2025-12-23,2025-12-30,2026-01-06,2026-01-13,2026-01-20,1614280,1399105,20165,16650,39140,39975,11.87,11.065,2025-12-20 01:06:04,0.8667052803726739,1.0213336739908023,-3515,0.8256880733944955,3013385,36815,79115,0.9321819713563606,-0.8049999999999997,32.425,-7498,-18839.666666666668,-21252,12448,93129,BULLISH_CONTINUE,t,f,NEUTRAL,NEUTRAL_PREDICT,-130,-130,127040,42997.16
2025-12-16 10:14:00,NSE,25951.5,25950,2025-12-23,2025-12-30,2026-01-06,2026-01-13,2026-01-20,1594115,1382455,0,-130,28200,98840,11.95,11.012500000000001,2025-12-20 01:06:01,0.8672241337670118,3.504964539007092,-130,,2976570,-130,127040,0.9215481171548119,-0.9374999999999982,49.35,-6873,-17355,-23002.333333333332,5007,92555,BULLISH_CONTINUE,t,f,NEUTRAL,NEUTRAL_PREDICT,-30675,675,82650,43317.81
2025-12-16 10:13:00,NSE,25951.5,25950,2025-12-23,2025-12-30,2026-01-06,2026-01-13,2026-01-20,1594115,1382585,15675,-15000,36375,46275,12.024999999999999,10.992500000000001,2025-12-20 01:06:00,0.867305683717925,1.2721649484536082,-30675,-0.9569377990430622,2976700,675,82650,0.9141372141372144,-1.032499999999997,0,-8772,-15787,-26005.166666666668,2818,78168,BULLISH_TURN,f,f,BULLISH,NEUTRAL_PREDICT,130,130,90890,44775.47
2025-12-16 10:11:00,NSE,25951.5,25950,2025-12-23,2025-12-30,2026-01-06,2026-01-13,2026-01-20,1578440,1397585,0,130,40650,50240,11.9375,11.06,2025-12-20 01:05:58,0.8854216821672031,1.2359163591635915,130,,2976025,130,90890,0.9264921465968586,-0.8774999999999995,50.65,-2689,-13720.333333333334,-26202,2735,80937,BEARISH_TURN,f,f,NEUTRAL,NEUTRAL_PREDICT,-3300,24750,85950,44809.68
2025-12-16 10:10:00,NSE,25951.5,25950,2025-12-23,2025-12-30,2026-01-06,2026-01-13,2026-01-20,1578440,1397455,14025,10725,27375,58575,11.975000000000001,11.01,2025-12-20 01:05:57,0.8853393223689212,2.1397260273972605,-3300,0.7647058823529411,2975895,24750,85950,0.9194154488517744,-0.9650000000000016,33.5,-25936,-13724.666666666666,-26282.166666666668,15728,101460,BULLISH_CONTINUE,t,f,NEUTRAL,NEUTRAL_PREDICT,-390,-390,76245,44763.07
2025-12-16 10:09:00,NSE,25951.5,25950,2025-12-23,2025-12-30,2026-01-06,2026-01-13,2026-01-20,1564415,1386730,0,-390,33515,42730,11.955,11.0275,2025-12-20 01:05:56,0.8864208026642547,1.274951514247352,-390,,2951145,-390,76245,0.9224173985780009,-0.9275000000000002,48.05,-47101,-13834.666666666666,-30619.666666666668,20161,138194,BULLISH_CONTINUE,f,f,NEUTRAL,NEUTRAL_PREDICT,-9625,-11075,55105,48599.43
2025-12-16 10:07:00,NSE,25951.5,25950,2025-12-23,2025-12-30,2026-01-06,2026-01-13,2026-01-20,1564415,1387120,-725,-10350,29840,25265,11.8375,11.0425,2025-12-20 01:05:54,0.8866700971289587,0.8466823056300268,-9625,-14.275862068965518,2951535,-11075,55105,0.9328405491024288,-0.7949999999999999,1.875,-46984,-13956,-34355.333333333336,20330,208401,BULLISH_CONTINUE,t,f,NEUTRAL,NEUTRAL_PREDICT,-260,260,96495,50466.98
2025-12-16 10:05:00,NSE,25951.5,25950,2025-12-23,2025-12-30,2026-01-06,2026-01-13,2026-01-20,1565140,1397470,260,0,48965,47530,11.86,10.905000000000001,2025-12-20 01:05:51,0.892872203125599,0.9706933523945676,-260,0,2962610,260,96495,0.9194772344013492,-0.9549999999999983,48.7,-50039,-13305.666666666666,-5589,20175,245005,BULLISH_CONTINUE,f,f,NEUTRAL,NEUTRAL_PREDICT,-116105,65095,193505,169834.74
2025-12-16 10:04:00,NSE,25951.5,25950,2025-12-23,2025-12-30,2026-01-06,2026-01-13,2026-01-20,1564880,1397470,90600,-25505,72750,120755,11.875,10.78,2025-12-20 01:05:50,0.8930205510965697,1.6598625429553264,-116105,-0.2815121412803532,2962350,65095,193505,0.9077894736842105,-1.0950000000000006,0,-46953,-18914,-5772.758620689655,29505,262821,BULLISH_CONTINUE,f,f,STRONG_BULLISH,NEUTRAL_PREDICT,-109125,46915,269620,172837.86
2025-12-16 10:01:00,NSE,25951.5,25950,2025-12-23,2025-12-30,2026-01-06,2026-01-13,2026-01-20,1474280,1422975,78020,-31105,113670,155950,11.922500000000001,10.875,2025-12-20 01:05:47,0.9651999620153566,1.371953901645113,-109125,-0.39867982568572163,2897255,46915,269620,0.9121409100440343,-1.0475000000000012,0,-23719,-11191,-1832.3214285714287,16499,247786,BULLISH_TURN,f,f,STRONG_BULLISH,NEUTRAL_PREDICT,195,455,427280,174677.90
2025-12-16 09:59:00,NSE,25951.5,25950,2025-12-23,2025-12-30,2026-01-06,2026-01-13,2026-01-20,1396260,1454080,130,325,198580,228700,12.056666666666667,10.952499999999999,2025-12-20 01:05:44,1.0414106255281967,1.1516769060328331,195,2.5,2850340,455,427280,0.9084185789328172,-1.1041666666666679,50.975,-1920,-12250.333333333334,2141.4814814814813,7142,219969,BEARISH_TURN,t,f,NEUTRAL,NEUTRAL_PREDICT,-24900,-11850,238125,176710.97
2025-12-16 09:58:00,NSE,25951.5,25950,2025-12-23,2025-12-30,2026-01-06,2026-01-13,2026-01-20,1396130,1453755,6525,-18375,104325,133800,12.176666666666668,10.9525,2025-12-20 01:05:43,1.0412748096523963,1.282530553558591,-24900,-2.8160919540229883,2849885,-11850,238125,0.8994661921708185,-1.224166666666667,0,1792,-12319.666666666666,2216.346153846154,15842,162889,BULLISH_TURN,t,f,BULLISH,NEUTRAL_PREDICT,15170,46910,185575,180210.10
2025-12-16 09:55:00,NSE,25951.5,25950,2025-12-23,2025-12-30,2026-01-06,2026-01-13,2026-01-20,1389605,1472130,15870,31040,91340,94235,12.069999999999999,11.0125,2025-12-20 01:05:40,1.0593873798669406,1.0316947668053427,15170,1.9558916194076874,2861735,46910,185575,0.9123860811930407,-1.0574999999999992,100,11450,-10655.333333333334,3301,16234,142445,BEARISH_CONTINUE,f,f,NEUTRAL,NEUTRAL_PREDICT,65,65,118330,183839.52
2025-12-16 09:54:00,NSE,25951.5,25950,2025-12-23,2025-12-30,2026-01-06,2026-01-13,2026-01-20,1373735,1441090,0,65,66825,51505,12.006666666666668,11.1875,2025-12-20 01:05:38,1.0490305626631047,0.770744481855593,65,,2814825,65,118330,0.9317740144364242,-0.8191666666666677,50.325,8481,-17541.666666666668,2806.4583333333335,6917,149045,BEARISH_TURN,f,f,NEUTRAL,NEUTRAL_PREDICT,-130,130,130535,187776.52
2025-12-16 09:53:00,NSE,25951.5,25950,2025-12-23,2025-12-30,2026-01-06,2026-01-13,2026-01-20,1373735,1441025,130,0,85610,44925,12.083333333333334,11.185,2025-12-20 01:05:37,1.0489832464048743,0.5247634622123584,-130,0,2814760,130,130535,0.9256551724137931,-0.8983333333333334,49.35,8481,-23664.333333333332,2925.6521739130435,6891,146482,BULLISH_TURN,f,f,NEUTRAL,NEUTRAL_PREDICT,18755,43955,141880,191995.82
2025-12-16 09:52:00,NSE,25951.5,25950,2025-12-23,2025-12-30,2026-01-06,2026-01-13,2026-01-20,1373605,1441025,12600,31355,51750,90130,12.113333333333332,11.1275,2025-12-20 01:05:36,1.049082523724069,1.7416425120772947,18755,2.4884920634920635,2814630,43955,141880,0.9186158503026969,-0.985833333333332,100,7517,-23664.333333333332,3064.5454545454545,12355,142291,BEARISH_CONTINUE,t,f,NEUTRAL,NEUTRAL_PREDICT,23390,-9890,135905,196512.80
2025-12-16 09:49:00,NSE,25951.5,25950,2025-12-23,2025-12-30,2026-01-06,2026-01-13,2026-01-20,1361005,1409670,-16640,6750,67490,68415,12.050000000000002,11.149999999999999,2025-12-20 01:05:33,1.0357566651114434,1.013705734182842,23390,0.40564903846153844,2770675,-9890,135905,0.9253112033195018,-0.9000000000000039,100,3324,-28649.666666666668,2317.3809523809523,15598,134566,BEARISH_CONTINUE,t,f,BEARISH,NEUTRAL_PREDICT,325,325,218575,201333.68
2025-12-16 09:48:00,NSE,25951.5,25950,2025-12-23,2025-12-30,2026-01-06,2026-01-13,2026-01-20,1377645,1402920,0,325,124640,93935,11.93,11.1775,2025-12-20 01:05:32,1.0183465261369946,0.753650513478819,325,,2780565,325,218575,0.9369237217099748,-0.7524999999999995,51.625,-1328,-36223.333333333336,1263.75,17602,156290,BEARISH_CONTINUE,t,t,NEUTRAL,BEARISH_PREDICT,65,-65,105515,206504.59
2025-12-16 09:47:00,NSE,25951.5,25950,2025-12-23,2025-12-30,2026-01-06,2026-01-13,2026-01-20,1377645,1402595,-65,0,76865,28650,11.979999999999999,11.175,2025-12-20 01:05:31,1.0181106163053617,0.37273141221622325,65,0,2780240,-65,105515,0.9328046744574292,-0.8049999999999979,50.325,-18270,-38683.666666666664,1313.157894736842,37744,146291,BEARISH_TURN,t,f,NEUTRAL,NEUTRAL_PREDICT,-4950,27450,109580,212163.17
2025-12-16 09:46:00,NSE,25951.5,25950,2025-12-23,2025-12-30,2026-01-06,2026-01-13,2026-01-20,1377710,1402595,16200,11250,69975,39605,12.176666666666668,11.110000000000001,2025-12-20 01:05:30,1.0180625821108942,0.5659878528045731,-4950,0.6944444444444444,2780305,27450,109580,0.9124007664932932,-1.0666666666666664,25.25,-18335,-38839.666666666664,1382.5,37809,154586,BULLISH_CONTINUE,f,f,NEUTRAL,NEUTRAL_PREDICT,-2210,60170,103255,218313.88
2025-12-16 09:43:00,NSE,25951.5,25950,2025-12-23,2025-12-30,2026-01-06,2026-01-13,2026-01-20,1361510,1391345,31190,28980,65615,37640,12.203333333333333,11.067499999999999,2025-12-20 01:05:27,1.0219131699363206,0.5736493179913129,-2210,0.9291439563962809,2752855,60170,103255,0.9069243376126741,-1.1358333333333341,38.95,-42348,-47404.666666666664,1755,62036,160862,BULLISH_TURN,f,f,NEUTRAL,NEUTRAL_PREDICT,130,130,244525,225026.90
2025-12-16 09:41:00,NSE,25951.5,25950,2025-12-23,2025-12-30,2026-01-06,2026-01-13,2026-01-20,1330320,1362365,0,130,150140,94385,12.229999999999999,11.005,2025-12-20 01:05:25,1.0240881893078357,0.628646596509924,130,,2692685,130,244525,0.8998364677023714,-1.2249999999999979,50.65,-42075,-54754.666666666664,2002.8125,50171,181108,BEARISH_TURN,f,f,NEUTRAL,NEUTRAL_PREDICT,-84385,101035,168580,232404.39
2025-12-16 09:40:00,NSE,25951.5,25950,2025-12-23,2025-12-30,2026-01-06,2026-01-13,2026-01-20,1330320,1362235,92710,8325,114130,54450,12.273333333333333,10.98,2025-12-20 01:05:24,1.0239904684587167,0.4770875317620258,-84385,0.08979613849638658,2692555,101035,168580,0.8946224877783814,-1.293333333333333,0,-42088,2127.6666666666665,2127.6666666666665,50158,165606,BULLISH_CONTINUE,f,f,STRONG_BULLISH,NEUTRAL_PREDICT,-260,260,146990,240560.84
2025-12-16 09:38:00,NSE,25951.5,25950,2025-12-23,2025-12-30,2026-01-06,2026-01-13,2026-01-20,1237610,1353910,260,0,89540,57450,12.46,10.892500000000002,2025-12-20 01:05:21,1.093971444962468,0.6416126870672325,-260,0,2591520,260,146990,0.8741974317817015,-1.567499999999999,48.7,-42836,8307.142857142857,8307.142857142857,31586,182935,BULLISH_CONTINUE,f,f,NEUTRAL,NEUTRAL_PREDICT,-125015,148585,140960,248403.24
2025-12-16 09:37:00,NSE,25951.5,25950,2025-12-23,2025-12-30,2026-01-06,2026-01-13,2026-01-20,1237350,1353910,136800,11785,78215,62745,12.426666666666668,10.8875,2025-12-20 01:05:20,1.0942013173313938,0.8022118519465575,-125015,0.08614766081871345,2591260,148585,140960,0.8761400214592273,-1.5391666666666683,0,-61139,8966.153846153846,8966.153846153846,50393,196335,BULLISH_CONTINUE,f,f,STRONG_BULLISH,NEUTRAL_PREDICT,-845,845,204485,258533.55
2025-12-16 09:36:00,NSE,25951.5,25950,2025-12-23,2025-12-30,2026-01-06,2026-01-13,2026-01-20,1100550,1342125,845,0,127235,77250,12.486666666666666,10.762500000000001,2025-12-20 01:05:19,1.2195038844214257,0.6071442606201124,-845,0,2442675,845,204485,0.8619193806727177,-1.7241666666666653,45.775,-36162,20131.25,20131.25,20702,204300,BULLISH_TURN,f,f,NEUTRAL,NEUTRAL_PREDICT,65,65,167015,266735.88
2025-12-16 09:35:00,NSE,25951.5,25950,2025-12-23,2025-12-30,2026-01-06,2026-01-13,2026-01-20,1099705,1342125,0,65,107400,59615,12.533333333333331,10.870000000000001,2025-12-20 01:05:18,1.2204409364329525,0.5550744878957169,65,,2441830,65,167015,0.8672872340425534,-1.6633333333333304,50.325,-47198,22038.18181818182,22038.18181818182,35638,180122,BEARISH_TURN,f,f,NEUTRAL,NEUTRAL_PREDICT,-88125,8175,255225,279669.15
2025-12-16 09:34:00,NSE,25951.5,25950,2025-12-23,2025-12-30,2026-01-06,2026-01-13,2026-01-20,1099705,1342060,48150,-39975,185850,69375,12.436666666666667,10.915000000000001,2025-12-20 01:05:17,1.220381829672503,0.3732849071832123,-88125,-0.8302180685358256,2441765,8175,255225,0.8776467435004021,-1.5216666666666665,0,-65254,24235.5,24235.5,64190,198453,BULLISH_CONTINUE,f,f,STRONG_BULLISH,NEUTRAL_PREDICT,-91775,94295,213990,294697.06
2025-12-16 09:31:00,NSE,25951.5,25950,2025-12-23,2025-12-30,2026-01-06,2026-01-13,2026-01-20,1051555,1382035,93035,1260,100600,113390,12.236666666666666,11.014999999999999,2025-12-20 01:05:13,1.3142774272387083,1.1271371769383698,-91775,0.013543290159617348,2433590,94295,213990,0.9001634432034867,-1.2216666666666676,0,-54945,36720,36720,81503,184411,BULLISH_CONTINUE,f,f,STRONG_BULLISH,NEUTRAL_PREDICT,-130,130,180785,309755.86
2025-12-16 09:29:00,NSE,25951.5,25950,2025-12-23,2025-12-30,2026-01-06,2026-01-13,2026-01-20,958520,1380775,130,0,66665,114120,12.243333333333334,11.110000000000001,2025-12-20 01:05:11,1.440528105829821,1.7118427960699016,-130,0,2339295,130,180785,0.907432616389872,-1.1333333333333329,49.35,-37045,52781.875,52781.875,62943,185922,BULLISH_CONTINUE,f,t,NEUTRAL,BULLISH_PREDICT,-56025,75525,83595,327111.76
2025-12-16 09:28:00,NSE,25951.5,25950,2025-12-23,2025-12-30,2026-01-06,2026-01-13,2026-01-20,958390,1380775,65775,9750,46425,37170,12.256666666666666,11.059999999999999,2025-12-20 01:05:10,1.440723505044919,0.8006462035541195,-56025,0.14823261117445838,2339165,75525,83595,0.9023660592874626,-1.1966666666666672,0,-63704,60340.71428571428,60340.71428571428,89722,176311,BULLISH_CONTINUE,f,f,STRONG_BULLISH,NEUTRAL_PREDICT,-90215,142825,258670,352565.62
2025-12-16 09:25:00,NSE,25951.5,25950,2025-12-23,2025-12-30,2026-01-06,2026-01-13,2026-01-20,892615,1371025,116520,26305,115330,143340,12.046666666666667,11.135000000000002,2025-12-20 01:05:07,1.5359645535869328,1.242868290991069,-90215,0.22575523515276347,2263640,142825,258670,0.924322080796901,-0.9116666666666653,0,-74991,79735,79735,72975,223534,BULLISH_CONTINUE,f,f,STRONG_BULLISH,NEUTRAL_PREDICT,-36580,94740,185015,382103.99
2025-12-16 09:22:00,NSE,25951.5,25950,2025-12-23,2025-12-30,2026-01-06,2026-01-13,2026-01-20,776095,1344720,65660,29080,75965,109050,11.983333333333333,11.045,2025-12-20 01:05:04,1.7326744792841082,1.4355295201737643,-36580,0.442887602802315,2120815,94740,185015,0.9216968011126565,-0.9383333333333326,0,113725,113725,113725,424163,279661,BULLISH_CONTINUE,f,f,BULLISH,NEUTRAL_PREDICT,-2275,1495,221545,416940.55
2025-12-16 09:20:00,NSE,25951.5,25950,2025-12-23,2025-12-30,2026-01-06,2026-01-13,2026-01-20,710435,1315640,1885,-390,85180,136365,12.090000000000002,11.136666666666665,2025-12-20 01:05:02,1.85187948228902,1.6009039680676216,-2275,-0.20689655172413793,2026075,1495,221545,0.9211469534050176,-0.9533333333333367,38.625,151301.25,151301.25,151301.25,506518.75,303322.5,BULLISH_CONTINUE,f,f,NEUTRAL,NEUTRAL_PREDICT,-133425,134025,132730,471564.14
2025-12-16 09:19:00,NSE,25951.5,25950,2025-12-23,2025-12-30,2026-01-06,2026-01-13,2026-01-20,708550,1316030,133725,300,68905,63825,11.926666666666668,11.256666666666668,2025-12-20 01:05:01,1.8573565732834663,0.9262753065815252,-133425,0.002243409983174425,2024580,134025,132730,0.9438233650083846,-0.6699999999999999,0,202493.33333333334,202493.33333333334,202493.33333333334,674860,330581.6666666667,BULLISH_CONTINUE,t,f,STRONG_BULLISH,NEUTRAL_PREDICT,-112460,-8210,319710,563768.86
2025-12-16 09:16:00,NSE,25951.5,25950,2025-12-23,2025-12-30,2026-01-06,2026-01-13,2026-01-20,574825,1315730,52125,-60335,105810,213900,12.149999999999999,11.033333333333333,2025-12-20 01:04:57,2.2889227156090985,2.0215480578395235,-112460,-1.157505995203837,1890555,-8210,319710,0.908093278463649,-1.1166666666666654,0,370452.5,370452.5,370452.5,945277.5,429507.5,BULLISH_TURN,t,f,STRONG_BULLISH,NEUTRAL_PREDICT,853365,1898765,539305,682941.41
2025-12-16 09:15:00,NSE,25951.5,25950,2025-12-23,2025-12-30,2026-01-06,2026-01-13,2026-01-20,522700,1376065,522700,1376065,147975,391330,12.193333333333333,10.853333333333333,2025-12-20 01:04:56,2.632609527453606,2.6445683392464945,853365,2.632609527453606,1898765,1898765,539305,0.8901038819026791,-1.3399999999999999,100,853365,853365,853365,1898765,539305,,f,f,STRONG_BEARISH,NEUTRAL_PREDICT,,,,0.00
2025-12-15 15:30:00,NSE,25930.05,25950,2025-12-23,2025-12-30,2026-01-06,2026-01-13,2026-01-20,524140,1379965,-6450,-14250,13050,38700,11.9175,11.715,2025-12-20 08:10:43,2.63281756782539,2.9655172413793105,-7800,-2.2093023255813953,1904105,-20700,51750,0.9830081812460667,-0.20250000000000057,11,-5284,-3312.3333333333335,-490.5,-12476,39338,BULLISH_CONTINUE,f,f,NEUTRAL,NEUTRAL_PREDICT,-7800,-20700,51750,7057.52
2025-12-15 15:29:00,NSE,25930.05,25950,2025-12-23,2025-12-30,2026-01-06,2026-01-13,2026-01-20,524140,1379965,-6450,-14250,13050,38700,11.9175,11.715,2025-12-20 08:10:42,2.63281756782539,2.9655172413793105,-7800,-2.2093023255813953,1904105,-20700,51750,0.9830081812460667,-0.20250000000000057,11,-3685,-2577.3333333333335,-208,-8297,35181,BULLISH_TURN,f,f,NEUTRAL,NEUTRAL_PREDICT,130,-130,39850,6923.18
2025-12-15 15:28:00,NSE,25930.05,25950,2025-12-23,2025-12-30,2026-01-06,2026-01-13,2026-01-20,530590,1394215,-130,0,5810,34040,11.570000000000002,11.9575,2025-12-20 08:10:41,2.627669198439473,5.8588640275387265,130,0,1924805,-130,39850,1.0334917891097664,0.3874999999999975,50.65,-1420,-2002.3333333333333,82,-4862,28671,BEARISH_CONTINUE,f,f,NEUTRAL,NEUTRAL_PREDICT,3975,-3975,33925,6774.83
2025-12-15 15:27:00,NSE,25930.05,25950,2025-12-23,2025-12-30,2026-01-06,2026-01-13,2026-01-20,530720,1394215,-3975,0,8175,25750,11.635,11.9575,2025-12-20 08:10:40,2.62702555019596,3.149847094801223,3975,0,1924935,-3975,33925,1.027718091963902,0.3224999999999998,69.875,-2844,-1861,82,-6234,26265,BEARISH_TURN,f,f,NEUTRAL,NEUTRAL_PREDICT,-14925,-16875,19415,6774.83
2025-12-15 15:26:00,NSE,25930.05,25950,2025-12-23,2025-12-30,2026-01-06,2026-01-13,2026-01-20,534695,1394215,-975,-15900,3000,16415,11.434999999999999,12.0275,2025-12-20 08:10:39,2.607495862127007,5.471666666666667,-14925,-16.307692307692307,1928910,-16875,19415,1.0518146042850898,0.5925000000000011,0,-3626,-2081,62,-5452,24158,BULLISH_TURN,t,f,NEUTRAL,NEUTRAL_PREDICT,195,195,30965,6763.81
2025-12-15 15:25:00,NSE,25930.05,25950,2025-12-23,2025-12-30,2026-01-06,2026-01-13,2026-01-20,535670,1410115,0,195,6900,24065,11.545000000000002,11.9975,2025-12-20 08:10:38,2.6324322810685685,3.4876811594202897,195,,1945785,195,30965,1.0391944564746642,0.4524999999999988,50.975,-3386,-1636,-193,-4522,29828,BEARISH_CONTINUE,t,f,NEUTRAL,NEUTRAL_PREDICT,3525,-3525,19200,7457.00
2025-12-15 15:24:00,NSE,25930.05,25950,2025-12-23,2025-12-30,2026-01-06,2026-01-13,2026-01-20,535670,1409920,-3525,0,5025,14175,11.6375,11.9375,2025-12-20 08:10:37,2.632068250975414,2.8208955223880596,3525,0,1945590,-3525,19200,1.02577873254565,0.3000000000000007,67.625,-3399,-1719.6666666666667,-232,-4587,26633,BEARISH_TURN,f,f,NEUTRAL,NEUTRAL_PREDICT,-6990,-6990,27820,7457.96
2025-12-15 15:23:00,NSE,25930.05,25950,2025-12-23,2025-12-30,2026-01-06,2026-01-13,2026-01-20,539195,1409920,0,-6990,6805,21015,11.557500000000001,11.98,2025-12-20 08:10:37,2.6148610428509165,3.0881704628949302,-6990,,1949115,-6990,27820,1.0365563486913258,0.42249999999999943,15.050000000000004,-7257,-1834.6666666666667,-347.3333333333333,-8625,26771,BULLISH_TURN,f,f,NEUTRAL,NEUTRAL_PREDICT,65,-65,23390,7424.54
2025-12-15 15:22:00,NSE,25930.05,25950,2025-12-23,2025-12-30,2026-01-06,2026-01-13,2026-01-20,539195,1416910,-65,0,7790,15600,11.6175,11.915,2025-12-20 08:10:36,2.62782481291555,2.0025673940949935,65,0,1956105,-65,23390,1.0256079190875833,0.29749999999999943,50.325,-5679,-1321,-944.3333333333334,-7407,21207,BEARISH_TURN,f,f,NEUTRAL,NEUTRAL_PREDICT,-13725,-12225,47765,8603.54
2025-12-15 15:20:00,NSE,25930.05,25950,2025-12-23,2025-12-30,2026-01-06,2026-01-13,2026-01-20,539260,1416910,750,-12975,10715,37050,11.6025,11.905000000000001,2025-12-20 08:10:34,2.6275080666097987,3.457769482034531,-13725,-17.3,1956170,-12225,47765,1.026071967248438,0.302500000000002,0,-4762,-860.3333333333334,-794,-6824,17069,BULLISH_TURN,f,t,NEUTRAL,BULLISH_PREDICT,130,-130,14990,8660.99
2025-12-15 15:19:00,NSE,25930.05,25950,2025-12-23,2025-12-30,2026-01-06,2026-01-13,2026-01-20,538510,1429885,-130,0,3815,11175,11.6025,11.905,2025-12-20 08:10:33,2.6552617407290486,2.929226736566186,130,0,1968395,-130,14990,1.026071967248438,0.3025000000000002,50.65,-1267,833.3333333333334,-381.5,-3629,8236,BEARISH_TURN,f,f,NEUTRAL,NEUTRAL_PREDICT,-15765,-23715,19890,8311.53
2025-12-15 15:18:00,NSE,25930.05,25950,2025-12-23,2025-12-30,2026-01-06,2026-01-13,2026-01-20,538640,1429885,-3975,-19740,2475,17415,11.6175,11.9025,2025-12-20 08:10:32,2.6546208970741128,7.036363636363636,-15765,-4.966037735849056,1968525,-23715,19890,1.0245319561007102,0.28500000000000014,0,-648,797,-393.3333333333333,-3258,8883,BULLISH_TURN,f,f,NEUTRAL,NEUTRAL_PREDICT,900,-900,0,8311.03
2025-12-15 15:17:00,NSE,25930.05,25950,2025-12-23,2025-12-30,2026-01-06,2026-01-13,2026-01-20,542615,1449625,-900,0,0,0,11.610000000000001,11.93,2025-12-20 08:10:31,2.671553495572367,,900,0,1992240,-900,0,1.0275624461670971,0.3199999999999985,54.5,2670,2038,69.66666666666667,1170,9765,BEARISH_CONTINUE,t,f,NEUTRAL,NEUTRAL_PREDICT,4650,2850,2700,7796.11
2025-12-15 15:16:00,NSE,25930.05,25950,2025-12-23,2025-12-30,2026-01-06,2026-01-13,2026-01-20,542615,1449625,-900,3750,75,2625,11.620000000000001,11.945,2025-12-20 08:10:30,2.671553495572367,35,4650,4.166666666666667,1992240,2850,2700,1.0279690189328743,0.3249999999999993,73.25,2940,1975.3333333333333,40,1620,13168,BEARISH_CONTINUE,f,f,NEUTRAL,NEUTRAL_PREDICT,3750,3750,3600,7794.53
2025-12-15 15:15:00,NSE,25930.05,25950,2025-12-23,2025-12-30,2026-01-06,2026-01-13,2026-01-20,543515,1449625,0,3750,375,3225,11.645000000000001,11.9925,2025-12-20 08:10:30,2.6671297020321427,8.6,3750,,1993140,3750,3600,1.0298411335337052,0.34749999999999837,68.75,2145,1492,-60,915,16531,BEARISH_CONTINUE,f,f,NEUTRAL,NEUTRAL_PREDICT,3225,1725,18225,7752.48
2025-12-15 15:14:00,NSE,25930.05,25950,2025-12-23,2025-12-30,2026-01-06,2026-01-13,2026-01-20,543515,1449625,-750,2475,2175,16050,11.575,12.0075,2025-12-20 08:10:29,2.6671297020321427,7.379310344827586,3225,3.3,1993140,1725,18225,1.0373650107991361,0.432500000000001,66.125,-255,2331.3333333333335,-190,-1395,18359,BEARISH_CONTINUE,t,f,NEUTRAL,NEUTRAL_PREDICT,825,-1575,24300,7719.01
2025-12-15 15:12:00,NSE,25930.05,25950,2025-12-23,2025-12-30,2026-01-06,2026-01-13,2026-01-20,544265,1447150,-1200,-375,6225,18075,11.58,12.017499999999998,2025-12-20 08:10:27,2.6589069662756195,2.9036144578313254,825,-0.3125,1991415,-1575,24300,1.0377806563039722,0.4374999999999982,54.125,-1112,2161.3333333333335,-220,-1952,19904,BEARISH_CONTINUE,t,f,NEUTRAL,NEUTRAL_PREDICT,2250,1350,17015,7707.02
2025-12-15 15:11:00,NSE,25930.05,25950,2025-12-23,2025-12-30,2026-01-06,2026-01-13,2026-01-20,545465,1447525,-450,1800,5100,11915,11.51,12.0625,2025-12-20 08:10:26,2.653744969888077,2.3362745098039217,2250,4,1992990,1350,17015,1.0480017376194612,0.5525000000000002,61.25,-917,2166.3333333333335,-270.3333333333333,-1577,19662,BEARISH_CONTINUE,t,f,NEUTRAL,NEUTRAL_PREDICT,675,-675,19515,7704.89
2025-12-15 15:09:00,NSE,25930.05,25950,2025-12-23,2025-12-30,2026-01-06,2026-01-13,2026-01-20,545915,1445725,-675,0,6375,13140,11.530000000000001,12.025000000000002,2025-12-20 08:10:24,2.6482602602969325,2.061176470588235,675,0,1991640,-675,19515,1.0429314830875978,0.495000000000001,53.375,-1224,2025,-422.8333333333333,-1652,22915,BEARISH_TURN,f,f,NEUTRAL,NEUTRAL_PREDICT,-8250,-7800,12740,7698.56
2025-12-15 15:08:00,NSE,25930.05,25950,2025-12-23,2025-12-30,2026-01-06,2026-01-13,2026-01-20,546590,1445725,225,-8025,3900,8840,11.7325,11.8975,2025-12-20 08:10:24,2.644989846136958,2.2666666666666666,-8250,-35.666666666666664,1992315,-7800,12740,1.014063498828042,0.16500000000000092,8.75,36,2205,-475,-3272,24404,BULLISH_CONTINUE,f,f,NEUTRAL,NEUTRAL_PREDICT,-1060,-1060,25950,7696.17
2025-12-15 15:06:00,NSE,25930.05,25950,2025-12-23,2025-12-30,2026-01-06,2026-01-13,2026-01-20,546365,1453750,0,-1060,8775,17175,11.695,11.925,2025-12-20 08:10:22,2.6607670696329375,1.9572649572649572,-1060,,2000115,-1060,25950,1.0196665241556222,0.23000000000000043,44.7,4022,1250,-535,-1716,28144,BULLISH_TURN,t,f,NEUTRAL,NEUTRAL_PREDICT,1800,300,23090,7765.58
2025-12-15 15:05:00,NSE,25930.05,25950,2025-12-23,2025-12-30,2026-01-06,2026-01-13,2026-01-20,546365,1454810,-750,1050,4350,18740,11.7025,11.952499999999999,2025-12-20 08:10:21,2.662707164624381,4.308045977011494,1800,1.4,2001175,300,23090,1.0213629566331979,0.24999999999999822,59,4151,1255.6666666666667,60.333333333333336,-1781,25948,BEARISH_CONTINUE,f,f,NEUTRAL,NEUTRAL_PREDICT,715,975,33280,8383.92
2025-12-15 15:03:00,NSE,25930.05,25950,2025-12-23,2025-12-30,2026-01-06,2026-01-13,2026-01-20,547115,1453760,130,845,8240,25040,11.6775,12,2025-12-20 08:10:19,2.65713789605476,3.0388349514563107,715,6.5,2000875,975,33280,1.0276172125883107,0.3224999999999998,53.575,4361,1140,2090.3333333333335,-1301,24028,BEARISH_CONTINUE,t,f,NEUTRAL,NEUTRAL_PREDICT,6975,-8775,26960,14185.34
2025-12-15 15:02:00,NSE,25930.05,25950,2025-12-23,2025-12-30,2026-01-06,2026-01-13,2026-01-20,546985,1452915,-7875,-900,5625,21335,11.525,12.072500000000002,2025-12-20 08:10:18,2.6562245765423182,3.7928888888888888,6975,-0.11428571428571428,1999900,-8775,26960,1.0475054229934926,0.5475000000000012,84.875,4210,-567.6666666666666,1799,-978,18982,BEARISH_CONTINUE,f,f,NEUTRAL,NEUTRAL_PREDICT,11680,-20,31440,14303.81
2025-12-15 14:59:00,NSE,25930.05,25950,2025-12-23,2025-12-30,2026-01-06,2026-01-13,2026-01-20,554860,1453815,-5850,5830,13125,18315,11.4875,12.149999999999999,2025-12-20 08:10:16,2.6201474245755687,1.3954285714285715,11680,0.9965811965811966,2008675,-20,31440,1.0576713819368877,0.6624999999999979,100,2295,-727.6666666666666,2046.5,-13,14548,BEARISH_TURN,f,t,NEUTRAL,BEARISH_PREDICT,-415,-1385,14970,14459.85
2025-12-15 14:57:00,NSE,25930.05,25950,2025-12-23,2025-12-30,2026-01-06,2026-01-13,2026-01-20,560710,1447985,-485,-900,4845,10125,11.637500000000001,12.040000000000001,2025-12-20 08:10:14,2.582413368764602,2.0897832817337463,-415,-1.8556701030927836,2008695,-1385,14970,1.0345864661654136,0.40249999999999986,47.925,3227,-1596.3333333333333,1822.1666666666667,293,13365,BULLISH_TURN,t,f,NEUTRAL,NEUTRAL_PREDICT,2850,2700,13490,14357.08
2025-12-15 14:56:00,NSE,25930.05,25950,2025-12-23,2025-12-30,2026-01-06,2026-01-13,2026-01-20,561195,1448885,-75,2775,2175,11315,11.465,12.09,2025-12-20 08:10:13,2.5817852974456295,5.202298850574713,2850,37,2010080,2700,13490,1.0545137374618403,0.625,64.25,3445,-1583.6666666666667,1851.1666666666667,165,10476,BEARISH_TURN,f,f,NEUTRAL,NEUTRAL_PREDICT,-40,2590,8050,14353.28
2025-12-15 14:54:00,NSE,25930.05,25950,2025-12-23,2025-12-30,2026-01-06,2026-01-13,2026-01-20,561270,1446110,1315,1275,3485,4565,11.502500000000001,12.13,2025-12-20 08:10:11,2.5764961604931673,1.309899569583931,-40,0.9695817490494296,2007380,2590,8050,1.0545533579656596,0.6274999999999995,49.8,3055,-1898.6666666666667,1528.6666666666667,-285,7793,BULLISH_CONTINUE,t,f,NEUTRAL,NEUTRAL_PREDICT,-2600,-3950,4790,14438.50
2025-12-15 14:53:00,NSE,25930.05,25950,2025-12-23,2025-12-30,2026-01-06,2026-01-13,2026-01-20,559955,1444835,-675,-3275,2175,2615,11.4775,12.124999999999998,2025-12-20 08:10:10,2.580269843112393,1.2022988505747128,-2600,-4.851851851851852,2004790,-3950,4790,1.0564147244609017,0.6474999999999991,37,3089,-1895.3333333333333,1585,-777,7827,BULLISH_TURN,t,f,NEUTRAL,NEUTRAL_PREDICT,16340,1510,25525,14435.47
2025-12-15 14:50:00,NSE,25930.05,25950,2025-12-23,2025-12-30,2026-01-06,2026-01-13,2026-01-20,560630,1448110,-7415,8925,8050,17475,11.552500000000002,12.059999999999999,2025-12-20 08:10:08,2.5830048338476357,2.170807453416149,16340,1.203641267700607,2008740,1510,25525,1.0439298853062104,0.5074999999999967,100,4284,-1612,1776.6666666666667,148,11624,BEARISH_CONTINUE,t,t,NEUTRAL,BEARISH_PREDICT,675,-2025,525,14416.15
2025-12-15 14:48:00,NSE,25930.05,25950,2025-12-23,2025-12-30,2026-01-06,2026-01-13,2026-01-20,568045,1439185,-1350,-675,375,150,11.365,12.1325,2025-12-20 08:10:06,2.533575685024954,0.4,675,-0.5,2007230,-2025,525,1.0675318961724594,0.7675000000000001,53.375,-3499,-2711.3333333333335,1157,-6649,10884,BEARISH_CONTINUE,t,t,NEUTRAL,BEARISH_PREDICT,900,450,75,14165.93
2025-12-15 14:47:00,NSE,25930.05,25950,2025-12-23,2025-12-30,2026-01-06,2026-01-13,2026-01-20,569395,1439860,-225,675,0,75,11.22,12.2325,2025-12-20 08:10:05,2.528754204023569,,900,3,2009255,450,75,1.0902406417112298,1.0124999999999993,54.5,-3829,-2601.3333333333335,1136.6666666666667,-7459,25779,BEARISH_CONTINUE,f,f,NEUTRAL,NEUTRAL_PREDICT,130,130,8220,14167.09
2025-12-15 14:46:00,NSE,25930.05,25950,2025-12-23,2025-12-30,2026-01-06,2026-01-13,2026-01-20,569620,1439185,0,130,3225,4995,11.239999999999998,12.23,2025-12-20 08:10:04,2.5265703451423756,1.5488372093023255,130,,2008805,130,8220,1.0880782918149468,0.990000000000002,50.65,-3996,-2707,1219.1666666666667,-7536,29767,BEARISH_CONTINUE,f,f,NEUTRAL,NEUTRAL_PREDICT,3375,675,23775,14172.87
2025-12-15 14:45:00,NSE,25930.05,25950,2025-12-23,2025-12-30,2026-01-06,2026-01-13,2026-01-20,569620,1439055,-1350,2025,6150,17625,11.515,12.2025,2025-12-20 08:10:03,2.526342122818721,2.8658536585365852,3375,1.5,2008675,675,23775,1.0597047329570126,0.6875,66.875,-9002,-2870.6666666666665,1247.3333333333333,-11612,32563,BEARISH_TURN,t,f,NEUTRAL,NEUTRAL_PREDICT,-22575,-32475,21825,14171.47
2025-12-15 14:44:00,NSE,25930.05,25950,2025-12-23,2025-12-30,2026-01-06,2026-01-13,2026-01-20,570970,1437030,-4950,-27525,9750,12075,11.527500000000002,12.1375,2025-12-20 08:10:02,2.516822249855509,1.2384615384615385,-22575,-5.5606060606060606,2008000,-32475,21825,1.052916937757536,0.6099999999999977,0,-8762,-3155,2174.8333333333335,-11222,30433,BULLISH_CONTINUE,f,f,BULLISH,NEUTRAL_PREDICT,-975,-6075,75000,15189.51
2025-12-15 14:41:00,NSE,25930.05,25950,2025-12-23,2025-12-30,2026-01-06,2026-01-13,2026-01-20,575920,1464555,-2550,-3525,15900,59100,11.8475,11.934999999999999,2025-12-20 08:10:00,2.5429834004722878,3.7169811320754715,-975,-1.3823529411764706,2040475,-6075,75000,1.0073855243722303,0.08749999999999858,45.125,-4517,-2320,2929.5,-5027,28483,BULLISH_TURN,t,t,NEUTRAL,BULLISH_PREDICT,65,65,20015,14462.46
2025-12-15 14:39:00,NSE,25930.05,25950,2025-12-23,2025-12-30,2026-01-06,2026-01-13,2026-01-20,578470,1468080,0,65,5925,14090,11.8925,11.955,2025-12-20 08:09:58,2.537867132262693,2.378059071729958,65,,2046550,65,20015,1.0052554130754678,0.0625,50.325,-4367,-1135,3287,-3857,15823,BEARISH_TURN,t,f,NEUTRAL,NEUTRAL_PREDICT,-24900,-20250,22200,14495.14
2025-12-15 14:38:00,NSE,25930.05,25950,2025-12-23,2025-12-30,2026-01-06,2026-01-13,2026-01-20,578470,1468015,2325,-22575,1200,21000,11.83,11.965,2025-12-20 08:09:57,2.537754766885059,17.5,-24900,-9.709677419354838,2046485,-20250,22200,1.0114116652578191,0.1349999999999998,0,-4755,3040.6666666666665,3007.3333333333335,-4365,12960,BULLISH_TURN,t,f,BULLISH,NEUTRAL_PREDICT,4575,2625,13125,14639.67
2025-12-15 14:35:00,NSE,25930.05,25950,2025-12-23,2025-12-30,2026-01-06,2026-01-13,2026-01-20,576145,1490590,-975,3600,2325,10800,11.935,11.895,2025-12-20 08:09:54,2.5871785748379312,4.645161290322581,4575,3.6923076923076925,2066735,2625,13125,0.996648512777545,-0.040000000000000924,72.875,227,4165.666666666667,4089.8333333333335,-317,10078,BEARISH_TURN,t,f,NEUTRAL,NEUTRAL_PREDICT,-1350,-1500,12075,13673.74
2025-12-15 14:32:00,NSE,25930.05,25950,2025-12-23,2025-12-30,2026-01-06,2026-01-13,2026-01-20,577120,1486990,-75,-1425,3000,9075,11.965,11.9,2025-12-20 08:09:51,2.576569864153036,3.025,-1350,-19,2064110,-1500,12075,0.9945674885081488,-0.0649999999999995,43.25,-358,4820.666666666667,4544.833333333333,-422,8833,BULLISH_CONTINUE,f,f,NEUTRAL,NEUTRAL_PREDICT,-225,-225,11700,13915.41
2025-12-15 14:30:00,NSE,25930.05,25950,2025-12-23,2025-12-30,2026-01-06,2026-01-13,2026-01-20,577195,1488415,0,-225,7050,4650,11.8525,11.9825,2025-12-20 08:09:49,2.5787039042264746,0.6595744680851063,-225,,2065610,-225,11700,1.010968150179287,0.13000000000000078,48.875,-118,5240.666666666667,4729.833333333333,-92,9163,BULLISH_CONTINUE,f,t,NEUTRAL,BULLISH_PREDICT,-1875,-2475,5700,13871.16
2025-12-15 14:29:00,NSE,25930.05,25950,2025-12-23,2025-12-30,2026-01-06,2026-01-13,2026-01-20,577195,1488640,-300,-2175,2025,3675,11.860000000000001,12.0075,2025-12-20 08:09:48,2.5790937204930744,1.8148148148148149,-1875,-7.25,2065835,-2475,5700,1.0124367622259696,0.14749999999999908,40.625,392,5286,4817.333333333333,118,8623,BULLISH_TURN,f,f,NEUTRAL,NEUTRAL_PREDICT,10,-10,7790,13847.09
2025-12-15 14:27:00,NSE,25930.05,25950,2025-12-23,2025-12-30,2026-01-06,2026-01-13,2026-01-20,577495,1490815,-10,0,1415,6375,11.7925,12.06,2025-12-20 08:09:47,2.5815201863219595,4.5053003533568905,10,0,2068310,-10,7790,1.022683909264363,0.26750000000000007,50.05,630,4956,4794.833333333333,750,11666,BEARISH_CONTINUE,t,f,NEUTRAL,NEUTRAL_PREDICT,1650,2100,6900,13858.88
2025-12-15 14:26:00,NSE,25930.05,25950,2025-12-23,2025-12-30,2026-01-06,2026-01-13,2026-01-20,577505,1490815,225,1875,2475,4425,11.889999999999999,11.915000000000001,2025-12-20 08:09:46,2.5814754850607353,1.7878787878787878,1650,8.333333333333334,2068320,2100,6900,1.002102607232969,0.02500000000000213,58.25,163,5065.333333333333,4852,407,11953,BEARISH_TURN,f,f,NEUTRAL,NEUTRAL_PREDICT,-150,150,13725,13841.99
2025-12-15 14:25:00,NSE,25930.05,25950,2025-12-23,2025-12-30,2026-01-06,2026-01-13,2026-01-20,577280,1488940,150,0,4350,9375,11.817499999999999,11.99,2025-12-20 08:09:45,2.5792336474501107,2.1551724137931036,-150,0,2066220,150,13725,1.0145969959805374,0.1725000000000012,49.25,-345,5165.333333333333,4854.5,-131,15626,BULLISH_TURN,f,f,NEUTRAL,NEUTRAL_PREDICT,2325,825,9000,13841.40
2025-12-15 14:23:00,NSE,25930.05,25950,2025-12-23,2025-12-30,2026-01-06,2026-01-13,2026-01-20,577130,1488940,-750,1575,1275,7725,12.012500000000001,11.91,2025-12-20 08:09:43,2.5799040077625492,6.0588235294117645,2325,2.1,2066070,825,9000,0.9914672216441206,-0.10250000000000092,61.625,-2325,5025.333333333333,5744.833333333333,-1361,15581,BEARISH_TURN,f,f,NEUTRAL,NEUTRAL_PREDICT,-685,685,20915,14357.80
2025-12-15 14:21:00,NSE,25930.05,25950,2025-12-23,2025-12-30,2026-01-06,2026-01-13,2026-01-20,577880,1487365,685,0,4865,16050,11.7925,12.03,2025-12-20 08:09:42,2.5738302069633834,3.299075025693731,-685,0,2065245,685,20915,1.0201399194403222,0.23749999999999893,46.575,570,4874.666666666667,6204.833333333333,1174,25436,BULLISH_CONTINUE,t,t,NEUTRAL,BULLISH_PREDICT,-2325,-1725,9225,14465.12
2025-12-15 14:20:00,NSE,25930.05,25950,2025-12-23,2025-12-30,2026-01-06,2026-01-13,2026-01-20,577195,1487365,300,-2025,2925,6300,11.8225,12,2025-12-20 08:09:41,2.5768847616490094,2.1538461538461537,-2325,-6.75,2064560,-1725,9225,1.0150137449777965,0.1775000000000002,38.375,13247,5145.333333333333,6193,13277,31406,BULLISH_CONTINUE,f,f,NEUTRAL,NEUTRAL_PREDICT,-890,-590,25265,14471.09
2025-12-15 14:18:00,NSE,25930.05,25950,2025-12-23,2025-12-30,2026-01-06,2026-01-13,2026-01-20,576895,1489390,150,-740,12150,13115,11.780000000000001,11.975,2025-12-20 08:09:39,2.5817349777689182,1.0794238683127573,-890,-4.933333333333334,2066285,-590,25265,1.016553480475382,0.1949999999999985,45.55,12107,5365.333333333333,6328,13727,37734,BULLISH_CONTINUE,f,f,NEUTRAL,NEUTRAL_PREDICT,-10050,-6000,13500,14407.64
2025-12-15 14:17:00,NSE,25930.05,25950,2025-12-23,2025-12-30,2026-01-06,2026-01-13,2026-01-20,576745,1490130,2025,-8025,3975,9525,11.825,11.967500000000001,2025-12-20 08:09:38,2.5836894988253043,2.3962264150943398,-10050,-3.962962962962963,2066875,-6000,13500,1.0120507399577168,0.14250000000000185,0,15165,7504.666666666667,5952.666666666667,13065,37436,BULLISH_TURN,t,f,NEUTRAL,NEUTRAL_PREDICT,16800,13500,58275,14744.88
2025-12-15 14:14:00,NSE,25930.05,25950,2025-12-23,2025-12-30,2026-01-06,2026-01-13,2026-01-20,574720,1498155,-1650,15150,10425,47850,11.889999999999999,11.935,2025-12-20 08:09:35,2.606756333518931,4.589928057553957,16800,9.181818181818182,2072875,13500,58275,1.0037846930193441,0.045000000000001705,100,18165,8179,6281.166666666667,14535,50321,BEARISH_CONTINUE,f,f,NEUTRAL,NEUTRAL_PREDICT,62700,61200,50765,14483.53
2025-12-15 14:11:00,NSE,25930.05,25950,2025-12-23,2025-12-30,2026-01-06,2026-01-13,2026-01-20,576370,1483005,-750,61950,16050,34715,12.23,11.667499999999999,2025-12-20 08:09:33,2.5730086576331175,2.162928348909657,62700,82.6,2059375,61200,50765,0.954006541291905,-0.5625000000000018,100,14896,7709,6031.166666666667,11926,41079,BEARISH_TURN,f,f,STRONG_BEARISH,NEUTRAL_PREDICT,-8025,525,40865,14359.90
2025-12-15 14:08:00,NSE,25930.05,25950,2025-12-23,2025-12-30,2026-01-06,2026-01-13,2026-01-20,577120,1421055,4275,-3750,15675,25190,11.967500000000001,11.9375,2025-12-20 08:09:30,2.462321527585251,1.6070175438596492,-8025,-0.8771929824561403,1998175,525,40865,0.9974932107791935,-0.030000000000001137,9.875,991,2974,3776.1666666666665,-3389,32666,BULLISH_TURN,t,f,NEUTRAL,NEUTRAL_PREDICT,14400,-3900,23775,9714.33
2025-12-15 14:05:00,NSE,25930.05,25950,2025-12-23,2025-12-30,2026-01-06,2026-01-13,2026-01-20,572845,1424805,-9150,5250,7050,16725,11.6425,12.170000000000002,2025-12-20 08:09:28,2.487243495186307,2.372340425531915,14400,0.5737704918032787,1997650,-3900,23775,1.0453081382864506,0.5275000000000016,100,2926,4014,4301.166666666667,-3824,36883,BEARISH_CONTINUE,t,f,NEUTRAL,NEUTRAL_PREDICT,4950,1350,77925,9477.26
2025-12-15 14:02:00,NSE,25930.05,25950,2025-12-23,2025-12-30,2026-01-06,2026-01-13,2026-01-20,581995,1419555,-1800,3150,27000,50925,11.5975,12.195,2025-12-20 08:09:25,2.439118892773993,1.886111111111111,4950,1.75,2001550,1350,77925,1.0515197240784653,0.5975000000000001,74.75,676,4269,3793.6666666666665,-3374,36193,BEARISH_CONTINUE,f,t,NEUTRAL,BEARISH_PREDICT,455,455,12065,9324.23
2025-12-15 14:00:00,NSE,25930.05,25950,2025-12-23,2025-12-30,2026-01-06,2026-01-13,2026-01-20,583795,1416405,0,455,3900,8165,11.622499999999999,12.205,2025-12-20 08:09:23,2.4262026910131125,2.0935897435897437,455,,2000200,455,12065,1.0501183050118306,0.5825000000000014,52.275,-764,4219,3624.3333333333335,-4874,27283,BEARISH_TURN,t,f,NEUTRAL,NEUTRAL_PREDICT,-6825,-15375,8700,9348.61
2025-12-15 13:59:00,NSE,25930.05,25950,2025-12-23,2025-12-30,2026-01-06,2026-01-13,2026-01-20,583795,1415950,-4275,-11100,4050,4650,11.7225,12.16,2025-12-20 08:09:22,2.425423307839224,1.1481481481481481,-6825,-2.5964912280701755,1999745,-15375,8700,1.0373213904883771,0.4375,15.875,-842,4348.666666666667,3919.1666666666665,-4952,29506,BULLISH_TURN,f,f,NEUTRAL,NEUTRAL_PREDICT,1650,-1650,61950,9384.61
2025-12-15 13:58:00,NSE,25930.05,25950,2025-12-23,2025-12-30,2026-01-06,2026-01-13,2026-01-20,588070,1427050,-1650,0,45825,16125,11.725,12.129999999999999,2025-12-20 08:09:22,2.4266668933970448,0.3518821603927987,1650,0,2015120,-1650,61950,1.0345415778251599,0.40499999999999936,58.25,1198,4633.666666666667,4124.166666666667,-1682,29281,BEARISH_CONTINUE,f,t,NEUTRAL,BEARISH_PREDICT,3150,-1650,20325,9207.32
2025-12-15 13:56:00,NSE,25930.05,25950,2025-12-23,2025-12-30,2026-01-06,2026-01-13,2026-01-20,589720,1427050,-2400,750,4200,16125,11.695,12.215,2025-12-20 08:09:20,2.4198772298718034,3.8392857142857144,3150,0.3125,2016770,-1650,20325,1.0444634459170585,0.5199999999999996,65.75,1063,4638.666666666667,4089.1666666666665,-2477,19996,BEARISH_TURN,f,f,NEUTRAL,NEUTRAL_PREDICT,-2250,-6150,33375,9219.03
2025-12-15 13:53:00,NSE,25930.05,25950,2025-12-23,2025-12-30,2026-01-06,2026-01-13,2026-01-20,592120,1426300,-1950,-4200,12075,21300,11.7225,12.165000000000001,2025-12-20 08:09:17,2.4088022698101734,1.763975155279503,-2250,-2.1538461538461537,2018420,-6150,33375,1.0377479206653872,0.4425000000000008,38.75,6673,4543.666666666667,4194.166666666667,3703,19831,BULLISH_TURN,t,f,NEUTRAL,NEUTRAL_PREDICT,65,65,23180,9225.91
2025-12-15 13:51:00,NSE,25930.05,25950,2025-12-23,2025-12-30,2026-01-06,2026-01-13,2026-01-20,594070,1430500,0,65,12525,10655,11.69,12.1425,2025-12-20 08:09:15,2.4079653912838554,0.8506986027944112,65,,2024570,65,23180,1.0387082976903337,0.45250000000000057,50.325,7136,6464.333333333333,4267,4920,20564,BEARISH_CONTINUE,f,t,NEUTRAL,BEARISH_PREDICT,3375,975,7575,9181.80
2025-12-15 13:50:00,NSE,25930.05,25950,2025-12-23,2025-12-30,2026-01-06,2026-01-13,2026-01-20,594070,1430435,-1200,2175,2925,4650,11.7225,12.1025,2025-12-20 08:09:14,2.4078559765684178,1.5897435897435896,3375,1.8125,2024505,975,7575,1.0324162934527616,0.379999999999999,66.875,9073,7535,4284.833333333333,6527,22348,BEARISH_CONTINUE,t,f,NEUTRAL,NEUTRAL_PREDICT,975,-5625,15525,9173.87
2025-12-15 13:47:00,NSE,25930.05,25950,2025-12-23,2025-12-30,2026-01-06,2026-01-13,2026-01-20,595270,1428260,-3300,-2325,7500,8025,11.615,12.14,2025-12-20 08:09:12,2.3993481949367514,1.07,975,-0.7045454545454546,2023530,-5625,15525,1.0452001721911321,0.5250000000000004,54.875,6733,7240.666666666667,4379.833333333333,5597,22378,BEARISH_CONTINUE,t,f,NEUTRAL,NEUTRAL_PREDICT,31200,29250,19500,9178.88
2025-12-15 13:44:00,NSE,25930.05,25950,2025-12-23,2025-12-30,2026-01-06,2026-01-13,2026-01-20,598570,1430585,-975,30225,7875,11625,11.655000000000001,12.15,2025-12-20 08:09:09,2.3900045107506225,1.4761904761904763,31200,31,2029155,29250,19500,1.0424710424710424,0.4949999999999992,100,8053,7290.666666666667,4477.333333333333,6977,23068,BEARISH_CONTINUE,t,f,BEARISH,NEUTRAL_PREDICT,65,-65,37040,9156.97
2025-12-15 13:42:00,NSE,25930.05,25950,2025-12-23,2025-12-30,2026-01-06,2026-01-13,2026-01-20,599545,1400360,-65,0,2690,34350,11.525,12.2025,2025-12-20 08:09:07,2.3357045759701105,12.769516728624536,65,0,1999905,-65,37040,1.0587852494577006,0.6775000000000002,50.325,5458,4400.666666666667,3597.3333333333335,5372,23323,BEARISH_CONTINUE,t,f,NEUTRAL,NEUTRAL_PREDICT,9750,8100,32100,7643.85
2025-12-15 13:41:00,NSE,25930.05,25950,2025-12-23,2025-12-30,2026-01-06,2026-01-13,2026-01-20,599610,1400360,-825,8925,2850,29250,11.517499999999998,12.2175,2025-12-20 08:09:07,2.335451376728207,10.263157894736842,9750,10.818181818181818,1999970,8100,32100,1.060777078359019,0.7000000000000011,98.75,6285,4383.333333333333,3382.6666666666665,5805,20700,BEARISH_TURN,t,t,NEUTRAL,BEARISH_PREDICT,-8325,-3675,7725,7834.53
2025-12-15 13:38:00,NSE,25930.05,25950,2025-12-23,2025-12-30,2026-01-06,2026-01-13,2026-01-20,600435,1391435,2325,-6000,1725,6000,11.620000000000001,12.1525,2025-12-20 08:09:04,2.317378234113601,3.4782608695652173,-8325,-2.5806451612903225,1991870,-3675,7725,1.045826161790017,0.5324999999999989,8.375,4815,4353.333333333333,3064.1666666666665,6075,16440,BULLISH_TURN,t,f,NEUTRAL,NEUTRAL_PREDICT,7575,1275,18975,7760.62
2025-12-15 13:35:00,NSE,25930.05,25950,2025-12-23,2025-12-30,2026-01-06,2026-01-13,2026-01-20,598110,1397435,-3150,4425,4725,14250,11.5575,12.1675,2025-12-20 08:09:01,2.3364180501914364,3.015873015873016,7575,1.4047619047619047,1995545,1275,18975,1.0527795803590743,0.6100000000000012,87.875,5970,4578.333333333333,3549.1666666666665,5850,18915,BEARISH_CONTINUE,f,f,NEUTRAL,NEUTRAL_PREDICT,18225,21225,20775,7473.65
2025-12-15 13:32:00,NSE,25930.05,25950,2025-12-23,2025-12-30,2026-01-06,2026-01-13,2026-01-20,601260,1393010,1500,19725,1350,19425,11.6675,12.135000000000002,2025-12-20 08:08:59,2.3168180155007816,14.38888888888889,18225,13.15,1994270,21225,20775,1.0400685665309621,0.46750000000000114,100,4800,4588.333333333333,3298.8333333333335,5910,19785,BEARISH_CONTINUE,f,f,NEUTRAL,NEUTRAL_PREDICT,4200,2100,23925,7459.92
2025-12-15 13:29:00,NSE,25930.05,25950,2025-12-23,2025-12-30,2026-01-06,2026-01-13,2026-01-20,599760,1373285,-1050,3150,3075,20850,11.6325,12.129999999999999,2025-12-20 08:08:56,2.2897242230225423,6.780487804878049,4200,3,1973045,2100,23925,1.0427681065978938,0.4974999999999987,71,1500,3318.3333333333335,2641.3333333333335,1320,18150,BEARISH_CONTINUE,f,t,NEUTRAL,BEARISH_PREDICT,2400,9450,10800,6950.89
2025-12-15 13:26:00,NSE,25930.05,25950,2025-12-23,2025-12-30,2026-01-06,2026-01-13,2026-01-20,600810,1370135,3525,5925,2475,8325,11.6075,12.1375,2025-12-20 08:08:53,2.2804796857575607,3.3636363636363638,2400,1.6808510638297873,1970945,9450,10800,1.0456601335343527,0.5299999999999994,62,5972,3029.6666666666665,2503.5,4618,16108,BEARISH_TURN,t,f,NEUTRAL,NEUTRAL_PREDICT,-2550,-4800,20100,6959.91
2025-12-15 13:23:00,NSE,25930.05,25950,2025-12-23,2025-12-30,2026-01-06,2026-01-13,2026-01-20,597285,1364210,-1125,-3675,10275,9825,11.6625,12.195,2025-12-20 08:08:51,2.2840185171233163,0.9562043795620438,-2550,-3.2666666666666666,1961495,-4800,20100,1.0456591639871384,0.5325000000000006,37.25,8717,3489.6666666666665,2286,4243,22123,BULLISH_TURN,t,f,NEUTRAL,NEUTRAL_PREDICT,1725,1575,23325,7064.42
2025-12-15 13:20:00,NSE,25930.05,25950,2025-12-23,2025-12-30,2026-01-06,2026-01-13,2026-01-20,598410,1367885,-75,1650,4950,18375,11.6925,12.175,2025-12-20 08:08:48,2.2858658779097945,3.712121212121212,1725,22,1966295,1575,23325,1.0412657686551208,0.48249999999999993,58.625,9019,3614.6666666666665,2531,4995,22016,BEARISH_CONTINUE,t,f,NEUTRAL,NEUTRAL_PREDICT,1725,-1725,12600,7018.22
2025-12-15 13:18:00,NSE,25930.05,25950,2025-12-23,2025-12-30,2026-01-06,2026-01-13,2026-01-20,598485,1366235,-1725,0,5625,6975,11.584999999999999,12.255,2025-12-20 08:08:46,2.282822460044947,1.24,1725,0,1964720,-1725,12600,1.0578334052654297,0.6700000000000017,58.625,9019,3539.6666666666665,2499.5,6975,19376,BEARISH_CONTINUE,t,f,NEUTRAL,NEUTRAL_PREDICT,26560,18590,13715,7024.09
2025-12-15 13:17:00,NSE,25930.05,25950,2025-12-23,2025-12-30,2026-01-06,2026-01-13,2026-01-20,600210,1366235,-3985,22575,4340,9375,11.617500000000001,12.2725,2025-12-20 08:08:45,2.2762616417587176,2.160138248847926,26560,5.664993726474279,1966445,18590,13715,1.0563804605121583,0.6549999999999994,100,6244,3844.6666666666665,2752,5400,21491,BEARISH_CONTINUE,f,f,BEARISH,NEUTRAL_PREDICT,16125,7575,40875,7130.63
2025-12-15 13:14:00,NSE,25930.05,25950,2025-12-23,2025-12-30,2026-01-06,2026-01-13,2026-01-20,604195,1343660,-4275,11850,13350,27525,11.387500000000001,12.3175,2025-12-20 08:08:43,2.2238846729946458,2.061797752808989,16125,2.7719298245614037,1947855,7575,40875,1.081668496158068,0.9299999999999997,100,893,2069.6666666666665,1868.8333333333333,1643,23407,BEARISH_TURN,t,t,NEUTRAL,BEARISH_PREDICT,-1040,-1040,19565,5544.58
2025-12-15 13:13:00,NSE,25930.05,25950,2025-12-23,2025-12-30,2026-01-06,2026-01-13,2026-01-20,608470,1331810,0,-1040,7125,12440,11.290000000000001,12.342500000000001,2025-12-20 08:08:42,2.1887849852909755,1.7459649122807017,-1040,,1940280,-1040,19565,1.0932240921169176,1.0525000000000002,44.8,-472,1034.6666666666667,1508.8333333333333,428,23782,BULLISH_TURN,t,f,NEUTRAL,NEUTRAL_PREDICT,1725,11475,10125,4900.20
2025-12-15 13:11:00,NSE,25930.05,25950,2025-12-23,2025-12-30,2026-01-06,2026-01-13,2026-01-20,608470,1332850,4875,6600,4875,5250,11.537500000000001,12.24,2025-12-20 08:08:40,2.1904941903462785,1.0769230769230769,1725,1.353846153846154,1941320,11475,10125,1.0608884073672804,0.7024999999999988,58.625,-1254,1519,1606,6,22734,BEARISH_TURN,t,f,NEUTRAL,NEUTRAL_PREDICT,-12150,-9600,23175,4876.77
2025-12-15 13:08:00,NSE,25930.05,25950,2025-12-23,2025-12-30,2026-01-06,2026-01-13,2026-01-20,603595,1326250,1275,-10875,7650,15525,11.537500000000001,12.2375,2025-12-20 08:08:37,2.1972514682858537,2.0294117647058822,-12150,-8.529411764705882,1929845,-9600,23175,1.0606717226435536,0.6999999999999993,0,-54,1664,1973.8333333333333,-2124,24099,BULLISH_CONTINUE,f,f,NEUTRAL,NEUTRAL_PREDICT,-195,-195,23295,5285.12
2025-12-15 13:06:00,NSE,25930.05,25950,2025-12-23,2025-12-30,2026-01-06,2026-01-13,2026-01-20,602320,1337125,0,-195,5850,17445,11.645,12.100000000000001,2025-12-20 08:08:36,2.2199578297250633,2.982051282051282,-195,,1939445,-195,23295,1.0390725633319022,0.45500000000000185,49.025,2211,2794,2391.8333333333335,-999,25884,BULLISH_TURN,t,f,NEUTRAL,NEUTRAL_PREDICT,9300,1500,42750,4578.15
2025-12-15 13:05:00,NSE,25930.05,25950,2025-12-23,2025-12-30,2026-01-06,2026-01-13,2026-01-20,602320,1337320,-3900,5400,15450,27300,11.65,12.2175,2025-12-20 08:08:35,2.2202815778987914,1.766990291262136,9300,1.3846153846153846,1939640,1500,42750,1.0487124463519313,0.567499999999999,96.5,2224,2382,2381.8333333333335,-934,23548,BEARISH_TURN,t,t,NEUTRAL,BEARISH_PREDICT,-4950,-3150,14325,4584.32
2025-12-15 13:02:00,NSE,25930.05,25950,2025-12-23,2025-12-30,2026-01-06,2026-01-13,2026-01-20,606220,1331920,900,-4050,3375,10950,11.8225,12.132499999999999,2025-12-20 08:08:32,2.1970901652865296,3.2444444444444445,-4950,-4.5,1938140,-3150,14325,1.0262211884119263,0.3099999999999987,25.25,2224,1775,2216.8333333333335,296,17383,BULLISH_TURN,t,f,NEUTRAL,NEUTRAL_PREDICT,7725,825,16950,4412.60
2025-12-15 12:59:00,NSE,25930.05,25950,2025-12-23,2025-12-30,2026-01-06,2026-01-13,2026-01-20,605320,1335970,-3450,4275,7350,9600,11.927499999999998,12.047500000000001,2025-12-20 08:08:30,2.207047512059737,1.3061224489795917,7725,1.2391304347826086,1941290,825,16950,1.010060783902746,0.12000000000000277,88.625,3079,2520,2437,11,18733,BEARISH_TURN,t,f,NEUTRAL,NEUTRAL_PREDICT,-825,-3975,32100,4202.45
2025-12-15 12:56:00,NSE,25930.05,25950,2025-12-23,2025-12-30,2026-01-06,2026-01-13,2026-01-20,608770,1331695,-1575,-2400,15600,16500,11.9,12.06,2025-12-20 08:08:27,2.187517453225356,1.0576923076923077,-825,-1.5238095238095237,1940465,-3975,32100,1.0134453781512605,0.16000000000000014,45.875,1654,2009.3333333333333,2867,-274,19372,BULLISH_CONTINUE,t,t,NEUTRAL,BULLISH_PREDICT,-130,130,11615,5283.19
2025-12-15 12:54:00,NSE,25930.05,25950,2025-12-23,2025-12-30,2026-01-06,2026-01-13,2026-01-20,610345,1334095,130,0,7790,3825,11.915,12.0375,2025-12-20 08:08:25,2.1858047497726694,0.4910141206675225,-130,0,1944440,130,11615,1.0102811582039446,0.1225000000000005,49.35,3079,1964.3333333333333,2896.6666666666665,821,15442,BULLISH_TURN,f,f,NEUTRAL,NEUTRAL_PREDICT,9300,7650,11925,5264.21
2025-12-15 12:53:00,NSE,25930.05,25950,2025-12-23,2025-12-30,2026-01-06,2026-01-13,2026-01-20,610215,1334095,-825,8475,5325,6600,11.8375,12.0875,2025-12-20 08:08:24,2.186270412887261,1.2394366197183098,9300,10.272727272727273,1944310,7650,11925,1.021119324181626,0.25,96.5,3092,1977.3333333333333,3625.3333333333335,808,15541,BEARISH_TURN,t,f,NEUTRAL,NEUTRAL_PREDICT,-675,-4575,21075,6251.21
2025-12-15 12:50:00,NSE,25930.05,25950,2025-12-23,2025-12-30,2026-01-06,2026-01-13,2026-01-20,611040,1325620,-1950,-2625,8025,13050,11.8125,12.025,2025-12-20 08:08:21,2.1694488085886356,1.6261682242990654,-675,-1.3461538461538463,1936660,-4575,21075,1.017989417989418,0.21250000000000036,46.625,1352,1082.3333333333333,3525.3333333333335,-842,19246,BULLISH_TURN,f,f,NEUTRAL,NEUTRAL_PREDICT,600,-600,20145,6180.90
2025-12-15 12:48:00,NSE,25930.05,25950,2025-12-23,2025-12-30,2026-01-06,2026-01-13,2026-01-20,612990,1328245,-600,0,8025,12120,11.905,11.975000000000001,2025-12-20 08:08:20,2.1668298014649503,1.5102803738317756,600,0,1941235,-600,20145,1.005879882402352,0.07000000000000206,53,2732,1447.3333333333333,4115.333333333333,-2042,17296,BEARISH_CONTINUE,t,f,NEUTRAL,NEUTRAL_PREDICT,6300,1500,12450,6596.91
2025-12-15 12:47:00,NSE,25930.05,25950,2025-12-23,2025-12-30,2026-01-06,2026-01-13,2026-01-20,613590,1328245,-2400,3900,3750,8700,11.945,11.9675,2025-12-20 08:08:19,2.1647109633468604,2.32,6300,1.625,1941835,1500,12450,1.0018836333193804,0.022499999999999076,81.5,3392,1459.3333333333333,4101.833333333333,-482,16237,BEARISH_TURN,f,f,NEUTRAL,NEUTRAL_PREDICT,-65,65,12110,6604.76
2025-12-15 12:46:00,NSE,25930.05,25950,2025-12-23,2025-12-30,2026-01-06,2026-01-13,2026-01-20,615990,1324345,65,0,2455,9655,11.88,12.0125,2025-12-20 08:08:18,2.14994561600026,3.9327902240325865,-65,0,1940335,65,12110,1.0111531986531985,0.1324999999999985,49.675,3092,1659.3333333333333,4906.833333333333,-2762,17077,BULLISH_TURN,t,f,NEUTRAL,NEUTRAL_PREDICT,600,-600,30450,8168.52
2025-12-15 12:45:00,NSE,25930.05,25950,2025-12-23,2025-12-30,2026-01-06,2026-01-13,2026-01-20,615925,1324345,-600,0,9600,20850,11.965,12.0175,2025-12-20 08:08:17,2.1501725047692495,2.171875,600,0,1940270,-600,30450,1.0043877977434184,0.05250000000000021,53,1830,1668,5037.666666666667,-5224,20576,BEARISH_CONTINUE,f,t,NEUTRAL,BEARISH_PREDICT,6225,-10575,11325,8117.41
2025-12-15 12:44:00,NSE,25930.05,25950,2025-12-23,2025-12-30,2026-01-06,2026-01-13,2026-01-20,616525,1324345,-8400,-2175,5775,5550,11.977500000000001,11.9775,2025-12-20 08:08:16,2.1480799643161266,0.961038961038961,6225,-0.25892857142857145,1940870,-10575,11325,0.9999999999999999,-1.7763568394002505e-15,81.125,1749,1983,6930.166666666667,-5065,25764,BEARISH_CONTINUE,t,f,NEUTRAL,NEUTRAL_PREDICT,3900,7200,14850,12488.53
2025-12-15 12:41:00,NSE,25930.05,25950,2025-12-23,2025-12-30,2026-01-06,2026-01-13,2026-01-20,624925,1326520,1650,5550,6450,8400,11.9375,12.07,2025-12-20 08:08:14,2.122686722406689,1.302325581395349,3900,3.3636363636363638,1951445,7200,14850,1.0110994764397907,0.13250000000000028,69.5,1749,1693,6720.5,-3115,31359,BEARISH_CONTINUE,t,f,NEUTRAL,NEUTRAL_PREDICT,4800,-9900,16650,12553.41
2025-12-15 12:38:00,NSE,25930.05,25950,2025-12-23,2025-12-30,2026-01-06,2026-01-13,2026-01-20,623275,1320970,-7350,-2550,3000,13650,11.854999999999999,12.135,2025-12-20 08:08:11,2.1194015482732342,4.55,4800,-0.3469387755102041,1944245,-9900,16650,1.0236187262758332,0.28000000000000114,74,982,2283.6666666666665,6586.166666666667,-4568,32482,BEARISH_TURN,f,f,NEUTRAL,NEUTRAL_PREDICT,-6375,-12245,29605,12606.08
2025-12-15 12:35:00,NSE,25930.05,25950,2025-12-23,2025-12-30,2026-01-06,2026-01-13,2026-01-20,630625,1323520,-2935,-9310,8690,20915,11.855,12.1725,2025-12-20 08:08:08,2.098743310208127,2.4067894131185272,-6375,-3.17206132879046,1954145,-12245,29605,1.0267819485449177,0.317499999999999,18.125000000000004,-278,1989.6666666666667,7338.666666666667,-2648,32812,BULLISH_TURN,t,f,NEUTRAL,NEUTRAL_PREDICT,195,195,56390,13157.51
2025-12-15 12:33:00,NSE,25930.05,25950,2025-12-23,2025-12-30,2026-01-06,2026-01-13,2026-01-20,633560,1332830,0,195,15075,41315,11.8825,12.135000000000002,2025-12-20 08:08:07,2.103715512342951,2.7406301824212274,195,,1966390,195,56390,1.0212497370082054,0.2525000000000013,50.975,1010,2381.6666666666665,7743.666666666667,-186,34940,BEARISH_CONTINUE,t,f,NEUTRAL,NEUTRAL_PREDICT,6225,-825,39300,12905.42
2025-12-15 12:32:00,NSE,25930.05,25950,2025-12-23,2025-12-30,2026-01-06,2026-01-13,2026-01-20,633560,1332635,-3525,2700,27075,12225,11.925,12.1375,2025-12-20 08:08:06,2.103407727760591,0.4515235457063712,6225,0.7659574468085106,1966195,-825,39300,1.0178197064989516,0.21249999999999858,81.125,146,2658.6666666666665,7151.5,-1080,27202,BEARISH_CONTINUE,f,f,NEUTRAL,NEUTRAL_PREDICT,65,-65,20465,13649.84
2025-12-15 12:31:00,NSE,25930.05,25950,2025-12-23,2025-12-30,2026-01-06,2026-01-13,2026-01-20,637085,1329935,-65,0,8465,12000,11.875000000000002,12.155000000000001,2025-12-20 08:08:05,2.0875314910883165,1.4176018901358536,65,0,1967020,-65,20465,1.023578947368421,0.27999999999999936,50.325,-139,2354,6884,-225,26227,BEARISH_TURN,f,f,NEUTRAL,NEUTRAL_PREDICT,-1500,-300,18300,13746.91
2025-12-15 12:29:00,NSE,25930.05,25950,2025-12-23,2025-12-30,2026-01-06,2026-01-13,2026-01-20,637150,1329935,600,-900,8475,9825,11.8925,12.11,2025-12-20 08:08:03,2.087318527819195,1.1592920353982301,-1500,-1.5,1967085,-300,18300,1.0182888375026276,0.21749999999999936,42.5,4,3724.6666666666665,7161.833333333333,-56,25762,BULLISH_TURN,t,f,NEUTRAL,NEUTRAL_PREDICT,65,65,40245,13688.44
2025-12-15 12:27:00,NSE,25930.05,25950,2025-12-23,2025-12-30,2026-01-06,2026-01-13,2026-01-20,636550,1330835,0,65,19650,20595,11.825000000000001,12.0875,2025-12-20 08:08:01,2.0906998664676775,1.048091603053435,65,,1967385,65,40245,1.022198731501057,0.2624999999999993,50.325,2164,3829,7246.833333333333,34,25807,BEARISH_TURN,t,t,NEUTRAL,BEARISH_PREDICT,-4125,-4275,17700,13640.64
2025-12-15 12:26:00,NSE,25930.05,25950,2025-12-23,2025-12-30,2026-01-06,2026-01-13,2026-01-20,636550,1330770,-75,-4200,8175,9525,11.815,12.062500000000002,2025-12-20 08:08:01,2.090597753515042,1.165137614678899,-4125,-56,1967320,-4275,17700,1.0209479475243337,0.24750000000000227,29.375,2164,5273.333333333333,7076.5,8,19571,BULLISH_TURN,t,f,NEUTRAL,NEUTRAL_PREDICT,4800,3450,34425,13764.75
2025-12-15 12:23:00,NSE,25930.05,25950,2025-12-23,2025-12-30,2026-01-06,2026-01-13,2026-01-20,636625,1334970,-675,4125,10125,24300,11.795,12.1825,2025-12-20 08:07:58,2.0969487531906537,2.4,4800,6.111111111111111,1971595,3450,34425,1.032852903772785,0.3874999999999993,74,4054,5968.333333333333,7336.5,-22,18191,BEARISH_CONTINUE,f,f,NEUTRAL,NEUTRAL_PREDICT,780,780,18140,13618.76
2025-12-15 12:22:00,NSE,25930.05,25950,2025-12-23,2025-12-30,2026-01-06,2026-01-13,2026-01-20,637300,1330845,0,780,6450,11690,11.8225,12.137500000000001,2025-12-20 08:07:57,2.0882551388670954,1.8124031007751937,780,,1968145,780,18140,1.0266441108056672,0.3150000000000013,53.9,3469,6783.333333333333,6906.5,-877,14977,BEARISH_CONTINUE,f,f,NEUTRAL,NEUTRAL_PREDICT,9300,150,18525,13902.31
2025-12-15 12:20:00,NSE,25930.05,25950,2025-12-23,2025-12-30,2026-01-06,2026-01-13,2026-01-20,637300,1330065,-4575,4725,8250,10275,11.802500000000002,12.135,2025-12-20 08:07:55,2.0870312254825043,1.2454545454545454,9300,1.0327868852459017,1967365,150,18525,1.0281719974581653,0.3324999999999978,96.5,5865,6744.333333333333,6887,-3071,13627,BEARISH_CONTINUE,t,t,NEUTRAL,BEARISH_PREDICT,65,-65,9065,13911.61
2025-12-15 12:18:00,NSE,25930.05,25950,2025-12-23,2025-12-30,2026-01-06,2026-01-13,2026-01-20,641875,1325340,-65,0,4040,5025,11.9175,12.0625,2025-12-20 08:07:54,2.064794547224927,1.243811881188119,65,0,1967215,-65,9065,1.012166981329977,0.14499999999999957,50.325,4083,8154.333333333333,6247,-3023,12648,BEARISH_CONTINUE,f,f,NEUTRAL,NEUTRAL_PREDICT,5325,-4425,10800,14234.67
2025-12-15 12:17:00,NSE,25930.05,25950,2025-12-23,2025-12-30,2026-01-06,2026-01-13,2026-01-20,641940,1325340,-4875,450,4950,5850,11.92,12.1125,2025-12-20 08:07:53,2.0645854752780632,1.1818181818181819,5325,0.09230769230769231,1967280,-4425,10800,1.0161493288590604,0.19250000000000078,76.625,3971,8407.333333333334,6217.333333333333,-3031,14898,BEARISH_CONTINUE,f,f,NEUTRAL,NEUTRAL_PREDICT,1875,-825,18355,14248.91
2025-12-15 12:14:00,NSE,25930.05,25950,2025-12-23,2025-12-30,2026-01-06,2026-01-13,2026-01-20,646815,1324890,-1350,525,6375,11980,11.915,12.0475,2025-12-20 08:07:50,2.0483291203821805,1.8792156862745097,1875,0.3888888888888889,1971705,-825,18355,1.0111204364246749,0.13250000000000028,59.375,3776,11877.333333333334,6707.333333333333,-6166,34291,BEARISH_CONTINUE,f,f,NEUTRAL,NEUTRAL_PREDICT,12760,-10190,11390,14468.24
2025-12-15 12:11:00,NSE,25930.05,25950,2025-12-23,2025-12-30,2026-01-06,2026-01-13,2026-01-20,648165,1324365,-11475,1285,6450,4940,11.9875,12.052499999999998,2025-12-20 08:07:48,2.043252875425239,0.765891472868217,12760,0.11198257080610022,1972530,-10190,11390,1.005422314911366,0.06499999999999773,100,3732,11748,6647,-5826,36216,BEARISH_CONTINUE,t,f,NEUTRAL,NEUTRAL_PREDICT,390,390,13630,14492.84
2025-12-15 12:09:00,NSE,25930.05,25950,2025-12-23,2025-12-30,2026-01-06,2026-01-13,2026-01-20,659640,1323080,0,390,7200,6430,11.900000000000002,12.0925,2025-12-20 08:07:46,2.005760717967376,0.8930555555555556,390,,1982720,390,13630,1.016176470588235,0.19249999999999723,51.95,5305,10888.666666666666,6786.666666666667,-2843,36908,BEARISH_TURN,t,f,NEUTRAL,NEUTRAL_PREDICT,-495,-105,20315,14573.74
2025-12-15 12:08:00,NSE,25930.05,25950,2025-12-23,2025-12-30,2026-01-06,2026-01-13,2026-01-20,659640,1322690,195,-300,8840,11475,11.89,12.077499999999999,2025-12-20 08:07:45,2.0051694863865137,1.2980769230769231,-495,-1.5384615384615385,1982330,-105,20315,1.0157695542472664,0.18749999999999822,47.525,5240,12687.666666666666,6643.666666666667,-2934,39600,BULLISH_TURN,f,f,NEUTRAL,NEUTRAL_PREDICT,4350,-20100,107765,14659.47
2025-12-15 12:07:00,NSE,25930.05,25950,2025-12-23,2025-12-30,2026-01-06,2026-01-13,2026-01-20,659445,1322990,-12225,-7875,37350,70415,11.92,12.0625,2025-12-20 08:07:44,2.006217349437785,1.8852744310575635,4350,-0.6441717791411042,1982435,-20100,107765,1.0119546979865772,0.14250000000000007,71.75,9685,13105.666666666666,6658,-4649,43350,BEARISH_CONTINUE,t,t,NEUTRAL,BEARISH_PREDICT,1655,875,27980,14652.46
2025-12-15 12:05:00,NSE,25930.05,25950,2025-12-23,2025-12-30,2026-01-06,2026-01-13,2026-01-20,671670,1330865,-390,1265,13565,14415,12.045000000000002,11.982499999999998,2025-12-20 08:07:42,1.9814268911816815,1.0626612605971248,1655,3.2435897435897436,2002535,875,27980,0.994811124948111,-0.06250000000000355,58.275,10075,11644.333333333334,6545.166666666667,-2069,28905,BEARISH_CONTINUE,f,f,NEUTRAL,NEUTRAL_PREDICT,20625,4725,14850,14683.84
2025-12-15 12:04:00,NSE,25930.05,25950,2025-12-23,2025-12-30,2026-01-06,2026-01-13,2026-01-20,672060,1329600,-7950,12675,7050,7800,12.05,11.9875,2025-12-20 08:07:42,1.9783947861798055,1.1063829787234043,20625,1.5943396226415094,2001660,4725,14850,0.9948132780082988,-0.0625,100,13149,11414,6900,-2499,40754,BEARISH_CONTINUE,t,f,BEARISH,NEUTRAL_PREDICT,65,-65,27090,14690.21
2025-12-15 12:02:00,NSE,25930.05,25950,2025-12-23,2025-12-30,2026-01-06,2026-01-13,2026-01-20,680010,1316925,-65,0,11790,15300,12.075,11.947499999999998,2025-12-20 08:07:40,1.9366259319715886,1.297709923664122,65,0,1996935,-65,27090,0.9894409937888198,-0.12750000000000128,50.325,9063,10599,6212.5,-3405,44365,BEARISH_CONTINUE,f,f,NEUTRAL,NEUTRAL_PREDICT,21730,-8680,39065,14507.22
2025-12-15 12:01:00,NSE,25930.05,25950,2025-12-23,2025-12-30,2026-01-06,2026-01-13,2026-01-20,680075,1316925,-15205,6525,15890,23175,12.09,11.9575,2025-12-20 08:07:39,1.9364408337315737,1.4584644430459408,21730,0.4291351529102269,1997000,-8680,39065,0.9890405293631099,-0.13250000000000028,100,15140,10664.666666666666,6057.833333333333,-4052,45142,BEARISH_CONTINUE,f,f,BEARISH,NEUTRAL_PREDICT,6300,-7200,35540,14599.46
2025-12-15 11:59:00,NSE,25930.05,25950,2025-12-23,2025-12-30,2026-01-06,2026-01-13,2026-01-20,695280,1310400,-6750,-450,15825,19715,11.8475,12.0425,2025-12-20 08:07:37,1.8847083189506386,1.2458135860979462,6300,-0.06666666666666667,2005680,-7200,35540,1.0164591686009707,0.19500000000000028,81.5,11566,8879.666666666666,5335.666666666667,-3088,51502,BEARISH_CONTINUE,f,f,NEUTRAL,NEUTRAL_PREDICT,17025,-1275,87225,14330.86
2025-12-15 11:58:00,NSE,25930.05,25950,2025-12-23,2025-12-30,2026-01-06,2026-01-13,2026-01-20,702030,1310850,-9150,7875,33225,54000,11.804999999999998,12.025,2025-12-20 08:07:36,1.8672278962437503,1.6252821670428894,17025,0.860655737704918,2012880,-1275,87225,1.018636171113935,0.22000000000000242,100,21781,8704.666666666666,4855.666666666667,-403,74399,BEARISH_CONTINUE,t,t,NEUTRAL,BEARISH_PREDICT,195,195,32905,14537.12
2025-12-15 11:56:00,NSE,25930.05,25950,2025-12-23,2025-12-30,2026-01-06,2026-01-13,2026-01-20,711180,1302975,0,195,15975,16930,11.857499999999998,11.9975,2025-12-20 08:07:35,1.8321311060491015,1.0597809076682316,195,,2014155,195,32905,1.0118068732869494,0.14000000000000234,50.975,18363,7029.666666666667,4635.666666666667,-161,78765,BEARISH_CONTINUE,t,f,NEUTRAL,NEUTRAL_PREDICT,30450,-3300,30975,14395.86
2025-12-15 11:55:00,NSE,25930.05,25950,2025-12-23,2025-12-30,2026-01-06,2026-01-13,2026-01-20,711180,1302780,-16875,13575,17925,13050,11.907499999999999,11.9725,2025-12-20 08:07:34,1.8318569138614698,0.7280334728033473,30450,0.8044444444444444,2013960,-3300,30975,1.0054587444887677,0.06500000000000128,100,18298,7029.666666666667,4256.666666666667,-174,95717,BEARISH_CONTINUE,f,f,BEARISH,NEUTRAL_PREDICT,3860,-3860,70865,14663.97
2025-12-15 11:53:00,NSE,25930.05,25950,2025-12-23,2025-12-30,2026-01-06,2026-01-13,2026-01-20,728055,1289205,-3860,0,29465,41400,11.8475,11.945,2025-12-20 08:07:32,1.7707522096544903,1.4050568471067368,3860,0,2017260,-3860,70865,1.0082295843004854,0.09750000000000014,69.3,17683,4339.666666666667,3239.5,-879,103367,BEARISH_CONTINUE,t,f,NEUTRAL,NEUTRAL_PREDICT,57375,6225,150025,13818.38
2025-12-15 11:52:00,NSE,25930.05,25950,2025-12-23,2025-12-30,2026-01-06,2026-01-13,2026-01-20,731915,1289205,-25575,31800,69100,80925,11.732500000000002,11.9975,2025-12-20 08:07:31,1.7614135521201233,1.1711287988422576,57375,1.2434017595307918,2021120,6225,150025,1.0225868314510973,0.2649999999999988,100,18066,4027.3333333333335,3148.3333333333335,1048,92194,BEARISH_TURN,t,f,STRONG_BEARISH,NEUTRAL_PREDICT,-65,-65,109055,13823.16
2025-12-15 11:51:00,NSE,25930.05,25950,2025-12-23,2025-12-30,2026-01-06,2026-01-13,2026-01-20,757490,1257405,0,-65,61790,47265,11.725000000000001,11.975000000000001,2025-12-20 08:07:30,1.659962507755878,0.7649296002589415,-65,,2014895,-65,109055,1.0213219616204692,0.25,49.675,3077,1537.3333333333333,690.8333333333334,969,73990,BULLISH_CONTINUE,t,f,NEUTRAL,NEUTRAL_PREDICT,-130,130,117665,9825.70
2025-12-15 11:50:00,NSE,25930.05,25950,2025-12-23,2025-12-30,2026-01-06,2026-01-13,2026-01-20,757490,1257470,130,0,48815,68850,11.8125,12.049999999999999,2025-12-20 08:07:29,1.6600483174695375,1.4104271228106116,-130,0,2014960,130,117665,1.02010582010582,0.23749999999999893,49.35,2730,1546,697.3333333333334,622,57890,BULLISH_TURN,t,f,NEUTRAL,NEUTRAL_PREDICT,27375,-6825,69225,9825.25
2025-12-15 11:49:00,NSE,25930.05,25950,2025-12-23,2025-12-30,2026-01-06,2026-01-13,2026-01-20,757360,1257470,-17100,10275,19275,49950,11.6025,12.0425,2025-12-20 08:07:29,1.6603332629132777,2.5914396887159534,27375,0.6008771929824561,2014830,-6825,69225,1.0379228614522733,0.4400000000000013,100,4436,2684.6666666666665,361.6666666666667,806,43492,BEARISH_CONTINUE,t,t,BEARISH,BEARISH_PREDICT,5775,5775,15000,10024.49
2025-12-15 11:47:00,NSE,25930.05,25950,2025-12-23,2025-12-30,2026-01-06,2026-01-13,2026-01-20,774460,1247195,0,5775,8550,6450,11.717500000000001,12.0025,2025-12-20 08:07:27,1.610405960282003,0.7543859649122807,5775,,2021655,5775,15000,1.0243225944100702,0.28499999999999837,78.875,-829,599.6666666666666,-548.6666666666666,1961,32107,BEARISH_TURN,f,f,NEUTRAL,NEUTRAL_PREDICT,-17570,5830,59005,8629.79
2025-12-15 11:46:00,NSE,25930.05,25950,2025-12-23,2025-12-30,2026-01-06,2026-01-13,2026-01-20,774460,1241420,11700,-5870,24515,34490,11.7575,11.967500000000001,2025-12-20 08:07:26,1.602949151666968,1.4068937385274323,-17570,-0.5017094017094017,2015880,5830,59005,1.0178609398256433,0.21000000000000085,0,-2993,210.33333333333334,-6.5,-315,33665,BULLISH_CONTINUE,t,t,NEUTRAL,BULLISH_PREDICT,-1800,-1800,28555,9507.11
2025-12-15 11:44:00,NSE,25930.05,25950,2025-12-23,2025-12-30,2026-01-06,2026-01-13,2026-01-20,762760,1247290,0,-1800,12580,15975,11.834999999999999,12.020000000000001,2025-12-20 08:07:24,1.635232576432954,1.2698728139904611,-1800,,2010050,-1800,28555,1.0156316011829323,0.18500000000000227,41,1256,1446,669.1666666666666,-746,31265,BULLISH_TURN,t,f,NEUTRAL,NEUTRAL_PREDICT,8400,1050,45675,8917.86
2025-12-15 11:43:00,NSE,25930.05,25950,2025-12-23,2025-12-30,2026-01-06,2026-01-13,2026-01-20,762760,1249090,-3675,4725,12225,33450,11.85,12.037500000000001,2025-12-20 08:07:23,1.637592427500131,2.736196319018405,8400,1.2857142857142858,2011850,1050,45675,1.0158227848101267,0.18750000000000178,92,-4,2386,811.6666666666666,2674,33924,BEARISH_CONTINUE,t,t,NEUTRAL,BEARISH_PREDICT,1050,-1050,12300,8911.20
2025-12-15 11:41:00,NSE,25930.05,25950,2025-12-23,2025-12-30,2026-01-06,2026-01-13,2026-01-20,766435,1244365,-1050,0,3975,8325,11.805,12.082500000000001,2025-12-20 08:07:22,1.6235753847358223,2.0943396226415096,1050,0,2010800,-1050,12300,1.0235069885641679,0.27750000000000163,55.25,-1645,1826,819.1666666666666,2503,39757,BEARISH_TURN,f,f,NEUTRAL,NEUTRAL_PREDICT,-5045,-5605,22790,8917.90
2025-12-15 11:40:00,NSE,25930.05,25950,2025-12-23,2025-12-30,2026-01-06,2026-01-13,2026-01-20,767485,1244365,-280,-5325,5540,17250,11.780000000000001,12.094999999999999,2025-12-20 08:07:21,1.6213541632735493,3.1137184115523464,-5045,-19.017857142857142,2011850,-5605,22790,1.0267402376910015,0.3149999999999977,24.775000000000002,-3835,1451,896.6666666666666,1363,57892,BULLISH_TURN,t,f,NEUTRAL,NEUTRAL_PREDICT,3675,3675,47005,8930.07
2025-12-15 11:38:00,NSE,25930.05,25950,2025-12-23,2025-12-30,2026-01-06,2026-01-13,2026-01-20,767765,1249690,0,3675,15375,31630,11.895,12.05,2025-12-20 08:07:19,1.6276985796435106,2.0572357723577235,3675,,2017455,3675,47005,1.0130306851618327,0.15500000000000114,68.375,-2991,1791.6666666666667,1062.6666666666667,2649,60144,BEARISH_TURN,f,f,NEUTRAL,NEUTRAL_PREDICT,-8100,15300,41850,8861.84
2025-12-15 11:37:00,NSE,25930.05,25950,2025-12-23,2025-12-30,2026-01-06,2026-01-13,2026-01-20,767765,1246015,11700,3600,18075,23775,12.075,12,2025-12-20 08:07:18,1.6229119587373741,1.3153526970954357,-8100,0.3076923076923077,2013780,15300,41850,0.9937888198757765,-0.07499999999999929,9.5,279,1006.6666666666666,938,1809,54253,BULLISH_TURN,f,f,NEUTRAL,NEUTRAL_PREDICT,195,195,74840,8850.12
2025-12-15 11:36:00,NSE,25930.05,25950,2025-12-23,2025-12-30,2026-01-06,2026-01-13,2026-01-20,756065,1242415,0,195,40275,34565,11.992500000000001,12.065000000000001,2025-12-20 08:07:18,1.6432647986614908,0.8582247051520795,195,,1998480,195,74840,1.0060454450698353,0.07249999999999979,50.975,1912,2241.6666666666665,2440.5,-1264,56426,BEARISH_TURN,t,f,NEUTRAL,NEUTRAL_PREDICT,-9900,-6750,102975,10860.67
2025-12-15 11:34:00,NSE,25930.05,25950,2025-12-23,2025-12-30,2026-01-06,2026-01-13,2026-01-20,756065,1242220,1575,-8325,40500,62475,12.004999999999999,11.8525,2025-12-20 08:07:16,1.6430068843287284,1.5425925925925925,-9900,-5.285714285714286,1998285,-6750,102975,0.9872969596001666,-0.15249999999999986,0.5,5263,1483.6666666666667,2438.3333333333335,737,53951,BULLISH_CONTINUE,t,t,NEUTRAL,BULLISH_PREDICT,-825,825,34050,10861.14
2025-12-15 11:33:00,NSE,25930.05,25950,2025-12-23,2025-12-30,2026-01-06,2026-01-13,2026-01-20,754490,1250545,825,0,16725,17325,11.892499999999998,11.905000000000001,2025-12-20 08:07:15,1.6574706092857427,1.0358744394618835,-825,0,2005035,825,34050,1.0010510826150938,0.012500000000002842,45.875,6463,2139.3333333333335,3990.8333333333335,3047,40856,BULLISH_TURN,t,f,NEUTRAL,NEUTRAL_PREDICT,20025,-525,17550,12273.56
2025-12-15 11:31:00,NSE,25930.05,25950,2025-12-23,2025-12-30,2026-01-06,2026-01-13,2026-01-20,753665,1250545,-10275,9750,6300,11250,11.932500000000001,11.957500000000001,2025-12-20 08:07:14,1.6592849608247697,1.7857142857142858,20025,0.948905109489051,2004210,-525,17550,1.0020951183741882,0.025000000000000355,100,6615,2269.3333333333335,4130.5,2895,38570,BEARISH_CONTINUE,f,f,BEARISH,NEUTRAL_PREDICT,65,-65,52715,12240.67
2025-12-15 11:29:00,NSE,25930.05,25950,2025-12-23,2025-12-30,2026-01-06,2026-01-13,2026-01-20,763940,1240795,-65,0,28865,23850,11.8675,12.004999999999999,2025-12-20 08:07:12,1.6242047804801425,0.8262601766845661,65,0,2004735,-65,52715,1.0115862650094796,0.1374999999999993,50.325,2803,-155.66666666666666,3469.5,2833,38836,BEARISH_CONTINUE,t,f,NEUTRAL,NEUTRAL_PREDICT,16950,10200,62465,11882.95
2025-12-15 11:28:00,NSE,25930.05,25950,2025-12-23,2025-12-30,2026-01-06,2026-01-13,2026-01-20,764005,1240795,-3375,13575,33665,28800,11.892499999999998,11.9775,2025-12-20 08:07:11,1.6240665964227983,0.8554878954403683,16950,4.022222222222222,2004800,10200,62465,1.007147361782636,0.08500000000000085,100,5250,-151.33333333333334,3199.8333333333335,3986,34293,BEARISH_TURN,f,f,NEUTRAL,NEUTRAL_PREDICT,-3900,4800,37500,12053.45
2025-12-15 11:25:00,NSE,25930.05,25950,2025-12-23,2025-12-30,2026-01-06,2026-01-13,2026-01-20,767380,1227220,4350,450,14775,22725,11.785,12.057500000000001,2025-12-20 08:07:08,1.5992337564179415,1.5380710659898478,-3900,0.10344827586206896,1994600,4800,37500,1.0231226134917268,0.27250000000000085,30.5,1860,-1961.3333333333333,2464.8333333333335,1920,32011,BULLISH_CONTINUE,f,f,NEUTRAL,NEUTRAL_PREDICT,-65,65,22620,11856.75
2025-12-15 11:24:00,NSE,25930.05,25950,2025-12-23,2025-12-30,2026-01-06,2026-01-13,2026-01-20,763030,1226770,65,0,7620,15000,11.89,11.915,2025-12-20 08:07:07,1.607761162732789,1.968503937007874,-65,0,1989800,65,22620,1.0021026072329688,0.02499999999999858,49.675,1725,-1697,2590.5,975,29356,BULLISH_TURN,t,f,NEUTRAL,NEUTRAL_PREDICT,965,-835,18880,11806.84
2025-12-15 11:23:00,NSE,25930.05,25950,2025-12-23,2025-12-30,2026-01-06,2026-01-13,2026-01-20,762965,1226770,-900,65,6825,12055,11.9225,11.935,2025-12-20 08:07:06,1.6078981342525542,1.7663003663003662,965,0.07222222222222222,1989735,-835,18880,1.001048437827637,0.012500000000001066,54.825,1751,-223.33333333333334,2962.6666666666665,949,28591,BEARISH_CONTINUE,t,f,NEUTRAL,NEUTRAL_PREDICT,12300,5700,30000,11895.88
2025-12-15 11:22:00,NSE,25930.05,25950,2025-12-23,2025-12-30,2026-01-06,2026-01-13,2026-01-20,763865,1226705,-3300,9000,5700,24300,11.925,11.9375,2025-12-20 08:07:05,1.6059185850902973,4.2631578947368425,12300,2.727272727272727,1990570,5700,30000,1.00104821802935,0.01249999999999929,100,-62,-107.66666666666667,2928.3333333333335,2736,26570,NEUTRAL,t,f,NEUTRAL,NEUTRAL_PREDICT,0,-130,51055,11903.33
2025-12-15 11:20:00,NSE,25930.05,25950,2025-12-23,2025-12-30,2026-01-06,2026-01-13,2026-01-20,767165,1217705,-65,-65,19565,31490,11.855,12.04,2025-12-20 08:07:04,1.5872791381254359,1.60950677229747,0,-1,1984870,-130,51055,1.015605229860818,0.18499999999999872,50,-437,-762.6666666666666,3233,4971,22550,NEUTRAL,t,t,NEUTRAL,NEUTRAL_PREDICT,-4575,75,24225,12263.01
2025-12-15 11:19:00,NSE,25930.05,25950,2025-12-23,2025-12-30,2026-01-06,2026-01-13,2026-01-20,767230,1217770,2325,-2250,11100,13125,11.8525,12,2025-12-20 08:07:03,1.5872293836268134,1.1824324324324325,-4575,-0.967741935483871,1985000,75,24225,1.012444631934191,0.14750000000000085,27.125,-2672,-187.66666666666666,3226.5,5372,16224,BULLISH_TURN,t,f,NEUTRAL,NEUTRAL_PREDICT,65,-65,18795,12264.83
2025-12-15 11:18:00,NSE,25930.05,25950,2025-12-23,2025-12-30,2026-01-06,2026-01-13,2026-01-20,764905,1220020,-65,0,5670,13125,11.829999999999998,12.0275,2025-12-20 08:07:02,1.5949954569521705,2.314814814814815,65,0,1984925,-65,18795,1.0166948436179206,0.19750000000000156,50.325,-1770,342.3333333333333,3670.8333333333335,5344,18217,BEARISH_TURN,t,t,NEUTRAL,BEARISH_PREDICT,-8100,8100,8775,12213.80
2025-12-15 11:17:00,NSE,25930.05,25950,2025-12-23,2025-12-30,2026-01-06,2026-01-13,2026-01-20,764970,1220020,8100,0,3300,5475,11.895,12.025,2025-12-20 08:07:01,1.5948599291475483,1.6590909090909092,-8100,0,1984990,8100,8775,1.010928961748634,0.13000000000000078,9.5,-1558,333.6666666666667,4688.666666666667,5132,21283,BULLISH_TURN,f,f,NEUTRAL,NEUTRAL_PREDICT,10425,16875,9900,13140.14
2025-12-15 11:16:00,NSE,25930.05,25950,2025-12-23,2025-12-30,2026-01-06,2026-01-13,2026-01-20,756870,1220020,3225,13650,2925,6975,11.924999999999999,12.0125,2025-12-20 08:07:00,1.6119280721920541,2.3846153846153846,10425,4.232558139534884,1976890,16875,9900,1.0073375262054507,0.08750000000000036,100,-3208,869.3333333333334,4558.666666666667,1652,24508,BEARISH_TURN,f,f,NEUTRAL,NEUTRAL_PREDICT,-11175,1875,19425,13289.46
2025-12-15 11:13:00,NSE,25930.05,25950,2025-12-23,2025-12-30,2026-01-06,2026-01-13,2026-01-20,753645,1206370,6525,-4650,10350,9075,11.834999999999999,12.14,2025-12-20 08:06:57,1.6007138639545144,0.8768115942028986,-11175,-0.7126436781609196,1960015,1875,19425,1.0257710181664557,0.3050000000000015,0,-5267,2639.3333333333335,4456.166666666667,-1697,29996,BULLISH_CONTINUE,t,f,NEUTRAL,NEUTRAL_PREDICT,-65,-65,34190,13254.47
2025-12-15 11:12:00,NSE,25930.05,25950,2025-12-23,2025-12-30,2026-01-06,2026-01-13,2026-01-20,747120,1211020,0,-65,10275,23915,11.88,12.085,2025-12-20 08:06:56,1.6209176571367383,2.327493917274939,-65,,1958140,-65,34190,1.0172558922558923,0.20500000000000007,49.675,-5072,3393,5969.333333333333,-392,31016,BULLISH_TURN,f,f,NEUTRAL,NEUTRAL_PREDICT,1125,-1125,34125,13979.80
2025-12-15 11:11:00,NSE,25930.05,25950,2025-12-23,2025-12-30,2026-01-06,2026-01-13,2026-01-20,747120,1211085,-1125,0,13425,20700,11.8675,12.129999999999999,2025-12-20 08:06:55,1.6210046578862833,1.541899441340782,1125,0,1958205,-1125,34125,1.0221192331999156,0.2624999999999993,55.625,-5046,5842.333333333333,5973.666666666667,-366,29259,BEARISH_TURN,f,f,NEUTRAL,NEUTRAL_PREDICT,-16350,-9300,24900,13977.89
2025-12-15 11:10:00,NSE,25930.05,25950,2025-12-23,2025-12-30,2026-01-06,2026-01-13,2026-01-20,748245,1211085,3525,-12825,8325,16575,11.88,12.1275,2025-12-20 08:06:54,1.6185674478279173,1.990990990990991,-16350,-3.6382978723404253,1959330,-9300,24900,1.0208333333333333,0.24749999999999872,0,-863,5991.666666666667,6051.166666666667,2077,28477,BULLISH_TURN,t,f,NEUTRAL,NEUTRAL_PREDICT,130,130,37340,13956.51
2025-12-15 11:09:00,NSE,25930.05,25950,2025-12-23,2025-12-30,2026-01-06,2026-01-13,2026-01-20,744720,1223910,0,130,13125,24215,11.817499999999999,12.127500000000001,2025-12-20 08:06:54,1.6434498872059298,1.844952380952381,130,,1968630,130,37340,1.0262322826316905,0.3100000000000023,50.65,2947,7094.666666666667,6594,5947,30982,BEARISH_TURN,f,f,NEUTRAL,NEUTRAL_PREDICT,-10200,8400,24525,13359.09
2025-12-15 11:07:00,NSE,25930.05,25950,2025-12-23,2025-12-30,2026-01-06,2026-01-13,2026-01-20,744720,1223780,9300,-900,5325,19200,11.845,12.09,2025-12-20 08:06:52,1.6432753249543453,3.6056338028169015,-10200,-0.0967741935483871,1968500,8400,24525,1.020683832840861,0.24499999999999922,0,3416,6551,7479.666666666667,6416,29574,BULLISH_TURN,f,f,NEUTRAL,NEUTRAL_PREDICT,65,65,25405,13789.59
2025-12-15 11:05:00,NSE,25930.05,25950,2025-12-23,2025-12-30,2026-01-06,2026-01-13,2026-01-20,735420,1224680,0,65,10950,14455,11.755,12.155,2025-12-20 08:06:50,1.6652797041146556,1.3200913242009134,65,,1960100,65,25405,1.0340280731603573,0.3999999999999986,50.325,7181,6891,7817.5,1601,29769,BEARISH_CONTINUE,f,f,NEUTRAL,NEUTRAL_PREDICT,22040,11090,30215,13461.77
2025-12-15 11:04:00,NSE,25930.05,25950,2025-12-23,2025-12-30,2026-01-06,2026-01-13,2026-01-20,735420,1224615,-5475,16565,14775,15440,11.7525,12.1725,2025-12-20 08:06:49,1.6651913192461452,1.0450084602368865,22040,3.025570776255708,1960035,11090,30215,1.0357370772176133,0.41999999999999993,100,7843,6878,8120.666666666667,11743,38381,BEARISH_CONTINUE,f,f,BEARISH,NEUTRAL_PREDICT,2700,10050,37425,13383.34
2025-12-15 11:01:00,NSE,25930.05,25950,2025-12-23,2025-12-30,2026-01-06,2026-01-13,2026-01-20,740895,1208050,3675,6375,14850,22575,11.81,12.1425,2025-12-20 08:06:46,1.6305279425559627,1.52020202020202,2700,1.7346938775510203,1948945,10050,37425,1.0281541066892463,0.3324999999999996,63.5,3422,6148.666666666667,8073.5,9538,49946,BEARISH_CONTINUE,f,f,NEUTRAL,NEUTRAL_PREDICT,2475,2475,30300,13335.00
2025-12-15 10:59:00,NSE,25930.05,25950,2025-12-23,2025-12-30,2026-01-06,2026-01-13,2026-01-20,737220,1201675,0,2475,11700,18600,11.760000000000002,12.2025,2025-12-20 08:06:44,1.6300086812620385,1.5897435897435896,2475,,1938895,2475,30300,1.037627551020408,0.442499999999999,62.375,2869,5964.333333333333,8521.333333333334,7515,48954,BEARISH_CONTINUE,t,f,NEUTRAL,NEUTRAL_PREDICT,8625,-15675,25500,13373.86
2025-12-15 10:58:00,NSE,25930.05,25950,2025-12-23,2025-12-30,2026-01-06,2026-01-13,2026-01-20,737220,1199200,-12150,-3525,11775,13725,11.717500000000001,12.2475,2025-12-20 08:06:44,1.6266514744580993,1.1656050955414012,8625,-0.29012345679012347,1936420,-15675,25500,1.0452314913590783,0.5299999999999994,93.125,9769,7228.666666666667,8425.833333333334,12495,55839,BEARISH_CONTINUE,t,f,NEUTRAL,NEUTRAL_PREDICT,3375,50775,68465,13428.64
2025-12-15 10:55:00,NSE,25930.05,25950,2025-12-23,2025-12-30,2026-01-06,2026-01-13,2026-01-20,749370,1202725,23700,27075,23615,44850,11.73,12.274999999999999,2025-12-20 08:06:41,1.6049815178082922,1.8992165996188863,3375,1.1424050632911393,1952095,50775,68465,1.046462063086104,0.5449999999999982,66.875,8070,6640.666666666667,8803.333333333334,15604,68238,BEARISH_TURN,f,f,NEUTRAL,NEUTRAL_PREDICT,-65,65,88040,13592.61
2025-12-15 10:54:00,NSE,25930.05,25950,2025-12-23,2025-12-30,2026-01-06,2026-01-13,2026-01-20,725670,1175650,65,0,63365,24675,11.8475,12.190000000000001,2025-12-20 08:06:40,1.6200890211804264,0.38941055787895523,-65,0,1901320,65,88040,1.0289090525427307,0.34250000000000114,49.675,14730,6999.333333333333,8680,-2066,78372,BULLISH_CONTINUE,t,t,NEUTRAL,BULLISH_PREDICT,-65,-65,32465,13660.18
2025-12-15 10:53:00,NSE,25930.05,25950,2025-12-23,2025-12-30,2026-01-06,2026-01-13,2026-01-20,725605,1175650,0,-65,14550,17915,11.895,12.1825,2025-12-20 08:06:39,1.6202341494339207,1.2312714776632303,-65,,1901255,-65,32465,1.0241698192517865,0.28749999999999964,49.675,15416,9043.666666666666,8574.666666666666,-446,67904,BULLISH_TURN,t,f,NEUTRAL,NEUTRAL_PREDICT,36975,27375,64725,13741.88
2025-12-15 10:52:00,NSE,25930.05,25950,2025-12-23,2025-12-30,2026-01-06,2026-01-13,2026-01-20,725605,1175715,-4800,32175,31725,33000,11.8675,12.19,2025-12-20 08:06:38,1.6203237298530193,1.0401891252955082,36975,6.703125,1901320,27375,64725,1.027175057931325,0.3224999999999998,100,15468,8248,8585.5,-394,71982,BEARISH_CONTINUE,t,f,BEARISH,NEUTRAL_PREDICT,130,-130,87495,13734.96
2025-12-15 10:50:00,NSE,25930.05,25950,2025-12-23,2025-12-30,2026-01-06,2026-01-13,2026-01-20,730405,1143540,-130,0,33430,54065,11.86,12.155000000000001,2025-12-20 08:06:36,1.565624550762933,1.6172599461561472,130,0,1873945,-130,87495,1.0248735244519394,0.2950000000000017,50.65,6468,6273,7143.333333333333,-1834,66687,BEARISH_CONTINUE,f,f,NEUTRAL,NEUTRAL_PREDICT,36675,-37575,119135,12897.13
2025-12-15 10:49:00,NSE,25930.05,25950,2025-12-23,2025-12-30,2026-01-06,2026-01-13,2026-01-20,730535,1143540,-37125,-450,59455,59680,11.875,12.1475,2025-12-20 08:06:35,1.565345945095033,1.0037843747371962,36675,-0.012121212121212121,1874075,-37575,119135,1.0229473684210526,0.27250000000000085,100,5422,8545.666666666666,7141.166666666667,-188,62007,BEARISH_CONTINUE,t,t,BEARISH,BEARISH_PREDICT,3365,8165,35700,12898.36
2025-12-15 10:46:00,NSE,25930.05,25950,2025-12-23,2025-12-30,2026-01-06,2026-01-13,2026-01-20,767660,1143990,2400,5765,12300,23400,12.075,12.0775,2025-12-20 08:06:33,1.4902300497616132,1.9024390243902438,3365,2.402083333333333,1911650,8165,35700,1.0002070393374742,0.002500000000001279,66.825,-1939,6105,5634.333333333333,7379,45391,BEARISH_CONTINUE,f,f,NEUTRAL,NEUTRAL_PREDICT,195,195,52855,11933.55
2025-12-15 10:45:00,NSE,25930.05,25950,2025-12-23,2025-12-30,2026-01-06,2026-01-13,2026-01-20,765260,1138225,0,195,15440,37415,12.114999999999998,12.065000000000001,2025-12-20 08:06:32,1.4873703055170793,2.4232512953367875,195,,1903485,195,52855,0.9958728848534877,-0.04999999999999716,50.975,-392,6110.666666666667,5513.5,5446,58304,BEARISH_TURN,f,f,NEUTRAL,NEUTRAL_PREDICT,-8025,20175,38250,11975.60
2025-12-15 10:43:00,NSE,25930.05,25950,2025-12-23,2025-12-30,2026-01-06,2026-01-13,2026-01-20,765260,1138030,14100,6075,22425,15825,12.025,12.082500000000001,2025-12-20 08:06:30,1.487115490160207,0.705685618729097,-8025,0.4308510638297872,1903290,20175,38250,1.004781704781705,0.057500000000000995,9.875,-444,6093.333333333333,5974.5,5420,58874,BULLISH_CONTINUE,f,f,NEUTRAL,NEUTRAL_PREDICT,-5100,8100,64095,12029.88
2025-12-15 10:40:00,NSE,25930.05,25950,2025-12-23,2025-12-30,2026-01-06,2026-01-13,2026-01-20,751160,1131955,6600,1500,24600,39495,12.2775,11.9925,2025-12-20 08:06:27,1.506942595452367,1.6054878048780488,-5100,0.22727272727272727,1883115,8100,64095,0.9767868051313378,-0.28500000000000014,24.5,5449,8408.333333333334,6244.166666666667,4053,55137,BULLISH_CONTINUE,f,f,NEUTRAL,NEUTRAL_PREDICT,-130,260,36055,11793.59
2025-12-15 10:38:00,NSE,25930.05,25950,2025-12-23,2025-12-30,2026-01-06,2026-01-13,2026-01-20,744560,1130455,195,65,15140,20915,12.19,12.0625,2025-12-20 08:06:26,1.5182859675513054,1.381439894319683,-130,0.3333333333333333,1875015,260,36055,0.9895406070549632,-0.1274999999999995,49.35,6430,8744,4473.833333333333,2472,57209,BULLISH_TURN,t,f,NEUTRAL,NEUTRAL_PREDICT,11100,-1500,100265,16572.93
2025-12-15 10:37:00,NSE,25930.05,25950,2025-12-23,2025-12-30,2026-01-06,2026-01-13,2026-01-20,744365,1130390,-6300,4800,41465,58800,12.195,11.9275,2025-12-20 08:06:25,1.5185963875249373,1.4180634269866152,11100,0.7619047619047619,1874755,-1500,100265,0.9780647806478064,-0.26750000000000007,100,8207,9363.333333333334,4476,-3089,61825,BEARISH_TURN,t,f,NEUTRAL,NEUTRAL_PREDICT,-65,65,55705,16572.32
2025-12-15 10:36:00,NSE,25930.05,25950,2025-12-23,2025-12-30,2026-01-06,2026-01-13,2026-01-20,750665,1125590,65,0,29155,26550,12.1125,11.932500000000001,2025-12-20 08:06:24,1.499457147995444,0.9106499742754245,-65,0,1876255,65,55705,0.9851393188854489,-0.17999999999999972,49.675,12107,9998.333333333334,4563.833333333333,-2999,49002,BULLISH_TURN,f,t,NEUTRAL,BULLISH_PREDICT,21440,13340,19565,16615.56
2025-12-15 10:34:00,NSE,25930.05,25950,2025-12-23,2025-12-30,2026-01-06,2026-01-13,2026-01-20,750600,1125590,-4050,17390,8025,11540,12.0975,12.065000000000001,2025-12-20 08:06:22,1.4995869970690114,1.438006230529595,21440,4.293827160493827,1876190,13340,19565,0.997313494523662,-0.03249999999999886,100,9720,11078.333333333334,4546.5,-912,50727,BEARISH_TURN,f,f,BEARISH,NEUTRAL_PREDICT,-195,195,74455,16620.83
2025-12-15 10:33:00,NSE,25930.05,25950,2025-12-23,2025-12-30,2026-01-06,2026-01-13,2026-01-20,754650,1108200,195,0,25855,48600,12.065000000000001,12.0875,2025-12-20 08:06:21,1.4684953289604452,1.8797137884355057,-195,0,1862850,195,74455,1.001864898466639,0.022499999999999076,49.025,6902,9623,3081.8333333333335,-2714,56942,BULLISH_TURN,t,f,NEUTRAL,NEUTRAL_PREDICT,8755,-27545,59135,17012.24
2025-12-15 10:31:00,NSE,25930.05,25950,2025-12-23,2025-12-30,2026-01-06,2026-01-13,2026-01-20,754455,1108200,-18150,-9395,35925,23210,12.035,12.024999999999999,2025-12-20 08:06:19,1.4688748831938288,0.6460681976339596,8755,-0.5176308539944904,1862655,-27545,59135,0.9991690901537182,-0.010000000000001563,93.775,13785,10966,3084,423,49720,BEARISH_CONTINUE,f,f,NEUTRAL,NEUTRAL_PREDICT,30600,-1050,36150,17011.81
2025-12-15 10:28:00,NSE,25930.05,25950,2025-12-23,2025-12-30,2026-01-06,2026-01-13,2026-01-20,772605,1117595,-15825,14775,12225,23925,12.1525,12.105,2025-12-20 08:06:17,1.446528303596275,1.9570552147239264,30600,0.933649289099526,1890200,-1050,36150,0.996091339230611,-0.04749999999999943,100,12047,10360.666666666666,2266.6666666666665,5919,43199,BEARISH_TURN,t,f,BEARISH,NEUTRAL_PREDICT,-12000,10500,64330,17316.26
2025-12-15 10:25:00,NSE,25930.05,25950,2025-12-23,2025-12-30,2026-01-06,2026-01-13,2026-01-20,788430,1102820,11250,-750,27300,37030,12.227500000000001,12.0275,2025-12-20 08:06:14,1.3987544867648365,1.3564102564102565,-12000,-0.06666666666666667,1891250,10500,64330,0.9836434267021058,-0.20000000000000107,0,6617,8105.666666666667,786,7209,46797,BULLISH_TURN,f,f,NEUTRAL,NEUTRAL_PREDICT,7350,4330,50640,16698.09
2025-12-15 10:22:00,NSE,25930.05,25950,2025-12-23,2025-12-30,2026-01-06,2026-01-13,2026-01-20,777180,1103570,-1510,5840,21655,28985,12.0725,12.0875,2025-12-20 08:06:11,1.4199670603978487,1.338489956130224,7350,3.8675496688741724,1880750,4330,50640,1.001242493269828,0.015000000000000568,86.75,9004,8923,1190.3333333333333,5122,51477,BEARISH_CONTINUE,f,f,NEUTRAL,NEUTRAL_PREDICT,34220,15880,38345,16523.76
2025-12-15 10:19:00,NSE,25930.05,25950,2025-12-23,2025-12-30,2026-01-06,2026-01-13,2026-01-20,778690,1097730,-9170,25050,19935,18410,12.12,12.120000000000001,2025-12-20 08:06:08,1.4097137500160526,0.9235013794833208,34220,2.7317339149400217,1876420,15880,38345,1.0000000000000002,1.7763568394002505e-15,100,12874,8013.666666666667,-12.166666666666666,10046,48609,BEARISH_CONTINUE,t,f,BEARISH,NEUTRAL_PREDICT,65,-65,26530,17351.95
2025-12-15 10:17:00,NSE,25930.05,25950,2025-12-23,2025-12-30,2026-01-06,2026-01-13,2026-01-20,787860,1072680,-65,0,11830,14700,12.145,12.0875,2025-12-20 08:06:07,1.361510928337522,1.242603550295858,65,0,1860540,-65,26530,0.9952655413750515,-0.05749999999999922,50.325,6017,5736.666666666667,-3332.5,6935,49996,BEARISH_CONTINUE,t,f,NEUTRAL,NEUTRAL_PREDICT,3450,5400,54140,19916.46
2025-12-15 10:16:00,NSE,25930.05,25950,2025-12-23,2025-12-30,2026-01-06,2026-01-13,2026-01-20,787925,1072680,975,4425,22265,31875,12.190000000000001,12.059999999999999,2025-12-20 08:06:06,1.3613986102738205,1.4316191331686503,3450,4.538461538461538,1860605,5400,54140,0.9893355209187856,-0.13000000000000256,67.25,7836,5163.666666666667,-3336.8333333333335,6796,60014,BEARISH_TURN,f,f,NEUTRAL,NEUTRAL_PREDICT,-65,65,87730,19915.71
2025-12-15 10:14:00,NSE,25930.05,25950,2025-12-23,2025-12-30,2026-01-06,2026-01-13,2026-01-20,786950,1068255,65,0,49115,38615,12.3225,11.919999999999998,2025-12-20 08:06:04,1.3574623546603977,0.7862160236180393,-65,0,1855205,65,87730,0.9673361736660578,-0.40250000000000163,49.675,11271,4916.333333333333,-4830,6571,63646,BULLISH_TURN,f,t,NEUTRAL,BULLISH_PREDICT,26700,28950,36300,21036.99
2025-12-15 10:13:00,NSE,25930.05,25950,2025-12-23,2025-12-30,2026-01-06,2026-01-13,2026-01-20,786885,1068255,1125,27825,18900,17400,12.25,11.9725,2025-12-20 08:06:03,1.3575744867420272,0.9206349206349206,26700,24.733333333333334,1855140,28950,36300,0.9773469387755103,-0.27749999999999986,100,14511,5855.666666666667,-6376.666666666667,5555,53343,BEARISH_TURN,f,f,BEARISH,NEUTRAL_PREDICT,-65,325,45280,22339.93
2025-12-15 10:12:00,NSE,25930.05,25950,2025-12-23,2025-12-30,2026-01-06,2026-01-13,2026-01-20,785760,1040430,195,130,19790,25490,12.24,11.9925,2025-12-20 08:06:02,1.3241065974343311,1.2880242546740779,-65,0.6666666666666666,1826190,325,45280,0.9797794117647058,-0.2475000000000005,49.675,9093,4080,-7793.5,-157,55816,BULLISH_TURN,t,f,NEUTRAL,NEUTRAL_PREDICT,9160,-760,76620,21501.97
2025-12-15 10:10:00,NSE,25930.05,25950,2025-12-23,2025-12-30,2026-01-06,2026-01-13,2026-01-20,785565,1040300,-4960,4200,43020,33600,12.3325,11.96,2025-12-20 08:06:00,1.3242697930788667,0.7810320781032078,9160,0.8467741935483871,1825865,-760,76620,0.9697952564362458,-0.3724999999999987,95.80000000000001,13096,203.66666666666666,-7895.333333333333,1878,56045,BEARISH_CONTINUE,t,f,NEUTRAL,NEUTRAL_PREDICT,20625,4275,72300,21471.32
2025-12-15 10:07:00,NSE,25930.05,25950,2025-12-23,2025-12-30,2026-01-06,2026-01-13,2026-01-20,790525,1036100,-8175,12450,39525,32775,12.25,12.035,2025-12-20 08:05:58,1.3106479870971823,0.8292220113851992,20625,1.5229357798165137,1826625,4275,72300,0.9824489795918367,-0.21499999999999986,100,11199,-411.3333333333333,-9446.666666666666,2095,57779,BEARISH_CONTINUE,t,f,BEARISH,NEUTRAL_PREDICT,16135,-5015,36215,21874.07
2025-12-15 10:04:00,NSE,25930.05,25950,2025-12-23,2025-12-30,2026-01-06,2026-01-13,2026-01-20,798700,1023650,-10575,5560,17925,18290,12.3225,11.9925,2025-12-20 08:05:55,1.281645173406786,1.0203626220362623,16135,0.5257683215130023,1822350,-5015,36215,0.9732197200243458,-0.33000000000000007,100,6429,-870.6666666666666,7498.333333333333,5845,57134,BEARISH_TURN,t,f,NEUTRAL,NEUTRAL_PREDICT,-390,390,48665,100731.01
2025-12-15 10:02:00,NSE,25930.05,25950,2025-12-23,2025-12-30,2026-01-06,2026-01-13,2026-01-20,809275,1018090,390,0,30890,17775,12.225000000000001,12.145,2025-12-20 08:05:53,1.2580272466096196,0.5754289414049855,-390,0,1827365,390,48665,0.9934560327198363,-0.08000000000000185,48.05,3254,-1985.3333333333333,7200.517241379311,6900,58092,BULLISH_TURN,f,f,NEUTRAL,NEUTRAL_PREDICT,19950,10500,46425,102500.56
2025-12-15 10:01:00,NSE,25930.05,25950,2025-12-23,2025-12-30,2026-01-06,2026-01-13,2026-01-20,808885,1018090,-4725,15225,29775,16650,12.3025,12.114999999999998,2025-12-20 08:05:52,1.258633798376778,0.5591939546599496,19950,3.2222222222222223,1826975,10500,46425,0.9847591952855109,-0.18750000000000178,100,2074,-3459.3333333333335,7471.607142857143,12580,57565,BEARISH_TURN,f,f,NEUTRAL,NEUTRAL_PREDICT,-325,325,85290,104370.87
2025-12-15 10:00:00,NSE,25930.05,25950,2025-12-23,2025-12-30,2026-01-06,2026-01-13,2026-01-20,813610,1002865,325,0,46440,38850,12.3625,12.0775,2025-12-20 08:05:51,1.2326114477452341,0.83656330749354,-325,0,1816475,325,85290,0.9769464105156724,-0.28500000000000014,48.375,-1903,-4798,7009.444444444444,10493,69604,BULLISH_CONTINUE,f,f,NEUTRAL,NEUTRAL_PREDICT,-3225,23025,69075,106329.87
2025-12-15 09:58:00,NSE,25930.05,25950,2025-12-23,2025-12-30,2026-01-06,2026-01-13,2026-01-20,813285,1002865,13125,9900,42075,27000,12.2825,12.055,2025-12-20 08:05:50,1.2331040164272058,0.6417112299465241,-3225,0.7542857142857143,1816150,23025,69075,0.9814777121921432,-0.22750000000000092,33.875,-3544,-5827.333333333333,7291.538461538462,16634,61739,BULLISH_TURN,f,f,NEUTRAL,NEUTRAL_PREDICT,260,260,41005,108425.31
2025-12-15 09:56:00,NSE,25930.05,25950,2025-12-23,2025-12-30,2026-01-06,2026-01-13,2026-01-20,800160,992965,0,260,23915,17090,12.455,12.067499999999999,2025-12-20 08:05:48,1.2409580583883224,0.7146142588333682,260,,1793125,260,41005,0.9688879967884383,-0.38750000000000107,51.3,-2951,-6533.666666666667,7712.2,12107,58223,BEARISH_TURN,f,f,NEUTRAL,NEUTRAL_PREDICT,-6290,28790,46030,110639.46
2025-12-15 09:55:00,NSE,25930.05,25950,2025-12-23,2025-12-30,2026-01-06,2026-01-13,2026-01-20,800160,992705,17540,11250,21880,24150,12.485000000000001,12.024999999999999,2025-12-20 08:05:47,1.240633123375325,1.103747714808044,-6290,0.6413911060433295,1792865,28790,46030,0.963155786944333,-0.46000000000000263,18.55,-198,-6542.333333333333,8022.708333333333,12460,59142,BULLISH_TURN,f,f,NEUTRAL,NEUTRAL_PREDICT,65,65,106620,113007.95
2025-12-15 09:53:00,NSE,25930.05,25950,2025-12-23,2025-12-30,2026-01-06,2026-01-13,2026-01-20,782620,981455,0,65,51720,54900,12.485,11.927500000000002,2025-12-20 08:05:45,1.2540632746415885,1.0614849187935034,65,,1764075,65,106620,0.9553464156988388,-0.5574999999999974,50.325,1073,-8038,8645,6689,71502,BEARISH_TURN,f,t,NEUTRAL,BEARISH_PREDICT,-8530,31030,45965,115505.72
2025-12-15 09:52:00,NSE,25930.05,25950,2025-12-23,2025-12-30,2026-01-06,2026-01-13,2026-01-20,782620,981390,19780,11250,26390,19575,12.572500000000002,11.9375,2025-12-20 08:05:44,1.2539802202857069,0.7417582417582418,-8530,0.5687563195146613,1764010,31030,45965,0.9494929409425332,-0.6350000000000016,7.350000000000001,-10582,-12401.666666666666,9035,12494,69510,BULLISH_CONTINUE,f,f,NEUTRAL,NEUTRAL_PREDICT,-260,390,51495,118208.37
2025-12-15 09:50:00,NSE,25930.05,25950,2025-12-23,2025-12-30,2026-01-06,2026-01-13,2026-01-20,762840,970140,325,65,20005,31490,12.5275,12.0025,2025-12-20 08:05:43,1.27174767972314,1.5741064733816545,-260,0.2,1732980,390,51495,0.9580921971662343,-0.5250000000000004,48.7,-8889,-11837.333333333334,9871.42857142857,6301,68786,BULLISH_TURN,f,f,NEUTRAL,NEUTRAL_PREDICT,14025,2025,45600,121060.81
2025-12-15 09:49:00,NSE,25930.05,25950,2025-12-23,2025-12-30,2026-01-06,2026-01-13,2026-01-20,762515,970075,-6000,8025,23475,22125,12.6175,11.9675,2025-12-20 08:05:42,1.2722044812233202,0.9424920127795527,14025,1.3375,1732590,2025,45600,0.9484842480681592,-0.6500000000000004,100,-6090,-14576.333333333334,10378,5572,80293,BEARISH_CONTINUE,t,f,NEUTRAL,NEUTRAL_PREDICT,65,-65,107830,124182.93
2025-12-15 09:47:00,NSE,25930.05,25950,2025-12-23,2025-12-30,2026-01-06,2026-01-13,2026-01-20,768515,962050,-65,0,69215,38615,12.65,11.98,2025-12-20 08:05:40,1.2518298276546327,0.5578992992848371,65,0,1730565,-65,107830,0.9470355731225296,-0.6699999999999999,50.325,-9012,-18609,10186.052631578947,5284,80332,BEARISH_TURN,t,f,NEUTRAL,NEUTRAL_PREDICT,-58210,29090,96660,127582.78
2025-12-15 09:46:00,NSE,25930.05,25950,2025-12-23,2025-12-30,2026-01-06,2026-01-13,2026-01-20,768580,962050,43650,-14560,47005,49655,12.7925,11.8575,2025-12-20 08:05:39,1.2517239584688646,1.0563769811722157,-58210,-0.3335624284077892,1730630,29090,96660,0.9269102990033222,-0.9350000000000005,0,-13525,-19667,10748.333333333334,14057,65816,BULLISH_CONTINUE,f,t,STRONG_BULLISH,BULLISH_PREDICT,-65,65,42345,131257.37
2025-12-15 09:44:00,NSE,25930.05,25950,2025-12-23,2025-12-30,2026-01-06,2026-01-13,2026-01-20,724930,976610,65,0,13565,28780,13.1175,11.7275,2025-12-20 08:05:37,1.3471783482543143,2.121636564688537,-65,0,1701540,65,42345,0.8940346864875166,-1.3900000000000006,49.675,-1909,-15994.333333333334,14804.70588235294,8213,55313,BULLISH_TURN,t,f,NEUTRAL,NEUTRAL_PREDICT,13735,-3255,109030,134129.02
2025-12-15 09:43:00,NSE,25930.05,25950,2025-12-23,2025-12-30,2026-01-06,2026-01-13,2026-01-20,724865,976610,-8495,5240,56390,52640,13.1725,11.735,2025-12-20 08:05:36,1.3472991522559372,0.9334988473133534,13735,0.616833431430253,1701475,-3255,109030,0.890871133042323,-1.4375,100,-5049,-18482,15734.0625,10933,62029,BEARISH_TURN,t,t,NEUTRAL,BEARISH_PREDICT,-585,585,45795,138471.31
2025-12-15 09:42:00,NSE,25930.05,25950,2025-12-23,2025-12-30,2026-01-06,2026-01-13,2026-01-20,733360,971370,585,0,22245,23550,13.245,11.7775,2025-12-20 08:05:35,1.324547289189484,1.0586648685097775,-585,0,1704730,585,45795,0.8892034730086825,-1.4674999999999994,47.075,-10560,15867.333333333334,15867.333333333334,23820,57934,BULLISH_CONTINUE,f,f,NEUTRAL,NEUTRAL_PREDICT,-22500,43800,35250,143330.36
2025-12-15 09:40:00,NSE,25930.05,25950,2025-12-23,2025-12-30,2026-01-06,2026-01-13,2026-01-20,732775,971370,33150,10650,15900,19350,13.1925,11.68,2025-12-20 08:05:33,1.3256047217768074,1.2169811320754718,-22500,0.3212669683257919,1704145,43800,35250,0.8853515254879666,-1.512500000000001,0,-10417,17042.5,17042.5,23729,65378,BULLISH_CONTINUE,t,f,BULLISH,NEUTRAL_PREDICT,-130,-130,44145,148665.94
2025-12-15 09:39:00,NSE,25930.05,25950,2025-12-23,2025-12-30,2026-01-06,2026-01-13,2026-01-20,699625,960720,0,-130,25040,19105,13.0225,11.86,2025-12-20 08:05:33,1.3731927818474183,0.762979233226837,-130,,1660345,-130,44145,0.9107314263774235,-1.1625000000000014,49.35,-11662,20084.23076923077,20084.23076923077,22634,76478,BULLISH_CONTINUE,t,f,NEUTRAL,NEUTRAL_PREDICT,-15765,13665,75925,154282.32
2025-12-15 09:37:00,NSE,25930.05,25950,2025-12-23,2025-12-30,2026-01-06,2026-01-13,2026-01-20,699625,960850,14715,-1050,40750,35175,13.245000000000001,12.043333333333331,2025-12-20 08:05:31,1.3733785956762552,0.8631901840490798,-15765,-0.07135575942915393,1660475,13665,75925,0.909273939851516,-1.2016666666666698,0,-24714,21768.75,21768.75,37492,90828,BULLISH_CONTINUE,f,f,NEUTRAL,NEUTRAL_PREDICT,-13820,61180,88555,161017.71
2025-12-15 09:34:00,NSE,25930.05,25950,2025-12-23,2025-12-30,2026-01-06,2026-01-13,2026-01-20,684910,961900,37500,23680,27150,61405,13.437500000000002,11.979999999999999,2025-12-20 08:05:28,1.4044180987283001,2.261694290976059,-13820,0.6314666666666666,1646810,61180,88555,0.89153488372093,-1.4575000000000031,0,-21574,25180.909090909092,25180.909090909092,34772,93736,BULLISH_TURN,f,f,NEUTRAL,NEUTRAL_PREDICT,130,130,83015,168421.16
2025-12-15 09:33:00,NSE,25930.05,25950,2025-12-23,2025-12-30,2026-01-06,2026-01-13,2026-01-20,647410,938220,0,130,36825,46190,13.1275,12.17,2025-12-20 08:05:27,1.44918984878207,1.2543109300746775,130,,1585630,130,83015,0.9270615120929347,-0.9574999999999996,50.65,-27079,29081,29081,29019,102804,BEARISH_TURN,f,f,NEUTRAL,NEUTRAL_PREDICT,-28725,38325,90750,177007.13
2025-12-15 09:31:00,NSE,25930.05,25950,2025-12-23,2025-12-30,2026-01-06,2026-01-13,2026-01-20,647410,938090,33525,4800,30750,60000,13.315000000000001,12.073333333333332,2025-12-20 08:05:25,1.4489890486708576,1.951219512195122,-28725,0.14317673378076062,1585500,38325,90750,0.9067467768181248,-1.241666666666669,0,-36398,32297.777777777777,32297.777777777777,44532,110296,BULLISH_CONTINUE,f,f,BULLISH,NEUTRAL_PREDICT,-65390,74160,115895,187434.13
2025-12-15 09:28:00,NSE,25930.05,25950,2025-12-23,2025-12-30,2026-01-06,2026-01-13,2026-01-20,613885,933290,69775,4385,45970,69925,13.274999999999999,12.126666666666667,2025-12-20 08:05:22,1.5203010335812082,1.5211007178594735,-65390,0.06284485847366535,1547175,74160,115895,0.9134965473948526,-1.1483333333333317,0,-33814,39925.625,39925.625,54372,112136,BULLISH_CONTINUE,f,f,STRONG_BULLISH,NEUTRAL_PREDICT,-65,65,90465,198876.55
2025-12-15 09:26:00,NSE,25930.05,25950,2025-12-23,2025-12-30,2026-01-06,2026-01-13,2026-01-20,544110,928905,65,0,50005,40460,13.302499999999998,12.086666666666666,2025-12-20 08:05:21,1.7072007498483763,0.8091190880911909,-65,0,1473015,65,90465,0.9086011401365659,-1.2158333333333324,49.675,-21360,54970.71428571428,54970.71428571428,40164,114145,BULLISH_CONTINUE,f,f,NEUTRAL,NEUTRAL_PREDICT,-41345,32415,133895,209836.17
2025-12-15 09:25:00,NSE,25930.05,25950,2025-12-23,2025-12-30,2026-01-06,2026-01-13,2026-01-20,544045,928905,36880,-4465,47585,86310,13.910000000000002,11.983333333333334,2025-12-20 08:05:20,1.7074047183596945,1.8138068719134182,-41345,-0.12106832971800434,1472950,32415,133895,0.8614905343877306,-1.9266666666666676,0,-28823,64143.333333333336,64143.333333333336,52505,141616,BULLISH_CONTINUE,f,f,BULLISH,NEUTRAL_PREDICT,-46465,77695,120475,228321.51
2025-12-15 09:22:00,NSE,25930.05,25950,2025-12-23,2025-12-30,2026-01-06,2026-01-13,2026-01-20,507165,933370,62080,15615,49930,70545,13.593333333333334,12.263333333333334,2025-12-20 08:05:17,1.8403675332485483,1.4128780292409373,-46465,0.25153028350515466,1440535,77695,120475,0.9021579205492889,-1.33,0,85241,85241,85241,288107,170352,BULLISH_CONTINUE,f,f,BULLISH,NEUTRAL_PREDICT,-15805,87525,99950,248646.44
2025-12-15 09:19:00,NSE,25930.05,25950,2025-12-23,2025-12-30,2026-01-06,2026-01-13,2026-01-20,445085,917755,51665,35860,44680,55270,13.813333333333333,11.986666666666666,2025-12-20 08:05:14,2.0619769257557543,1.237018800358102,-15805,0.6940869060292267,1362840,87525,99950,0.8677606177606177,-1.8266666666666662,0,118167.5,118167.5,118167.5,340710,182821.25,BULLISH_CONTINUE,f,f,NEUTRAL,NEUTRAL_PREDICT,-3120,3120,125940,274236.59
2025-12-15 09:17:00,NSE,25930.05,25950,2025-12-23,2025-12-30,2026-01-06,2026-01-13,2026-01-20,393420,881895,3120,0,59700,66240,13.746666666666664,11.87,2025-12-20 08:05:13,2.241612017691017,1.1095477386934673,-3120,0,1275315,3120,125940,0.8634820562560621,-1.8766666666666652,34.4,162825,162825,162825,425105,210445,BULLISH_CONTINUE,f,f,NEUTRAL,NEUTRAL_PREDICT,-37380,61770,227820,317557.56
2025-12-15 09:16:00,NSE,25930.05,25950,2025-12-23,2025-12-30,2026-01-06,2026-01-13,2026-01-20,390300,881895,49575,12195,80850,146970,13.676666666666668,11.969999999999999,2025-12-20 08:05:12,2.259531129900077,1.8178107606679035,-37380,0.24599092284417548,1272195,61770,227820,0.8752132585912745,-1.7066666666666688,0,245797.5,245797.5,245797.5,636097.5,252697.5,BULLISH_TURN,f,f,BULLISH,NEUTRAL_PREDICT,528975,1210425,277575,400473.46
2025-12-15 09:15:00,NSE,25930.05,25950,2025-12-23,2025-12-30,2026-01-06,2026-01-13,2026-01-20,340725,869700,340725,869700,92700,184875,13.676666666666668,11.826666666666666,2025-12-20 08:05:11,2.5524983491085185,1.994336569579288,528975,2.5524983491085185,1210425,1210425,277575,0.8647331221057761,-1.8500000000000014,100,528975,528975,528975,1210425,277575,,f,f,STRONG_BEARISH,NEUTRAL_PREDICT,,,,0.00
2025-12-12 15:30:00,NSE,25971.2,25950,2025-12-23,2025-12-30,2026-01-06,2026-01-13,2026-01-20,347005,950680,-4200,-525,11625,24600,13.4325,11.756666666666668,2025-12-20 08:05:09,2.739672339015288,2.1161290322580646,3675,-0.125,1297685,-4725,36225,0.8752403995285069,-1.6758333333333315,68.375,1455,-66.33333333333333,141.83333333333334,-3225,23105,BEARISH_CONTINUE,f,f,NEUTRAL,NEUTRAL_PREDICT,3675,-4725,36225,4048.71
2025-12-12 15:29:00,NSE,25971.2,25950,2025-12-23,2025-12-30,2026-01-06,2026-01-13,2026-01-20,347005,950680,-4200,-525,11625,24600,13.4325,11.756666666666668,2025-12-20 08:05:08,2.739672339015288,2.1161290322580646,3675,-0.125,1297685,-4725,36225,0.8752403995285069,-1.6758333333333315,68.375,450,-261.3333333333333,61.5,-2640,17630,BEARISH_CONTINUE,f,f,NEUTRAL,NEUTRAL_PREDICT,375,-375,22050,3999.80
2025-12-12 15:27:00,NSE,25971.2,25950,2025-12-23,2025-12-30,2026-01-06,2026-01-13,2026-01-20,351205,951205,-375,0,6900,15150,13.41,11.823333333333332,2025-12-20 08:05:06,2.7084039236343447,2.1956521739130435,375,0,1302410,-375,22050,0.8816803380561768,-1.5866666666666678,51.875,-272,-342.6666666666667,99,-1682,12571,BEARISH_TURN,f,f,NEUTRAL,NEUTRAL_PREDICT,-3675,-3075,14650,4039.92
2025-12-12 15:26:00,NSE,25971.2,25950,2025-12-23,2025-12-30,2026-01-06,2026-01-13,2026-01-20,351580,951205,300,-3375,2250,12400,13.1025,12.016666666666666,2025-12-20 08:05:05,2.7055151032481937,5.511111111111111,-3675,-11.25,1302785,-3075,14650,0.9171277745977231,-1.0858333333333334,31.625,-572,-432.6666666666667,-91,-1382,11476,BULLISH_TURN,f,t,NEUTRAL,BULLISH_PREDICT,3225,-3225,6375,4158.78
2025-12-12 15:24:00,NSE,25971.2,25950,2025-12-23,2025-12-30,2026-01-06,2026-01-13,2026-01-20,351280,954580,-3225,0,1575,4800,13.0825,12.083333333333334,2025-12-20 08:05:04,2.71743338647233,3.0476190476190474,3225,0,1305860,-3225,6375,0.9236257086438627,-0.9991666666666656,66.125,-212,92.33333333333333,56.5,-2042,13961,BEARISH_TURN,f,f,NEUTRAL,NEUTRAL_PREDICT,-1350,-1800,8850,4105.41
2025-12-12 15:23:00,NSE,25971.2,25950,2025-12-23,2025-12-30,2026-01-06,2026-01-13,2026-01-20,354505,954580,-225,-1575,2250,6600,13.15,11.959999999999999,2025-12-20 08:05:03,2.6927123735913456,2.933333333333333,-1350,-7,1309085,-1800,8850,0.9095057034220532,-1.1900000000000013,43.25,-797,-217.66666666666666,-48.5,-1457,13601,BULLISH_TURN,t,f,NEUTRAL,NEUTRAL_PREDICT,65,65,10930,4061.63
2025-12-12 15:22:00,NSE,25971.2,25950,2025-12-23,2025-12-30,2026-01-06,2026-01-13,2026-01-20,354730,956155,0,65,3900,7030,13.274999999999999,11.950000000000001,2025-12-20 08:05:02,2.6954444225185354,1.8025641025641026,65,,1310885,65,10930,0.9001883239171377,-1.3249999999999975,50.325,-765,-682.6666666666666,-6,-1395,14769,BEARISH_TURN,f,f,NEUTRAL,NEUTRAL_PREDICT,-1125,1125,16575,4054.20
2025-12-12 15:21:00,NSE,25971.2,25950,2025-12-23,2025-12-30,2026-01-06,2026-01-13,2026-01-20,354730,956090,1125,0,4875,11700,13.255,11.913333333333334,2025-12-20 08:05:01,2.695261184562907,2.4,-1125,0,1310820,1125,16575,0.8987803344649817,-1.3416666666666668,44.375,-765,-722,29.333333333333332,-1395,15239,BULLISH_CONTINUE,t,f,NEUTRAL,NEUTRAL_PREDICT,-1875,-6375,27075,4059.46
2025-12-12 15:20:00,NSE,25971.2,25950,2025-12-23,2025-12-30,2026-01-06,2026-01-13,2026-01-20,353605,956090,-2250,-4125,7125,19950,13.205,11.923333333333332,2025-12-20 08:05:00,2.703836201411179,2.8,-1875,-1.8333333333333333,1309695,-6375,27075,0.9029408052505363,-1.281666666666668,40.625,73,-622,31.833333333333332,-733,12895,BULLISH_TURN,f,t,NEUTRAL,BULLISH_PREDICT,300,-300,4575,4058.75
2025-12-12 15:18:00,NSE,25971.2,25950,2025-12-23,2025-12-30,2026-01-06,2026-01-13,2026-01-20,355855,960215,-300,0,1875,2700,13.100000000000001,11.993333333333334,2025-12-20 08:04:58,2.698332185862219,1.44,300,0,1316070,-300,4575,0.9155216284987276,-1.1066666666666674,51.5,2083,-472,109.33333333333333,-1093,10210,BEARISH_TURN,f,f,NEUTRAL,NEUTRAL_PREDICT,-1190,-1490,14690,4043.25
2025-12-12 15:17:00,NSE,25971.2,25950,2025-12-23,2025-12-30,2026-01-06,2026-01-13,2026-01-20,356155,960215,-150,-1340,2925,11765,13.145,11.99,2025-12-20 08:04:58,2.696059300023866,4.022222222222222,-1190,-8.933333333333334,1316370,-1490,14690,0.9121338912133892,-1.1549999999999994,44.05,-857,-447,106.83333333333333,-3733,14455,BULLISH_TURN,t,f,NEUTRAL,NEUTRAL_PREDICT,65,65,13280,4043.15
2025-12-12 15:15:00,NSE,25971.2,25950,2025-12-23,2025-12-30,2026-01-06,2026-01-13,2026-01-20,356305,961555,0,65,2775,10505,13.0625,12.12,2025-12-20 08:04:56,2.698685115280448,3.7855855855855856,65,,1317860,65,13280,0.927846889952153,-0.9425000000000008,50.325,-469,-382.6666666666667,201.5,-3585,13206,BEARISH_CONTINUE,f,t,NEUTRAL,BEARISH_PREDICT,3065,4435,4855,4044.99
2025-12-12 15:14:00,NSE,25971.2,25950,2025-12-23,2025-12-30,2026-01-06,2026-01-13,2026-01-20,356305,961490,685,3750,1855,3000,12.9925,12.083333333333334,2025-12-20 08:04:55,2.698502687304416,1.6172506738544474,3065,5.474452554744525,1317795,4435,4855,0.9300237316400488,-0.9091666666666658,65.325,9,-391.3333333333333,439.3333333333333,-3107,11838,BEARISH_CONTINUE,t,f,NEUTRAL,NEUTRAL_PREDICT,8175,-8175,13650,4241.66
2025-12-12 15:12:00,NSE,25971.2,25950,2025-12-23,2025-12-30,2026-01-06,2026-01-13,2026-01-20,355620,957740,-8175,0,2100,11550,12.9425,12.016666666666666,2025-12-20 08:04:53,2.6931556155446827,5.5,8175,0,1313360,-8175,13650,0.9284656493464682,-0.9258333333333351,90.875,-799,-580.6666666666666,342.1666666666667,-3799,13162,BEARISH_TURN,f,f,NEUTRAL,NEUTRAL_PREDICT,-14400,-13500,25800,4212.73
2025-12-12 15:11:00,NSE,25971.2,25950,2025-12-23,2025-12-30,2026-01-06,2026-01-13,2026-01-20,363795,957740,450,-13950,2400,23400,13.0275,11.99,2025-12-20 08:04:52,2.6326365123214996,9.75,-14400,-31,1321535,-13500,25800,0.9203607752830552,-1.0374999999999996,0,-1594,-755.6666666666666,147.16666666666666,-1624,13042,BULLISH_TURN,f,t,NEUTRAL,BULLISH_PREDICT,750,-750,8445,3965.81
2025-12-12 15:09:00,NSE,25971.2,25950,2025-12-23,2025-12-30,2026-01-06,2026-01-13,2026-01-20,363345,971690,-750,0,3150,5295,13.114999999999998,11.956666666666669,2025-12-20 08:04:50,2.6742902750829103,1.680952380952381,750,0,1335035,-750,8445,0.9116787393569706,-1.1583333333333297,53.75,1001,350,652.1666666666666,1361,10402,BEARISH_CONTINUE,t,f,NEUTRAL,NEUTRAL_PREDICT,2455,2455,6440,2859.92
2025-12-12 15:08:00,NSE,25971.2,25950,2025-12-23,2025-12-30,2026-01-06,2026-01-13,2026-01-20,364095,971690,0,2455,1650,4790,13.0975,11.953333333333333,2025-12-20 08:04:49,2.668781499333965,2.903030303030303,2455,,1335785,2455,6440,0.9126423617738754,-1.144166666666667,62.275,-814,384.3333333333333,657.1666666666666,-664,15193,BEARISH_TURN,f,f,NEUTRAL,NEUTRAL_PREDICT,-975,975,11475,2860.23
2025-12-12 15:06:00,NSE,25971.2,25950,2025-12-23,2025-12-30,2026-01-06,2026-01-13,2026-01-20,364095,969235,975,0,5250,6225,13.214999999999998,11.956666666666665,2025-12-20 08:04:47,2.662038753621994,1.1857142857142857,-975,0,1333330,975,11475,0.9047799218060285,-1.2583333333333329,45.125,-1410,540.6666666666666,650.3333333333334,-1710,14880,BULLISH_TURN,f,f,NEUTRAL,NEUTRAL_PREDICT,4200,2700,13050,2856.03
2025-12-12 15:05:00,NSE,25971.2,25950,2025-12-23,2025-12-30,2026-01-06,2026-01-13,2026-01-20,363120,969235,-750,3450,1200,11850,13.3275,11.916666666666666,2025-12-20 08:04:46,2.669186494822648,9.875,4200,4.6,1332355,2700,13050,0.8941411867692114,-1.4108333333333345,71,-1140,250.66666666666666,787.8333333333334,-2550,15000,BEARISH_TURN,f,f,NEUTRAL,NEUTRAL_PREDICT,-1425,1425,12600,2874.32
2025-12-12 15:03:00,NSE,25971.2,25950,2025-12-23,2025-12-30,2026-01-06,2026-01-13,2026-01-20,363870,965785,1425,0,3225,9375,13.2675,11.926666666666668,2025-12-20 08:04:45,2.6542034242998875,2.9069767441860463,-1425,0,1329655,1425,12600,0.8989385088876327,-1.3408333333333324,42.875,-1905,20.666666666666668,652.1666666666666,-3165,13963,BULLISH_CONTINUE,t,f,NEUTRAL,NEUTRAL_PREDICT,-8325,-10875,32400,2802.88
2025-12-12 15:02:00,NSE,25971.2,25950,2025-12-23,2025-12-30,2026-01-06,2026-01-13,2026-01-20,362445,965785,-1275,-9600,6525,25875,13.222499999999998,12,2025-12-20 08:04:44,2.6646387727793184,3.9655172413793105,-8325,-7.529411764705882,1328230,-10875,32400,0.907543959160522,-1.2224999999999984,8.375,-1485,120.66666666666667,827.1666666666666,-3735,11833,BULLISH_CONTINUE,f,t,NEUTRAL,BULLISH_PREDICT,-525,-2775,4875,2832.45
2025-12-12 14:59:00,NSE,25971.2,25950,2025-12-23,2025-12-30,2026-01-06,2026-01-13,2026-01-20,363720,975385,-1125,-1650,2850,2025,13.825,11.82,2025-12-20 08:04:41,2.6816919608490046,0.7105263157894737,-525,-1.4666666666666666,1339105,-2775,4875,0.8549728752260398,-2.004999999999999,47.375,135,670.6666666666666,1092.8333333333333,-1605,5593,BULLISH_TURN,f,f,NEUTRAL,NEUTRAL_PREDICT,375,-3225,12075,2260.44
2025-12-12 14:56:00,NSE,25971.2,25950,2025-12-23,2025-12-30,2026-01-06,2026-01-13,2026-01-20,364845,977035,-1800,-1425,6075,6000,13.725,11.833333333333334,2025-12-20 08:04:39,2.6779454288807574,0.9876543209876543,375,-0.7916666666666666,1341880,-3225,12075,0.862173649058895,-1.8916666666666657,51.875,227,780.6666666666666,1115.3333333333333,-1063,5066,BEARISH_CONTINUE,f,f,NEUTRAL,NEUTRAL_PREDICT,375,-375,7865,2247.11
2025-12-12 14:55:00,NSE,25971.2,25950,2025-12-23,2025-12-30,2026-01-06,2026-01-13,2026-01-20,366645,978460,-375,0,2850,5015,13.795,11.856666666666667,2025-12-20 08:04:38,2.6686849677480944,1.7596491228070175,375,0,1345105,-375,7865,0.8594901534372358,-1.9383333333333326,51.875,197,685.6666666666666,1100.3333333333333,-463,3626,BEARISH_CONTINUE,f,t,NEUTRAL,BEARISH_PREDICT,675,-1425,1950,2253.71
2025-12-12 14:54:00,NSE,25971.2,25950,2025-12-23,2025-12-30,2026-01-06,2026-01-13,2026-01-20,367020,978460,-1050,-375,225,1725,13.7975,11.88,2025-12-20 08:04:37,2.6659582584055364,7.666666666666667,675,-0.35714285714285715,1345480,-1425,1950,0.8610255481065411,-1.9174999999999986,53.375,1232,690.6666666666666,1072.8333333333333,-538,4318,BEARISH_TURN,f,f,NEUTRAL,NEUTRAL_PREDICT,-225,-225,1200,2267.86
2025-12-12 14:53:00,NSE,25971.2,25950,2025-12-23,2025-12-30,2026-01-06,2026-01-13,2026-01-20,368070,978835,0,-225,300,900,13.7925,11.853333333333333,2025-12-20 08:04:36,2.659371858613851,3,-225,,1346905,-225,1200,0.8594042656032868,-1.939166666666667,48.875,1534,660.6666666666666,1012.8333333333334,214,5214,BULLISH_CONTINUE,f,f,NEUTRAL,NEUTRAL_PREDICT,-65,-65,2240,2302.29
2025-12-12 14:52:00,NSE,25971.2,25950,2025-12-23,2025-12-30,2026-01-06,2026-01-13,2026-01-20,368070,979060,0,-65,1050,1190,13.787500000000001,11.829999999999998,2025-12-20 08:04:35,2.659983155378053,1.1333333333333333,-65,,1347130,-65,2240,0.8580235720761558,-1.9575000000000031,49.675,1832,785.6666666666666,1042.8333333333333,32,5604,BULLISH_TURN,f,f,NEUTRAL,NEUTRAL_PREDICT,225,-225,4875,2291.45
2025-12-12 14:51:00,NSE,25971.2,25950,2025-12-23,2025-12-30,2026-01-06,2026-01-13,2026-01-20,368070,979125,-225,0,1725,3150,13.7,11.866666666666665,2025-12-20 08:04:34,2.6601597522210447,1.826086956521739,225,0,1347195,-225,4875,0.8661800486618004,-1.833333333333334,51.125,2805,1270,970,1005,6161,BEARISH_CONTINUE,f,f,NEUTRAL,NEUTRAL_PREDICT,5550,-750,11325,2361.53
2025-12-12 14:50:00,NSE,25971.2,25950,2025-12-23,2025-12-30,2026-01-06,2026-01-13,2026-01-20,368295,979125,-3150,2400,6000,5325,13.775,11.876666666666665,2025-12-20 08:04:33,2.658534598623386,0.8875,5550,0.7619047619047619,1347420,-750,11325,0.8621899576527524,-1.8983333333333352,77.75,1695,1265,970,765,5891,BEARISH_CONTINUE,t,f,NEUTRAL,NEUTRAL_PREDICT,2185,2335,6430,2361.53
2025-12-12 14:47:00,NSE,25971.2,25950,2025-12-23,2025-12-30,2026-01-06,2026-01-13,2026-01-20,371445,976725,75,2260,675,5755,13.8125,11.873333333333333,2025-12-20 08:04:31,2.6295279247264065,8.525925925925925,2185,30.133333333333333,1348170,2335,6430,0.8596078431372549,-1.939166666666667,60.925,735,1050,817.5,915,5111,BEARISH_CONTINUE,t,t,NEUTRAL,BEARISH_PREDICT,1265,-1135,3150,2197.59
2025-12-12 14:45:00,NSE,25971.2,25950,2025-12-23,2025-12-30,2026-01-06,2026-01-13,2026-01-20,371370,974465,-1200,65,600,2550,13.715,11.96,2025-12-20 08:04:29,2.623973395804723,4.25,1265,0.05416666666666667,1345835,-1135,3150,0.8720379146919433,-1.754999999999999,56.325,313,954.3333333333334,738.1666666666666,433,4800,BEARISH_CONTINUE,t,f,NEUTRAL,NEUTRAL_PREDICT,4800,4800,5025,2189.47
2025-12-12 14:44:00,NSE,25971.2,25950,2025-12-23,2025-12-30,2026-01-06,2026-01-13,2026-01-20,372570,974400,0,4800,1275,3750,13.727500000000001,11.793333333333335,2025-12-20 08:04:28,2.615347451485627,2.9411764705882355,4800,,1346970,4800,5025,0.8591027742366297,-1.9341666666666661,74,45,930,676,645,4950,BEARISH_TURN,t,f,NEUTRAL,NEUTRAL_PREDICT,-5325,-1425,3525,2200.44
2025-12-12 14:41:00,NSE,25971.2,25950,2025-12-23,2025-12-30,2026-01-06,2026-01-13,2026-01-20,372570,969600,1950,-3375,750,2775,13.775,11.823333333333332,2025-12-20 08:04:26,2.602463966502939,3.7,-5325,-1.7307692307692308,1342170,-1425,3525,0.8583182093163944,-1.951666666666668,23.375,-690,760,533.5,210,4590,BULLISH_TURN,f,f,NEUTRAL,NEUTRAL_PREDICT,750,0,7425,2057.98
2025-12-12 14:38:00,NSE,25971.2,25950,2025-12-23,2025-12-30,2026-01-06,2026-01-13,2026-01-20,370620,972975,-375,375,2625,4800,13.7425,11.793333333333335,2025-12-20 08:04:23,2.6252630726890076,1.8285714285714285,750,1,1343595,0,7425,0.8581650597295496,-1.949166666666665,53.75,165,1325,721,75,6180,BEARISH_CONTINUE,f,f,NEUTRAL,NEUTRAL_PREDICT,75,-75,4875,1737.03
2025-12-12 14:37:00,NSE,25971.2,25950,2025-12-23,2025-12-30,2026-01-06,2026-01-13,2026-01-20,370995,972600,-75,0,2250,2625,13.760000000000002,11.813333333333334,2025-12-20 08:04:22,2.6215986738365746,1.1666666666666667,75,0,1343595,-75,4875,0.8585271317829457,-1.9466666666666672,50.375,105,1283.6666666666667,738.5,-15,6255,BEARISH_TURN,f,f,NEUTRAL,NEUTRAL_PREDICT,-75,-75,3900,1739.97
2025-12-12 14:36:00,NSE,25971.2,25950,2025-12-23,2025-12-30,2026-01-06,2026-01-13,2026-01-20,371070,972600,0,-75,1125,2775,13.680000000000001,11.896666666666667,2025-12-20 08:04:21,2.6210688010348453,2.466666666666667,-75,,1343670,-75,3900,0.8696393762183234,-1.783333333333335,49.625,135,1533.6666666666667,783.5,75,5895,BULLISH_TURN,t,f,NEUTRAL,NEUTRAL_PREDICT,1125,2625,3225,1739.68
2025-12-12 14:35:00,NSE,25971.2,25950,2025-12-23,2025-12-30,2026-01-06,2026-01-13,2026-01-20,371070,972675,750,1875,900,2325,13.66,11.910000000000002,2025-12-20 08:04:20,2.621270919233568,2.5833333333333335,1125,2.5,1343745,2625,3225,0.8718887262079065,-1.7499999999999982,55.625,480,1515,748.5,330,8430,BEARISH_TURN,t,f,NEUTRAL,NEUTRAL_PREDICT,-1050,-2100,11475,1767.88
2025-12-12 14:32:00,NSE,25971.2,25950,2025-12-23,2025-12-30,2026-01-06,2026-01-13,2026-01-20,370320,970800,-525,-1575,6600,4875,13.649999999999999,11.94,2025-12-20 08:04:18,2.6215165262475697,0.7386363636363636,-1050,-3,1341120,-2100,11475,0.8747252747252747,-1.709999999999999,44.75,1695,1450,712,945,8385,BULLISH_TURN,f,f,NEUTRAL,NEUTRAL_PREDICT,450,-450,7800,1771.14
2025-12-12 14:30:00,NSE,25971.2,25950,2025-12-23,2025-12-30,2026-01-06,2026-01-13,2026-01-20,370845,972375,-450,0,1725,6075,13.64,11.88,2025-12-20 08:04:16,2.6220523399263844,3.5217391304347827,450,0,1343220,-450,7800,0.8709677419354839,-1.7599999999999998,52.25,1935,1515,732,1335,6840,BEARISH_CONTINUE,t,t,NEUTRAL,BEARISH_PREDICT,225,375,3075,1753.86
2025-12-12 14:29:00,NSE,25971.2,25950,2025-12-23,2025-12-30,2026-01-06,2026-01-13,2026-01-20,371295,972375,75,300,1425,1650,13.665000000000001,11.896666666666667,2025-12-20 08:04:15,2.618874479861027,1.1578947368421053,225,4,1343670,375,3075,0.8705939748749847,-1.7683333333333344,51.125,2310,1455,712,1950,6645,BEARISH_CONTINUE,f,f,NEUTRAL,NEUTRAL_PREDICT,1650,1200,16575,1760.59
2025-12-12 14:26:00,NSE,25971.2,25950,2025-12-23,2025-12-30,2026-01-06,2026-01-13,2026-01-20,371220,972075,-225,1425,5850,10725,13.5575,11.840000000000002,2025-12-20 08:04:12,2.618595442055924,1.8333333333333333,1650,6.333333333333333,1343295,1200,16575,0.8733173520191777,-1.7174999999999976,58.25,2415,1365,682,1725,7980,BEARISH_CONTINUE,f,t,NEUTRAL,BEARISH_PREDICT,7200,5700,3000,1776.77
2025-12-12 14:23:00,NSE,25971.2,25950,2025-12-23,2025-12-30,2026-01-06,2026-01-13,2026-01-20,371445,970650,-750,6450,2175,825,13.532499999999999,11.946666666666667,2025-12-20 08:04:10,2.6131728788918953,0.3793103448275862,7200,8.6,1342095,5700,3000,0.8828129810948951,-1.5858333333333317,86,2265,1300,707,1515,6570,BEARISH_CONTINUE,t,f,NEUTRAL,NEUTRAL_PREDICT,150,-150,3750,1796.03
2025-12-12 14:21:00,NSE,25971.2,25950,2025-12-23,2025-12-30,2026-01-06,2026-01-13,2026-01-20,372195,964200,-150,0,1950,1800,13.4525,12.01,2025-12-20 08:04:08,2.5905775198484666,0.9230769230769231,150,0,1336395,-150,3750,0.8927708604348633,-1.4425000000000008,50.75,1275,670,582,225,8325,BEARISH_CONTINUE,t,f,NEUTRAL,NEUTRAL_PREDICT,2325,2625,6825,1419.60
2025-12-12 14:20:00,NSE,25971.2,25950,2025-12-23,2025-12-30,2026-01-06,2026-01-13,2026-01-20,372345,964200,150,2475,375,6450,13.4925,11.973333333333334,2025-12-20 08:04:07,2.5895339000120856,17.2,2325,16.5,1336545,2625,6825,0.8874065839046384,-1.5191666666666652,61.625,1875,675,682,375,10890,BEARISH_CONTINUE,t,f,NEUTRAL,NEUTRAL_PREDICT,750,-750,9750,1491.94
2025-12-12 14:17:00,NSE,25971.2,25950,2025-12-23,2025-12-30,2026-01-06,2026-01-13,2026-01-20,372195,961725,-750,0,4950,4800,13.4475,12.056666666666665,2025-12-20 08:04:05,2.5839277797928504,0.9696969696969697,750,0,1333920,-750,9750,0.8965730928921112,-1.390833333333335,53.75,1436,585,674.5,-176,11396,BEARISH_CONTINUE,t,f,NEUTRAL,NEUTRAL_PREDICT,900,150,9525,1483.94
2025-12-12 14:14:00,NSE,25971.2,25950,2025-12-23,2025-12-30,2026-01-06,2026-01-13,2026-01-20,372945,961725,-375,525,2625,6900,13.4475,12.06,2025-12-20 08:04:02,2.578731448336886,2.6285714285714286,900,1.4,1334670,150,9525,0.8968209704406024,-1.3874999999999993,54.5,2051,522,800.3333333333334,529,17480,BEARISH_CONTINUE,t,f,NEUTRAL,NEUTRAL_PREDICT,2250,-750,11775,1642.18
2025-12-12 14:11:00,NSE,25971.2,25950,2025-12-23,2025-12-30,2026-01-06,2026-01-13,2026-01-20,373320,961200,-1500,750,7050,4725,13.385000000000002,12.11,2025-12-20 08:03:59,2.57473481195757,0.6702127659574468,2250,0.5,1334520,-750,11775,0.9047441165483749,-1.2750000000000021,61.25,1800,422,827.8333333333334,480,16480,BEARISH_CONTINUE,t,f,NEUTRAL,NEUTRAL_PREDICT,3150,600,16575,1650.79
2025-12-12 14:08:00,NSE,25971.2,25950,2025-12-23,2025-12-30,2026-01-06,2026-01-13,2026-01-20,374820,960450,-1275,1875,7650,8925,13.2675,12.18,2025-12-20 08:03:57,2.5624299663838643,1.1666666666666667,3150,1.4705882352941178,1335270,600,16575,0.9180327868852459,-1.0875000000000004,65.75,1380,307,886.3333333333334,750,14541,BEARISH_CONTINUE,t,f,NEUTRAL,NEUTRAL_PREDICT,130,-130,9355,1732.02
2025-12-12 14:06:00,NSE,25971.2,25950,2025-12-23,2025-12-30,2026-01-06,2026-01-13,2026-01-20,376095,958575,-130,0,3655,5700,13.4025,12.18,2025-12-20 08:03:55,2.548757627727037,1.5595075239398084,130,0,1334670,-130,9355,0.9087856743144935,-1.2225000000000001,50.65,735,117,790,645,11391,BEARISH_CONTINUE,t,f,NEUTRAL,NEUTRAL_PREDICT,3825,2775,40170,1681.41
2025-12-12 14:05:00,NSE,25971.2,25950,2025-12-23,2025-12-30,2026-01-06,2026-01-13,2026-01-20,376225,958575,-525,3300,16790,23380,13.502500000000001,12.103333333333332,2025-12-20 08:03:54,2.547876935344541,1.39249553305539,3825,6.285714285714286,1334800,2775,40170,0.8963772140961548,-1.3991666666666696,69.125,619,193.33333333333334,773.1666666666666,761,9670,BEARISH_TURN,t,t,NEUTRAL,BEARISH_PREDICT,-355,-95,4525,1690.75
2025-12-12 14:03:00,NSE,25971.2,25950,2025-12-23,2025-12-30,2026-01-06,2026-01-13,2026-01-20,376750,955275,130,-225,2275,2250,13.3775,12.176666666666668,2025-12-20 08:03:53,2.5355673523556734,0.989010989010989,-355,-1.7307692307692308,1332025,-95,4525,0.9102348470690838,-1.2008333333333319,48.225,-371,33.333333333333336,643.5,-19,2221,BULLISH_TURN,t,t,NEUTRAL,BULLISH_PREDICT,150,600,2080,1595.09
2025-12-12 14:02:00,NSE,25971.2,25950,2025-12-23,2025-12-30,2026-01-06,2026-01-13,2026-01-20,376620,955500,225,375,225,1855,13.504999999999999,12.146666666666667,2025-12-20 08:03:52,2.537039987255058,8.244444444444444,150,1.6666666666666667,1332120,600,2080,0.8994199679131186,-1.3583333333333325,50.75,-165,-18,842.8333333333334,75,1704,BEARISH_TURN,f,t,NEUTRAL,BEARISH_PREDICT,-75,75,825,1823.33
2025-12-12 14:00:00,NSE,25971.2,25950,2025-12-23,2025-12-30,2026-01-06,2026-01-13,2026-01-20,376395,955125,75,0,75,750,13.500000000000002,12.106666666666667,2025-12-20 08:03:50,2.5375602757741205,10,-75,0,1331520,75,825,0.8967901234567901,-1.3933333333333344,49.625,-645,-26,890.3333333333334,-495,1993,BULLISH_CONTINUE,f,f,NEUTRAL,NEUTRAL_PREDICT,-450,450,750,1823.22
2025-12-12 13:59:00,NSE,25971.2,25950,2025-12-23,2025-12-30,2026-01-06,2026-01-13,2026-01-20,376320,955125,450,0,300,450,13.6025,12.063333333333333,2025-12-20 08:03:49,2.538066007653061,1.5,-450,0,1331445,450,750,0.8868467806163083,-1.5391666666666666,47.75,-585,-51,1009.6666666666666,-495,2383,BULLISH_CONTINUE,t,f,NEUTRAL,NEUTRAL_PREDICT,-1125,-1125,2925,1874.30
2025-12-12 13:57:00,NSE,25971.2,25950,2025-12-23,2025-12-30,2026-01-06,2026-01-13,2026-01-20,375870,955125,0,-1125,675,2250,13.64,12.049999999999999,2025-12-20 08:03:48,2.5411046372415993,3.3333333333333335,-1125,,1330995,-1125,2925,0.8834310850439882,-1.5900000000000016,44.375,-300,-31,1039.6666666666667,60,4288,BULLISH_TURN,t,f,NEUTRAL,NEUTRAL_PREDICT,675,375,1940,1857.25
2025-12-12 13:56:00,NSE,25971.2,25950,2025-12-23,2025-12-30,2026-01-06,2026-01-13,2026-01-20,375870,956250,-150,525,1275,665,13.639999999999999,12.08,2025-12-20 08:03:47,2.5440976933514245,0.5215686274509804,675,3.5,1332120,375,1940,0.8856304985337244,-1.5599999999999987,53.375,-114,-1,992.1666666666666,324,4792,BEARISH_TURN,t,f,NEUTRAL,NEUTRAL_PREDICT,-2250,-2250,3525,1931.27
2025-12-12 13:54:00,NSE,25971.2,25950,2025-12-23,2025-12-30,2026-01-06,2026-01-13,2026-01-20,376020,955725,0,-2250,1575,1950,13.657499999999999,12.093333333333334,2025-12-20 08:03:45,2.5416866124142334,1.2380952380952381,-2250,,1331745,-2250,3525,0.8854719629019465,-1.5641666666666652,38.75,-369,114,972.1666666666666,369,5544,BULLISH_TURN,t,f,NEUTRAL,NEUTRAL_PREDICT,225,75,2775,1937.77
2025-12-12 13:53:00,NSE,25971.2,25950,2025-12-23,2025-12-30,2026-01-06,2026-01-13,2026-01-20,376020,957975,-75,150,1050,1725,13.66,12.07,2025-12-20 08:03:44,2.547670336684219,1.6428571428571428,225,2,1333995,75,2775,0.8836017569546121,-1.5899999999999999,51.125,186,494,839.6666666666666,1224,5484,BEARISH_CONTINUE,f,f,NEUTRAL,NEUTRAL_PREDICT,975,3225,10275,2272.65
2025-12-12 13:50:00,NSE,25971.2,25950,2025-12-23,2025-12-30,2026-01-06,2026-01-13,2026-01-20,376095,957825,1125,2100,3300,6975,13.657499999999999,12.030000000000001,2025-12-20 08:03:42,2.546763450723886,2.1136363636363638,975,1.8666666666666667,1333920,3225,10275,0.8808347062053818,-1.6274999999999977,54.875,201,689,1049.6666666666667,1269,6099,BEARISH_TURN,f,f,NEUTRAL,NEUTRAL_PREDICT,-195,195,5445,2494.17
2025-12-12 13:49:00,NSE,25971.2,25950,2025-12-23,2025-12-30,2026-01-06,2026-01-13,2026-01-20,374970,955725,195,0,3570,1875,13.6475,12.046666666666667,2025-12-20 08:03:41,2.548803904312345,0.5252100840336135,-195,0,1330695,195,5445,0.8827013494535019,-1.600833333333334,49.025,261,764,954.6666666666666,819,4569,BULLISH_CONTINUE,f,f,NEUTRAL,NEUTRAL_PREDICT,-600,600,5700,2550.75
2025-12-12 13:48:00,NSE,25971.2,25950,2025-12-23,2025-12-30,2026-01-06,2026-01-13,2026-01-20,374775,955725,600,0,2250,3450,13.6325,12,2025-12-20 08:03:40,2.550130078046828,1.5333333333333334,-600,0,1330500,600,5700,0.8802494039977994,-1.6325000000000003,47,585,1078.6666666666667,1121.1666666666667,945,4380,BULLISH_TURN,f,f,NEUTRAL,NEUTRAL_PREDICT,525,2025,3225,2634.76
2025-12-12 13:47:00,NSE,25971.2,25950,2025-12-23,2025-12-30,2026-01-06,2026-01-13,2026-01-20,374175,955725,750,1275,975,2250,13.5025,12.006666666666668,2025-12-20 08:03:39,2.554219282421327,2.3076923076923075,525,1.7,1329900,2025,3225,0.8892180460408567,-1.4958333333333318,52.625,480,1233.6666666666667,1128.6666666666667,990,4335,BEARISH_CONTINUE,f,f,NEUTRAL,NEUTRAL_PREDICT,300,300,5850,2630.00
2025-12-12 13:45:00,NSE,25971.2,25950,2025-12-23,2025-12-30,2026-01-06,2026-01-13,2026-01-20,373425,954450,0,300,1050,4800,13.602500000000001,11.956666666666669,2025-12-20 08:03:38,2.5559349266921068,4.571428571428571,300,,1327875,300,5850,0.8790050848495988,-1.6458333333333321,51.5,381,1465.6666666666667,1168.6666666666667,1101,4749,BEARISH_CONTINUE,f,t,NEUTRAL,BEARISH_PREDICT,1275,975,2625,2629.63
2025-12-12 13:44:00,NSE,25971.2,25950,2025-12-23,2025-12-30,2026-01-06,2026-01-13,2026-01-20,373425,954150,-150,1125,675,1950,13.662499999999998,11.936666666666667,2025-12-20 08:03:37,2.5551315525205864,2.888888888888889,1275,7.5,1327575,975,2625,0.8736810003049712,-1.7258333333333304,56.375,231,1463,1178.6666666666667,1671,5889,BEARISH_CONTINUE,f,f,NEUTRAL,NEUTRAL_PREDICT,1425,825,4500,2626.78
2025-12-12 13:41:00,NSE,25971.2,25950,2025-12-23,2025-12-30,2026-01-06,2026-01-13,2026-01-20,373575,953025,-300,1125,3150,1350,13.5625,12.01,2025-12-20 08:03:34,2.5510941577996387,0.42857142857142855,1425,3.75,1326600,825,4500,0.8855299539170507,-1.5525000000000002,57.125,-54,1353,1246.1666666666667,1446,7974,BEARISH_TURN,f,f,NEUTRAL,NEUTRAL_PREDICT,-1125,825,5475,2655.21
2025-12-12 13:38:00,NSE,25971.2,25950,2025-12-23,2025-12-30,2026-01-06,2026-01-13,2026-01-20,373875,951900,975,-150,2100,3375,13.5925,12.003333333333336,2025-12-20 08:03:32,2.546038114343029,1.6071428571428572,-1125,-0.15384615384615385,1325775,825,5475,0.8830850346392007,-1.5891666666666637,44.375,-474,1253.6666666666667,1163.6666666666667,1446,7974,BULLISH_TURN,f,f,NEUTRAL,NEUTRAL_PREDICT,30,2580,5295,2687.71
2025-12-12 13:35:00,NSE,25971.2,25950,2025-12-23,2025-12-30,2026-01-06,2026-01-13,2026-01-20,372900,952050,1275,1305,3450,1845,13.5425,11.96,2025-12-20 08:03:29,2.5530973451327434,0.5347826086956522,30,1.0235294117647058,1324950,2580,5295,0.8831456525752261,-1.5824999999999996,50.15,231,1703.6666666666667,1423,2061,7569,BEARISH_TURN,f,f,NEUTRAL,NEUTRAL_PREDICT,-450,3150,11550,2830.80
2025-12-12 13:32:00,NSE,25971.2,25950,2025-12-23,2025-12-30,2026-01-06,2026-01-13,2026-01-20,371625,950745,1800,1350,4350,7200,13.555,11.903333333333334,2025-12-20 08:03:26,2.5583451059535824,1.6551724137931034,-450,0.75,1322370,3150,11550,0.8781507438829461,-1.6516666666666655,47.75,915,1806.6666666666667,1362,2175,7725,BULLISH_CONTINUE,t,f,NEUTRAL,NEUTRAL_PREDICT,-150,-150,13050,2881.12
2025-12-12 13:30:00,NSE,25971.2,25950,2025-12-23,2025-12-30,2026-01-06,2026-01-13,2026-01-20,369825,949395,0,-150,5325,7725,13.6075,11.916666666666666,2025-12-20 08:03:23,2.567146623402961,1.4507042253521127,-150,,1319220,-150,13050,0.875742543940229,-1.6908333333333339,49.25,1635,2070.3333333333335,1707,1515,6285,BULLISH_CONTINUE,t,t,NEUTRAL,BULLISH_PREDICT,-675,825,4500,3252.42
2025-12-12 13:29:00,NSE,25971.2,25950,2025-12-23,2025-12-30,2026-01-06,2026-01-13,2026-01-20,369825,949545,750,75,900,3600,13.53,11.913333333333334,2025-12-20 08:03:22,2.5675522206448997,4,-675,0.1,1319370,825,4500,0.8805124414880513,-1.6166666666666654,46.625,2085,2110.3333333333335,1734.5,1125,4980,BULLISH_TURN,f,f,NEUTRAL,NEUTRAL_PREDICT,2400,3900,3450,3239.64
2025-12-12 13:26:00,NSE,25971.2,25950,2025-12-23,2025-12-30,2026-01-06,2026-01-13,2026-01-20,369075,949470,750,3150,1350,2100,13.4825,12.003333333333332,2025-12-20 08:03:19,2.57256655151392,1.5555555555555556,2400,4.2,1318545,3900,3450,0.890289881945732,-1.4791666666666679,62,3125,1985.3333333333333,1837,455,6412,BEARISH_CONTINUE,f,f,NEUTRAL,NEUTRAL_PREDICT,3450,3150,6075,3209.27
2025-12-12 13:23:00,NSE,25971.2,25950,2025-12-23,2025-12-30,2026-01-06,2026-01-13,2026-01-20,368325,946320,-150,3300,675,5400,13.522499999999999,12.013333333333335,2025-12-20 08:03:16,2.569252698024842,8,3450,22,1314645,3150,6075,0.8883958834042031,-1.5091666666666637,67.25,2990,1830.3333333333333,2249.5,680,7057,BEARISH_CONTINUE,t,f,NEUTRAL,NEUTRAL_PREDICT,3150,-150,4350,3985.55
2025-12-12 13:20:00,NSE,25971.2,25950,2025-12-23,2025-12-30,2026-01-06,2026-01-13,2026-01-20,368475,943020,-1650,1500,450,3900,13.3575,12.116666666666667,2025-12-20 08:03:13,2.5592509668227152,8.666666666666666,3150,0.9090909090909091,1311495,-150,4350,0.9071058706095203,-1.2408333333333328,65.75,3101,1185.3333333333333,2159.5,671,8157,BEARISH_CONTINUE,f,f,NEUTRAL,NEUTRAL_PREDICT,2100,-2100,6525,3987.99
2025-12-12 13:17:00,NSE,25971.2,25950,2025-12-23,2025-12-30,2026-01-06,2026-01-13,2026-01-20,370125,941520,-2100,0,1725,4800,13.4775,12.090000000000002,2025-12-20 08:03:10,2.543789260385005,2.782608695652174,2100,0,1311645,-2100,6525,0.8970506399554815,-1.3874999999999975,60.5,2523,1410.3333333333333,2369.5,649,7594,BEARISH_CONTINUE,f,f,NEUTRAL,NEUTRAL_PREDICT,4525,-2525,11660,4202.08
2025-12-12 13:14:00,NSE,25971.2,25950,2025-12-23,2025-12-30,2026-01-06,2026-01-13,2026-01-20,372225,941520,-3525,1000,2175,9485,13.469999999999999,12.08,2025-12-20 08:03:06,2.5294378400161195,4.360919540229885,4525,0.28368794326241137,1313745,-2525,11660,0.8968077208611731,-1.3899999999999988,72.625,2028,1145.3333333333333,2311,1144,7174,BEARISH_CONTINUE,t,f,NEUTRAL,NEUTRAL_PREDICT,1725,5025,6675,4218.14
2025-12-12 13:11:00,NSE,25971.2,25950,2025-12-23,2025-12-30,2026-01-06,2026-01-13,2026-01-20,375750,940520,1650,3375,3750,2925,13.4975,12.19,2025-12-20 08:03:03,2.503047238855622,0.78,1725,2.0454545454545454,1316270,5025,6675,0.9031302092980181,-1.307500000000001,58.625,1110,1163.6666666666667,2712.6666666666665,1636,5841,BEARISH_CONTINUE,f,f,NEUTRAL,NEUTRAL_PREDICT,4005,3105,11575,4946.99
2025-12-12 13:08:00,NSE,25971.2,25950,2025-12-23,2025-12-30,2026-01-06,2026-01-13,2026-01-20,374100,937145,-450,3555,4425,7150,13.6175,12.1,2025-12-20 08:03:00,2.5050654905105585,1.615819209039548,4005,7.9,1311245,3105,11575,0.888562511474206,-1.5175,70.025,1890,1023.6666666666666,2650.1666666666665,1246,5496,BEARISH_CONTINUE,t,t,NEUTRAL,BEARISH_PREDICT,260,-260,1535,4971.68
2025-12-12 13:06:00,NSE,25971.2,25950,2025-12-23,2025-12-30,2026-01-06,2026-01-13,2026-01-20,374550,933590,-260,0,485,1050,13.5225,12.023333333333333,2025-12-20 08:02:58,2.4925644106260845,2.1649484536082473,260,0,1308140,-260,1535,0.8891353916312319,-1.4991666666666674,51.3,1404,871.6666666666666,4649.166666666667,940,4126,BEARISH_TURN,t,f,NEUTRAL,NEUTRAL_PREDICT,-375,375,4425,12255.65
2025-12-12 13:05:00,NSE,25971.2,25950,2025-12-23,2025-12-30,2026-01-06,2026-01-13,2026-01-20,374810,933590,375,0,825,3600,13.5875,12.053333333333335,2025-12-20 08:02:57,2.4908353565806673,4.363636363636363,-375,0,1308400,375,4425,0.8870898497393438,-1.5341666666666658,48.125,2053,894.3333333333334,4638,1603,4179,BULLISH_CONTINUE,t,f,NEUTRAL,NEUTRAL_PREDICT,-65,-65,4995,12259.94
2025-12-12 13:03:00,NSE,25971.2,25950,2025-12-23,2025-12-30,2026-01-06,2026-01-13,2026-01-20,374435,933590,0,-65,1800,3195,13.61,12.036666666666667,2025-12-20 08:02:56,2.493329950458691,1.775,-65,,1308025,-65,4995,0.8843987264266472,-1.5733333333333324,49.675,2218,1139.3333333333333,4610.5,1528,4179,BULLISH_TURN,t,f,NEUTRAL,NEUTRAL_PREDICT,5625,3075,4950,12272.49
2025-12-12 13:02:00,NSE,25971.2,25950,2025-12-23,2025-12-30,2026-01-06,2026-01-13,2026-01-20,374435,933655,-1275,4350,1800,3150,13.635,12.066666666666668,2025-12-20 08:02:55,2.493503545341648,1.75,5625,3.411764705882353,1308090,3075,4950,0.8849773866275518,-1.5683333333333316,78.125,1721,1073.6666666666667,6472.666666666667,701,4260,BEARISH_CONTINUE,f,f,NEUTRAL,NEUTRAL_PREDICT,1575,1575,4725,15382.80
2025-12-12 13:00:00,NSE,25971.2,25950,2025-12-23,2025-12-30,2026-01-06,2026-01-13,2026-01-20,375710,929305,0,1575,450,4275,13.745,11.963333333333333,2025-12-20 08:02:53,2.47346357563014,9.5,1575,,1305015,1575,4725,0.8703771068267249,-1.7816666666666663,57.875,611,1142.3333333333333,6190.166666666667,71,5055,BEARISH_CONTINUE,f,t,NEUTRAL,BEARISH_PREDICT,3505,3055,1800,15476.44
2025-12-12 12:59:00,NSE,25971.2,25950,2025-12-23,2025-12-30,2026-01-06,2026-01-13,2026-01-20,375710,927730,-225,3280,1350,450,13.6575,12.046666666666667,2025-12-20 08:02:52,2.4692715126028055,0.3333333333333333,3505,14.577777777777778,1303440,3055,1800,0.882055036915004,-1.6108333333333338,67.525,-949,917.3333333333334,6250.166666666667,-979,4710,BEARISH_CONTINUE,f,f,NEUTRAL,NEUTRAL_PREDICT,450,0,4425,15461.41
2025-12-12 12:56:00,NSE,25971.2,25950,2025-12-23,2025-12-30,2026-01-06,2026-01-13,2026-01-20,375935,924450,-225,225,825,3600,13.6525,11.993333333333334,2025-12-20 08:02:50,2.4590687219865135,4.363636363636363,450,1,1300385,0,4425,0.8784715864005372,-1.6591666666666658,52.25,-345,1343.6666666666667,6128.333333333333,-345,5295,BEARISH_TURN,f,f,NEUTRAL,NEUTRAL_PREDICT,-2550,-4200,5400,15498.14
2025-12-12 12:53:00,NSE,25971.2,25950,2025-12-23,2025-12-30,2026-01-06,2026-01-13,2026-01-20,376160,924225,-825,-3375,1575,3825,13.6125,12.036666666666667,2025-12-20 08:02:47,2.456999680986814,2.4285714285714284,-2550,-4.090909090909091,1300385,-4200,5400,0.8842363024181206,-1.5758333333333336,37.25,-810,1358.6666666666667,6213.333333333333,-720,6390,BULLISH_TURN,f,f,NEUTRAL,NEUTRAL_PREDICT,75,-75,8925,15472.90
2025-12-12 12:51:00,NSE,25971.2,25950,2025-12-23,2025-12-30,2026-01-06,2026-01-13,2026-01-20,376985,927600,-75,0,1050,7875,13.64,12.100000000000001,2025-12-20 08:02:46,2.460575354457074,7.5,75,0,1304585,-75,8925,0.8870967741935485,-1.5399999999999991,50.375,660,1688.6666666666667,6305.833333333333,-840,8235,BEARISH_TURN,f,t,NEUTRAL,BEARISH_PREDICT,-6225,-3675,3000,15426.93
2025-12-12 12:50:00,NSE,25971.2,25950,2025-12-23,2025-12-30,2026-01-06,2026-01-13,2026-01-20,377060,927600,1275,-4950,1200,1800,13.725,11.986666666666666,2025-12-20 08:02:45,2.4600859279690237,1.5,-6225,-3.8823529411764706,1304660,-3675,3000,0.8733454766241652,-1.7383333333333333,18.874999999999996,570,2668.6666666666665,6290.833333333333,-870,10020,BULLISH_TURN,t,f,NEUTRAL,NEUTRAL_PREDICT,6525,6225,4725,15433.41
2025-12-12 12:47:00,NSE,25971.2,25950,2025-12-23,2025-12-30,2026-01-06,2026-01-13,2026-01-20,375785,932550,-150,6375,2850,1875,13.690000000000001,12.019999999999998,2025-12-20 08:02:42,2.481605173170829,0.6578947368421053,6525,42.5,1308335,6225,4725,0.8780131482834184,-1.6700000000000035,82.625,2160,3133.6666666666665,6545.833333333333,-480,11535,BEARISH_TURN,t,f,NEUTRAL,NEUTRAL_PREDICT,-1875,-1875,9900,15281.95
2025-12-12 12:44:00,NSE,25971.2,25950,2025-12-23,2025-12-30,2026-01-06,2026-01-13,2026-01-20,375935,926175,0,-1875,3225,6675,13.755,12.063333333333333,2025-12-20 08:02:40,2.4636572811789272,2.0697674418604652,-1875,,1302110,-1875,9900,0.8770144189991517,-1.6916666666666682,40.625,975,3328.6666666666665,6360.833333333333,-1545,12825,BULLISH_TURN,f,f,NEUTRAL,NEUTRAL_PREDICT,4800,-4800,14625,15315.76
2025-12-12 12:43:00,NSE,25971.2,25950,2025-12-23,2025-12-30,2026-01-06,2026-01-13,2026-01-20,375935,928050,-4800,0,7725,6900,13.6375,12.126666666666667,2025-12-20 08:02:39,2.468644845518507,0.8932038834951457,4800,0,1303985,-4800,14625,0.8892147876565842,-1.5108333333333324,74,2010,3476.6666666666665,6463.333333333333,-1560,12420,BEARISH_TURN,f,f,NEUTRAL,NEUTRAL_PREDICT,-375,-225,17850,15268.96
2025-12-12 12:41:00,NSE,25971.2,25950,2025-12-23,2025-12-30,2026-01-06,2026-01-13,2026-01-20,380735,928050,75,-300,8025,9825,13.6525,12.086666666666666,2025-12-20 08:02:37,2.437522161083168,1.2242990654205608,-375,-4,1308785,-225,17850,0.885307941158518,-1.5658333333333339,48.125,840,4261.666666666667,6553.333333333333,-810,14175,BULLISH_TURN,f,f,NEUTRAL,NEUTRAL_PREDICT,1725,-1725,10575,15266.78
2025-12-12 12:40:00,NSE,25971.2,25950,2025-12-23,2025-12-30,2026-01-06,2026-01-13,2026-01-20,380660,928350,-1725,0,3675,6900,13.665,12.043333333333331,2025-12-20 08:02:37,2.438790521725424,1.8775510204081634,1725,0,1309010,-1725,10575,0.881326991096475,-1.621666666666668,58.625,2246,4276.666666666667,6563.333333333333,334,14448,BEARISH_CONTINUE,t,f,NEUTRAL,NEUTRAL_PREDICT,600,900,11175,15262.18
2025-12-12 12:38:00,NSE,25971.2,25950,2025-12-23,2025-12-30,2026-01-06,2026-01-13,2026-01-20,382385,928350,150,750,3450,7725,13.687500000000002,12.016666666666666,2025-12-20 08:02:35,2.4277887469435253,2.239130434782609,600,5,1310735,900,11175,0.8779299847792996,-1.670833333333336,53,1541,8426.666666666666,6728.333333333333,1009,13323,BEARISH_CONTINUE,t,f,NEUTRAL,NEUTRAL_PREDICT,3300,-1950,7875,15234.80
2025-12-12 12:37:00,NSE,25971.2,25950,2025-12-23,2025-12-30,2026-01-06,2026-01-13,2026-01-20,382235,927600,-2625,675,1500,6375,13.68,12.06,2025-12-20 08:02:34,2.4267793373186652,4.25,3300,0.2571428571428571,1309835,-1950,7875,0.8815789473684211,-1.6199999999999992,66.5,3401,8381.666666666666,6744.333333333333,2809,13053,BEARISH_TURN,f,f,NEUTRAL,NEUTRAL_PREDICT,-1050,-1050,23400,15228.39
2025-12-12 12:35:00,NSE,25971.2,25950,2025-12-23,2025-12-30,2026-01-06,2026-01-13,2026-01-20,384860,926925,0,-1050,12075,11325,13.607500000000002,12.193333333333333,2025-12-20 08:02:32,2.40847321103778,0.937888198757764,-1050,,1311785,-1050,23400,0.8960744687366035,-1.4141666666666683,44.75,2876,8081.666666666667,6686.333333333333,3064,13233,BULLISH_TURN,t,f,NEUTRAL,NEUTRAL_PREDICT,6655,5495,19215,15245.27
2025-12-12 12:34:00,NSE,25971.2,25950,2025-12-23,2025-12-30,2026-01-06,2026-01-13,2026-01-20,384860,927975,-580,6075,7215,12000,13.68,12.126666666666667,2025-12-20 08:02:31,2.4112014758613523,1.6632016632016633,6655,10.474137931034482,1312835,5495,19215,0.8864522417153996,-1.5533333333333328,83.275,3566,11871.666666666666,7031.333333333333,3874,10113,BEARISH_TURN,f,t,NEUTRAL,BEARISH_PREDICT,-1800,1650,4950,15181.13
2025-12-12 12:32:00,NSE,25971.2,25950,2025-12-23,2025-12-30,2026-01-06,2026-01-13,2026-01-20,385440,921900,1725,-75,375,4575,13.54,12.11,2025-12-20 08:02:30,2.3918119551681194,12.2,-1800,-0.043478260869565216,1307340,1650,4950,0.8943870014771049,-1.4299999999999997,41,5190,11238,6812,5730,7410,BULLISH_TURN,f,f,NEUTRAL,NEUTRAL_PREDICT,9900,9900,9825,15234.20
2025-12-12 12:31:00,NSE,25971.2,25950,2025-12-23,2025-12-30,2026-01-06,2026-01-13,2026-01-20,383715,921975,0,9900,5025,4800,13.5125,12.133333333333333,2025-12-20 08:02:29,2.402759860834213,0.9552238805970149,9900,,1305690,9900,9825,0.8979340117175455,-1.3791666666666664,99.5,5700,11583,6907,5250,10920,BEARISH_CONTINUE,t,f,NEUTRAL,NEUTRAL_PREDICT,675,-675,8775,15187.46
2025-12-12 12:30:00,NSE,25971.2,25950,2025-12-23,2025-12-30,2026-01-06,2026-01-13,2026-01-20,383715,912075,-675,0,675,8100,13.607499999999998,12.096666666666666,2025-12-20 08:02:28,2.376959462100778,12,675,0,1295790,-675,8775,0.8889705432053403,-1.5108333333333324,53.375,5610,10913,6607,5100,12060,BEARISH_CONTINUE,t,f,NEUTRAL,NEUTRAL_PREDICT,2400,3000,7800,15215.16
2025-12-12 12:29:00,NSE,25971.2,25950,2025-12-23,2025-12-30,2026-01-06,2026-01-13,2026-01-20,384390,912075,300,2700,225,7575,13.524999999999999,12.136666666666665,2025-12-20 08:02:27,2.3727854522750333,33.666666666666664,2400,9,1296465,3000,7800,0.8973505853357979,-1.3883333333333336,62,5544,11068,6679.5,5406,14906,BEARISH_CONTINUE,f,f,NEUTRAL,NEUTRAL_PREDICT,14775,14775,5700,15191.08
2025-12-12 12:28:00,NSE,25971.2,25950,2025-12-23,2025-12-30,2026-01-06,2026-01-13,2026-01-20,384090,909375,0,14775,750,4950,13.5425,12.106666666666667,2025-12-20 08:02:26,2.367609154104507,6.6,14775,,1293465,14775,5700,0.8939757553381331,-1.435833333333333,100,8379,10923,6629.5,8121,15416,BEARISH_CONTINUE,t,f,NEUTRAL,NEUTRAL_PREDICT,750,-750,22500,15208.11
2025-12-12 12:26:00,NSE,25971.2,25950,2025-12-23,2025-12-30,2026-01-06,2026-01-13,2026-01-20,384090,894600,-750,0,4275,18225,13.4925,12.153333333333334,2025-12-20 08:02:25,2.329141607435757,4.2631578947368425,750,0,1278690,-750,22500,0.9007473287628931,-1.3391666666666655,53.75,5394,9913,6115.5,5196,17666,BEARISH_CONTINUE,t,f,NEUTRAL,NEUTRAL_PREDICT,9450,9150,15525,15183.88
2025-12-12 12:25:00,NSE,25971.2,25950,2025-12-23,2025-12-30,2026-01-06,2026-01-13,2026-01-20,384840,894600,-150,9300,2475,13050,13.49,12.146666666666667,2025-12-20 08:02:24,2.3246024321796073,5.2727272727272725,9450,62,1279440,9150,15525,0.9004200642451198,-1.3433333333333337,97.25,18039,9958,6155.5,18141,17321,BEARISH_CONTINUE,f,f,NEUTRAL,NEUTRAL_PREDICT,345,855,23005,15170.84
2025-12-12 12:23:00,NSE,25971.2,25950,2025-12-23,2025-12-30,2026-01-06,2026-01-13,2026-01-20,384990,885300,255,600,3055,19950,13.485,12.14,2025-12-20 08:02:22,2.299540247798644,6.530278232405892,345,2.3529411764705883,1270290,855,23005,0.9002595476455322,-1.3449999999999989,51.725,16134,9393,5888,16326,20306,BEARISH_CONTINUE,f,t,NEUTRAL,BEARISH_PREDICT,16575,16575,10350,15181.49
2025-12-12 12:22:00,NSE,25971.2,25950,2025-12-23,2025-12-30,2026-01-06,2026-01-13,2026-01-20,384735,884700,0,16575,1575,8775,13.572500000000002,12.126666666666667,2025-12-20 08:02:21,2.299504853990409,5.571428571428571,16575,,1269435,16575,10350,0.8934733222815742,-1.4458333333333346,100,15825,9450,5904.666666666667,15975,24600,BEARISH_TURN,f,f,NEUTRAL,NEUTRAL_PREDICT,-150,150,16950,15175.47
2025-12-12 12:20:00,NSE,25971.2,25950,2025-12-23,2025-12-30,2026-01-06,2026-01-13,2026-01-20,384735,868125,150,0,975,15975,13.577499999999999,12.11,2025-12-20 08:02:20,2.2564232523685135,16.384615384615383,-150,0,1252860,150,16950,0.8919167740747561,-1.4674999999999994,49.25,23670,8845,5379.666666666667,23820,34020,BULLISH_TURN,f,f,NEUTRAL,NEUTRAL_PREDICT,63975,63975,20775,15065.64
2025-12-12 12:19:00,NSE,25971.2,25950,2025-12-23,2025-12-30,2026-01-06,2026-01-13,2026-01-20,384585,868125,0,63975,750,20025,13.67,12.086666666666666,2025-12-20 08:02:19,2.25730332696283,26.7,63975,,1252710,63975,20775,0.8841745915630334,-1.583333333333334,100,23130,8850,5485.333333333333,23220,33180,BEARISH_TURN,f,f,STRONG_BEARISH,NEUTRAL_PREDICT,-75,75,30450,15036.60
2025-12-12 12:18:00,NSE,25971.2,25950,2025-12-23,2025-12-30,2026-01-06,2026-01-13,2026-01-20,384585,804150,75,0,1050,29400,13.63,12.073333333333332,2025-12-20 08:02:18,2.0909551854596513,28,-75,0,1188735,75,30450,0.8857911469797015,-1.5566666666666684,49.625,11010,5030,3417.8333333333335,11490,31740,BULLISH_CONTINUE,t,f,NEUTRAL,NEUTRAL_PREDICT,-1200,-900,44475,10204.98
2025-12-12 12:17:00,NSE,25971.2,25950,2025-12-23,2025-12-30,2026-01-06,2026-01-13,2026-01-20,384510,804150,150,-1050,825,43650,13.649999999999999,12.12,2025-12-20 08:02:17,2.091363033471171,52.90909090909091,-1200,-7,1188660,-900,44475,0.887912087912088,-1.5299999999999994,44,10995,5107,3372.8333333333335,11505,29865,BULLISH_TURN,t,f,NEUTRAL,NEUTRAL_PREDICT,55800,55800,57450,10223.87
2025-12-12 12:16:00,NSE,25971.2,25950,2025-12-23,2025-12-30,2026-01-06,2026-01-13,2026-01-20,384360,805200,0,55800,2700,54750,13.5475,12.126666666666667,2025-12-20 08:02:16,2.0949110209178894,20.27777777777778,55800,,1189560,55800,57450,0.895122101248693,-1.4208333333333325,100,11835,5291,3410.6666666666665,12315,24015,BEARISH_TURN,t,t,STRONG_BEARISH,BEARISH_PREDICT,-2850,-2850,12750,10208.45
2025-12-12 12:14:00,NSE,25971.2,25950,2025-12-23,2025-12-30,2026-01-06,2026-01-13,2026-01-20,384360,749400,0,-2850,4650,8100,13.655,12.14,2025-12-20 08:02:14,1.9497346237901967,1.7419354838709677,-2850,,1133760,-2850,12750,0.8890516294397658,-1.5149999999999988,35.75,720,2191,1813.1666666666667,1140,13560,BULLISH_TURN,t,f,NEUTRAL,NEUTRAL_PREDICT,3375,5325,13575,2759.87
2025-12-12 12:13:00,NSE,25971.2,25950,2025-12-23,2025-12-30,2026-01-06,2026-01-13,2026-01-20,384360,752250,975,4350,5400,8175,13.66,12.106666666666667,2025-12-20 08:02:14,1.9571495472994067,1.5138888888888888,3375,4.461538461538462,1136610,5325,13575,0.8862859931673988,-1.5533333333333328,66.875,1215,2386,1910.3333333333333,1395,13470,BEARISH_TURN,f,f,NEUTRAL,NEUTRAL_PREDICT,-150,150,21075,2638.69
2025-12-12 12:11:00,NSE,25971.2,25950,2025-12-23,2025-12-30,2026-01-06,2026-01-13,2026-01-20,383385,747900,150,0,3600,17475,13.690000000000001,12.043333333333335,2025-12-20 08:02:12,1.9507805469697563,4.854166666666667,-150,0,1131285,150,21075,0.879717555393231,-1.6466666666666665,49.25,825,2231,2155.6666666666665,675,13485,BULLISH_TURN,f,f,NEUTRAL,NEUTRAL_PREDICT,3000,3150,15225,3084.12
2025-12-12 12:10:00,NSE,25971.2,25950,2025-12-23,2025-12-30,2026-01-06,2026-01-13,2026-01-20,383235,747900,75,3075,2550,12675,13.782499999999999,12.043333333333335,2025-12-20 08:02:11,1.9515440917452738,4.970588235294118,3000,41,1131135,3150,15225,0.8738134107261626,-1.739166666666664,65,1050,2301,2820.6666666666665,540,12750,BEARISH_CONTINUE,t,t,NEUTRAL,BEARISH_PREDICT,225,-75,5175,4427.89
2025-12-12 12:08:00,NSE,25971.2,25950,2025-12-23,2025-12-30,2026-01-06,2026-01-13,2026-01-20,383160,744825,-150,75,1650,3525,13.6875,12.089999999999998,2025-12-20 08:02:09,1.9439007203257126,2.1363636363636362,225,0.5,1127985,-75,5175,0.8832876712328765,-1.597500000000002,51.125,690,2291,2723.1666666666665,-90,12945,BEARISH_TURN,f,f,NEUTRAL,NEUTRAL_PREDICT,-375,-1575,12300,4455.92
2025-12-12 12:07:00,NSE,25971.2,25950,2025-12-23,2025-12-30,2026-01-06,2026-01-13,2026-01-20,383310,744750,-600,-975,1725,10575,13.615,12.106666666666667,2025-12-20 08:02:09,1.9429443531345387,6.130434782608695,-375,-1.625,1128060,-1575,12300,0.8892153262333211,-1.5083333333333329,48.125,2145,2336,2543.1666666666665,-885,13740,BULLISH_TURN,t,f,NEUTRAL,NEUTRAL_PREDICT,1425,1725,13650,4664.51
2025-12-12 12:05:00,NSE,25971.2,25950,2025-12-23,2025-12-30,2026-01-06,2026-01-13,2026-01-20,383910,745725,150,1575,5475,8175,13.6,12.153333333333334,2025-12-20 08:02:07,1.9424474486207706,1.4931506849315068,1425,10.5,1129635,1725,13650,0.8936274509803922,-1.4466666666666654,57.125,2205,2318,2557.8333333333335,-555,14580,BEARISH_CONTINUE,t,f,NEUTRAL,NEUTRAL_PREDICT,975,-525,17400,4655.70
2025-12-12 12:04:00,NSE,25971.2,25950,2025-12-23,2025-12-30,2026-01-06,2026-01-13,2026-01-20,383760,744150,-750,225,5850,11550,13.5775,12.183333333333335,2025-12-20 08:02:06,1.939102564102564,1.9743589743589745,975,0.3,1127910,-525,17400,0.8973178665684651,-1.3941666666666652,54.875,3255,2353,2712.8333333333335,105,13635,BEARISH_CONTINUE,f,f,NEUTRAL,NEUTRAL_PREDICT,1200,0,16200,4693.93
2025-12-12 12:02:00,NSE,25971.2,25950,2025-12-23,2025-12-30,2026-01-06,2026-01-13,2026-01-20,384510,743925,-600,600,12075,4125,13.475,12.293333333333331,2025-12-20 08:02:04,1.9347351174221736,0.3416149068322981,1200,1,1128435,0,16200,0.9123067408781693,-1.1816666666666684,56,3276,2383,2580.3333333333335,-306,12232,BEARISH_CONTINUE,f,f,NEUTRAL,NEUTRAL_PREDICT,7500,-4050,9150,4799.59
2025-12-12 12:01:00,NSE,25971.2,25950,2025-12-23,2025-12-30,2026-01-06,2026-01-13,2026-01-20,385110,743325,-5775,1725,4950,4200,13.495000000000001,12.303333333333333,2025-12-20 08:02:04,1.9301628106255355,0.8484848484848485,7500,0.2987012987012987,1128435,-4050,9150,0.9116956897616401,-1.1916666666666682,87.5,3348,2359.3333333333335,2900.3333333333335,6,13730,BEARISH_TURN,t,f,NEUTRAL,NEUTRAL_PREDICT,-75,75,16500,5019.38
2025-12-12 11:59:00,NSE,25971.2,25950,2025-12-23,2025-12-30,2026-01-06,2026-01-13,2026-01-20,390885,741600,75,0,10650,5850,13.6625,12.219999999999999,2025-12-20 08:02:02,1.8972332015810276,0.5492957746478874,-75,0,1132485,75,16500,0.8944190301921316,-1.4425000000000008,49.625,3708,1914.3333333333333,2650.3333333333335,2796,13430,BULLISH_TURN,f,f,NEUTRAL,NEUTRAL_PREDICT,6675,5025,8925,4968.91
2025-12-12 11:58:00,NSE,25971.2,25950,2025-12-23,2025-12-30,2026-01-06,2026-01-13,2026-01-20,390810,741600,-825,5850,2700,6225,13.6575,12.18,2025-12-20 08:02:01,1.8975972979197053,2.3055555555555554,6675,7.090909090909091,1132410,5025,8925,0.8918176825919824,-1.477500000000001,83.375,3738,2120.6666666666665,2842.8333333333335,2766,13790,BEARISH_CONTINUE,t,f,NEUTRAL,NEUTRAL_PREDICT,1080,-2580,10385,4971.55
2025-12-12 11:55:00,NSE,25971.2,25950,2025-12-23,2025-12-30,2026-01-06,2026-01-13,2026-01-20,391635,735750,-1830,-750,6720,3665,13.709999999999999,12.166666666666666,2025-12-20 08:01:59,1.878662530162013,0.5453869047619048,1080,-0.4098360655737705,1127385,-2580,10385,0.887430099683929,-1.543333333333333,55.4,2613,1805.6666666666667,2300.6666666666665,2241,12680,BEARISH_CONTINUE,t,f,NEUTRAL,NEUTRAL_PREDICT,1560,1560,23690,5407.03
2025-12-12 11:53:00,NSE,25971.2,25950,2025-12-23,2025-12-30,2026-01-06,2026-01-13,2026-01-20,393465,736500,0,1560,4500,19190,13.7125,12.123333333333333,2025-12-20 08:01:57,1.8718310396096223,4.264444444444444,1560,,1129965,1560,23690,0.8841081738073533,-1.5891666666666673,57.8,2577,1638.6666666666667,2258.1666666666665,2577,12208,BEARISH_CONTINUE,f,t,NEUTRAL,BEARISH_PREDICT,9300,9900,7650,5421.95
2025-12-12 11:52:00,NSE,25971.2,25950,2025-12-23,2025-12-30,2026-01-06,2026-01-13,2026-01-20,393465,734940,300,9600,4500,3150,13.8875,12.146666666666667,2025-12-20 08:01:56,1.8678662651061722,0.7,9300,32,1128405,9900,7650,0.8746474647464747,-1.7408333333333328,96.5,2835,1530.3333333333333,2251.1666666666665,2835,11700,BEARISH_CONTINUE,t,f,NEUTRAL,NEUTRAL_PREDICT,75,-75,18300,5423.02
2025-12-12 11:50:00,NSE,25971.2,25950,2025-12-23,2025-12-30,2026-01-06,2026-01-13,2026-01-20,393165,725340,-75,0,2175,16125,13.920000000000002,12.143333333333333,2025-12-20 08:01:54,1.8448742894204724,7.413793103448276,75,0,1118505,-75,18300,0.8723659003831417,-1.776666666666669,50.375,1155,1435.3333333333333,1945.5,975,11220,BEARISH_CONTINUE,t,t,NEUTRAL,BEARISH_PREDICT,1050,2400,3375,5268.24
2025-12-12 11:49:00,NSE,25971.2,25950,2025-12-23,2025-12-30,2026-01-06,2026-01-13,2026-01-20,393240,725340,675,1725,1650,1725,13.925,12.143333333333333,2025-12-20 08:01:53,1.8445224290509612,1.0454545454545454,1050,2.5555555555555554,1118580,2400,3375,0.8720526630760023,-1.781666666666668,55.25,1011,1434.6666666666667,1940.5,969,8424,BEARISH_CONTINUE,t,f,NEUTRAL,NEUTRAL_PREDICT,900,-900,8025,5270.14
2025-12-12 11:47:00,NSE,25971.2,25950,2025-12-23,2025-12-30,2026-01-06,2026-01-13,2026-01-20,392565,723615,-900,0,4575,3450,13.815,12.136666666666665,2025-12-20 08:01:52,1.8432998356959993,0.7540983606557377,900,0,1116180,-900,8025,0.8785136928459403,-1.6783333333333346,54.5,1191,2080.3333333333335,1901.1666666666667,879,8469,BEARISH_CONTINUE,t,f,NEUTRAL,NEUTRAL_PREDICT,2850,2850,21150,5281.41
2025-12-12 11:46:00,NSE,25971.2,25950,2025-12-23,2025-12-30,2026-01-06,2026-01-13,2026-01-20,393465,723615,0,2850,4875,16275,13.91,12.136666666666668,2025-12-20 08:01:51,1.8390835271243948,3.3384615384615386,2850,,1117080,2850,21150,0.8725137790558353,-1.7733333333333317,64.25,1296,3340.3333333333335,1658.6666666666667,624,8919,BEARISH_CONTINUE,f,t,NEUTRAL,BEARISH_PREDICT,900,600,5250,5491.79
2025-12-12 11:44:00,NSE,25971.2,25950,2025-12-23,2025-12-30,2026-01-06,2026-01-13,2026-01-20,393465,720765,-150,750,2775,2475,13.9675,12.12,2025-12-20 08:01:49,1.8318401890892455,0.8918918918918919,900,5,1114230,600,5250,0.867728655808126,-1.8475000000000001,54.5,895,3155.3333333333335,1561.5,223,6007,BEARISH_TURN,t,f,NEUTRAL,NEUTRAL_PREDICT,-645,-105,4320,5495.77
2025-12-12 11:43:00,NSE,25971.2,25950,2025-12-23,2025-12-30,2026-01-06,2026-01-13,2026-01-20,393615,720015,270,-375,1770,2550,13.8925,12.116666666666667,2025-12-20 08:01:49,1.829236690674898,1.4406779661016949,-645,-1.3888888888888888,1113630,-105,4320,0.8721732349589107,-1.775833333333333,46.775,880,2750.3333333333335,1564,298,7475,BULLISH_TURN,t,f,NEUTRAL,NEUTRAL_PREDICT,1950,1950,3600,5495.48
2025-12-12 11:41:00,NSE,25971.2,25950,2025-12-23,2025-12-30,2026-01-06,2026-01-13,2026-01-20,393345,720390,0,1950,2025,1575,13.8875,12.126666666666665,2025-12-20 08:01:47,1.8314456774587193,0.7777777777777778,1950,,1113735,1950,3600,0.8732073207320732,-1.7608333333333341,59.75,1613,2797.6666666666665,1645.5,975,8628,BEARISH_CONTINUE,t,f,NEUTRAL,NEUTRAL_PREDICT,1425,-2175,10275,5479.70
2025-12-12 11:40:00,NSE,25971.2,25950,2025-12-23,2025-12-30,2026-01-06,2026-01-13,2026-01-20,393345,718440,-1800,-375,2175,8100,13.807500000000001,12.11,2025-12-20 08:01:46,1.826488197383976,3.7241379310344827,1425,-0.20833333333333334,1111785,-2175,10275,0.8770595690747781,-1.6975000000000016,57.125,1613,3072.6666666666665,1650.5,975,9723,BEARISH_CONTINUE,t,f,NEUTRAL,NEUTRAL_PREDICT,845,845,6590,5480.05
2025-12-12 11:38:00,NSE,25971.2,25950,2025-12-23,2025-12-30,2026-01-06,2026-01-13,2026-01-20,395145,718815,0,845,4950,1640,13.8325,12.089999999999998,2025-12-20 08:01:44,1.8191170329878905,0.33131313131313134,845,,1113960,845,6590,0.8740285559371045,-1.7425000000000015,54.225,1043,2777.6666666666665,1793,1635,9513,BEARISH_CONTINUE,f,f,NEUTRAL,NEUTRAL_PREDICT,825,975,12590,5529.35
2025-12-12 11:37:00,NSE,25971.2,25950,2025-12-23,2025-12-30,2026-01-06,2026-01-13,2026-01-20,395145,717970,75,900,5625,6965,13.870000000000001,12.193333333333333,2025-12-20 08:01:43,1.8169785774842147,1.2382222222222221,825,12,1113115,975,12590,0.8791155972122086,-1.6766666666666676,54.125,861,3441.3333333333335,1777.6666666666667,1479,9779,BEARISH_CONTINUE,f,f,NEUTRAL,NEUTRAL_PREDICT,3020,3280,10085,5532.70
2025-12-12 11:34:00,NSE,25971.2,25950,2025-12-23,2025-12-30,2026-01-06,2026-01-13,2026-01-20,395070,717070,130,3150,1995,8090,13.912499999999998,12.086666666666666,2025-12-20 08:01:41,1.815045434986205,4.0551378446115285,3020,24.23076923076923,1112140,3280,10085,0.8687631027253669,-1.8258333333333319,65.1,2271,3386.3333333333335,1745.8333333333333,519,9871,BEARISH_CONTINUE,f,f,NEUTRAL,NEUTRAL_PREDICT,1950,1950,9075,5541.11
2025-12-12 11:32:00,NSE,25971.2,25950,2025-12-23,2025-12-30,2026-01-06,2026-01-13,2026-01-20,394940,713920,0,1950,5925,3150,13.7925,12.1,2025-12-20 08:01:39,1.8076669873904896,0.5316455696202531,1950,,1108860,1950,9075,0.8772883813666847,-1.6925000000000008,59.75,1680,3565,1765.1666666666667,-150,9232,BEARISH_TURN,f,f,NEUTRAL,NEUTRAL_PREDICT,-1425,1125,9225,5546.72
2025-12-12 11:31:00,NSE,25971.2,25950,2025-12-23,2025-12-30,2026-01-06,2026-01-13,2026-01-20,394940,711970,1275,-150,7425,1800,13.844999999999999,12.03,2025-12-20 08:01:38,1.8027295285359801,0.24242424242424243,-1425,-0.11764705882352941,1106910,1125,9225,0.8689057421451788,-1.8149999999999995,42.875,3437,2795.6666666666665,1930.5,1427,10428,BULLISH_CONTINUE,f,f,NEUTRAL,NEUTRAL_PREDICT,-65,65,7920,5625.78
2025-12-12 11:29:00,NSE,25971.2,25950,2025-12-23,2025-12-30,2026-01-06,2026-01-13,2026-01-20,393665,712120,65,0,3130,4790,13.877499999999998,12.026666666666666,2025-12-20 08:01:37,1.8089492334853239,1.5303514376996805,-65,0,1105785,65,7920,0.8666306371224405,-1.8508333333333322,49.675,7682,2877.6666666666665,2250.5,-988,16743,BULLISH_TURN,t,f,NEUTRAL,NEUTRAL_PREDICT,7875,-3825,13050,5700.86
2025-12-12 11:28:00,NSE,25971.2,25950,2025-12-23,2025-12-30,2026-01-06,2026-01-13,2026-01-20,393600,712120,-5850,2025,8850,4200,13.905,11.986666666666666,2025-12-20 08:01:36,1.8092479674796749,0.4745762711864407,7875,0.34615384615384615,1105720,-3825,13050,0.8620400335610692,-1.918333333333333,89.375,7710,2972,2274.3333333333335,-1016,15744,BEARISH_CONTINUE,f,f,NEUTRAL,NEUTRAL_PREDICT,65,-65,6890,5692.34
2025-12-12 11:26:00,NSE,25971.2,25950,2025-12-23,2025-12-30,2026-01-06,2026-01-13,2026-01-20,399450,710095,-65,0,3440,3450,13.915,12.036666666666667,2025-12-20 08:01:34,1.7776818124921767,1.002906976744186,65,0,1109545,-65,6890,0.8650137741046833,-1.878333333333332,50.325,5100,2455.6666666666665,2036.8333333333333,1234,15339,BEARISH_CONTINUE,t,f,NEUTRAL,NEUTRAL_PREDICT,10735,9835,15055,5598.47
2025-12-12 11:25:00,NSE,25971.2,25950,2025-12-23,2025-12-30,2026-01-06,2026-01-13,2026-01-20,399515,710095,-450,10285,6975,8080,13.462499999999999,12.096666666666666,2025-12-20 08:01:33,1.7773925885135726,1.1584229390681005,10735,22.855555555555554,1109610,9835,15055,0.8985453419993811,-1.3658333333333328,100,5100,2446.3333333333335,2032.5,1260,17396,BEARISH_CONTINUE,t,f,NEUTRAL,NEUTRAL_PREDICT,19800,-10950,40800,5600.10
2025-12-12 11:22:00,NSE,25971.2,25950,2025-12-23,2025-12-30,2026-01-06,2026-01-13,2026-01-20,399965,699810,-15375,4425,12750,28050,13.532499999999999,12.176666666666668,2025-12-20 08:01:31,1.7496780968334729,2.2,19800,0.28780487804878047,1099775,-10950,40800,0.8998091015456618,-1.3558333333333312,100,4168,1722,1192.1666666666667,478,15450,BEARISH_CONTINUE,f,t,NEUTRAL,BEARISH_PREDICT,75,-75,2925,6116.82
2025-12-12 11:20:00,NSE,25971.2,25950,2025-12-23,2025-12-30,2026-01-06,2026-01-13,2026-01-20,415340,695385,-75,0,525,2400,13.662500000000001,12.193333333333333,2025-12-20 08:01:29,1.6742548273703473,4.571428571428571,75,0,1110725,-75,2925,0.8924672156145166,-1.469166666666668,50.375,-392,-23,530,1738,9720,BEARISH_TURN,t,f,NEUTRAL,NEUTRAL_PREDICT,-5175,7425,11025,5007.67
2025-12-12 11:19:00,NSE,25971.2,25950,2025-12-23,2025-12-30,2026-01-06,2026-01-13,2026-01-20,415415,695385,6300,1125,9000,2025,13.729999999999999,12.133333333333333,2025-12-20 08:01:28,1.6739525534706257,0.225,-5175,0.17857142857142858,1110800,7425,11025,0.8837096382617141,-1.5966666666666658,24.125000000000004,1753,-32.333333333333336,1158.1666666666667,853,18495,BULLISH_TURN,f,f,NEUTRAL,NEUTRAL_PREDICT,65,65,17175,6026.87
2025-12-12 11:18:00,NSE,25971.2,25950,2025-12-23,2025-12-30,2026-01-06,2026-01-13,2026-01-20,409115,694260,0,65,6450,10725,13.690000000000001,12.18,2025-12-20 08:01:27,1.6969800667294037,1.6627906976744187,65,,1103375,65,17175,0.8897005113221328,-1.5100000000000016,50.325,2788,377.6666666666667,1100.6666666666667,-812,18345,BEARISH_CONTINUE,f,t,NEUTRAL,BEARISH_PREDICT,6075,5925,5325,6097.20
2025-12-12 11:16:00,NSE,25971.2,25950,2025-12-23,2025-12-30,2026-01-06,2026-01-13,2026-01-20,409115,694195,-75,6000,2100,3225,13.752499999999998,12.386666666666665,2025-12-20 08:01:26,1.696821187196754,1.5357142857142858,6075,80,1103310,5925,5325,0.9006847239895777,-1.3658333333333328,80.375,3915,493.3333333333333,1458.5,-1575,19455,BEARISH_TURN,t,f,NEUTRAL,NEUTRAL_PREDICT,-3000,-4650,12150,6344.32
2025-12-12 11:13:00,NSE,25971.2,25950,2025-12-23,2025-12-30,2026-01-06,2026-01-13,2026-01-20,409190,688195,-825,-3825,5025,7125,13.784999999999998,12.350000000000001,2025-12-20 08:01:23,1.6818470637112344,1.4179104477611941,-3000,-4.636363636363637,1097385,-4650,12150,0.8959013420384478,-1.434999999999997,35,782,228.33333333333334,1258.1666666666667,-872,25933,BULLISH_TURN,f,f,NEUTRAL,NEUTRAL_PREDICT,10800,-4500,46800,6288.16
2025-12-12 11:10:00,NSE,25971.2,25950,2025-12-23,2025-12-30,2026-01-06,2026-01-13,2026-01-20,410015,692020,-7650,3150,20700,26100,13.8325,12.256666666666668,2025-12-20 08:01:21,1.6877919100520713,1.2608695652173914,10800,0.4117647058823529,1102035,-4500,46800,0.8860774745466595,-1.5758333333333319,100,1343,808.3333333333334,1468.1666666666667,97,28061,NEUTRAL,f,t,NEUTRAL,NEUTRAL_PREDICT,0,-900,10275,6246.11
2025-12-12 11:07:00,NSE,25971.2,25950,2025-12-23,2025-12-30,2026-01-06,2026-01-13,2026-01-20,417665,688870,-450,-450,3225,7050,14.453333333333333,12.31,2025-12-20 08:01:18,1.6493361904875918,2.186046511627907,0,-1,1106535,-900,10275,0.8517066420664207,-2.1433333333333326,50,-547,114,943.1666666666666,3697,24401,NEUTRAL,f,f,NEUTRAL,NEUTRAL_PREDICT,5700,-3750,22725,6094.78
2025-12-12 11:04:00,NSE,25971.2,25950,2025-12-23,2025-12-30,2026-01-06,2026-01-13,2026-01-20,418115,689320,-4725,975,9375,13350,14.37,12.363333333333332,2025-12-20 08:01:16,1.6486373366179161,1.424,5700,0.20634920634920634,1107435,-3750,22725,0.8603572257016933,-2.0066666666666677,78.5,-521,105.33333333333333,933.1666666666666,3903,26493,BEARISH_TURN,t,f,NEUTRAL,NEUTRAL_PREDICT,-9590,9440,37715,6096.62
2025-12-12 11:01:00,NSE,25971.2,25950,2025-12-23,2025-12-30,2026-01-06,2026-01-13,2026-01-20,422840,688345,9515,-75,21215,16500,14.51,12.313333333333333,2025-12-20 08:01:13,1.6279089017122317,0.7777515908555267,-9590,-0.007882291119285338,1111185,9440,37715,0.8486101539168389,-2.196666666666667,2.0500000000000043,-1676,-34.666666666666664,718.1666666666666,5868,25653,BULLISH_CONTINUE,f,f,NEUTRAL,NEUTRAL_PREDICT,-195,195,22790,6036.15
2025-12-12 11:00:00,NSE,25971.2,25950,2025-12-23,2025-12-30,2026-01-06,2026-01-13,2026-01-20,413325,688420,195,0,10640,12150,14.506666666666668,12.286666666666667,2025-12-20 08:01:12,1.665565838020928,1.1419172932330828,-195,0,1101745,195,22790,0.8469669117647058,-2.2200000000000006,49.025,216,1065.3333333333333,787.8333333333334,3954,23054,BULLISH_TURN,f,f,NEUTRAL,NEUTRAL_PREDICT,1350,13500,28500,5924.10
2025-12-12 10:58:00,NSE,25971.2,25950,2025-12-23,2025-12-30,2026-01-06,2026-01-13,2026-01-20,413130,688420,6075,7425,13275,15225,14.596666666666666,12.206666666666665,2025-12-20 08:01:11,1.6663519957398398,1.1468926553672316,1350,1.2222222222222223,1101550,13500,28500,0.8362639872116922,-2.3900000000000006,56.75,-1020,1623.3333333333333,831.8333333333334,7740,22546,BEARISH_CONTINUE,f,f,NEUTRAL,NEUTRAL_PREDICT,130,130,20735,5921.45
2025-12-12 10:57:00,NSE,25971.2,25950,2025-12-23,2025-12-30,2026-01-06,2026-01-13,2026-01-20,407055,680995,0,130,12270,8465,14.506666666666666,12.273333333333333,2025-12-20 08:01:10,1.6729803097861469,0.6898940505297474,130,,1088050,130,20735,0.8460477941176471,-2.2333333333333325,50.65,-1303,1576.6666666666667,754.3333333333334,5053,20967,BEARISH_TURN,f,f,NEUTRAL,NEUTRAL_PREDICT,-75,6075,18525,5929.64
2025-12-12 10:55:00,NSE,25971.2,25950,2025-12-23,2025-12-30,2026-01-06,2026-01-13,2026-01-20,407055,680865,3075,3000,6225,12300,14.563333333333333,12.353333333333333,2025-12-20 08:01:08,1.672660942624461,1.9759036144578312,-75,0.975609756097561,1087920,6075,18525,0.8482490272373542,-2.209999999999999,49.625,-1134,1618,910,6692,25850,BULLISH_CONTINUE,t,f,NEUTRAL,NEUTRAL_PREDICT,-130,-130,24720,5973.82
2025-12-12 10:53:00,NSE,25971.2,25950,2025-12-23,2025-12-30,2026-01-06,2026-01-13,2026-01-20,403980,677865,0,-130,13575,11145,14.503333333333336,12.326666666666666,2025-12-20 08:01:06,1.6779667310262885,0.8209944751381215,-130,,1081845,-130,24720,0.8499195587221327,-2.1766666666666694,49.35,-759,1618.6666666666667,910.3333333333334,6857,24978,BULLISH_CONTINUE,t,f,NEUTRAL,NEUTRAL_PREDICT,-6375,19125,20250,5973.77
2025-12-12 10:52:00,NSE,25971.2,25950,2025-12-23,2025-12-30,2026-01-06,2026-01-13,2026-01-20,403980,677995,12750,6375,13950,6300,14.586666666666666,12.1,2025-12-20 08:01:06,1.6782885291351057,0.45161290322580644,-6375,0.5,1081975,19125,20250,0.8295246800731262,-2.4866666666666664,18.125000000000004,-313,662.3333333333334,804.6666666666666,7303,21864,BULLISH_CONTINUE,f,f,NEUTRAL,NEUTRAL_PREDICT,-65,65,20605,6020.65
2025-12-12 10:51:00,NSE,25971.2,25950,2025-12-23,2025-12-30,2026-01-06,2026-01-13,2026-01-20,391230,671620,65,0,10780,9825,14.596666666666666,12.040000000000001,2025-12-20 08:01:05,1.7166883930168955,0.9114100185528757,-65,0,1062850,65,20605,0.8248458552180864,-2.556666666666665,49.675,2102,1083,1432.1666666666667,6028,19599,BULLISH_TURN,f,f,NEUTRAL,NEUTRAL_PREDICT,975,8325,45150,6224.13
2025-12-12 10:49:00,NSE,25971.2,25950,2025-12-23,2025-12-30,2026-01-06,2026-01-13,2026-01-20,391165,671620,3675,4650,22050,23100,14.726666666666667,12.106666666666667,2025-12-20 08:01:03,1.716973655618473,1.0476190476190477,975,1.2653061224489797,1062785,8325,45150,0.8220914440923496,-2.619999999999999,54.875,2192,2348.6666666666665,2077.1666666666665,7528,19524,BEARISH_CONTINUE,f,t,NEUTRAL,BEARISH_PREDICT,1800,6900,14165,7015.88
2025-12-12 10:46:00,NSE,25971.2,25950,2025-12-23,2025-12-30,2026-01-06,2026-01-13,2026-01-20,387490,666970,2550,4350,7415,6750,14.813333333333333,12.046666666666667,2025-12-20 08:01:00,1.72125732276962,0.9103169251517195,1800,1.7058823529411764,1054460,6900,14165,0.8132313231323133,-2.7666666666666657,59,1971,1823.6666666666667,2575.5,5889,12427,BEARISH_CONTINUE,f,f,NEUTRAL,NEUTRAL_PREDICT,2100,2100,9150,7452.27
2025-12-12 10:44:00,NSE,25971.2,25950,2025-12-23,2025-12-30,2026-01-06,2026-01-13,2026-01-20,384940,662620,0,2100,3975,5175,14.776666666666666,11.916666666666666,2025-12-20 08:00:59,1.7213591728581077,1.3018867924528301,2100,,1047560,2100,9150,0.8064516129032259,-2.8599999999999994,60.5,2331,2423.6666666666665,3218,4719,13599,BEARISH_CONTINUE,f,f,NEUTRAL,NEUTRAL_PREDICT,5700,12750,8925,8178.61
2025-12-12 10:43:00,NSE,25971.2,25950,2025-12-23,2025-12-30,2026-01-06,2026-01-13,2026-01-20,384940,660520,3525,9225,3450,5475,14.74,11.976666666666667,2025-12-20 08:00:58,1.7159037772120331,1.5869565217391304,5700,2.617021276595745,1045460,12750,8925,0.8125282677521484,-2.7633333333333336,78.5,3293,2288,3183,5621,15404,BEARISH_CONTINUE,f,f,NEUTRAL,NEUTRAL_PREDICT,385,7565,20230,8185.80
2025-12-12 10:40:00,NSE,25971.2,25950,2025-12-23,2025-12-30,2026-01-06,2026-01-13,2026-01-20,381415,651295,3590,3975,3955,16275,14.75,11.976666666666667,2025-12-20 08:00:55,1.7075757377135141,4.115044247787611,385,1.107242339832869,1032710,7565,20230,0.8119774011299435,-2.7733333333333334,51.925,3788,2128,3433,6206,19004,BEARISH_TURN,f,t,NEUTRAL,BEARISH_PREDICT,-130,130,9665,8377.60
2025-12-12 10:39:00,NSE,25971.2,25950,2025-12-23,2025-12-30,2026-01-06,2026-01-13,2026-01-20,377825,647320,130,0,3515,6150,14.723333333333334,12.116666666666667,2025-12-20 08:00:54,1.7132799576523523,1.7496443812233287,-130,0,1025145,130,9665,0.8229567579805297,-2.6066666666666674,49.35,3841,1772.3333333333333,3247.6666666666665,4875,19510,BULLISH_TURN,f,f,NEUTRAL,NEUTRAL_PREDICT,3600,1050,20025,8507.84
2025-12-12 10:37:00,NSE,25971.2,25950,2025-12-23,2025-12-30,2026-01-06,2026-01-13,2026-01-20,377695,647320,-1275,2325,7725,12300,14.656666666666666,11.986666666666666,2025-12-20 08:00:53,1.7138696567336078,1.5922330097087378,3600,1.8235294117647058,1025015,1050,20025,0.8178303388674096,-2.67,68,4017,1761,3959.5,7579,23952,BEARISH_CONTINUE,f,f,NEUTRAL,NEUTRAL_PREDICT,6910,6610,18175,9089.01
2025-12-12 10:34:00,NSE,25971.2,25950,2025-12-23,2025-12-30,2026-01-06,2026-01-13,2026-01-20,378970,644995,-150,6760,9450,8725,14.56,12.043333333333331,2025-12-20 08:00:50,1.701968493548302,0.9232804232804233,6910,45.06666666666667,1023965,6610,18175,0.8271520146520145,-2.5166666666666693,84.55,3284,1471,3846,7382,27593,BEARISH_CONTINUE,f,f,NEUTRAL,NEUTRAL_PREDICT,8175,15675,26925,9114.88
2025-12-12 10:31:00,NSE,25971.2,25950,2025-12-23,2025-12-30,2026-01-06,2026-01-13,2026-01-20,379120,638235,3750,11925,12375,14550,14.733333333333334,12.073333333333332,2025-12-20 08:00:48,1.6834643384680312,1.1757575757575758,8175,3.18,1017355,15675,26925,0.8194570135746605,-2.660000000000002,90.875,-993,510.3333333333333,3465.6666666666665,3855,33183,BEARISH_CONTINUE,f,f,NEUTRAL,NEUTRAL_PREDICT,650,910,22760,9220.06
2025-12-12 10:29:00,NSE,25971.2,25950,2025-12-23,2025-12-30,2026-01-06,2026-01-13,2026-01-20,375370,626310,130,780,8370,14390,14.703333333333333,12.056666666666667,2025-12-20 08:00:46,1.6685137331166582,1.7192353643966547,650,6,1001680,910,22760,0.8199954658807527,-2.6466666666666665,53.25,-2641,40.333333333333336,3201.8333333333335,733,34531,BEARISH_CONTINUE,f,f,NEUTRAL,NEUTRAL_PREDICT,750,13650,31875,9193.86
2025-12-12 10:28:00,NSE,25971.2,25950,2025-12-23,2025-12-30,2026-01-06,2026-01-13,2026-01-20,375240,625530,6450,7200,13950,17925,14.643333333333333,12.073333333333332,2025-12-20 08:00:45,1.6670131116085705,1.2849462365591398,750,1.1162790697674418,1000770,13650,31875,0.8244935124061006,-2.5700000000000003,53.75,1013,-68,3800.1666666666665,3015,39082,BEARISH_TURN,f,f,NEUTRAL,NEUTRAL_PREDICT,-65,65,38230,9597.30
2025-12-12 10:26:00,NSE,25971.2,25950,2025-12-23,2025-12-30,2026-01-06,2026-01-13,2026-01-20,368790,618330,65,0,12505,25725,14.816666666666668,12.04,2025-12-20 08:00:44,1.676645245261531,2.0571771291483407,-65,0,987120,65,38230,0.8125984251968502,-2.776666666666669,49.675,-517,202,3602,615,36277,BULLISH_CONTINUE,t,f,NEUTRAL,NEUTRAL_PREDICT,-14475,-11025,46125,9723.01
2025-12-12 10:25:00,NSE,25971.2,25950,2025-12-23,2025-12-30,2026-01-06,2026-01-13,2026-01-20,368725,618330,1725,-12750,14550,31575,14.88,12.133333333333333,2025-12-20 08:00:43,1.67694080954641,2.170103092783505,-14475,-7.391304347826087,987055,-11025,46125,0.8154121863799283,-2.746666666666668,0,1656,202,7868.666666666667,632,31961,BULLISH_CONTINUE,t,f,NEUTRAL,NEUTRAL_PREDICT,-65,65,33665,24663.73
2025-12-12 10:23:00,NSE,25971.2,25950,2025-12-23,2025-12-30,2026-01-06,2026-01-13,2026-01-20,367000,631080,65,0,13415,20250,14.76,12.11,2025-12-20 08:00:41,1.7195640326975477,1.5095042862467387,-65,0,998080,65,33665,0.820460704607046,-2.6500000000000004,49.675,4564,947,8639.137931034482,2850,26467,BULLISH_TURN,f,f,NEUTRAL,NEUTRAL_PREDICT,18920,12320,45515,24730.14
2025-12-12 10:22:00,NSE,25971.2,25950,2025-12-23,2025-12-30,2026-01-06,2026-01-13,2026-01-20,366935,631080,-3300,15620,16425,29090,14.993333333333332,12.200000000000001,2025-12-20 08:00:40,1.719868641585022,1.7710806697108068,18920,4.733333333333333,998015,12320,45515,0.8136949755446866,-2.7933333333333312,100,5237,1781.3333333333333,8950,5297,23289,BEARISH_TURN,f,t,NEUTRAL,BEARISH_PREDICT,-6900,1650,17850,25126.17
2025-12-12 10:19:00,NSE,25971.2,25950,2025-12-23,2025-12-30,2026-01-06,2026-01-13,2026-01-20,370235,615460,4275,-2625,3150,14700,15.193333333333333,12.13,2025-12-20 08:00:38,1.662349588774697,4.666666666666667,-6900,-0.6140350877192983,985695,1650,17850,0.7983764809126811,-3.0633333333333326,15.5,463,1805.6666666666667,8580.74074074074,3973,17651,BULLISH_TURN,f,f,NEUTRAL,NEUTRAL_PREDICT,10800,150,16650,25527.27
2025-12-12 10:16:00,NSE,25971.2,25950,2025-12-23,2025-12-30,2026-01-06,2026-01-13,2026-01-20,365960,618085,-5325,5475,10875,5775,15.003333333333332,12.229999999999999,2025-12-20 08:00:35,1.6889414143622254,0.5310344827586206,10800,1.028169014084507,984045,150,16650,0.8151521884025772,-2.7733333333333334,100,1783,3327.3333333333335,9176.153846153846,3973,16901,BEARISH_CONTINUE,f,f,NEUTRAL,NEUTRAL_PREDICT,65,65,18655,25840.91
2025-12-12 10:14:00,NSE,25971.2,25950,2025-12-23,2025-12-30,2026-01-06,2026-01-13,2026-01-20,371285,612610,0,65,8850,9805,15.276666666666666,11.983333333333334,2025-12-20 08:00:34,1.6499723931750543,1.107909604519774,65,,983895,65,18655,0.7844206851407376,-3.2933333333333312,50.325,-527,4012.3333333333335,9111.2,3013,15671,BEARISH_CONTINUE,f,f,NEUTRAL,NEUTRAL_PREDICT,3300,12300,17775,26371.60
2025-12-12 10:13:00,NSE,25971.2,25950,2025-12-23,2025-12-30,2026-01-06,2026-01-13,2026-01-20,371285,612545,4500,7800,5550,12225,15.31,11.803333333333333,2025-12-20 08:00:33,1.6497973255046663,2.2027027027027026,3300,1.7333333333333334,983830,12300,17775,0.7709558023078598,-3.5066666666666677,66.5,-2040,4078,9488.125,2610,14070,BEARISH_TURN,f,f,NEUTRAL,NEUTRAL_PREDICT,-4950,5700,17325,26869.92
2025-12-12 10:10:00,NSE,25971.2,25950,2025-12-23,2025-12-30,2026-01-06,2026-01-13,2026-01-20,366785,604745,5325,375,7800,9525,15.246666666666664,11.87,2025-12-20 08:00:30,1.6487724416211131,1.2211538461538463,-4950,0.07042253521126761,971530,5700,17325,0.7785308264101444,-3.376666666666665,25.25,-2475,4738,9757.173913043478,-465,16230,BULLISH_CONTINUE,f,f,NEUTRAL,NEUTRAL_PREDICT,-300,1650,14100,27440.73
2025-12-12 10:07:00,NSE,25971.2,25950,2025-12-23,2025-12-30,2026-01-06,2026-01-13,2026-01-20,361460,604370,975,675,4050,10050,15.13,11.973333333333334,2025-12-20 08:00:28,1.6720245670336966,2.4814814814814814,-300,0.6923076923076923,965830,1650,14100,0.7913637365058384,-3.1566666666666663,48.5,-1680,4723,10425.681818181818,-1920,14490,BULLISH_CONTINUE,t,f,NEUTRAL,NEUTRAL_PREDICT,-750,-4650,10500,27894.13
2025-12-12 10:04:00,NSE,25971.2,25950,2025-12-23,2025-12-30,2026-01-06,2026-01-13,2026-01-20,360485,603695,-1950,-2700,1425,9075,15.066666666666668,12,2025-12-20 08:00:25,1.67467439699294,6.368421052631579,-750,-1.3846153846153846,964180,-4650,10500,0.7964601769911503,-3.066666666666668,46.25,-660,6158,10936.42857142857,-1710,12630,BULLISH_CONTINUE,f,f,NEUTRAL,NEUTRAL_PREDICT,-7500,-1950,10650,28477.37
2025-12-12 10:01:00,NSE,25971.2,25950,2025-12-23,2025-12-30,2026-01-06,2026-01-13,2026-01-20,362435,606395,2775,-4725,4275,6375,15.44,12.053333333333335,2025-12-20 08:00:23,1.6731137997158112,1.4912280701754386,-7500,-1.7027027027027026,968830,-1950,10650,0.7806563039723663,-3.386666666666665,12.5,-523,6221,11520.75,-793,12245,BULLISH_TURN,f,f,NEUTRAL,NEUTRAL_PREDICT,1125,-3075,28575,29087.72
2025-12-12 09:58:00,NSE,25971.2,25950,2025-12-23,2025-12-30,2026-01-06,2026-01-13,2026-01-20,359660,611120,-2100,-975,14475,14100,15.350000000000001,12.106666666666667,2025-12-20 08:00:20,1.699160318078185,0.9740932642487047,1125,-0.4642857142857143,970780,-3075,28575,0.7887079261672095,-3.243333333333334,55.625,317,6421,12521.842105263158,527,15635,BEARISH_TURN,f,t,NEUTRAL,BEARISH_PREDICT,-975,-1575,8625,29528.69
2025-12-12 09:55:00,NSE,25971.2,25950,2025-12-23,2025-12-30,2026-01-06,2026-01-13,2026-01-20,361760,612095,-300,-1275,2625,6000,15.49,12.17,2025-12-20 08:00:18,1.6919919283502876,2.2857142857142856,-975,-4.25,973855,-1575,8625,0.7856681730148483,-3.3200000000000003,45.125,2582,6363.333333333333,13155,-838,15575,BULLISH_TURN,t,f,NEUTRAL,NEUTRAL_PREDICT,4800,2700,4800,30251.77
2025-12-12 09:52:00,NSE,25971.2,25950,2025-12-23,2025-12-30,2026-01-06,2026-01-13,2026-01-20,362060,613370,-1050,3750,2250,2550,15.486666666666665,12.196666666666667,2025-12-20 08:00:15,1.6941114732364801,1.1333333333333333,4800,3.5714285714285716,975430,2700,4800,0.787559190701679,-3.2899999999999974,74,6634,7668.333333333333,13986.176470588236,-960,17761,BEARISH_TURN,t,f,NEUTRAL,NEUTRAL_PREDICT,-65,-65,8575,30970.23
2025-12-12 09:51:00,NSE,25971.2,25950,2025-12-23,2025-12-30,2026-01-06,2026-01-13,2026-01-20,363110,609620,0,-65,1275,7300,15.469999999999999,12.183333333333335,2025-12-20 08:00:15,1.6788851863071796,5.7254901960784315,-65,,972730,-65,8575,0.7875457875457877,-3.2866666666666635,49.675,8859,7002,14560.3125,2465,23262,BULLISH_CONTINUE,t,f,NEUTRAL,NEUTRAL_PREDICT,-3300,4650,27600,31892.34
2025-12-12 09:49:00,NSE,25971.2,25950,2025-12-23,2025-12-30,2026-01-06,2026-01-13,2026-01-20,363110,609685,3975,675,10500,17100,15.303333333333335,12.173333333333334,2025-12-20 08:00:13,1.6790641954228747,1.6285714285714286,-3300,0.16981132075471697,972795,4650,27600,0.7954693966456109,-3.130000000000001,33.5,13087,15535.333333333334,15535.333333333334,6453,26917,BULLISH_TURN,t,f,NEUTRAL,NEUTRAL_PREDICT,12450,-9900,28275,32763.94
2025-12-12 09:46:00,NSE,25971.2,25950,2025-12-23,2025-12-30,2026-01-06,2026-01-13,2026-01-20,359135,609010,-11175,1275,9750,18525,15.21,12.206666666666665,2025-12-20 08:00:10,1.6957690005151267,1.9,12450,0.11409395973154363,968145,-9900,28275,0.8025421871575716,-3.0033333333333356,100,13957,16880.714285714286,16880.714285714286,5733,22507,BEARISH_CONTINUE,f,f,NEUTRAL,NEUTRAL_PREDICT,19285,-2185,19555,33568.01
2025-12-12 09:43:00,NSE,25971.2,25950,2025-12-23,2025-12-30,2026-01-06,2026-01-13,2026-01-20,370310,607735,-10735,8550,8830,10725,15.383333333333333,12.093333333333334,2025-12-20 08:00:08,1.6411520077772677,1.2146092865232163,19285,0.7964601769911505,978045,-2185,19555,0.7861321776814735,-3.289999999999999,100,14107,17221.53846153846,17221.53846153846,10353,23767,BEARISH_CONTINUE,t,f,NEUTRAL,NEUTRAL_PREDICT,15925,19825,32305,34913.47
2025-12-12 09:40:00,NSE,25971.2,25950,2025-12-23,2025-12-30,2026-01-06,2026-01-13,2026-01-20,381045,599185,1950,17875,15225,17080,15.146666666666667,12.290000000000001,2025-12-20 08:00:05,1.5724783162093716,1.1218390804597702,15925,9.166666666666666,980230,19825,32305,0.811399647887324,-2.8566666666666656,100,9215,17049.583333333332,17049.583333333332,11495,26366,BEARISH_CONTINUE,f,f,NEUTRAL,NEUTRAL_PREDICT,21075,19875,26850,36460.18
2025-12-12 09:37:00,NSE,25971.2,25950,2025-12-23,2025-12-30,2026-01-06,2026-01-13,2026-01-20,379095,581310,-600,20475,11775,15075,15.003333333333332,12.410000000000002,2025-12-20 08:00:03,1.5334151070312192,1.2802547770700636,21075,34.125,960405,19875,26850,0.8271495223283717,-2.59333333333333,100,10275,17151.81818181818,17151.81818181818,5865,26310,BEARISH_CONTINUE,f,t,BEARISH,BEARISH_PREDICT,1050,1050,5550,38237.96
2025-12-12 09:34:00,NSE,25971.2,25950,2025-12-23,2025-12-30,2026-01-06,2026-01-13,2026-01-20,0,349860,0,1050,0,5550,0,11.4,2025-12-20 08:00:00,,,1050,,349860,1050,5550,,11.4,55.25,6099,16759.5,16759.5,1851,24041,BEARISH_CONTINUE,f,f,NEUTRAL,NEUTRAL_PREDICT,13200,13200,34575,40283.00
2025-12-12 09:31:00,NSE,25971.2,25950,2025-12-23,2025-12-30,2026-01-06,2026-01-13,2026-01-20,2340,561525,0,13200,0,34575,11.07,13.125,2025-12-20 07:59:58,239.96794871794873,,13200,,563865,13200,34575,1.1856368563685638,2.0549999999999997,100,4989,18505,18505,9261,28256,BEARISH_TURN,f,f,NEUTRAL,NEUTRAL_PREDICT,-5175,3525,32550,42323.57
2025-12-12 09:28:00,NSE,25971.2,25950,2025-12-23,2025-12-30,2026-01-06,2026-01-13,2026-01-20,396540,549885,4350,-825,19425,13125,14.99,12.44,2025-12-20 07:59:46,1.386707520048419,0.6756756756756757,-5175,-0.1896551724137931,946425,3525,32550,0.8298865910607071,-2.5500000000000007,24.125000000000004,2401,19168.125,19168.125,6569,37160,BULLISH_TURN,t,f,NEUTRAL,NEUTRAL_PREDICT,21225,-8325,32025,45195.79
2025-12-12 09:25:00,NSE,25971.2,25950,2025-12-23,2025-12-30,2026-01-06,2026-01-13,2026-01-20,392190,550710,-14775,6450,10875,21150,15.24,12.083333333333334,2025-12-20 07:59:44,1.4041918457890308,1.9448275862068964,21225,0.4365482233502538,942900,-8325,32025,0.7928696412948382,-3.1566666666666663,100,7156,22645.714285714286,22645.714285714286,12224,45140,BEARISH_CONTINUE,f,t,BEARISH,BEARISH_PREDICT,195,-195,15505,47646.91
2025-12-12 09:23:00,NSE,25971.2,25950,2025-12-23,2025-12-30,2026-01-06,2026-01-13,2026-01-20,406965,544260,-195,0,8615,6890,14.976666666666665,12.280000000000001,2025-12-20 07:59:42,1.3373631639084442,0.799767846778874,195,0,951225,-195,15505,0.8199421322056534,-2.6966666666666637,50.975,1872,22882.5,22882.5,19518,50742,BEARISH_TURN,t,f,NEUTRAL,NEUTRAL_PREDICT,-4500,38100,26625,52190.07
2025-12-12 09:22:00,NSE,25971.2,25950,2025-12-23,2025-12-30,2026-01-06,2026-01-13,2026-01-20,407160,544260,21300,16800,10275,16350,14.866666666666667,13.030000000000001,2025-12-20 07:59:41,1.3367226643088712,1.5912408759124088,-4500,0.7887323943661971,951420,38100,26625,0.876457399103139,-1.836666666666666,27.5,27420,27420,27420,190284,69781,BULLISH_TURN,t,f,NEUTRAL,NEUTRAL_PREDICT,260,-260,79095,57011.73
2025-12-12 09:20:00,NSE,25971.2,25950,2025-12-23,2025-12-30,2026-01-06,2026-01-13,2026-01-20,385860,527460,-260,0,40845,38250,14.836666666666666,13.056666666666667,2025-12-20 07:59:40,1.3669724770642202,0.9364671318398825,260,0,913320,-260,79095,0.8800269602336553,-1.7799999999999994,51.3,35400,35400,35400,228330,80570,BEARISH_CONTINUE,t,f,NEUTRAL,NEUTRAL_PREDICT,18600,31800,72450,62523.97
2025-12-12 09:19:00,NSE,25971.2,25950,2025-12-23,2025-12-30,2026-01-06,2026-01-13,2026-01-20,386120,527460,6600,25200,31950,40500,14.93,12.950000000000001,2025-12-20 07:59:39,1.3660520045581686,1.267605633802817,18600,3.8181818181818183,913580,31800,72450,0.867381111855325,-1.9799999999999986,100,47113.333333333336,47113.333333333336,47113.333333333336,304526.6666666667,81061.66666666667,BEARISH_TURN,f,f,NEUTRAL,NEUTRAL_PREDICT,-5195,28145,60035,70997.58
2025-12-12 09:16:00,NSE,25971.2,25950,2025-12-23,2025-12-30,2026-01-06,2026-01-13,2026-01-20,379520,502260,16670,11475,25310,34725,14.983333333333334,12.799999999999999,2025-12-20 07:59:36,1.323408516020236,1.371987356775978,-5195,0.6883623275344931,881780,28145,60035,0.854282536151279,-2.1833333333333353,24.025000000000002,61370,61370,61370,440890,85367.5,BULLISH_TURN,f,f,NEUTRAL,NEUTRAL_PREDICT,127935,853635,110700,94137.13
2025-12-12 09:15:00,NSE,25971.2,25950,2025-12-23,2025-12-30,2026-01-06,2026-01-13,2026-01-20,362850,490785,362850,490785,57000,53700,15.196666666666667,12.633333333333333,2025-12-20 07:59:35,1.3525837122778008,0.9421052631578948,127935,1.3525837122778008,853635,853635,110700,0.8313226584777362,-2.5633333333333344,100,127935,127935,127935,853635,110700,,f,f,STRONG_BEARISH,NEUTRAL_PREDICT,,,,0.00
2025-12-11 15:30:00,NSE,25771.4,25750,2025-12-23,2025-12-30,2026-01-06,2026-01-13,2026-01-20,159010,548075,-2100,-5625,10800,6675,16.703333333333333,12.6675,2025-12-20 07:59:34,3.446795799006352,0.6180555555555556,-3525,-2.6785714285714284,707085,-7725,17475,0.7583815605667532,-4.035833333333333,32.375,-4380,-2498.6666666666665,-1217.1666666666667,-6960,17535,BULLISH_CONTINUE,f,f,NEUTRAL,NEUTRAL_PREDICT,-3525,-7725,17475,7066.06
2025-12-11 15:29:00,NSE,25771.4,25750,2025-12-23,2025-12-30,2026-01-06,2026-01-13,2026-01-20,159010,548075,-2100,-5625,10800,6675,16.703333333333333,12.6675,2025-12-20 07:59:33,3.446795799006352,0.6180555555555556,-3525,-2.6785714285714284,707085,-7725,17475,0.7583815605667532,-4.035833333333333,32.375,-9300,-2238.6666666666665,-1094.6666666666667,-11250,19395,BULLISH_TURN,f,f,NEUTRAL,NEUTRAL_PREDICT,2775,-225,16125,7056.52
2025-12-11 15:27:00,NSE,25771.4,25750,2025-12-23,2025-12-30,2026-01-06,2026-01-13,2026-01-20,161110,553700,-1500,1275,6525,9600,16.283333333333335,12.7375,2025-12-20 07:59:31,3.436782322636708,1.471264367816092,2775,0.85,714810,-225,16125,0.7822415557830091,-3.5458333333333343,63.875,-6253,-1943.6666666666667,-927.1666666666666,-12073,17981,BEARISH_TURN,f,f,NEUTRAL,NEUTRAL_PREDICT,-18075,-18675,9000,7056.48
2025-12-11 15:26:00,NSE,25771.4,25750,2025-12-23,2025-12-30,2026-01-06,2026-01-13,2026-01-20,162610,552425,-300,-18375,2175,6825,16.416666666666668,12.65,2025-12-20 07:59:30,3.3972387922022014,3.1379310344827585,-18075,-61.25,715035,-18675,9000,0.7705583756345177,-3.7666666666666675,0,-7485,-2129.3333333333335,-342.1666666666667,-12731,20649,BULLISH_TURN,f,f,NEUTRAL,NEUTRAL_PREDICT,450,-450,27600,8033.78
2025-12-11 15:24:00,NSE,25771.4,25750,2025-12-23,2025-12-30,2026-01-06,2026-01-13,2026-01-20,162910,570800,-450,0,2475,25125,16.48,12.647499999999999,2025-12-20 07:59:28,3.503775090540789,10.151515151515152,450,0,733710,-450,27600,0.7674453883495145,-3.8325000000000014,52.25,-3765,-944.3333333333334,1423.8333333333333,-8891,19434,BEARISH_TURN,f,f,NEUTRAL,NEUTRAL_PREDICT,-28125,-29175,26775,9659.82
2025-12-11 15:23:00,NSE,25771.4,25750,2025-12-23,2025-12-30,2026-01-06,2026-01-13,2026-01-20,163360,570800,-525,-28650,900,25875,16.63,12.5925,2025-12-20 07:59:27,3.4941234084231145,28.75,-28125,-54.57142857142857,734160,-29175,26775,0.7572158749248347,-4.0375,0,-4200,-404.3333333333333,1328.8333333333333,-9146,14754,BULLISH_TURN,f,t,BULLISH,BULLISH_PREDICT,11710,-11840,10405,9683.72
2025-12-11 15:21:00,NSE,25771.4,25750,2025-12-23,2025-12-30,2026-01-06,2026-01-13,2026-01-20,163885,599450,-11775,-65,450,9955,16.633333333333333,12.639999999999999,2025-12-20 07:59:26,3.657747810965006,22.122222222222224,11710,-0.005520169851380042,763335,-11840,10405,0.7599198396793587,-3.993333333333334,100,1455,1615.6666666666667,2273.8333333333335,-3341,10743,BEARISH_TURN,f,f,NEUTRAL,NEUTRAL_PREDICT,-3385,-3515,29465,7935.85
2025-12-11 15:20:00,NSE,25771.4,25750,2025-12-23,2025-12-30,2026-01-06,2026-01-13,2026-01-20,175660,599515,-65,-3450,14090,15375,16.64,12.7125,2025-12-20 07:59:25,3.412928384378914,1.0911994322214336,-3385,-53.07692307692308,775175,-3515,29465,0.7639723557692307,-3.9275,33.075,-347,965,1888.5,-403,9667,BULLISH_TURN,t,t,NEUTRAL,BULLISH_PREDICT,525,525,2925,7740.11
2025-12-11 15:18:00,NSE,25771.4,25750,2025-12-23,2025-12-30,2026-01-06,2026-01-13,2026-01-20,175725,602965,0,525,75,2850,16.373333333333335,12.732500000000002,2025-12-20 07:59:23,3.431298904538341,38,525,,778690,525,2925,0.7776364006514658,-3.640833333333333,52.625,510,1120.6666666666667,2008.8333333333333,120,4389,BEARISH_TURN,t,f,NEUTRAL,NEUTRAL_PREDICT,-1725,-1725,4200,7683.15
2025-12-11 15:17:00,NSE,25771.4,25750,2025-12-23,2025-12-30,2026-01-06,2026-01-13,2026-01-20,175725,602440,0,-1725,300,3900,16.56,12.6775,2025-12-20 07:59:22,3.4283112818324084,13,-1725,,778165,-1725,4200,0.7655495169082126,-3.8824999999999985,41.375,240,635.6666666666666,1988.8333333333333,-150,4479,BULLISH_TURN,f,f,NEUTRAL,NEUTRAL_PREDICT,150,-150,6720,7687.93
2025-12-11 15:15:00,NSE,25771.4,25750,2025-12-23,2025-12-30,2026-01-06,2026-01-13,2026-01-20,175725,604165,-150,0,365,6355,16.293333333333333,12.760000000000002,2025-12-20 07:59:20,3.438127756437616,17.410958904109588,150,0,779890,-150,6720,0.7831423895253684,-3.5333333333333314,50.75,1084,330.6666666666667,2043.8333333333333,694,4177,BEARISH_CONTINUE,t,f,NEUTRAL,NEUTRAL_PREDICT,2700,2850,5025,7666.31
2025-12-11 15:14:00,NSE,25771.4,25750,2025-12-23,2025-12-30,2026-01-06,2026-01-13,2026-01-20,175875,604165,75,2775,450,4575,16.656666666666666,12.669999999999998,2025-12-20 07:59:20,3.435195451314854,10.166666666666666,2700,37,780040,2850,5025,0.7606563938363017,-3.986666666666668,63.5,1129,350.6666666666667,1933.8333333333333,649,3928,BEARISH_CONTINUE,t,f,NEUTRAL,NEUTRAL_PREDICT,900,-900,3075,7717.93
2025-12-11 15:13:00,NSE,25771.4,25750,2025-12-23,2025-12-30,2026-01-06,2026-01-13,2026-01-20,175800,601390,-900,0,300,2775,16.583333333333332,12.66,2025-12-20 07:59:19,3.420875995449374,9.25,900,0,777190,-900,3075,0.7634170854271357,-3.923333333333332,54.5,769,65.66666666666667,1858.8333333333333,229,3733,BEARISH_TURN,f,f,NEUTRAL,NEUTRAL_PREDICT,-825,-825,3375,7721.15
2025-12-11 15:12:00,NSE,25771.4,25750,2025-12-23,2025-12-30,2026-01-06,2026-01-13,2026-01-20,176700,601390,0,-825,0,3375,16.509999999999998,12.725,2025-12-20 07:59:18,3.4034521788341823,,-825,,778090,-825,3375,0.7707450030284677,-3.7849999999999984,45.875,587,120.66666666666667,1711.3333333333333,411,4106,BULLISH_TURN,t,f,NEUTRAL,NEUTRAL_PREDICT,2495,2495,2690,7782.13
2025-12-11 15:11:00,NSE,25771.4,25750,2025-12-23,2025-12-30,2026-01-06,2026-01-13,2026-01-20,176700,602215,0,2495,300,2390,16.513333333333332,12.7325,2025-12-20 07:59:17,3.4081211092246746,7.966666666666667,2495,,778915,2495,2690,0.7710436011303997,-3.780833333333332,62.475,692,195.66666666666666,1741.3333333333333,336,7046,BEARISH_CONTINUE,t,f,NEUTRAL,NEUTRAL_PREDICT,375,-375,5475,7773.74
2025-12-11 15:09:00,NSE,25771.4,25750,2025-12-23,2025-12-30,2026-01-06,2026-01-13,2026-01-20,176700,599720,-375,0,750,4725,16.426666666666666,12.825,2025-12-20 07:59:15,3.3940011318619128,6.3,375,0,776420,-375,5475,0.7807426948051948,-3.6016666666666666,51.875,1903,64.33333333333333,1703.1666666666667,527,15988,BEARISH_CONTINUE,t,f,NEUTRAL,NEUTRAL_PREDICT,900,750,4050,7772.73
2025-12-11 15:08:00,NSE,25771.4,25750,2025-12-23,2025-12-30,2026-01-06,2026-01-13,2026-01-20,177075,599720,-75,825,450,3600,16.463333333333335,12.7675,2025-12-20 07:59:14,3.386813497105746,8,900,11,776795,750,4050,0.7755112370925288,-3.6958333333333346,54.5,2263,49.333333333333336,1695.6666666666667,977,15373,BEARISH_TURN,f,f,NEUTRAL,NEUTRAL_PREDICT,-10,10,4940,7774.16
2025-12-11 15:06:00,NSE,25771.4,25750,2025-12-23,2025-12-30,2026-01-06,2026-01-13,2026-01-20,177150,598895,10,0,440,4500,16.493333333333336,12.7925,2025-12-20 07:59:13,3.38072255151002,10.227272727272727,-10,0,776045,10,4940,0.7756164106709781,-3.7008333333333354,49.95,2473,89.33333333333333,1728.1666666666667,1247,15028,BULLISH_CONTINUE,t,f,NEUTRAL,NEUTRAL_PREDICT,-300,-1200,18075,7772.76
2025-12-11 15:05:00,NSE,25771.4,25750,2025-12-23,2025-12-30,2026-01-06,2026-01-13,2026-01-20,177140,598895,-450,-750,2550,15525,16.433333333333334,12.7575,2025-12-20 07:59:12,3.3809134018290616,6.088235294117647,-300,-1.6666666666666667,776035,-1200,18075,0.7763184584178499,-3.6758333333333333,48.5,2265,1445,1713.5,1035,15060,BULLISH_TURN,t,f,NEUTRAL,NEUTRAL_PREDICT,8550,3450,47400,7776.57
2025-12-11 15:02:00,NSE,25771.4,25750,2025-12-23,2025-12-30,2026-01-06,2026-01-13,2026-01-20,177590,599645,-2550,6000,5475,41925,16.383333333333333,12.7475,2025-12-20 07:59:09,3.3765696266681684,7.657534246575342,8550,2.3529411764705883,777235,3450,47400,0.7780773143438454,-3.6358333333333324,92.75,975,3792,1726,225,13515,BEARISH_CONTINUE,f,t,NEUTRAL,BEARISH_PREDICT,2175,1875,2400,7773.52
2025-12-11 14:59:00,NSE,25771.4,25750,2025-12-23,2025-12-30,2026-01-06,2026-01-13,2026-01-20,180140,593645,-150,2025,675,1725,17.236666666666668,12.515,2025-12-20 07:59:07,3.295464638614411,2.5555555555555554,2175,13.5,773785,1875,2400,0.726068458712048,-4.721666666666668,60.875,-1995,3062,1561,-195,7560,BEARISH_CONTINUE,f,f,NEUTRAL,NEUTRAL_PREDICT,1950,2100,2325,7675.60
2025-12-11 14:57:00,NSE,25771.4,25750,2025-12-23,2025-12-30,2026-01-06,2026-01-13,2026-01-20,180290,591620,75,2025,600,1725,17.276666666666667,12.4775,2025-12-20 07:59:05,3.2814909312773866,2.875,1950,27,771910,2100,2325,0.7222168628207601,-4.799166666666668,59.75,-2340,2932,1493.5,-660,10440,BEARISH_TURN,t,f,NEUTRAL,NEUTRAL_PREDICT,-1050,-1050,5100,7678.91
2025-12-11 14:56:00,NSE,25771.4,25750,2025-12-23,2025-12-30,2026-01-06,2026-01-13,2026-01-20,180215,589595,0,-1050,0,5100,17.246666666666666,12.42,2025-12-20 07:59:04,3.271620009433177,,-1050,,769810,-1050,5100,0.720139157325087,-4.826666666666666,44.75,-3045,2812,1448.5,-1335,12090,BULLISH_CONTINUE,f,f,NEUTRAL,NEUTRAL_PREDICT,-6750,-5250,10350,7680.10
2025-12-11 14:53:00,NSE,25771.4,25750,2025-12-23,2025-12-30,2026-01-06,2026-01-13,2026-01-20,180215,590645,750,-6000,1575,8775,17.316666666666666,12.465000000000002,2025-12-20 07:59:01,3.2774463834863914,5.571428571428571,-6750,-8,770860,-5250,10350,0.7198267564966315,-4.851666666666665,16.25,-2490,2897,1496,-750,12705,BULLISH_CONTINUE,t,f,NEUTRAL,NEUTRAL_PREDICT,-6300,1350,17625,7668.51
2025-12-11 14:50:00,NSE,25771.4,25750,2025-12-23,2025-12-30,2026-01-06,2026-01-13,2026-01-20,179465,596645,3825,-2475,4575,13050,17.723333333333333,12.219999999999999,2025-12-20 07:58:59,3.3245758225837907,2.8524590163934427,-6300,-0.6470588235294118,776110,1350,17625,0.6894865525672371,-5.503333333333334,18.5,-1080,3342,1728.5,240,11235,BULLISH_TURN,t,f,NEUTRAL,NEUTRAL_PREDICT,450,-450,16800,7514.06
2025-12-11 14:48:00,NSE,25771.4,25750,2025-12-23,2025-12-30,2026-01-06,2026-01-13,2026-01-20,175640,599120,-450,0,1275,15525,17.343333333333334,12.3525,2025-12-20 07:58:57,3.411068093828285,12.176470588235293,450,0,774760,-450,16800,0.712233326926773,-4.990833333333335,52.25,285,3757,1913.5,45,8775,BEARISH_TURN,f,f,NEUTRAL,NEUTRAL_PREDICT,-1575,-1275,10575,7376.65
2025-12-11 14:47:00,NSE,25771.4,25750,2025-12-23,2025-12-30,2026-01-06,2026-01-13,2026-01-20,176090,599120,150,-1425,450,10125,17.493333333333336,12.427499999999998,2025-12-20 07:58:56,3.402351070475325,22.5,-1575,-9.5,775210,-1275,10575,0.7104134908536583,-5.065833333333337,42.125,225,3517,1848.5,135,5730,BULLISH_TURN,t,f,NEUTRAL,NEUTRAL_PREDICT,1725,1875,8175,7398.55
2025-12-11 14:44:00,NSE,25771.4,25750,2025-12-23,2025-12-30,2026-01-06,2026-01-13,2026-01-20,175940,600545,75,1800,600,7575,17.150000000000002,12.5875,2025-12-20 07:58:54,3.413351142434921,12.625,1725,24,776485,1875,8175,0.7339650145772594,-4.562500000000002,58.625,840,3652,1923.5,390,4125,BEARISH_CONTINUE,t,t,NEUTRAL,BEARISH_PREDICT,300,-300,3000,7374.01
2025-12-11 14:42:00,NSE,25771.4,25750,2025-12-23,2025-12-30,2026-01-06,2026-01-13,2026-01-20,175865,598745,-300,0,375,2625,17.006666666666668,12.745,2025-12-20 07:58:52,3.4045716885110737,7,300,0,774610,-300,3000,0.7494119952959623,-4.2616666666666685,51.5,4560,3302,1911,3150,4357,BEARISH_CONTINUE,t,f,NEUTRAL,NEUTRAL_PREDICT,525,375,5325,7374.68
2025-12-11 14:41:00,NSE,25771.4,25750,2025-12-23,2025-12-30,2026-01-06,2026-01-13,2026-01-20,176165,598745,-75,450,450,4875,16.996666666666666,12.7525,2025-12-20 07:58:51,3.398773876763262,10.833333333333334,525,6,774910,375,5325,0.7502941753284957,-4.244166666666667,52.625,11481,3287,1905.3333333333333,9129,9860,BEARISH_CONTINUE,f,t,NEUTRAL,BEARISH_PREDICT,150,0,1575,7376.02
2025-12-11 14:39:00,NSE,25771.4,25750,2025-12-23,2025-12-30,2026-01-06,2026-01-13,2026-01-20,176240,598295,-75,75,225,1350,17.273333333333333,12.844999999999999,2025-12-20 07:58:49,3.3947741715842032,6,150,1,774535,0,1575,0.7436318023928984,-4.428333333333335,50.75,10896,3342,1920.3333333333333,9534,10040,BEARISH_CONTINUE,f,f,NEUTRAL,NEUTRAL_PREDICT,1500,0,2550,7373.58
2025-12-11 14:35:00,NSE,25771.4,25750,2025-12-23,2025-12-30,2026-01-06,2026-01-13,2026-01-20,176315,598220,-750,750,525,2025,17.12,12.925,2025-12-20 07:58:46,3.3929047443496017,3.857142857142857,1500,1,774535,0,2550,0.7549649532710281,-4.195,57.5,10911,3342,1882.8333333333333,9579,10295,BEARISH_CONTINUE,f,f,NEUTRAL,NEUTRAL_PREDICT,20325,15675,9335,7385.74
2025-12-11 14:32:00,NSE,25771.4,25750,2025-12-23,2025-12-30,2026-01-06,2026-01-13,2026-01-20,177065,597470,-2325,18000,2060,7275,17.083333333333332,13,2025-12-20 07:58:43,3.374297574337108,3.5315533980582523,20325,7.741935483870968,774535,15675,9335,0.7609756097560976,-4.083333333333332,100,10641,3367,1849.6666666666667,9579,10430,BEARISH_CONTINUE,f,f,BEARISH,NEUTRAL_PREDICT,34905,29595,30515,7389.75
2025-12-11 14:29:00,NSE,25771.4,25750,2025-12-23,2025-12-30,2026-01-06,2026-01-13,2026-01-20,179390,579470,-2655,32250,3290,27225,16.419999999999998,13.075000000000001,2025-12-20 07:58:41,3.2302246502034673,8.275075987841944,34905,12.146892655367232,758860,29595,30515,0.7962850182704021,-3.344999999999997,100,6621,1982,1174.6666666666667,6849,8728,BEARISH_TURN,f,t,BEARISH,BEARISH_PREDICT,-2400,2400,6225,6517.32
2025-12-11 14:27:00,NSE,25771.4,25750,2025-12-23,2025-12-30,2026-01-06,2026-01-13,2026-01-20,182045,547220,2400,0,300,5925,15.953333333333333,12.925,2025-12-20 07:58:39,3.005960064819138,19.75,-2400,0,729265,2400,6225,0.8101755119097368,-3.0283333333333324,38,-375,-340,61.166666666666664,705,4121,BULLISH_TURN,f,t,NEUTRAL,BULLISH_PREDICT,225,225,2850,1401.49
2025-12-11 14:26:00,NSE,25771.4,25750,2025-12-23,2025-12-30,2026-01-06,2026-01-13,2026-01-20,179645,547220,0,225,150,2700,16.066666666666666,12.7375,2025-12-20 07:58:38,3.046118734170169,18,225,,726865,225,2850,0.7927904564315353,-3.3291666666666657,51.125,90,60,1.1666666666666667,360,3626,BEARISH_CONTINUE,f,f,NEUTRAL,NEUTRAL_PREDICT,150,0,3225,1541.98
2025-12-11 14:24:00,NSE,25771.4,25750,2025-12-23,2025-12-30,2026-01-06,2026-01-13,2026-01-20,179645,546995,-75,75,1875,1350,16.213333333333335,12.655000000000001,2025-12-20 07:58:36,3.0448662640207074,0.72,150,1,726640,0,3225,0.780530427631579,-3.5583333333333336,50.75,-585,55,-48.833333333333336,-315,3251,BEARISH_CONTINUE,f,t,NEUTRAL,BEARISH_PREDICT,225,2025,825,1558.70
2025-12-11 14:23:00,NSE,25771.4,25750,2025-12-23,2025-12-30,2026-01-06,2026-01-13,2026-01-20,179720,546920,900,1125,75,750,16.27,12.65,2025-12-20 07:58:36,3.043178277320276,10,225,1.25,726640,2025,825,0.7775046097111248,-3.619999999999999,51.125,-525,85,123.66666666666667,-405,4811,BEARISH_TURN,t,f,NEUTRAL,NEUTRAL_PREDICT,-75,-1125,7480,1842.06
2025-12-11 14:20:00,NSE,25771.4,25750,2025-12-23,2025-12-30,2026-01-06,2026-01-13,2026-01-20,178820,545795,-525,-600,1275,6205,15.853333333333333,12.7725,2025-12-20 07:58:33,3.052203332960519,4.866666666666666,-75,-1.1428571428571428,724615,-1125,7480,0.8056665264928512,-3.0808333333333326,49.625,-1275,95,101.16666666666667,-945,5246,BULLISH_CONTINUE,t,f,NEUTRAL,NEUTRAL_PREDICT,-75,675,3750,1844.90
2025-12-11 14:18:00,NSE,25771.4,25750,2025-12-23,2025-12-30,2026-01-06,2026-01-13,2026-01-20,179345,546395,375,300,300,3450,16.02,12.695,2025-12-20 07:58:31,3.046614067858039,11.5,-75,0.8,725740,675,3750,0.7924469413233458,-3.3249999999999993,49.625,-1245,115,158.66666666666666,-735,4200,BULLISH_CONTINUE,t,t,NEUTRAL,BULLISH_PREDICT,-3150,-3150,975,1865.98
2025-12-11 14:17:00,NSE,25771.4,25750,2025-12-23,2025-12-30,2026-01-06,2026-01-13,2026-01-20,178970,546095,0,-3150,75,900,15.946666666666667,12.7025,2025-12-20 07:58:30,3.0513214505224338,12,-3150,,725065,-3150,975,0.7965614548494984,-3.2441666666666666,34.25,-960,70,188.66666666666666,-600,3735,BULLISH_TURN,f,f,NEUTRAL,NEUTRAL_PREDICT,450,-450,11025,1869.33
2025-12-11 14:15:00,NSE,25771.4,25750,2025-12-23,2025-12-30,2026-01-06,2026-01-13,2026-01-20,178970,549245,-450,0,450,10575,15.916666666666666,12.725000000000001,2025-12-20 07:58:29,3.068922165726099,23.5,450,0,728215,-450,11025,0.799476439790576,-3.1916666666666647,52.25,-300,180,446.1666666666667,120,4335,BEARISH_TURN,f,t,NEUTRAL,BEARISH_PREDICT,-3525,-675,3000,1924.80
2025-12-11 14:14:00,NSE,25771.4,25750,2025-12-23,2025-12-30,2026-01-06,2026-01-13,2026-01-20,179420,549245,1425,-2100,2175,825,16.08,12.73,2025-12-20 07:58:28,3.061225058521904,0.3793103448275862,-3525,-1.4736842105263157,728665,-675,3000,0.7916666666666667,-3.349999999999998,32.375,-15,195,503.6666666666667,615,4125,BULLISH_TURN,f,f,NEUTRAL,NEUTRAL_PREDICT,75,-75,2250,1950.52
2025-12-11 14:12:00,NSE,25771.4,25750,2025-12-23,2025-12-30,2026-01-06,2026-01-13,2026-01-20,177995,551345,-75,0,450,1800,16.153333333333332,12.739999999999998,2025-12-20 07:58:26,3.097530829517683,4,75,0,729340,-75,2250,0.7886917044985554,-3.413333333333334,50.375,600,520,608.6666666666666,600,3900,BEARISH_CONTINUE,t,f,NEUTRAL,NEUTRAL_PREDICT,1350,1350,1425,1805.57
2025-12-11 14:11:00,NSE,25771.4,25750,2025-12-23,2025-12-30,2026-01-06,2026-01-13,2026-01-20,178070,551345,0,1350,300,1125,16.13,12.6875,2025-12-20 07:58:25,3.0962262031785253,3.75,1350,,729415,1350,1425,0.7865778053316802,-3.442499999999999,56.75,600,523.6666666666666,608.3333333333334,600,4875,BEARISH_CONTINUE,f,f,NEUTRAL,NEUTRAL_PREDICT,150,450,3975,1805.67
2025-12-11 14:08:00,NSE,25771.4,25750,2025-12-23,2025-12-30,2026-01-06,2026-01-13,2026-01-20,178070,549995,150,300,300,3675,15.873333333333335,12.7475,2025-12-20 07:58:23,3.0886449149210984,12.25,150,2,728065,450,3975,0.8030764384712306,-3.1258333333333344,50.75,1050,498.6666666666667,473.3333333333333,1020,5370,BEARISH_CONTINUE,f,f,NEUTRAL,NEUTRAL_PREDICT,1875,2025,9975,1897.38
2025-12-11 14:05:00,NSE,25771.4,25750,2025-12-23,2025-12-30,2026-01-06,2026-01-13,2026-01-20,177920,549695,75,1950,2025,7950,16.033333333333335,12.719999999999999,2025-12-20 07:58:20,3.089562724820144,3.925925925925926,1875,26,727615,2025,9975,0.7933471933471932,-3.313333333333336,59.375,1050,423.6666666666667,498.3333333333333,900,4965,BEARISH_TURN,t,t,NEUTRAL,BEARISH_PREDICT,-450,-750,1875,1897.91
2025-12-11 14:02:00,NSE,25771.4,25750,2025-12-23,2025-12-30,2026-01-06,2026-01-13,2026-01-20,177845,547745,-150,-600,300,1575,15.936666666666667,12.8975,2025-12-20 07:58:17,3.0799010374202256,5.25,-450,-4,725590,-750,1875,0.8092972181551976,-3.0391666666666666,47.75,795,332.3333333333333,365.8333333333333,585,3585,BULLISH_TURN,f,f,NEUTRAL,NEUTRAL_PREDICT,75,-75,7125,1936.84
2025-12-11 14:00:00,NSE,25771.4,25750,2025-12-23,2025-12-30,2026-01-06,2026-01-13,2026-01-20,177995,548345,-75,0,375,6750,15.856666666666667,12.95,2025-12-20 07:58:15,3.080676423495042,18,75,0,726340,-75,7125,0.8166911919276855,-2.906666666666668,50.375,960,367.3333333333333,430.8333333333333,720,4080,BEARISH_CONTINUE,t,f,NEUTRAL,NEUTRAL_PREDICT,3600,3450,3900,1941.23
2025-12-11 13:59:00,NSE,25771.4,25750,2025-12-23,2025-12-30,2026-01-06,2026-01-13,2026-01-20,178070,548345,-75,3525,375,3525,15.909999999999998,12.925,2025-12-20 07:58:15,3.079378895939799,9.4,3600,47,726415,3450,3900,0.812382149591452,-2.9849999999999977,68,990,462.3333333333333,420.8333333333333,810,2970,BEARISH_CONTINUE,t,f,NEUTRAL,NEUTRAL_PREDICT,150,-150,1950,1943.90
2025-12-11 13:57:00,NSE,25771.4,25750,2025-12-23,2025-12-30,2026-01-06,2026-01-13,2026-01-20,178145,544820,-150,0,600,1350,15.686666666666666,13.06,2025-12-20 07:58:13,3.058295208958994,2.25,150,0,722965,-150,1950,0.8325541861453465,-2.626666666666665,50.75,120,-57.666666666666664,383.3333333333333,-390,2700,BEARISH_CONTINUE,t,f,NEUTRAL,NEUTRAL_PREDICT,600,450,3075,1890.58
2025-12-11 13:56:00,NSE,25771.4,25750,2025-12-23,2025-12-30,2026-01-06,2026-01-13,2026-01-20,178295,544820,-75,525,375,2700,15.756666666666668,13.052499999999998,2025-12-20 07:58:12,3.0557222580554697,7.2,600,7,723115,450,3075,0.8283795218954938,-2.7041666666666693,53,-210,-152.66666666666666,348.3333333333333,-750,3390,BEARISH_CONTINUE,t,f,NEUTRAL,NEUTRAL_PREDICT,375,-75,4350,1904.71
2025-12-11 13:54:00,NSE,25771.4,25750,2025-12-23,2025-12-30,2026-01-06,2026-01-13,2026-01-20,178370,544295,-225,150,675,3675,15.90333333333333,12.8725,2025-12-20 07:58:10,3.05149408532825,5.444444444444445,375,0.6666666666666666,722665,-75,4350,0.8094215049255923,-3.03083333333333,51.875,-195,162.33333333333334,360.8333333333333,-705,3165,BEARISH_CONTINUE,t,t,NEUTRAL,BEARISH_PREDICT,225,375,1575,1907.65
2025-12-11 13:53:00,NSE,25771.4,25750,2025-12-23,2025-12-30,2026-01-06,2026-01-13,2026-01-20,178595,544145,75,300,900,675,15.86,12.8075,2025-12-20 07:58:09,3.0468098211036145,0.75,225,4,722740,375,1575,0.8075346784363178,-3.0525,51.125,0,107.33333333333333,350.5,-450,3195,BEARISH_TURN,t,f,NEUTRAL,NEUTRAL_PREDICT,-750,-2550,2550,1908.41
2025-12-11 13:50:00,NSE,25771.4,25750,2025-12-23,2025-12-30,2026-01-06,2026-01-13,2026-01-20,178520,543845,-900,-1650,675,1875,15.729999999999999,12.932500000000001,2025-12-20 07:58:07,3.0464093658973783,2.7777777777777777,-750,-1.8333333333333333,722365,-2550,2550,0.8221551176096632,-2.7974999999999977,46.25,-19,202.33333333333334,413,-499,3234,BULLISH_CONTINUE,f,f,NEUTRAL,NEUTRAL_PREDICT,-1500,-1950,5400,1934.68
2025-12-11 13:47:00,NSE,25771.4,25750,2025-12-23,2025-12-30,2026-01-06,2026-01-13,2026-01-20,179420,545495,-225,-1725,600,4800,15.83,12.935,2025-12-20 07:58:04,3.0403243785531155,8,-1500,-7.666666666666667,724915,-1950,5400,0.8171193935565383,-2.8949999999999996,42.5,326,307.3333333333333,498,-4,3834,BULLISH_TURN,t,t,NEUTRAL,BULLISH_PREDICT,675,675,1950,1937.83
2025-12-11 13:44:00,NSE,25771.4,25750,2025-12-23,2025-12-30,2026-01-06,2026-01-13,2026-01-20,179645,547220,0,675,0,1950,16.276666666666667,12.7975,2025-12-20 07:58:02,3.046118734170169,,675,,726865,675,1950,0.7862482080688101,-3.479166666666668,53.375,431,712.3333333333334,554.5,-559,4104,BEARISH_CONTINUE,f,f,NEUTRAL,NEUTRAL_PREDICT,1350,1200,4500,1901.95
2025-12-11 13:41:00,NSE,25771.4,25750,2025-12-23,2025-12-30,2026-01-06,2026-01-13,2026-01-20,179645,546545,-75,1275,225,4275,15.870000000000003,12.907499999999999,2025-12-20 07:57:59,3.0423613237217846,19,1350,17,726190,1200,4500,0.8133270321361057,-2.962500000000004,56.75,397,812.3333333333334,577,-563,5581,BEARISH_CONTINUE,f,t,NEUTRAL,BEARISH_PREDICT,130,130,1770,1907.41
2025-12-11 13:40:00,NSE,25771.4,25750,2025-12-23,2025-12-30,2026-01-06,2026-01-13,2026-01-20,179720,545270,0,130,225,1545,15.839999999999998,12.905000000000001,2025-12-20 07:57:59,3.0339973291787223,6.866666666666666,130,,724990,130,1770,0.8147095959595961,-2.934999999999997,50.65,142,697.3333333333334,509.5,-818,6631,BEARISH_CONTINUE,t,f,NEUTRAL,NEUTRAL_PREDICT,975,-75,5550,1914.93
2025-12-11 13:38:00,NSE,25771.4,25750,2025-12-23,2025-12-30,2026-01-06,2026-01-13,2026-01-20,179720,545140,-525,450,1050,4500,15.99,12.84,2025-12-20 07:57:57,3.033273981749388,4.285714285714286,975,0.8571428571428571,724860,-75,5550,0.8030018761726079,-3.1500000000000004,54.875,416,693,610.1666666666666,-604,6577,BEARISH_TURN,f,f,NEUTRAL,NEUTRAL_PREDICT,-975,-4725,6750,1972.79
2025-12-11 13:35:00,NSE,25771.4,25750,2025-12-23,2025-12-30,2026-01-06,2026-01-13,2026-01-20,180245,544690,-1875,-2850,3675,3075,16.003333333333334,12.8275,2025-12-20 07:57:55,3.0219423562373438,0.8367346938775511,-975,-1.52,724935,-4725,6750,0.8015517600499896,-3.1758333333333333,45.125,-619,448,525.1666666666666,-1369,6967,BULLISH_TURN,t,f,NEUTRAL,NEUTRAL_PREDICT,505,655,9335,2011.10
2025-12-11 13:32:00,NSE,25771.4,25750,2025-12-23,2025-12-30,2026-01-06,2026-01-13,2026-01-20,182120,547540,75,580,2250,7085,16.099999999999998,12.809999999999999,2025-12-20 07:57:53,3.006479244454206,3.148888888888889,505,7.733333333333333,729660,655,9335,0.7956521739130435,-3.289999999999999,52.525,-679,573,930.1666666666666,-169,6022,BEARISH_CONTINUE,t,f,NEUTRAL,NEUTRAL_PREDICT,75,-75,9750,2776.37
2025-12-11 13:30:00,NSE,25771.4,25750,2025-12-23,2025-12-30,2026-01-06,2026-01-13,2026-01-20,182045,546960,-75,0,3600,6150,16.126666666666665,12.7025,2025-12-20 07:57:51,3.0045318465214645,1.7083333333333333,75,0,729005,-75,9750,0.787670525010335,-3.4241666666666646,50.375,285,399.3333333333333,443.3333333333333,765,4590,BEARISH_CONTINUE,t,t,NEUTRAL,BEARISH_PREDICT,1500,1200,1500,3904.70
2025-12-11 13:29:00,NSE,25771.4,25750,2025-12-23,2025-12-30,2026-01-06,2026-01-13,2026-01-20,182120,546960,-150,1350,75,1425,16.05333333333333,12.675,2025-12-20 07:57:50,3.00329453107841,19,1500,9,729080,1200,1500,0.7895556478405317,-3.3783333333333303,57.5,180,494.3333333333333,655.8333333333334,900,3120,BEARISH_TURN,t,f,NEUTRAL,NEUTRAL_PREDICT,-4200,-3900,7500,4054.55
2025-12-11 13:26:00,NSE,25771.4,25750,2025-12-23,2025-12-30,2026-01-06,2026-01-13,2026-01-20,182270,545610,150,-4050,975,6525,16.30666666666667,12.575,2025-12-20 07:57:48,2.993416360344544,6.6923076923076925,-4200,-27,727880,-3900,7500,0.7711569910057235,-3.731666666666669,29,210,379.3333333333333,620.8333333333334,330,3495,BULLISH_CONTINUE,t,t,NEUTRAL,BULLISH_PREDICT,-1275,1275,2025,4051.55
2025-12-11 13:24:00,NSE,25771.4,25750,2025-12-23,2025-12-30,2026-01-06,2026-01-13,2026-01-20,182120,549660,1275,0,450,1575,16.106666666666666,12.670000000000002,2025-12-20 07:57:46,3.018119920931254,3.5,-1275,0,731780,1275,2025,0.7866307947019869,-3.436666666666664,43.625,1215,824.3333333333334,728.3333333333334,1125,2790,BULLISH_TURN,f,f,NEUTRAL,NEUTRAL_PREDICT,5325,5325,2175,3961.00
2025-12-11 13:23:00,NSE,25771.4,25750,2025-12-23,2025-12-30,2026-01-06,2026-01-13,2026-01-20,180845,549660,0,5325,225,1950,16.456666666666667,12.615,2025-12-20 07:57:45,3.0393983798280297,8.666666666666666,5325,,730505,5325,2175,0.7665586388495037,-3.841666666666667,76.625,2385,849.3333333333334,798.3333333333334,45,4065,BEARISH_TURN,f,f,NEUTRAL,NEUTRAL_PREDICT,-450,600,2400,3942.89
2025-12-11 13:20:00,NSE,25771.4,25750,2025-12-23,2025-12-30,2026-01-06,2026-01-13,2026-01-20,180845,544335,525,75,750,1650,16.493333333333332,12.6275,2025-12-20 07:57:43,3.009953274903923,2.2,-450,0.14285714285714285,725180,600,2400,0.7656123686337915,-3.865833333333333,47.75,1755,559.3333333333334,623,-915,5580,BULLISH_TURN,t,f,NEUTRAL,NEUTRAL_PREDICT,1650,-1650,3375,3850.52
2025-12-11 13:18:00,NSE,25771.4,25750,2025-12-23,2025-12-30,2026-01-06,2026-01-13,2026-01-20,180320,544260,-1650,0,75,3300,15.996666666666668,12.6425,2025-12-20 07:57:41,3.018300798580302,44,1650,0,724580,-1650,3375,0.790320900187539,-3.354166666666668,58.25,1770,593.6666666666666,620.5,-1080,6450,BEARISH_CONTINUE,t,f,NEUTRAL,NEUTRAL_PREDICT,825,75,3975,3851.27
2025-12-11 13:17:00,NSE,25771.4,25750,2025-12-23,2025-12-30,2026-01-06,2026-01-13,2026-01-20,181970,544260,-375,450,450,3525,16.25,12.682500000000001,2025-12-20 07:57:40,2.990932571302962,7.833333333333333,825,1.2,726230,75,3975,0.7804615384615385,-3.567499999999999,54.125,1453,623.6666666666666,613,-737,6251,BEARISH_CONTINUE,t,f,NEUTRAL,NEUTRAL_PREDICT,4575,-4125,8400,3849.41
2025-12-11 13:14:00,NSE,25771.4,25750,2025-12-23,2025-12-30,2026-01-06,2026-01-13,2026-01-20,182345,543810,-4350,225,2025,6375,16.223333333333333,12.614999999999998,2025-12-20 07:57:38,2.9823137459211932,3.1481481481481484,4575,0.05172413793103448,726155,-4125,8400,0.7775837271419765,-3.6083333333333343,72.875,748,688.6666666666666,589.8333333333334,-872,6086,BEARISH_CONTINUE,t,f,NEUTRAL,NEUTRAL_PREDICT,2175,525,9750,3850.18
2025-12-11 13:11:00,NSE,25771.4,25750,2025-12-23,2025-12-30,2026-01-06,2026-01-13,2026-01-20,186695,543585,-825,1350,2550,7200,16.143333333333334,12.66,2025-12-20 07:57:35,2.9116205575939365,2.823529411764706,2175,1.6363636363636365,730280,525,9750,0.7842246541399959,-3.4833333333333343,60.875,13,396.6666666666667,424.8333333333333,-227,4706,BEARISH_TURN,t,f,NEUTRAL,NEUTRAL_PREDICT,-375,-225,6750,3778.92
2025-12-11 13:08:00,NSE,25771.4,25750,2025-12-23,2025-12-30,2026-01-06,2026-01-13,2026-01-20,187520,542235,75,-300,375,6375,16.503333333333334,12.52,2025-12-20 07:57:33,2.891611561433447,17,-375,-4,729755,-225,6750,0.7586346192688346,-3.9833333333333343,48.125,-842,341.6666666666667,522.3333333333334,-932,3131,BULLISH_TURN,t,t,NEUTRAL,BULLISH_PREDICT,65,65,2380,3862.44
2025-12-11 13:07:00,NSE,25771.4,25750,2025-12-23,2025-12-30,2026-01-06,2026-01-13,2026-01-20,187445,542535,0,65,675,1705,16.46,12.66,2025-12-20 07:57:32,2.8943690149110406,2.525925925925926,65,,729980,65,2380,0.7691373025516403,-3.8000000000000007,50.325,-467,321.6666666666667,619.8333333333334,-647,2726,BEARISH_TURN,t,f,NEUTRAL,NEUTRAL_PREDICT,-2700,-600,3150,3875.90
2025-12-11 13:05:00,NSE,25771.4,25750,2025-12-23,2025-12-30,2026-01-06,2026-01-13,2026-01-20,187445,542470,1050,-1650,1575,1575,16.27,12.695,2025-12-20 07:57:30,2.8940222465256475,1,-2700,-1.5714285714285714,729915,-600,3150,0.7802704363859865,-3.5749999999999993,36.5,-525,527.3333333333334,677.6666666666666,-705,2415,BULLISH_TURN,f,t,NEUTRAL,BULLISH_PREDICT,900,-900,1500,3880.28
2025-12-11 13:03:00,NSE,25771.4,25750,2025-12-23,2025-12-30,2026-01-06,2026-01-13,2026-01-20,186395,544120,-900,0,375,1125,16.44666666666667,12.7275,2025-12-20 07:57:28,2.919177016550873,3,900,0,730515,-900,1500,0.7738650182407781,-3.71916666666667,54.5,510,602.3333333333334,804.8333333333334,-180,2295,BEARISH_TURN,f,f,NEUTRAL,NEUTRAL_PREDICT,-2100,-3000,1875,3827.93
2025-12-11 13:02:00,NSE,25771.4,25750,2025-12-23,2025-12-30,2026-01-06,2026-01-13,2026-01-20,187295,544120,-450,-2550,75,1800,16.29,12.834999999999999,2025-12-20 07:57:27,2.9051496302624202,24,-2100,-5.666666666666667,731415,-3000,1875,0.7879066912216083,-3.455,39.5,150,1287.3333333333333,819.8333333333334,-270,2460,BULLISH_TURN,t,f,NEUTRAL,NEUTRAL_PREDICT,1500,1200,4725,3829.20
2025-12-11 12:59:00,NSE,25771.4,25750,2025-12-23,2025-12-30,2026-01-06,2026-01-13,2026-01-20,187745,546670,-150,1350,525,4200,16.483333333333334,12.815,2025-12-20 07:57:25,2.911768622333484,8,1500,9,734415,1200,4725,0.7774519716885743,-3.668333333333335,57.5,765,487.3333333333333,919.8333333333334,195,2430,BEARISH_TURN,t,t,NEUTRAL,BEARISH_PREDICT,-225,-225,825,3789.28
2025-12-11 12:57:00,NSE,25771.4,25750,2025-12-23,2025-12-30,2026-01-06,2026-01-13,2026-01-20,187895,545320,0,-225,150,675,16.430000000000003,12.7925,2025-12-20 07:57:23,2.9022592405332768,4.5,-225,,733215,-225,825,0.7786062081558124,-3.637500000000003,48.875,478,817.3333333333334,887.3333333333334,-32,2278,BULLISH_TURN,t,f,NEUTRAL,NEUTRAL_PREDICT,2475,2025,2550,3788.31
2025-12-11 12:56:00,NSE,25771.4,25750,2025-12-23,2025-12-30,2026-01-06,2026-01-13,2026-01-20,187895,545545,-225,2250,1050,1500,16.15,12.940000000000001,2025-12-20 07:57:22,2.903456717847734,1.4285714285714286,2475,10,733440,2025,2550,0.8012383900928794,-3.2099999999999973,62.375,943,862.3333333333334,899.8333333333334,493,2548,BEARISH_TURN,t,f,NEUTRAL,NEUTRAL_PREDICT,-900,-1350,2325,3785.13
2025-12-11 12:53:00,NSE,25771.4,25750,2025-12-23,2025-12-30,2026-01-06,2026-01-13,2026-01-20,188120,543295,-225,-1125,150,2175,16.026666666666667,13.0225,2025-12-20 07:57:20,2.8880236019561982,14.5,-900,-5,731415,-1350,2325,0.812551996672213,-3.0041666666666664,45.5,808,632.3333333333334,1002.3333333333334,418,3191,BULLISH_TURN,f,f,NEUTRAL,NEUTRAL_PREDICT,975,-675,1725,3869.94
2025-12-11 12:50:00,NSE,25771.4,25750,2025-12-23,2025-12-30,2026-01-06,2026-01-13,2026-01-20,188345,544420,-825,150,750,975,16.293333333333333,12.9025,2025-12-20 07:57:17,2.89054660330776,1.3,975,0.18181818181818182,732765,-675,1725,0.7918882978723404,-3.390833333333333,54.875,1027,747.3333333333334,1039.8333333333333,727,3896,BEARISH_CONTINUE,t,f,NEUTRAL,NEUTRAL_PREDICT,65,65,3965,3856.30
2025-12-11 12:49:00,NSE,25771.4,25750,2025-12-23,2025-12-30,2026-01-06,2026-01-13,2026-01-20,189170,544270,0,65,1800,2165,16.426666666666666,12.9675,2025-12-20 07:57:16,2.8771475392504096,1.2027777777777777,65,,733440,65,3965,0.7894176136363636,-3.4591666666666665,50.325,1102,686.6666666666666,1052.3333333333333,952,3881,BEARISH_CONTINUE,f,f,NEUTRAL,NEUTRAL_PREDICT,2100,2400,2175,3856.69
2025-12-11 12:47:00,NSE,25771.4,25750,2025-12-23,2025-12-30,2026-01-06,2026-01-13,2026-01-20,189170,544205,150,2250,750,1425,16.37333333333333,13.05,2025-12-20 07:57:15,2.8768039329703443,1.9,2100,15,733375,2400,2175,0.797027687296417,-3.3233333333333306,60.5,954,647.3333333333334,1015.1666666666666,1014,3898,BEARISH_CONTINUE,f,f,NEUTRAL,NEUTRAL_PREDICT,1800,1650,5765,3871.88
2025-12-11 12:44:00,NSE,25771.4,25750,2025-12-23,2025-12-30,2026-01-06,2026-01-13,2026-01-20,189020,541955,-75,1725,375,5390,16.256666666666664,13.0275,2025-12-20 07:57:12,2.867183366839488,14.373333333333333,1800,23,730975,1650,5765,0.8013635431617799,-3.2291666666666643,59,1164,602.3333333333334,967.6666666666666,594,4288,BEARISH_CONTINUE,f,f,NEUTRAL,NEUTRAL_PREDICT,195,195,5850,3866.85
2025-12-11 12:43:00,NSE,25771.4,25750,2025-12-23,2025-12-30,2026-01-06,2026-01-13,2026-01-20,189095,540230,0,195,1875,3975,16.283333333333335,12.967500000000001,2025-12-20 07:57:11,2.856923768476163,2.12,195,,729325,195,5850,0.7963664278403275,-3.315833333333334,50.975,489,491,1002.6666666666666,-1491,4095,BEARISH_CONTINUE,f,t,NEUTRAL,BEARISH_PREDICT,1350,450,1650,3879.37
2025-12-11 12:41:00,NSE,25771.4,25750,2025-12-23,2025-12-30,2026-01-06,2026-01-13,2026-01-20,189095,540035,-450,900,750,900,16.196666666666665,12.9125,2025-12-20 07:57:10,2.8558925407863773,1.2,1350,2,729130,450,1650,0.797231940728545,-3.284166666666666,56.75,2685,453,988.6666666666666,-4125,6233,BEARISH_TURN,f,f,NEUTRAL,NEUTRAL_PREDICT,-675,375,4050,3883.14
2025-12-11 12:38:00,NSE,25771.4,25750,2025-12-23,2025-12-30,2026-01-06,2026-01-13,2026-01-20,189545,539135,525,-150,675,3375,16.516666666666666,12.940000000000001,2025-12-20 07:57:07,2.8443641351657916,5,-675,-0.2857142857142857,728680,375,4050,0.7834510595358225,-3.5766666666666644,46.625,-405,703,968.6666666666666,-7035,18559,BULLISH_TURN,f,f,NEUTRAL,NEUTRAL_PREDICT,3150,300,4125,3882.76
2025-12-11 12:35:00,NSE,25771.4,25750,2025-12-23,2025-12-30,2026-01-06,2026-01-13,2026-01-20,189020,539285,-1425,1725,600,3525,16.19,13.0275,2025-12-20 07:57:05,2.853057877473283,5.875,3150,1.2105263157894737,728305,300,4125,0.8046633724521308,-3.1625000000000014,65.75,1020,918,1013.6666666666666,-7260,18874,BEARISH_TURN,t,f,NEUTRAL,NEUTRAL_PREDICT,-1575,-8775,4800,3870.86
2025-12-11 12:32:00,NSE,25771.4,25750,2025-12-23,2025-12-30,2026-01-06,2026-01-13,2026-01-20,190445,537560,-3600,-5175,1350,3450,16.33666666666667,13.0575,2025-12-20 07:57:02,2.8226522092992727,2.5555555555555554,-1575,-1.4375,728005,-8775,4800,0.7992756580289735,-3.2791666666666703,42.125,480,828,936.1666666666666,-7110,20074,BULLISH_TURN,f,f,NEUTRAL,NEUTRAL_PREDICT,11175,-12975,16540,3849.83
2025-12-11 12:29:00,NSE,25771.4,25750,2025-12-23,2025-12-30,2026-01-06,2026-01-13,2026-01-20,194045,542735,-12075,-900,4575,11965,16.26,13.16,2025-12-20 07:56:59,2.796954314720812,2.6153005464480876,11175,-0.07453416149068323,736780,-12975,16540,0.8093480934809347,-3.1000000000000014,100,600,1007.3333333333334,958.6666666666666,-5430,20314,BEARISH_TURN,f,f,NEUTRAL,NEUTRAL_PREDICT,-14100,-14100,63280,3836.60
2025-12-11 12:28:00,NSE,25771.4,25750,2025-12-23,2025-12-30,2026-01-06,2026-01-13,2026-01-20,206120,543635,0,-14100,21525,41755,16.176666666666666,13.14,2025-12-20 07:56:59,2.637468464971861,1.9398373983739838,-14100,,749755,-14100,63280,0.8122810632598394,-3.0366666666666653,0,-1470,352.3333333333333,524,-3000,17516,BULLISH_TURN,f,t,NEUTRAL,BULLISH_PREDICT,6450,-750,5625,3346.63
2025-12-11 12:26:00,NSE,25771.4,25750,2025-12-23,2025-12-30,2026-01-06,2026-01-13,2026-01-20,206120,557735,-3600,2850,675,4950,16.396666666666665,13.215,2025-12-20 07:56:57,2.7058752183194255,7.333333333333333,6450,0.7916666666666666,763855,-750,5625,0.8059564952226063,-3.181666666666665,82.25,1363,1352.3333333333333,1031.5,-167,6598,BEARISH_CONTINUE,t,f,NEUTRAL,NEUTRAL_PREDICT,450,1050,10125,1889.81
2025-12-11 12:23:00,NSE,25771.4,25750,2025-12-23,2025-12-30,2026-01-06,2026-01-13,2026-01-20,209720,554885,300,750,6075,4050,16.343333333333334,13.182500000000001,2025-12-20 07:56:54,2.645837306885371,0.6666666666666666,450,2.5,764605,1050,10125,0.8065980012237406,-3.1608333333333327,52.25,-32,957.3333333333334,829,88,7033,BEARISH_TURN,t,f,NEUTRAL,NEUTRAL_PREDICT,-975,-375,6000,1591.04
2025-12-11 12:20:00,NSE,25771.4,25750,2025-12-23,2025-12-30,2026-01-06,2026-01-13,2026-01-20,209420,554135,300,-675,1050,4950,16.423333333333336,13.21,2025-12-20 07:56:52,2.6460462229013464,4.714285714285714,-975,-2.25,763555,-375,6000,0.8043434138420945,-3.2133333333333347,45.125,163,937.3333333333334,814,-557,5473,BULLISH_TURN,f,t,NEUTRAL,BULLISH_PREDICT,825,-825,2550,1596.85
2025-12-11 12:19:00,NSE,25771.4,25750,2025-12-23,2025-12-30,2026-01-06,2026-01-13,2026-01-20,209120,554810,-825,0,600,1950,16.403333333333332,13.197499999999998,2025-12-20 07:56:51,2.6530700076511096,3.25,825,0,763930,-825,2550,0.8045620808778703,-3.2058333333333344,54.125,384,1372.3333333333333,956.5,-456,4871,BEARISH_CONTINUE,t,f,NEUTRAL,NEUTRAL_PREDICT,65,65,8690,1622.24
2025-12-11 12:18:00,NSE,25771.4,25750,2025-12-23,2025-12-30,2026-01-06,2026-01-13,2026-01-20,209945,554810,0,65,3600,5090,16.483333333333334,13.175,2025-12-20 07:56:50,2.642644502131511,1.413888888888889,65,,764755,65,8690,0.7992922143579373,-3.3083333333333336,50.325,144,1332.3333333333333,1106.5,-756,6401,BEARISH_TURN,f,f,NEUTRAL,NEUTRAL_PREDICT,-525,525,7800,1807.17
2025-12-11 12:17:00,NSE,25771.4,25750,2025-12-23,2025-12-30,2026-01-06,2026-01-13,2026-01-20,209945,554745,525,0,3150,4650,16.400000000000002,13.1525,2025-12-20 07:56:49,2.6423348972349903,1.4761904761904763,-525,0,764690,525,7800,0.8019817073170731,-3.2475000000000023,47.375,1151,1418,1091.8333333333333,-1159,4903,BULLISH_TURN,t,t,NEUTRAL,BULLISH_PREDICT,1425,-2175,2325,1817.67
2025-12-11 12:16:00,NSE,25771.4,25750,2025-12-23,2025-12-30,2026-01-06,2026-01-13,2026-01-20,209420,554745,-1800,-375,150,2175,16.426666666666666,13.2025,2025-12-20 07:56:48,2.648959029701079,14.5,1425,-0.20833333333333334,764165,-2175,2325,0.8037236201298702,-3.2241666666666653,57.125,1766,1383,1381.8333333333333,-754,6043,BEARISH_CONTINUE,t,f,NEUTRAL,NEUTRAL_PREDICT,130,130,2990,2203.82
2025-12-11 12:15:00,NSE,25771.4,25750,2025-12-23,2025-12-30,2026-01-06,2026-01-13,2026-01-20,211220,555120,0,130,1875,1115,16.473333333333333,13.184999999999999,2025-12-20 07:56:48,2.6281602121011267,0.5946666666666667,130,,766340,130,2990,0.8003844597329016,-3.288333333333334,50.65,1841,1333,1399.3333333333333,-679,7438,BEARISH_TURN,t,f,NEUTRAL,NEUTRAL_PREDICT,-375,-2325,10200,2206.26
2025-12-11 12:14:00,NSE,25771.4,25750,2025-12-23,2025-12-30,2026-01-06,2026-01-13,2026-01-20,211220,554990,-975,-1350,7575,2625,16.566666666666666,13.115,2025-12-20 07:56:47,2.6275447400814316,0.3465346534653465,-375,-1.3846153846153846,766210,-2325,10200,0.7916498993963783,-3.451666666666666,48.125,2038,1514.3333333333333,1397.1666666666667,-2252,8081,BULLISH_TURN,f,t,NEUTRAL,BULLISH_PREDICT,5100,-1950,1200,2207.58
2025-12-11 12:11:00,NSE,25771.4,25750,2025-12-23,2025-12-30,2026-01-06,2026-01-13,2026-01-20,212195,556340,-3525,1575,525,675,16.45,13.160000000000002,2025-12-20 07:56:44,2.6218336907090176,1.2857142857142858,5100,0.44680851063829785,768535,-1950,1200,0.8000000000000002,-3.2899999999999974,75.5,2383,1524.3333333333333,1622.1666666666667,-1847,10031,BEARISH_CONTINUE,t,f,NEUTRAL,NEUTRAL_PREDICT,2550,2550,13500,2359.49
2025-12-11 12:10:00,NSE,25771.4,25750,2025-12-23,2025-12-30,2026-01-06,2026-01-13,2026-01-20,215720,554765,0,2550,1350,12150,16.62666666666667,13.1225,2025-12-20 07:56:43,2.5716901539032078,9,2550,,770485,2550,13500,0.7892441860465116,-3.504166666666668,62.75,1543,1234.3333333333333,1462.1666666666667,-1637,13646,BEARISH_CONTINUE,t,f,NEUTRAL,NEUTRAL_PREDICT,1800,-1800,9300,2276.82
2025-12-11 12:08:00,NSE,25771.4,25750,2025-12-23,2025-12-30,2026-01-06,2026-01-13,2026-01-20,215720,552215,-1800,0,3825,5475,16.496666666666666,13.125,2025-12-20 07:56:41,2.559869274986093,1.4313725490196079,1800,0,767935,-1800,9300,0.7956152758132956,-3.371666666666666,59,1138,1109.3333333333333,1664.6666666666667,-3002,14246,BEARISH_CONTINUE,f,f,NEUTRAL,NEUTRAL_PREDICT,1115,-7735,6205,2621.04
2025-12-11 12:07:00,NSE,25771.4,25750,2025-12-23,2025-12-30,2026-01-06,2026-01-13,2026-01-20,217520,552215,-4425,-3310,900,5305,16.613333333333333,13.1425,2025-12-20 07:56:41,2.5386860978300847,5.894444444444445,1115,-0.7480225988700565,769735,-7735,6205,0.7910814606741573,-3.470833333333333,55.575,808,1044.3333333333333,1602.5,-2672,13811,BEARISH_CONTINUE,f,f,NEUTRAL,NEUTRAL_PREDICT,1350,-300,19950,2639.77
2025-12-11 12:04:00,NSE,25771.4,25750,2025-12-23,2025-12-30,2026-01-06,2026-01-13,2026-01-20,221945,555525,-825,525,6600,13350,16.67,13.272499999999999,2025-12-20 07:56:38,2.502984973754759,2.022727272727273,1350,0.6363636363636364,777470,-300,19950,0.7961907618476304,-3.3975000000000026,56.75,1695,910,1915.3333333333333,-855,16035,BEARISH_CONTINUE,f,f,NEUTRAL,NEUTRAL_PREDICT,900,-900,19275,3096.58
2025-12-11 12:02:00,NSE,25771.4,25750,2025-12-23,2025-12-30,2026-01-06,2026-01-13,2026-01-20,222770,555000,-900,0,10425,8850,16.48333333333333,13.1175,2025-12-20 07:56:36,2.491358800556628,0.8489208633093526,900,0,777770,-900,19275,0.7958038422649142,-3.365833333333331,54.5,1470,695.6666666666666,1787.8333333333333,-840,12975,BEARISH_CONTINUE,f,f,NEUTRAL,NEUTRAL_PREDICT,525,-4275,16500,3197.75
2025-12-11 12:01:00,NSE,25771.4,25750,2025-12-23,2025-12-30,2026-01-06,2026-01-13,2026-01-20,223670,555000,-2400,-1875,6450,10050,16.363333333333333,13.075,2025-12-20 07:56:35,2.481334108284526,1.558139534883721,525,-0.78125,778670,-4275,16500,0.7990425748624974,-3.288333333333334,52.625,1560,710.6666666666666,1755.6666666666667,-960,9975,BEARISH_CONTINUE,f,t,NEUTRAL,BEARISH_PREDICT,150,-150,7125,3211.81
2025-12-11 11:59:00,NSE,25771.4,25750,2025-12-23,2025-12-30,2026-01-06,2026-01-13,2026-01-20,226070,556875,-150,0,1950,5175,16.24,13.03,2025-12-20 07:56:34,2.463285707966559,2.6538461538461537,150,0,782945,-150,7125,0.8023399014778325,-3.209999999999999,50.75,1245,700.6666666666666,458.1666666666667,-315,7200,BEARISH_CONTINUE,t,f,NEUTRAL,NEUTRAL_PREDICT,5550,1350,17325,8007.79
2025-12-11 11:58:00,NSE,25771.4,25750,2025-12-23,2025-12-30,2026-01-06,2026-01-13,2026-01-20,226220,556875,-2100,3450,900,16425,16.22,13,2025-12-20 07:56:33,2.4616523737954203,18.25,5550,1.6428571428571428,783095,1350,17325,0.8014796547472257,-3.219999999999999,77.75,1350,690.6666666666666,573.1666666666666,-600,7485,BEARISH_CONTINUE,t,t,NEUTRAL,BEARISH_PREDICT,225,-225,4650,8027.95
2025-12-11 11:56:00,NSE,25771.4,25750,2025-12-23,2025-12-30,2026-01-06,2026-01-13,2026-01-20,228320,553425,-225,0,1275,3375,16.39,12.950000000000001,2025-12-20 07:56:31,2.4239006657323054,2.6470588235294117,225,0,781745,-225,4650,0.7901159243441123,-3.4399999999999995,51.125,810,540.6666666666666,399,-1350,4365,BEARISH_CONTINUE,f,f,NEUTRAL,NEUTRAL_PREDICT,1350,-1500,4275,7972.75
2025-12-11 11:55:00,NSE,25771.4,25750,2025-12-23,2025-12-30,2026-01-06,2026-01-13,2026-01-20,228545,553425,-1425,-75,1125,3150,16.24,13.082500000000001,2025-12-20 07:56:31,2.421514362598175,2.8,1350,-0.05263157894736842,781970,-1500,4275,0.8055726600985224,-3.157499999999997,56.75,720,880.6666666666666,161.5,-1350,5265,BEARISH_TURN,f,f,NEUTRAL,NEUTRAL_PREDICT,-1050,-1050,2625,8083.46
2025-12-11 11:53:00,NSE,25771.4,25750,2025-12-23,2025-12-30,2026-01-06,2026-01-13,2026-01-20,229970,553500,0,-1050,525,2100,16.486666666666665,12.930000000000001,2025-12-20 07:56:29,2.4068356742183763,4,-1050,,783470,-1050,2625,0.7842701172664781,-3.556666666666663,44.75,600,765.6666666666666,114.33333333333333,-900,4905,BULLISH_TURN,f,f,NEUTRAL,NEUTRAL_PREDICT,675,-1575,8550,8080.42
2025-12-11 11:52:00,NSE,25771.4,25750,2025-12-23,2025-12-30,2026-01-06,2026-01-13,2026-01-20,229970,554550,-1125,-450,2175,6375,16.366666666666667,13.035,2025-12-20 07:56:28,2.411401487150498,2.9310344827586206,675,-0.4,784520,-1575,8550,0.7964358452138492,-3.331666666666667,53.375,945,1380.6666666666667,-37.5,-825,4605,BEARISH_CONTINUE,f,t,NEUTRAL,BEARISH_PREDICT,2850,-2400,1725,8145.58
2025-12-11 11:50:00,NSE,25771.4,25750,2025-12-23,2025-12-30,2026-01-06,2026-01-13,2026-01-20,231095,555000,-2625,225,225,1500,16.386666666666667,12.872499999999999,2025-12-20 07:56:27,2.401609727601203,6.666666666666667,2850,0.08571428571428572,786095,-2400,1725,0.785547192839707,-3.514166666666668,64.25,975,1465.6666666666667,177.16666666666666,-555,3150,BEARISH_TURN,f,f,NEUTRAL,NEUTRAL_PREDICT,-225,-225,9150,8249.21
2025-12-11 11:49:00,NSE,25771.4,25750,2025-12-23,2025-12-30,2026-01-06,2026-01-13,2026-01-20,233720,554775,0,-225,3675,5475,16.636666666666667,12.8675,2025-12-20 07:56:26,2.373673626561698,1.489795918367347,-225,,788495,-225,9150,0.7734421959527149,-3.769166666666667,48.875,225,1280,122.16666666666667,-255,3643,BULLISH_TURN,t,t,NEUTRAL,BULLISH_PREDICT,750,750,2475,8236.26
2025-12-11 11:47:00,NSE,25771.4,25750,2025-12-23,2025-12-30,2026-01-06,2026-01-13,2026-01-20,233720,555000,0,750,1125,1350,16.686666666666664,12.7725,2025-12-20 07:56:24,2.3746363169604656,1.2,750,,788720,750,2475,0.7654314822213346,-3.914166666666663,53.75,-103,1720,224.66666666666666,167,2823,BEARISH_CONTINUE,t,t,NEUTRAL,BEARISH_PREDICT,675,-675,1125,8250.91
2025-12-11 11:46:00,NSE,25771.4,25750,2025-12-23,2025-12-30,2026-01-06,2026-01-13,2026-01-20,233720,554250,-675,0,750,375,16.52,12.89,2025-12-20 07:56:23,2.371427348964573,0.5,675,0,787970,-675,1125,0.780266343825666,-3.629999999999999,53.375,-28,1690,1057.1666666666667,-208,2658,BEARISH_CONTINUE,f,f,NEUTRAL,NEUTRAL_PREDICT,825,-225,1275,9474.92
2025-12-11 11:44:00,NSE,25771.4,25750,2025-12-23,2025-12-30,2026-01-06,2026-01-13,2026-01-20,234395,554250,-525,300,450,825,16.416666666666668,12.925,2025-12-20 07:56:22,2.364598220951812,1.8333333333333333,825,0.5714285714285714,788645,-225,1275,0.7873096446700507,-3.491666666666667,54.125,-88,2220,1072.1666666666667,2,3153,BEARISH_TURN,f,f,NEUTRAL,NEUTRAL_PREDICT,-900,-900,4190,9474.65
2025-12-11 11:43:00,NSE,25771.4,25750,2025-12-23,2025-12-30,2026-01-06,2026-01-13,2026-01-20,234920,553950,0,-900,1275,2915,16.45,12.9375,2025-12-20 07:56:21,2.35803677847778,2.2862745098039214,-900,,788870,-900,4190,0.7864741641337386,-3.5124999999999993,45.5,-253,2160.6666666666665,1854.6666666666667,-583,3663,BULLISH_CONTINUE,t,f,NEUTRAL,NEUTRAL_PREDICT,-1865,1885,5050,10379.69
2025-12-11 11:40:00,NSE,25771.4,25750,2025-12-23,2025-12-30,2026-01-06,2026-01-13,2026-01-20,234920,554850,1875,10,1500,3550,16.533333333333335,12.9,2025-12-20 07:56:18,2.361867869913162,2.3666666666666667,-1865,0.005333333333333333,789770,1885,5050,0.7802419354838709,-3.6333333333333346,40.675,587,2920.6666666666665,2202.5,-313,4145,BULLISH_TURN,t,t,NEUTRAL,BULLISH_PREDICT,1125,-1125,1650,10458.74
2025-12-11 11:38:00,NSE,25771.4,25750,2025-12-23,2025-12-30,2026-01-06,2026-01-13,2026-01-20,233045,554840,-1125,0,1050,600,16.486666666666665,12.924999999999999,2025-12-20 07:56:17,2.3808277371323134,0.5714285714285714,1125,0,787885,-1125,1650,0.7839668418924384,-3.5616666666666656,55.625,2025,2880,2337.1666666666665,135,3645,BEARISH_CONTINUE,t,f,NEUTRAL,NEUTRAL_PREDICT,375,375,3600,10430.53
2025-12-11 11:37:00,NSE,25771.4,25750,2025-12-23,2025-12-30,2026-01-06,2026-01-13,2026-01-20,234170,554840,0,375,1875,1725,16.67,12.7975,2025-12-20 07:56:16,2.369389759576376,0.92,375,,789010,375,3600,0.7676964607078584,-3.8725000000000023,51.875,1725,2800.6666666666665,2126.8333333333335,285,4620,NEUTRAL,t,f,NEUTRAL,NEUTRAL_PREDICT,0,-3150,3825,10519.06
2025-12-11 11:34:00,NSE,25771.4,25750,2025-12-23,2025-12-30,2026-01-06,2026-01-13,2026-01-20,234170,554465,-1575,-1575,450,3375,16.73,12.790000000000001,2025-12-20 07:56:14,2.367788358884571,7.5,0,-1,788635,-3150,3825,0.7644949193066348,-3.9399999999999995,50,3285,215.66666666666666,2036.8333333333333,1605,4935,NEUTRAL,t,f,NEUTRAL,NEUTRAL_PREDICT,3300,450,6600,10546.09
2025-12-11 11:31:00,NSE,25771.4,25750,2025-12-23,2025-12-30,2026-01-06,2026-01-13,2026-01-20,235745,556040,-1425,1875,4200,2400,16.803333333333335,12.79,2025-12-20 07:56:11,2.358650236484337,0.5714285714285714,3300,1.3157894736842106,791785,450,6600,0.7611585002975599,-4.013333333333335,66.5,3675,455.6666666666667,2059.3333333333335,2535,6570,BEARISH_CONTINUE,f,t,NEUTRAL,BEARISH_PREDICT,5325,4125,2550,10542.31
2025-12-11 11:29:00,NSE,25771.4,25750,2025-12-23,2025-12-30,2026-01-06,2026-01-13,2026-01-20,237170,554165,-600,4725,1725,825,16.853333333333335,12.6875,2025-12-20 07:56:10,2.3365729223763547,0.4782608695652174,5325,7.875,791335,4125,2550,0.7528184335443037,-4.165833333333335,76.625,3028,257.3333333333333,1955.8333333333333,2458,7723,BEARISH_TURN,t,f,NEUTRAL,NEUTRAL_PREDICT,-375,-375,6525,10544.95
2025-12-11 11:26:00,NSE,25771.4,25750,2025-12-23,2025-12-30,2026-01-06,2026-01-13,2026-01-20,237770,549440,0,-375,2100,4425,16.973333333333333,12.6575,2025-12-20 07:56:07,2.310804559027632,2.107142857142857,-375,,787210,-375,6525,0.7457285938727416,-4.315833333333332,48.125,3238,-557.6666666666666,1920.8333333333333,1648,8308,BULLISH_TURN,t,f,NEUTRAL,NEUTRAL_PREDICT,8175,6975,5175,10535.12
2025-12-11 11:25:00,NSE,25771.4,25750,2025-12-23,2025-12-30,2026-01-06,2026-01-13,2026-01-20,237770,549815,-600,7575,975,4200,16.86,12.71,2025-12-20 07:56:06,2.3123817134205322,4.3076923076923075,8175,12.625,787585,6975,5175,0.7538552787663109,-4.149999999999999,90.875,3373,-537,1935.5,1663,9373,BEARISH_CONTINUE,f,f,NEUTRAL,NEUTRAL_PREDICT,1950,1500,12000,10532.12
2025-12-11 11:22:00,NSE,25771.4,25750,2025-12-23,2025-12-30,2026-01-06,2026-01-13,2026-01-20,238370,542240,-225,1725,6600,5400,16.863333333333333,12.655,2025-12-20 07:56:04,2.2747829005327853,0.8181818181818182,1950,7.666666666666667,780610,1500,12000,0.7504447519272583,-4.208333333333334,59.75,3463,-1455.6666666666667,1733,3073,9733,BEARISH_CONTINUE,f,f,NEUTRAL,NEUTRAL_PREDICT,65,65,12365,10466.21
2025-12-11 11:20:00,NSE,25771.4,25750,2025-12-23,2025-12-30,2026-01-06,2026-01-13,2026-01-20,238595,540515,0,65,4875,7490,16.926666666666666,12.6375,2025-12-20 07:56:02,2.26540790879943,1.5364102564102564,65,,779110,65,12365,0.7466029933044506,-4.289166666666667,50.325,3060,-1111.3333333333333,1768,2786,10700,BEARISH_CONTINUE,f,t,NEUTRAL,BEARISH_PREDICT,6375,75,5475,10468.72
2025-12-11 11:19:00,NSE,25771.4,25750,2025-12-23,2025-12-30,2026-01-06,2026-01-13,2026-01-20,238595,540450,-3150,3225,1425,4050,16.883333333333336,12.665,2025-12-20 07:56:01,2.265135480626166,2.8421052631578947,6375,1.0238095238095237,779045,75,5475,0.750148075024679,-4.218333333333337,81.875,5147,-1035.6666666666667,1768,8953,12412,BEARISH_CONTINUE,t,f,NEUTRAL,NEUTRAL_PREDICT,300,-300,11850,10468.72
2025-12-11 11:17:00,NSE,25771.4,25750,2025-12-23,2025-12-30,2026-01-06,2026-01-13,2026-01-20,241745,537225,-300,0,5250,6600,16.773333333333333,12.6575,2025-12-20 07:56:00,2.2222796748640095,1.2571428571428571,300,0,778970,-300,11850,0.7546204292527823,-4.115833333333333,51.5,3377,-1270.6666666666667,1753,9733,14167,BEARISH_CONTINUE,t,f,NEUTRAL,NEUTRAL_PREDICT,8625,14025,6975,10462.21
2025-12-11 11:16:00,NSE,25771.4,25750,2025-12-23,2025-12-30,2026-01-06,2026-01-13,2026-01-20,242045,537225,2700,11325,2475,4500,16.936666666666667,12.5,2025-12-20 07:55:59,2.2195252948831827,1.8181818181818181,8625,4.194444444444445,779270,14025,6975,0.7380436921865774,-4.436666666666667,93.125,3304,424.3333333333333,1740.8333333333333,9806,15065,BEARISH_TURN,f,f,NEUTRAL,NEUTRAL_PREDICT,-65,65,16835,10464.17
2025-12-11 11:15:00,NSE,25771.4,25750,2025-12-23,2025-12-30,2026-01-06,2026-01-13,2026-01-20,239345,525900,65,0,4920,11915,16.986666666666668,12.475,2025-12-20 07:55:58,2.197246652321962,2.421747967479675,-65,0,765245,65,16835,0.7343995290423861,-4.5116666666666685,49.675,-6101,-75.66666666666667,1630.8333333333333,461,18410,BULLISH_TURN,f,f,NEUTRAL,NEUTRAL_PREDICT,10500,30900,20925,10406.49
2025-12-11 11:13:00,NSE,25771.4,25750,2025-12-23,2025-12-30,2026-01-06,2026-01-13,2026-01-20,239280,525900,10200,20700,4875,16050,16.66333333333333,12.5925,2025-12-20 07:55:56,2.197843530591775,3.292307692307692,10500,2.0294117647058822,765180,30900,20925,0.7557011402280457,-4.070833333333331,100,-5368,1548.6666666666667,2313,2458,21688,BEARISH_TURN,f,f,NEUTRAL,NEUTRAL_PREDICT,-2475,3975,14250,10948.16
2025-12-11 11:10:00,NSE,25771.4,25750,2025-12-23,2025-12-30,2026-01-06,2026-01-13,2026-01-20,229080,505200,3225,750,3750,10500,16.726666666666663,12.515,2025-12-20 07:55:54,2.2053431115767417,2.8,-2475,0.23255813953488372,734280,3975,14250,0.7482064567556798,-4.2116666666666625,37.625,-7403,1484.3333333333333,2323,-3657,20653,BULLISH_CONTINUE,f,f,NEUTRAL,NEUTRAL_PREDICT,-65,65,16340,10956.03
2025-12-11 11:08:00,NSE,25771.4,25750,2025-12-23,2025-12-30,2026-01-06,2026-01-13,2026-01-20,225855,504450,65,0,3365,12975,16.813333333333333,12.3875,2025-12-20 07:55:52,2.2335126519226938,3.8558692421991085,-65,0,730305,65,16340,0.7367664551942902,-4.425833333333333,49.675,-8288,1794.3333333333333,2303,-2592,20578,BULLISH_CONTINUE,t,f,NEUTRAL,NEUTRAL_PREDICT,-38400,-32700,23700,10965.63
2025-12-11 11:07:00,NSE,25771.4,25750,2025-12-23,2025-12-30,2026-01-06,2026-01-13,2026-01-20,225790,504450,2850,-35550,4875,18825,17.356666666666666,12.454999999999998,2025-12-20 07:55:52,2.234155631338855,3.8615384615384616,-38400,-12.473684210526315,730240,-32700,23700,0.7175917034760898,-4.901666666666667,0,-8288,1453,2237.6666666666665,-2618,20623,BULLISH_TURN,t,f,BULLISH,NEUTRAL_PREDICT,3600,10050,33225,10986.05
2025-12-11 11:04:00,NSE,25771.4,25750,2025-12-23,2025-12-30,2026-01-06,2026-01-13,2026-01-20,222940,540000,3225,6825,6825,26400,17.26,12.3675,2025-12-20 07:55:49,2.422176370323854,3.868131868131868,3600,2.116279069767442,762940,10050,33225,0.7165411355735805,-4.892500000000002,68,-1729,3858,3570.1666666666665,3101,18956,BEARISH_CONTINUE,f,t,NEUTRAL,BEARISH_PREDICT,325,325,15750,7869.31
2025-12-11 11:03:00,NSE,25771.4,25750,2025-12-23,2025-12-30,2026-01-06,2026-01-13,2026-01-20,219715,533175,0,325,5475,10275,17.176666666666666,12.520000000000001,2025-12-20 07:55:48,2.4266663632432923,1.8767123287671232,325,,752890,325,15750,0.7288957888608578,-4.6566666666666645,51.625,-1026,3663,3320.1666666666665,2248,15669,BEARISH_TURN,f,f,NEUTRAL,NEUTRAL_PREDICT,-6900,9300,13875,7986.59
2025-12-11 11:01:00,NSE,25771.4,25750,2025-12-23,2025-12-30,2026-01-06,2026-01-13,2026-01-20,219715,532850,8100,1200,6525,7350,17.276666666666667,13.07,2025-12-20 07:55:47,2.425187174293972,1.1264367816091954,-6900,0.14814814814814814,752565,9300,13875,0.7565116727763843,-4.206666666666667,15.5,-851,3654.3333333333335,3531.8333333333335,2543,13914,BULLISH_CONTINUE,t,f,NEUTRAL,NEUTRAL_PREDICT,-65,-65,16565,7988.62
2025-12-11 10:59:00,NSE,25771.4,25750,2025-12-23,2025-12-30,2026-01-06,2026-01-13,2026-01-20,211615,531650,0,-65,7650,8915,17.23333333333333,13.053333333333333,2025-12-20 07:55:45,2.512345533161638,1.165359477124183,-65,,743265,-65,16565,0.7574468085106384,-4.179999999999998,49.675,1099,4399.333333333333,3494.3333333333335,923,11754,BULLISH_CONTINUE,f,f,NEUTRAL,NEUTRAL_PREDICT,-5605,-4105,15365,8041.74
2025-12-11 10:58:00,NSE,25771.4,25750,2025-12-23,2025-12-30,2026-01-06,2026-01-13,2026-01-20,211615,531715,750,-4855,3825,11540,17.376666666666665,13.016666666666666,2025-12-20 07:55:44,2.5126526947522625,3.0169934640522875,-5605,-6.473333333333334,743330,-4105,15365,0.7490888164204873,-4.359999999999999,21.975,6257,4408,3571.8333333333335,4791,9341,BULLISH_TURN,t,f,NEUTRAL,NEUTRAL_PREDICT,7115,5785,16790,8017.42
2025-12-11 10:55:00,NSE,25771.4,25750,2025-12-23,2025-12-30,2026-01-06,2026-01-13,2026-01-20,210865,536570,-665,6450,2015,14775,17.283333333333335,12.986666666666666,2025-12-20 07:55:42,2.544613852464847,7.332506203473946,7115,9.699248120300751,747435,5785,16790,0.7513982642237221,-4.296666666666669,85.575,7603,4921.666666666667,2963.6666666666665,5387,10393,BEARISH_CONTINUE,f,t,NEUTRAL,BEARISH_PREDICT,1200,1800,6975,9323.20
2025-12-11 10:52:00,NSE,25771.4,25750,2025-12-23,2025-12-30,2026-01-06,2026-01-13,2026-01-20,211530,530120,300,1500,1800,5175,17.346666666666668,13.28,2025-12-20 07:55:39,2.506122063064341,2.875,1200,5,741650,1800,6975,0.765564950038432,-4.066666666666668,56,11040,4647.333333333333,2724.3333333333335,8670,13290,BEARISH_CONTINUE,f,t,NEUTRAL,BEARISH_PREDICT,2850,1200,3075,9305.10
2025-12-11 10:49:00,NSE,25771.4,25750,2025-12-23,2025-12-30,2026-01-06,2026-01-13,2026-01-20,211230,528620,-825,2025,1800,1275,17.36,13.26,2025-12-20 07:55:37,2.502580125929082,0.7083333333333334,2850,2.4545454545454546,739850,1200,3075,0.7638248847926268,-4.1,64.25,12707,4571.666666666667,1976.1666666666667,10097,13552,BEARISH_CONTINUE,f,f,NEUTRAL,NEUTRAL_PREDICT,25725,19275,4500,10282.85
2025-12-11 10:46:00,NSE,25771.4,25750,2025-12-23,2025-12-30,2026-01-06,2026-01-13,2026-01-20,212055,526595,-3225,22500,1200,3300,17.46666666666667,13.196666666666667,2025-12-20 07:55:35,2.483294428332272,2.75,25725,6.976744186046512,738650,19275,4500,0.7555343511450381,-4.270000000000001,100,12572,4776.666666666667,1972.1666666666667,9242,13672,BEARISH_CONTINUE,t,f,BEARISH,NEUTRAL_PREDICT,1125,-1125,20625,10282.52
2025-12-11 10:44:00,NSE,25771.4,25750,2025-12-23,2025-12-30,2026-01-06,2026-01-13,2026-01-20,215280,504095,-1125,0,8250,12375,17.423333333333336,13.226666666666668,2025-12-20 07:55:33,2.341578409513192,1.5,1125,0,719375,-1125,20625,0.7591352592309164,-4.196666666666667,55.625,6390,3057.3333333333335,1242.1666666666667,2824,15273,BEARISH_CONTINUE,t,f,NEUTRAL,NEUTRAL_PREDICT,24300,22200,31275,9265.11
2025-12-11 10:43:00,NSE,25771.4,25750,2025-12-23,2025-12-30,2026-01-06,2026-01-13,2026-01-20,216405,504095,-1050,23250,3450,27825,17.246666666666666,13.243333333333334,2025-12-20 07:55:32,2.3294055128116264,8.065217391304348,24300,22.142857142857142,720500,22200,31275,0.7678778507924238,-4.003333333333332,100,5700,3337.3333333333335,1279.6666666666667,1894,14943,BEARISH_CONTINUE,f,t,BEARISH,BEARISH_PREDICT,9535,8935,8285,9266.90
2025-12-11 10:40:00,NSE,25771.4,25750,2025-12-23,2025-12-30,2026-01-06,2026-01-13,2026-01-20,217455,480845,-300,9235,2325,5960,17.456666666666667,13.183333333333332,2025-12-20 07:55:30,2.211239106941666,2.563440860215054,9535,30.783333333333335,698300,8935,8285,0.7552033607026922,-4.273333333333335,97.675,975,3077.3333333333335,897.1666666666666,-2831,9843,BEARISH_CONTINUE,t,t,NEUTRAL,BEARISH_PREDICT,2175,-3075,3675,8488.04
2025-12-11 10:37:00,NSE,25771.4,25750,2025-12-23,2025-12-30,2026-01-06,2026-01-13,2026-01-20,217755,471610,-2625,-450,1275,2400,17.3,13.296666666666667,2025-12-20 07:55:27,2.1657826456338545,1.8823529411764706,2175,-0.17142857142857143,689365,-3075,3675,0.7685934489402697,-4.003333333333334,60.875,-893,3161.6666666666665,575,-4657,9864,BEARISH_TURN,f,f,NEUTRAL,NEUTRAL_PREDICT,-5185,-12815,12505,8330.84
2025-12-11 10:34:00,NSE,25771.4,25750,2025-12-23,2025-12-30,2026-01-06,2026-01-13,2026-01-20,220380,472060,-3815,-9000,4705,7800,17.34,13.229999999999999,2025-12-20 07:55:25,2.1420274072057355,1.6578108395324123,-5185,-2.3591087811271296,692440,-12815,12505,0.7629757785467127,-4.110000000000001,24.075000000000003,-473,2811.6666666666665,610,-4207,10522,BULLISH_CONTINUE,f,f,NEUTRAL,NEUTRAL_PREDICT,-2325,-5775,18975,8340.00
2025-12-11 10:31:00,NSE,25771.4,25750,2025-12-23,2025-12-30,2026-01-06,2026-01-13,2026-01-20,224195,481060,-1725,-4050,9525,9450,17.403333333333336,13.226666666666667,2025-12-20 07:55:23,2.145721358638685,0.9921259842519685,-2325,-2.347826086956522,705255,-5775,18975,0.7600076613675539,-4.176666666666669,38.375,577,3022.3333333333335,920.3333333333334,-1631,12084,BULLISH_TURN,f,t,NEUTRAL,BULLISH_PREDICT,675,-1425,5775,8289.99
2025-12-11 10:28:00,NSE,25771.4,25750,2025-12-23,2025-12-30,2026-01-06,2026-01-13,2026-01-20,225920,485110,-1050,-375,1200,4575,17.2,13.22,2025-12-20 07:55:20,2.1472645184135977,3.8125,675,-0.35714285714285715,711030,-1425,5775,0.7686046511627908,-3.9799999999999986,53.375,1462,3282.3333333333335,390.3333333333333,-776,13344,BEARISH_CONTINUE,f,f,NEUTRAL,NEUTRAL_PREDICT,195,-195,8390,8983.86
2025-12-11 10:27:00,NSE,25771.4,25750,2025-12-23,2025-12-30,2026-01-06,2026-01-13,2026-01-20,226970,485485,-195,0,4340,4050,17.486666666666668,12.943333333333333,2025-12-20 07:55:20,2.138983125523197,0.9331797235023042,195,0,712455,-195,8390,0.7401829965688143,-4.543333333333335,50.975,1927,2977.3333333333335,361.3333333333333,-2921,14274,BEARISH_CONTINUE,f,f,NEUTRAL,NEUTRAL_PREDICT,4275,-825,6965,8984.31
2025-12-11 10:25:00,NSE,25771.4,25750,2025-12-23,2025-12-30,2026-01-06,2026-01-13,2026-01-20,227165,485485,-2550,1725,3150,3815,17.433333333333334,13.116666666666667,2025-12-20 07:55:18,2.1371470076816412,1.211111111111111,4275,0.6764705882352942,712650,-825,6965,0.7523900573613767,-4.316666666666666,71.375,1901,3409.3333333333335,972.3333333333334,-2895,20690,BEARISH_CONTINUE,t,f,NEUTRAL,NEUTRAL_PREDICT,65,65,20315,9576.39
2025-12-11 10:24:00,NSE,25771.4,25750,2025-12-23,2025-12-30,2026-01-06,2026-01-13,2026-01-20,229715,483760,0,65,11775,8540,17.48,13.066666666666668,2025-12-20 07:55:17,2.1059138497703676,0.7252653927813163,65,,713475,65,20315,0.7475209763539283,-4.413333333333332,50.325,2231,2589.3333333333335,775.6666666666666,-7815,25837,BEARISH_CONTINUE,t,f,NEUTRAL,NEUTRAL_PREDICT,2100,-1500,25275,9566.80
2025-12-11 10:22:00,NSE,25771.4,25750,2025-12-23,2025-12-30,2026-01-06,2026-01-13,2026-01-20,229715,483695,-1800,300,6900,18375,17.463333333333335,13.480000000000002,2025-12-20 07:55:15,2.105630890451211,2.6630434782608696,2100,0.16666666666666666,713410,-1500,25275,0.7719030349303303,-3.9833333333333325,60.5,2205,2735.6666666666665,493.5,-7815,31762,BEARISH_CONTINUE,f,t,NEUTRAL,BEARISH_PREDICT,3000,-12150,10425,9712.21
2025-12-11 10:19:00,NSE,25771.4,25750,2025-12-23,2025-12-30,2026-01-06,2026-01-13,2026-01-20,231515,483395,-7575,-4575,3075,7350,17.23,13.660000000000002,2025-12-20 07:55:13,2.087964062803706,2.3902439024390243,3000,-0.6039603960396039,714910,-12150,10425,0.7928032501450959,-3.5699999999999985,65,2850,1005.6666666666666,8396,-7290,38962,BEARISH_CONTINUE,f,f,NEUTRAL,NEUTRAL_PREDICT,65,-65,40470,44655.11
2025-12-11 10:17:00,NSE,25771.4,25750,2025-12-23,2025-12-30,2026-01-06,2026-01-13,2026-01-20,239090,487970,-65,0,19245,21225,17.286666666666665,13.656666666666666,2025-12-20 07:55:11,2.040946923752562,1.102883865939205,65,0,727060,-65,40470,0.7900115696104898,-3.629999999999999,50.325,6330,801.3333333333334,8582.068965517241,-1290,38767,BEARISH_CONTINUE,f,f,NEUTRAL,NEUTRAL_PREDICT,5925,-25425,32700,45433.69
2025-12-11 10:16:00,NSE,25771.4,25750,2025-12-23,2025-12-30,2026-01-06,2026-01-13,2026-01-20,239155,487970,-15675,-9750,8850,23850,17.126666666666665,13.656666666666666,2025-12-20 07:55:10,2.040392214254354,2.694915254237288,5925,-0.6220095693779905,727125,-25425,32700,0.7973919813156871,-3.469999999999999,79.625,8477,-619.3333333333334,8886.25,-2567,39418,BEARISH_TURN,t,f,NEUTRAL,NEUTRAL_PREDICT,-65,65,49940,46237.32
2025-12-11 10:15:00,NSE,25771.4,25750,2025-12-23,2025-12-30,2026-01-06,2026-01-13,2026-01-20,254830,497720,65,0,18215,31725,17.14666666666667,13.726666666666667,2025-12-20 07:55:10,1.9531452340776203,1.7416964040625857,-65,0,752550,65,49940,0.8005443234836702,-3.4200000000000017,49.675,6677,-832.3333333333334,8995.925925925925,4423,42566,BULLISH_TURN,f,f,NEUTRAL,NEUTRAL_PREDICT,5325,1125,61275,47114.40
2025-12-11 10:13:00,NSE,25771.4,25750,2025-12-23,2025-12-30,2026-01-06,2026-01-13,2026-01-20,254765,497720,-2100,3225,21525,39750,16.216666666666665,13.456666666666669,2025-12-20 07:55:08,1.9536435538633643,1.8466898954703832,5325,1.5357142857142858,752485,1125,61275,0.8298047276464545,-2.7599999999999962,76.625,6285,-573,9344.423076923076,5295,34408,BEARISH_CONTINUE,f,t,NEUTRAL,BEARISH_PREDICT,20400,17850,9450,48011.95
2025-12-11 10:10:00,NSE,25771.4,25750,2025-12-23,2025-12-30,2026-01-06,2026-01-13,2026-01-20,256865,494495,-1275,19125,4650,4800,16.25,13.393333333333333,2025-12-20 07:55:06,1.9251163062308996,1.032258064516129,20400,15,751360,17850,9450,0.8242051282051281,-2.8566666666666674,100,5535,-778,9505.2,5085,23548,BEARISH_CONTINUE,t,f,BEARISH,NEUTRAL_PREDICT,10800,-6450,43725,48994.84
2025-12-11 10:07:00,NSE,25771.4,25750,2025-12-23,2025-12-30,2026-01-06,2026-01-13,2026-01-20,258140,475370,-8625,2175,16275,27450,16.146666666666665,13.433333333333332,2025-12-20 07:55:03,1.8415201053691794,1.6866359447004609,10800,0.25217391304347825,733510,-6450,43725,0.8319570602807597,-2.713333333333333,100,675,-1283,9051.25,1755,23938,BEARISH_TURN,t,f,NEUTRAL,NEUTRAL_PREDICT,-3075,9525,48440,49994.88
2025-12-11 10:04:00,NSE,25771.4,25750,2025-12-23,2025-12-30,2026-01-06,2026-01-13,2026-01-20,266765,473195,6300,3225,17775,30665,16.463333333333335,13.143333333333333,2025-12-20 07:55:01,1.773827151237981,1.7251758087201126,-3075,0.5119047619047619,739960,9525,48440,0.7983397448876289,-3.320000000000002,34.625,-150,-2011.6666666666667,8975.217391304348,2700,18508,BULLISH_CONTINUE,f,t,NEUTRAL,BULLISH_PREDICT,-2025,4425,9150,51117.08
2025-12-11 10:01:00,NSE,25771.4,25750,2025-12-23,2025-12-30,2026-01-06,2026-01-13,2026-01-20,260465,469970,3225,1200,6450,2700,16.673333333333336,13.393333333333333,2025-12-20 07:54:58,1.804349912656211,0.4186046511627907,-2025,0.37209302325581395,730435,4425,9150,0.8032786885245901,-3.280000000000003,39.875,-1140,-1591.6666666666667,9522.954545454546,1710,14580,BULLISH_TURN,f,f,NEUTRAL,NEUTRAL_PREDICT,1575,75,6975,52250.87
2025-12-11 09:58:00,NSE,25771.4,25750,2025-12-23,2025-12-30,2026-01-06,2026-01-13,2026-01-20,257240,468770,-750,825,3525,3450,16.669999999999998,13.443333333333333,2025-12-20 07:54:56,1.8223060177266366,0.9787234042553191,1575,1.1,726010,75,6975,0.8064387122575486,-3.226666666666665,57.875,-283,-1181.6666666666667,10072.857142857143,3737,17366,BEARISH_TURN,f,f,NEUTRAL,NEUTRAL_PREDICT,-3900,1200,11400,53475.94
2025-12-11 09:55:00,NSE,25771.4,25750,2025-12-23,2025-12-30,2026-01-06,2026-01-13,2026-01-20,257990,467945,2550,-1350,5475,5925,16.57,13.633333333333333,2025-12-20 07:54:53,1.8138106128144502,1.082191780821918,-3900,-0.5294117647058824,725935,1200,11400,0.8227720780527057,-2.9366666666666674,30.5,-5368,-2501.6666666666665,10497.75,6092,23111,BULLISH_TURN,t,f,NEUTRAL,NEUTRAL_PREDICT,6675,-1725,16575,54828.78
2025-12-11 09:52:00,NSE,25771.4,25750,2025-12-23,2025-12-30,2026-01-06,2026-01-13,2026-01-20,255440,469295,-4200,2475,6225,10350,16.513333333333335,13.593333333333334,2025-12-20 07:54:50,1.83720247416223,1.6626506024096386,6675,0.5892857142857143,724735,-1725,16575,0.8231731933790876,-2.9200000000000017,83.375,-4601,-2254.6666666666665,11255.526315789473,5865,31299,BEARISH_TURN,t,f,NEUTRAL,NEUTRAL_PREDICT,-8025,4575,28800,56223.51
2025-12-11 09:49:00,NSE,25771.4,25750,2025-12-23,2025-12-30,2026-01-06,2026-01-13,2026-01-20,259640,466820,6300,-1725,11325,17475,16.290000000000003,13.643333333333333,2025-12-20 07:54:48,1.7979510090895086,1.5430463576158941,-8025,-0.27380952380952384,726460,4575,28800,0.8375281358706771,-2.64666666666667,9.875,-10185,-1464.6666666666667,11510,8501,41812,BULLISH_TURN,f,f,NEUTRAL,NEUTRAL_PREDICT,2260,14560,23080,57842.25
2025-12-11 09:46:00,NSE,25771.4,25750,2025-12-23,2025-12-30,2026-01-06,2026-01-13,2026-01-20,253340,468545,6150,8410,6375,16705,16.55,13.530000000000001,2025-12-20 07:54:45,1.8494710665508802,2.6203921568627453,2260,1.367479674796748,721885,14560,23080,0.817522658610272,-3.0199999999999996,61.3,-8034,-1038,12659.117647058823,8132,46814,BEARISH_TURN,f,f,NEUTRAL,NEUTRAL_PREDICT,-23850,11850,35700,59410.27
2025-12-11 09:43:00,NSE,25771.4,25750,2025-12-23,2025-12-30,2026-01-06,2026-01-13,2026-01-20,247190,460135,17850,-6000,10125,25575,16.44,13.646666666666667,2025-12-20 07:54:43,1.8614628423479915,2.525925925925926,-23850,-0.33613445378151263,707325,11850,35700,0.830089213300892,-2.793333333333335,0,-7721,-1748.6666666666667,13309.0625,6585,50296,BULLISH_CONTINUE,f,f,BULLISH,NEUTRAL_PREDICT,-65,65,52340,61296.21
2025-12-11 09:42:00,NSE,25771.4,25750,2025-12-23,2025-12-30,2026-01-06,2026-01-13,2026-01-20,229340,466135,65,0,20315,32025,16.44333333333333,13.563333333333333,2025-12-20 07:54:42,2.0325063224906255,1.5764213635244892,-65,0,695475,65,52340,0.8248530306101765,-2.879999999999999,49.675,-2501,15786.333333333334,15786.333333333334,5205,45406,BULLISH_CONTINUE,f,f,NEUTRAL,NEUTRAL_PREDICT,-21245,11455,69140,62613.06
2025-12-11 09:40:00,NSE,25771.4,25750,2025-12-23,2025-12-30,2026-01-06,2026-01-13,2026-01-20,229275,466135,16350,-4895,25275,43865,17.2,13.589999999999998,2025-12-20 07:54:40,2.03308254279795,1.735509396636993,-21245,-0.299388379204893,695410,11455,69140,0.7901162790697673,-3.610000000000001,0,77,16918.571428571428,16918.571428571428,4757,37473,BULLISH_TURN,f,f,BULLISH,NEUTRAL_PREDICT,2730,2730,53810,64817.09
2025-12-11 09:39:00,NSE,25771.4,25750,2025-12-23,2025-12-30,2026-01-06,2026-01-13,2026-01-20,212925,471030,0,2730,16350,37460,17.10333333333333,13.543333333333335,2025-12-20 07:54:39,2.2121873899260303,2.291131498470948,2730,,683955,2730,53810,0.7918534398752681,-3.559999999999997,63.65,4300,19854.23076923077,19854.23076923077,2492,29463,BEARISH_CONTINUE,f,f,NEUTRAL,NEUTRAL_PREDICT,3825,6825,40490,66487.99
2025-12-11 09:37:00,NSE,25771.4,25750,2025-12-23,2025-12-30,2026-01-06,2026-01-13,2026-01-20,212925,468300,1500,5325,12290,28200,16.95,14.565000000000001,2025-12-20 07:54:38,2.199365973934484,2.2945484133441822,3825,3.55,681225,6825,40490,0.8592920353982302,-2.384999999999998,69.125,4399,21281.25,21281.25,2651,23921,BEARISH_CONTINUE,f,t,NEUTRAL,BEARISH_PREDICT,2250,4950,11250,69236.19
2025-12-11 09:34:00,NSE,25771.4,25750,2025-12-23,2025-12-30,2026-01-06,2026-01-13,2026-01-20,211425,462975,1350,3600,5325,5925,17.263333333333332,14.42,2025-12-20 07:54:35,2.189783611209649,1.1126760563380282,2250,2.6666666666666665,674400,4950,11250,0.8352963892643368,-2.843333333333332,61.25,4459,22868.18181818182,22868.18181818182,3881,17964,BEARISH_CONTINUE,t,f,NEUTRAL,NEUTRAL_PREDICT,12825,-2175,12675,72386.28
2025-12-11 09:31:00,NSE,25771.4,25750,2025-12-23,2025-12-30,2026-01-06,2026-01-13,2026-01-20,210075,459375,-7500,5325,3600,9075,17.33666666666667,14.295000000000002,2025-12-20 07:54:33,2.1867190289182434,2.5208333333333335,12825,0.71,669450,-2175,12675,0.8245529705825803,-3.041666666666668,100,364,24930,24930,2426,18849,BEARISH_TURN,t,f,NEUTRAL,NEUTRAL_PREDICT,-130,130,29090,75960.60
2025-12-11 09:29:00,NSE,25771.4,25750,2025-12-23,2025-12-30,2026-01-06,2026-01-13,2026-01-20,217575,454050,130,0,12590,16500,17.14333333333333,14.175,2025-12-20 07:54:31,2.0868665977249226,1.3105639396346307,-130,0,671625,130,29090,0.8268520318880033,-2.96833333333333,49.35,-2240,26275,26275,2900,24712,BULLISH_TURN,f,f,NEUTRAL,NEUTRAL_PREDICT,3225,3525,26100,80441.98
2025-12-11 09:28:00,NSE,25771.4,25750,2025-12-23,2025-12-30,2026-01-06,2026-01-13,2026-01-20,217445,454050,150,3375,18000,8100,16.96666666666667,14.225000000000001,2025-12-20 07:54:30,2.0881142357837614,0.45,3225,22.5,671495,3525,26100,0.8384086444007859,-2.741666666666667,66.125,1491,29575.625,29575.625,10749,25224,BEARISH_CONTINUE,f,t,NEUTRAL,BEARISH_PREDICT,4125,12975,10705,85342.10
2025-12-11 09:25:00,NSE,25771.4,25750,2025-12-23,2025-12-30,2026-01-06,2026-01-13,2026-01-20,217295,450675,4425,8550,2830,7875,16.720000000000002,14.670000000000002,2025-12-20 07:54:28,2.0740237925400953,2.782685512367491,4125,1.9322033898305084,667970,12975,10705,0.8773923444976076,-2.0500000000000007,70.625,521,33340,33340,10369,26752,BEARISH_TURN,t,f,NEUTRAL,NEUTRAL_PREDICT,-18225,-2325,15675,91459.80
2025-12-11 09:22:00,NSE,25771.4,25750,2025-12-23,2025-12-30,2026-01-06,2026-01-13,2026-01-20,212870,442125,7950,-10275,10050,5625,17.13,14.184999999999999,2025-12-20 07:54:26,2.0769718607600884,0.5597014925373134,-18225,-1.2924528301886793,654995,-2325,15675,0.8280793928779918,-2.9450000000000003,0,-1984,38209.166666666664,38209.166666666664,6274,40706,BULLISH_CONTINUE,t,f,NEUTRAL,NEUTRAL_PREDICT,-195,195,41990,99190.33
2025-12-11 09:21:00,NSE,25771.4,25750,2025-12-23,2025-12-30,2026-01-06,2026-01-13,2026-01-20,204920,452400,195,0,18890,23100,16.830000000000002,14.355,2025-12-20 07:54:25,2.207690806168261,1.2228692429857067,-195,0,657320,195,41990,0.8529411764705882,-2.4750000000000014,49.025,49496,49496,49496,131464,53126,BULLISH_TURN,f,f,NEUTRAL,NEUTRAL_PREDICT,18525,39375,31650,106503.32
2025-12-11 09:19:00,NSE,25771.4,25750,2025-12-23,2025-12-30,2026-01-06,2026-01-13,2026-01-20,204725,452400,10425,28950,13500,18150,17.24666666666667,14.170000000000002,2025-12-20 07:54:23,2.2097936255953106,1.3444444444444446,18525,2.776978417266187,657125,39375,31650,0.821608040201005,-3.076666666666668,100,61918.75,61918.75,61918.75,164281.25,55910,BEARISH_TURN,f,f,NEUTRAL,NEUTRAL_PREDICT,-1625,1625,33740,118722.83
2025-12-11 09:18:00,NSE,25771.4,25750,2025-12-23,2025-12-30,2026-01-06,2026-01-13,2026-01-20,194300,423450,1625,0,12890,20850,17.146666666666665,14.260000000000002,2025-12-20 07:54:22,2.1793618116314977,1.617532971295578,-1625,0,617750,1625,33740,0.8316485225505446,-2.886666666666663,41.875,76383.33333333333,76383.33333333333,76383.33333333333,205916.66666666666,63996.666666666664,BULLISH_CONTINUE,t,f,NEUTRAL,NEUTRAL_PREDICT,-8400,-7500,80475,141022.41
2025-12-11 09:16:00,NSE,25771.4,25750,2025-12-23,2025-12-30,2026-01-06,2026-01-13,2026-01-20,192675,423450,450,-7950,15225,65250,17.46666666666667,14.395,2025-12-20 07:54:21,2.197742312183729,4.285714285714286,-8400,-17.666666666666668,616125,-7500,80475,0.8241412213740457,-3.071666666666669,8,115387.5,115387.5,115387.5,308062.5,79125,BULLISH_TURN,t,f,NEUTRAL,NEUTRAL_PREDICT,239175,623625,77775,175061.96
2025-12-11 09:15:00,NSE,25771.4,25750,2025-12-23,2025-12-30,2026-01-06,2026-01-13,2026-01-20,192225,431400,192225,431400,19950,57825,17.41333333333333,14.305,2025-12-20 07:54:20,2.244245025360905,2.898496240601504,239175,2.244245025360905,623625,623625,77775,0.8214969372128639,-3.1083333333333307,100,239175,239175,239175,623625,77775,,f,f,STRONG_BEARISH,NEUTRAL_PREDICT,,,,0.00
2025-12-10 15:30:00,NSE,25864.05,25850,2025-12-23,2025-12-30,2026-01-06,2026-01-13,2026-01-20,473100,423300,2250,5400,9150,9450,17.02,13.934999999999999,2025-12-20 07:54:18,0.8947368421052632,1.0327868852459017,3150,2.4,896400,7650,18600,0.8187426556991774,-3.085000000000001,65.75,-1125,-684.3333333333334,-1791.1666666666667,6255,18496,BEARISH_CONTINUE,f,f,NEUTRAL,NEUTRAL_PREDICT,3150,7650,18600,5178.14
2025-12-10 15:29:00,NSE,25864.05,25850,2025-12-23,2025-12-30,2026-01-06,2026-01-13,2026-01-20,473100,423300,2250,5400,9150,9450,17.02,13.934999999999999,2025-12-20 07:54:17,0.8947368421052632,1.0327868852459017,3150,2.4,896400,7650,18600,0.8187426556991774,-3.085000000000001,65.75,-193,-1104.3333333333333,-1900.5,7963,15794,BEARISH_TURN,t,t,NEUTRAL,BEARISH_PREDICT,-5400,-1800,7575,5104.31
2025-12-10 15:26:00,NSE,25864.05,25850,2025-12-23,2025-12-30,2026-01-06,2026-01-13,2026-01-20,470850,417900,1800,-3600,3525,4050,16.9,14.095,2025-12-20 07:54:15,0.887543803759159,1.148936170212766,-5400,-2,888750,-1800,7575,0.8340236686390534,-2.804999999999998,23,-898,-1324.3333333333333,-2073,6358,20706,BULLISH_CONTINUE,t,f,NEUTRAL,NEUTRAL_PREDICT,-750,9000,20850,5014.40
2025-12-10 15:23:00,NSE,25864.05,25850,2025-12-23,2025-12-30,2026-01-06,2026-01-13,2026-01-20,469050,421500,4875,4125,9225,11625,16.83666666666667,14.129999999999999,2025-12-20 07:54:13,0.8986248800767509,1.2601626016260163,-750,0.8461538461538461,890550,9000,20850,0.8392397545040584,-2.7066666666666706,46.25,-58,-999.3333333333334,-2498,7078,20642,BULLISH_CONTINUE,f,f,NEUTRAL,NEUTRAL_PREDICT,-5775,8775,26855,5786.91
2025-12-10 15:20:00,NSE,25864.05,25850,2025-12-23,2025-12-30,2026-01-06,2026-01-13,2026-01-20,464175,417375,7275,1500,15605,11250,16.69666666666667,14.275,2025-12-20 07:54:10,0.8991759573436743,0.7209227811598846,-5775,0.20618556701030927,881550,8775,26855,0.8549610700738669,-2.4216666666666686,21.125,-268,-909.3333333333334,-2480.1666666666665,5008,18647,BULLISH_TURN,f,t,NEUTRAL,BULLISH_PREDICT,7810,16190,5090,5793.31
2025-12-10 15:17:00,NSE,25864.05,25850,2025-12-23,2025-12-30,2026-01-06,2026-01-13,2026-01-20,456900,415875,4190,12000,3215,1875,16.65,14.285,2025-12-20 07:54:08,0.9102101116217991,0.583203732503888,7810,2.863961813842482,872775,16190,5090,0.857957957957958,-2.3649999999999984,89.05000000000001,212,-589.3333333333334,-2285.5,3628,14206,BEARISH_TURN,t,f,NEUTRAL,NEUTRAL_PREDICT,-375,-375,43160,5776.87
2025-12-10 15:15:00,NSE,25864.05,25850,2025-12-23,2025-12-30,2026-01-06,2026-01-13,2026-01-20,452710,403875,0,-375,14585,28575,16.643333333333334,14.454999999999998,2025-12-20 07:54:06,0.8921274104835325,1.9592046623243058,-375,,856585,-375,43160,0.8685159222912076,-2.188333333333336,48.125,-1830,-1389.3333333333333,-2570.8333333333335,390,15423,BULLISH_CONTINUE,t,t,NEUTRAL,BULLISH_PREDICT,-1200,1800,7255,5463.96
2025-12-10 15:14:00,NSE,25864.05,25850,2025-12-23,2025-12-30,2026-01-06,2026-01-13,2026-01-20,452710,404250,1500,300,1555,5700,16.430000000000003,14.5,2025-12-20 07:54:06,0.8929557553400632,3.665594855305466,-1200,0.2,856960,1800,7255,0.8825319537431526,-1.9300000000000033,44,-2400,-1339.3333333333333,-2603.3333333333335,1650,8696,BULLISH_CONTINUE,t,f,NEUTRAL,NEUTRAL_PREDICT,-1800,-1350,10875,5453.34
2025-12-10 15:11:00,NSE,25864.05,25850,2025-12-23,2025-12-30,2026-01-06,2026-01-13,2026-01-20,451210,403950,225,-1575,4350,6525,16.516666666666666,14.465,2025-12-20 07:54:03,0.8952594135768267,1.5,-1800,-7,855160,-1350,10875,0.875782038345106,-2.051666666666666,41,-2250,-1634.3333333333333,-2623.3333333333335,1770,8775,BULLISH_CONTINUE,t,t,NEUTRAL,BULLISH_PREDICT,-3375,1875,4650,5449.11
2025-12-10 15:08:00,NSE,25864.05,25850,2025-12-23,2025-12-30,2026-01-06,2026-01-13,2026-01-20,450985,405525,2625,-750,2250,2400,16.433333333333334,14.56,2025-12-20 07:54:01,0.8991984212335222,1.0666666666666667,-3375,-0.2857142857142857,856510,1875,4650,0.8860040567951318,-1.873333333333333,33.125,-2145,-2644.3333333333335,-2923.3333333333335,2295,8070,BULLISH_CONTINUE,f,f,NEUTRAL,NEUTRAL_PREDICT,-2400,0,11175,5646.40
2025-12-10 15:05:00,NSE,25864.05,25850,2025-12-23,2025-12-30,2026-01-06,2026-01-13,2026-01-20,448360,406275,1200,-1200,5775,5400,16.53,14.52,2025-12-20 07:53:59,0.9061356945311803,0.935064935064935,-2400,-1,854635,0,11175,0.8784029038112522,-2.0100000000000016,38,-1140,-3024.3333333333335,-2755.8333333333335,2640,8100,BULLISH_CONTINUE,f,f,NEUTRAL,NEUTRAL_PREDICT,-3225,5925,9525,5706.75
2025-12-10 15:02:00,NSE,25864.05,25850,2025-12-23,2025-12-30,2026-01-06,2026-01-13,2026-01-20,447160,407475,4575,1350,5325,4200,16.253333333333334,14.545,2025-12-20 07:53:56,0.9112510063511942,0.7887323943661971,-3225,0.29508196721311475,854635,5925,9525,0.8948933552091878,-1.708333333333334,33.875,-1290,-3443.6666666666665,-2790.8333333333335,2490,6750,BULLISH_CONTINUE,f,f,NEUTRAL,NEUTRAL_PREDICT,-450,2400,7650,5707.71
2025-12-10 14:59:00,NSE,25864.05,25850,2025-12-23,2025-12-30,2026-01-06,2026-01-13,2026-01-20,442585,406125,1425,975,3525,4125,16.583333333333332,14.45,2025-12-20 07:53:54,0.9176203441146898,1.1702127659574468,-450,0.6842105263157895,848710,2400,7650,0.871356783919598,-2.133333333333333,47.75,-675,-3563.6666666666665,-2758.3333333333335,1335,5775,BULLISH_CONTINUE,f,f,NEUTRAL,NEUTRAL_PREDICT,-1275,1275,7350,5707.93
2025-12-10 14:56:00,NSE,25864.05,25850,2025-12-23,2025-12-30,2026-01-06,2026-01-13,2026-01-20,441160,405150,1275,0,3225,4125,16.790000000000003,14.280000000000001,2025-12-20 07:53:52,0.918374285973343,1.2790697674418605,-1275,0,846310,1275,7350,0.8505062537224538,-2.5100000000000016,43.625,-690,-3313.6666666666665,-2358.3333333333335,810,4770,BULLISH_TURN,f,f,NEUTRAL,NEUTRAL_PREDICT,1650,3600,4800,6268.24
2025-12-10 14:53:00,NSE,25864.05,25850,2025-12-23,2025-12-30,2026-01-06,2026-01-13,2026-01-20,439885,405150,975,2625,3525,1275,16.586666666666666,14.25,2025-12-20 07:53:49,0.9210361799106584,0.3617021276595745,1650,2.6923076923076925,845035,3600,4800,0.8591237942122187,-2.336666666666666,58.25,-315,-3543.6666666666665,-1868.3333333333333,675,6105,BEARISH_TURN,t,f,NEUTRAL,NEUTRAL_PREDICT,-3150,-750,4425,6898.70
2025-12-10 14:50:00,NSE,25864.05,25850,2025-12-23,2025-12-30,2026-01-06,2026-01-13,2026-01-20,438910,402525,1200,-1950,2850,1575,16.476666666666667,14.39,2025-12-20 07:53:47,0.9171014558793374,0.5526315789473685,-3150,-1.625,841435,-750,4425,0.873356261379729,-2.086666666666666,34.25,-840,-2898,-1848.3333333333333,210,5715,BULLISH_CONTINUE,t,f,NEUTRAL,NEUTRAL_PREDICT,-150,150,4650,6910.11
2025-12-10 14:48:00,NSE,25864.05,25850,2025-12-23,2025-12-30,2026-01-06,2026-01-13,2026-01-20,437710,404475,150,0,825,3825,16.516666666666666,14.325,2025-12-20 07:53:46,0.9240707317630394,4.636363636363637,-150,0,842185,150,4650,0.8673057517658931,-2.1916666666666664,49.25,-1048,-2696.6666666666665,-1650.8333333333333,898,5846,BULLISH_CONTINUE,t,f,NEUTRAL,NEUTRAL_PREDICT,-525,-225,2625,6956.14
2025-12-10 14:47:00,NSE,25864.05,25850,2025-12-23,2025-12-30,2026-01-06,2026-01-13,2026-01-20,437560,404475,150,-375,750,1875,16.636666666666667,14.33,2025-12-20 07:53:45,0.9243875125697048,2.5,-525,-2.5,842035,-225,2625,0.8613504307753957,-2.3066666666666666,47.375,-943,-2821.6666666666665,-1540.8333333333333,13,7166,BULLISH_TURN,t,f,NEUTRAL,NEUTRAL_PREDICT,600,600,14025,7006.61
2025-12-10 14:45:00,NSE,25864.05,25850,2025-12-23,2025-12-30,2026-01-06,2026-01-13,2026-01-20,437410,404850,0,600,7050,6975,16.55333333333333,14.385,2025-12-20 07:53:43,0.9255618298621431,0.9893617021276596,600,,842260,600,14025,0.8690092629883207,-2.1683333333333312,53,-1963,-3996.6666666666665,-1370,853,8651,BEARISH_TURN,f,t,NEUTRAL,BEARISH_PREDICT,-975,1275,2850,7094.16
2025-12-10 14:44:00,NSE,25864.05,25850,2025-12-23,2025-12-30,2026-01-06,2026-01-13,2026-01-20,437410,404250,1125,150,1500,1350,16.603333333333335,14.285,2025-12-20 07:53:42,0.924190119110217,0.9,-975,0.13333333333333333,841660,1275,2850,0.8603694037341898,-2.318333333333335,45.125,-5473,-4051,-1397.1666666666667,4033,7901,BULLISH_CONTINUE,f,f,NEUTRAL,NEUTRAL_PREDICT,-4190,2690,5080,7087.91
2025-12-10 14:41:00,NSE,25864.05,25850,2025-12-23,2025-12-30,2026-01-06,2026-01-13,2026-01-20,436285,404100,3440,-750,3205,1875,16.536666666666665,14.29,2025-12-20 07:53:40,0.9262294142590279,0.5850234009360374,-4190,-0.2180232558139535,840385,2690,5080,0.864140294295505,-2.246666666666666,29.05,-7093,-3981.6666666666665,-1532.1666666666667,4573,12461,BULLISH_TURN,t,f,NEUTRAL,NEUTRAL_PREDICT,375,-4275,11250,7118.10
2025-12-10 14:38:00,NSE,25864.05,25850,2025-12-23,2025-12-30,2026-01-06,2026-01-13,2026-01-20,432845,404850,-2325,-1950,4725,6525,16.516666666666666,14.17,2025-12-20 07:53:38,0.9353232681444859,1.380952380952381,375,-0.8387096774193549,837695,-4275,11250,0.8579212916246216,-2.346666666666666,51.875,-7993,-3752.3333333333335,-1410,5923,13601,BEARISH_TURN,t,f,NEUTRAL,NEUTRAL_PREDICT,-5625,3975,10050,7102.34
2025-12-10 14:35:00,NSE,25864.05,25850,2025-12-23,2025-12-30,2026-01-06,2026-01-13,2026-01-20,435170,406800,4800,-825,3300,6750,16.343333333333334,14.41,2025-12-20 07:53:35,0.9348070868855849,2.0454545454545454,-5625,-0.171875,841970,3975,10050,0.881705078523353,-1.9333333333333336,21.875,-9073,-3867.3333333333335,-1530,7333,14081,BULLISH_CONTINUE,f,f,NEUTRAL,NEUTRAL_PREDICT,-16950,16500,10275,7101.56
2025-12-10 14:32:00,NSE,25864.05,25850,2025-12-23,2025-12-30,2026-01-06,2026-01-13,2026-01-20,430370,407625,16725,-225,6975,3300,16.16,14.684999999999999,2025-12-20 07:53:33,0.9471501266352208,0.4731182795698925,-16950,-0.013452914798206279,837995,16500,10275,0.9087252475247524,-1.4750000000000014,0,-7288,-3612.3333333333335,-1365,10498,17636,BULLISH_CONTINUE,f,f,NEUTRAL,NEUTRAL_PREDICT,-9075,3975,25650,7060.52
2025-12-10 14:29:00,NSE,25864.05,25850,2025-12-23,2025-12-30,2026-01-06,2026-01-13,2026-01-20,413645,407850,6525,-2550,16275,9375,16.626666666666665,14.345,2025-12-20 07:53:31,0.9859904023981917,0.576036866359447,-9075,-0.39080459770114945,821495,3975,25650,0.8627706495589416,-2.2816666666666645,4.625,-4843,-3202.3333333333335,-932.5,8083,16781,BULLISH_CONTINUE,f,t,NEUTRAL,BULLISH_PREDICT,-8690,9440,10780,6443.35
2025-12-10 14:26:00,NSE,25864.05,25850,2025-12-23,2025-12-30,2026-01-06,2026-01-13,2026-01-20,407120,410400,9065,375,3505,7275,16.669999999999998,14.235,2025-12-20 07:53:29,1.0080565926508154,2.0756062767475036,-8690,0.04136789851075565,817520,9440,10780,0.8539292141571686,-2.4349999999999987,6.549999999999997,-761,-2487.3333333333335,-700.8333333333334,10721,14064,BULLISH_CONTINUE,f,f,NEUTRAL,NEUTRAL_PREDICT,-5025,2775,13650,6262.91
2025-12-10 14:23:00,NSE,25864.05,25850,2025-12-23,2025-12-30,2026-01-06,2026-01-13,2026-01-20,398055,410025,3900,-1125,7575,6075,16.643333333333334,14.48,2025-12-20 07:53:26,1.0300712213136376,0.801980198019802,-5025,-0.28846153846153844,808080,2775,13650,0.8700180252353295,-2.163333333333334,24.875000000000004,951,-2138,-408.6666666666667,8859,14771,BULLISH_TURN,f,f,NEUTRAL,NEUTRAL_PREDICT,3300,19800,27825,6079.11
2025-12-10 14:20:00,NSE,25864.05,25850,2025-12-23,2025-12-30,2026-01-06,2026-01-13,2026-01-20,394155,411150,8250,11550,10500,17325,16.783333333333335,14.540000000000001,2025-12-20 07:53:24,1.0431175552764775,1.65,3300,1.4,805305,19800,27825,0.8663356504468719,-2.243333333333334,66.5,1551,-1953,68.83333333333333,8229,15491,BEARISH_TURN,f,t,NEUTRAL,BEARISH_PREDICT,-4725,4425,6000,6263.79
2025-12-10 14:17:00,NSE,25864.05,25850,2025-12-23,2025-12-30,2026-01-06,2026-01-13,2026-01-20,385905,399600,4575,-150,4125,1875,16.593333333333334,14.635,2025-12-20 07:53:22,1.0354880087068061,0.45454545454545453,-4725,-0.03278688524590164,785505,4425,6000,0.8819807151466452,-1.958333333333334,26.375,-2739,-1403,-26.166666666666668,3099,13616,BULLISH_TURN,f,f,NEUTRAL,NEUTRAL_PREDICT,11335,17165,12065,6234.64
2025-12-10 14:14:00,NSE,25864.05,25850,2025-12-23,2025-12-30,2026-01-06,2026-01-13,2026-01-20,381330,399750,2915,14250,3365,8700,16.496666666666666,14.635,2025-12-20 07:53:19,1.0483046180473605,2.585438335809807,11335,4.888507718696398,781080,17165,12065,0.88714891897353,-1.8616666666666664,100,-1837,-193,150.83333333333334,4147,20407,BEARISH_TURN,f,f,NEUTRAL,NEUTRAL_PREDICT,-130,130,14315,6171.70
2025-12-10 14:13:00,NSE,25864.05,25850,2025-12-23,2025-12-30,2026-01-06,2026-01-13,2026-01-20,378415,385500,130,0,5240,9075,16.720000000000002,14.555,2025-12-20 07:53:19,1.0187228307545948,1.7318702290076335,-130,0,763915,130,14315,0.8705143540669855,-2.1650000000000027,49.35,-4091,-798.6666666666666,-277,701,22972,BULLISH_CONTINUE,t,f,NEUTRAL,NEUTRAL_PREDICT,-2025,-375,17250,5803.55
2025-12-10 14:11:00,NSE,25864.05,25850,2025-12-23,2025-12-30,2026-01-06,2026-01-13,2026-01-20,378285,385500,825,-1200,5850,11400,16.536666666666665,14.585,2025-12-20 07:53:17,1.0190729212101988,1.9487179487179487,-2025,-1.4545454545454546,763785,-375,17250,0.8819794396291072,-1.9516666666666644,39.875,-4215,-605,-270.1666666666667,195,26664,BULLISH_CONTINUE,f,f,NEUTRAL,NEUTRAL_PREDICT,-18150,-5850,18450,5803.85
2025-12-10 14:08:00,NSE,25864.05,25850,2025-12-23,2025-12-30,2026-01-06,2026-01-13,2026-01-20,377460,386700,6150,-12000,6000,12450,16.596666666666668,14.65,2025-12-20 07:53:15,1.0244794150373548,2.075,-18150,-1.951219512195122,764160,-5850,18450,0.8827073709580237,-1.9466666666666672,0,-4080,-260,-252.66666666666666,300,24984,BULLISH_CONTINUE,t,f,NEUTRAL,NEUTRAL_PREDICT,-215,9665,39955,5799.17
2025-12-10 14:05:00,NSE,25864.05,25850,2025-12-23,2025-12-30,2026-01-06,2026-01-13,2026-01-20,371310,398700,4940,4725,14455,25500,16.826666666666664,14.67,2025-12-20 07:53:12,1.073765856023269,1.764095468695953,-215,0.9564777327935222,770010,9665,39955,0.8718304278922346,-2.1566666666666645,48.925,-810,1256.6666666666667,342.3333333333333,750,25824,BULLISH_TURN,t,f,NEUTRAL,NEUTRAL_PREDICT,65,-65,24890,4713.69
2025-12-10 14:03:00,NSE,25864.05,25850,2025-12-23,2025-12-30,2026-01-06,2026-01-13,2026-01-20,366370,393975,-65,0,12365,12525,16.716666666666665,14.559999999999999,2025-12-20 07:53:11,1.0753473264732374,1.0129397492923575,65,0,760345,-65,24890,0.8709870388833499,-2.1566666666666663,50.325,-2927,1256.6666666666667,-3,-3883,19198,BEARISH_TURN,f,f,NEUTRAL,NEUTRAL_PREDICT,-750,-2400,32775,5118.08
2025-12-10 14:02:00,NSE,25864.05,25850,2025-12-23,2025-12-30,2026-01-06,2026-01-13,2026-01-20,366435,393975,-825,-1575,12975,19800,16.99,14.475000000000001,2025-12-20 07:53:10,1.0751565762004176,1.5260115606936415,-750,-1.9090909090909092,760410,-2400,32775,0.8519717480871102,-2.514999999999997,46.25,-2610,917.3333333333334,-15.166666666666666,-3600,15480,BULLISH_CONTINUE,t,t,NEUTRAL,BULLISH_PREDICT,-1350,150,8850,5118.34
2025-12-10 13:59:00,NSE,25864.05,25850,2025-12-23,2025-12-30,2026-01-06,2026-01-13,2026-01-20,367260,395550,750,-600,3000,5850,16.66,14.805,2025-12-20 07:53:08,1.0770298970756413,1.95,-1350,-0.8,762810,150,8850,0.8886554621848739,-1.8550000000000004,43.25,-3150,932.3333333333334,-32.666666666666664,-3960,10740,BULLISH_CONTINUE,t,f,NEUTRAL,NEUTRAL_PREDICT,-1800,-3600,22650,5121.84
2025-12-10 13:56:00,NSE,25864.05,25850,2025-12-23,2025-12-30,2026-01-06,2026-01-13,2026-01-20,366510,396150,-900,-2700,2625,20025,16.68,14.73,2025-12-20 07:53:06,1.0808709175738724,7.628571428571429,-1800,-3,762660,-3600,22650,0.8830935251798562,-1.9499999999999993,41,-3330,807.3333333333334,-442.6666666666667,-3840,12075,BULLISH_CONTINUE,f,t,NEUTRAL,BULLISH_PREDICT,-10800,-13500,6825,5691.55
2025-12-10 13:53:00,NSE,25864.05,25850,2025-12-23,2025-12-30,2026-01-06,2026-01-13,2026-01-20,367410,398850,-1350,-12150,1200,5625,16.580000000000002,14.665,2025-12-20 07:53:03,1.0855719768106475,4.6875,-10800,-9,766260,-13500,6825,0.8844993968636911,-1.9150000000000027,0,-660,882.3333333333334,-157.66666666666666,-450,8040,BULLISH_TURN,t,f,NEUTRAL,NEUTRAL_PREDICT,1650,1350,6300,5833.53
2025-12-10 13:50:00,NSE,25864.05,25850,2025-12-23,2025-12-30,2026-01-06,2026-01-13,2026-01-20,368760,411000,-150,1500,1500,4800,16.763333333333335,14.63,2025-12-20 07:53:01,1.1145460462089163,3.2,1650,10,779760,1350,6300,0.87273811891032,-2.1333333333333346,58.25,4185,1337.3333333333333,199.83333333333334,3495,10575,BEARISH_TURN,t,f,NEUTRAL,NEUTRAL_PREDICT,-3450,-4200,9075,5476.55
2025-12-10 13:47:00,NSE,25864.05,25850,2025-12-23,2025-12-30,2026-01-06,2026-01-13,2026-01-20,368910,409500,-375,-3825,2250,6825,16.583333333333332,14.745,2025-12-20 07:52:59,1.1100268358136132,3.033333333333333,-3450,-10.2,778410,-4200,9075,0.8891457286432161,-1.838333333333333,32.75,4305,1085.6666666666667,-232.66666666666666,3825,10170,BULLISH_CONTINUE,t,f,NEUTRAL,NEUTRAL_PREDICT,-2250,750,15525,5857.19
2025-12-10 13:44:00,NSE,25864.05,25850,2025-12-23,2025-12-30,2026-01-06,2026-01-13,2026-01-20,369285,413325,1500,-750,1350,14175,16.416666666666668,14.71,2025-12-20 07:52:56,1.119257484057029,10.5,-2250,-0.5,782610,750,15525,0.8960406091370559,-1.706666666666667,38.75,5550,1320.6666666666667,-235.16666666666666,3960,9240,BULLISH_TURN,f,t,NEUTRAL,BULLISH_PREDICT,11550,13350,2475,5858.63
2025-12-10 13:41:00,NSE,25864.05,25850,2025-12-23,2025-12-30,2026-01-06,2026-01-13,2026-01-20,367785,414075,900,12450,825,1650,16.486666666666668,14.684999999999999,2025-12-20 07:52:54,1.1258615767364084,2,11550,13.833333333333334,781860,13350,2475,0.8907197735543873,-1.8016666666666694,100,6630,2090.6666666666665,-400.1666666666667,3210,10680,BEARISH_CONTINUE,f,f,NEUTRAL,NEUTRAL_PREDICT,13425,6225,19500,5985.65
2025-12-10 13:38:00,NSE,25864.05,25850,2025-12-23,2025-12-30,2026-01-06,2026-01-13,2026-01-20,366885,401625,-3600,9825,2250,17250,16.396666666666665,14.5,2025-12-20 07:52:52,1.0946890715074207,7.666666666666667,13425,2.7291666666666665,768510,6225,19500,0.8843260825371011,-1.8966666666666647,100,5240,1350.6666666666667,-912.6666666666666,1690,11968,BEARISH_CONTINUE,f,t,NEUTRAL,BEARISH_PREDICT,2250,3000,4275,5571.04
2025-12-10 13:35:00,NSE,25864.05,25850,2025-12-23,2025-12-30,2026-01-06,2026-01-13,2026-01-20,370485,391800,375,2625,2400,1875,16.383333333333333,14.645,2025-12-20 07:52:49,1.0575326936313212,0.78125,2250,7,762285,3000,4275,0.8938962360122076,-1.7383333333333333,61.25,2512,494.6666666666667,-2125.1666666666665,1448,10218,BEARISH_CONTINUE,t,f,NEUTRAL,NEUTRAL_PREDICT,2775,-3525,4425,6258.86
2025-12-10 13:32:00,NSE,25864.05,25850,2025-12-23,2025-12-30,2026-01-06,2026-01-13,2026-01-20,370110,389175,-3150,-375,750,3675,16.463333333333335,14.7,2025-12-20 07:52:47,1.051511712734052,4.9,2775,-0.11904761904761904,759285,-3525,4425,0.8928932982385097,-1.7633333333333354,63.875,1057,244.66666666666666,-2560.1666666666665,1703,10953,BEARISH_CONTINUE,f,f,NEUTRAL,NEUTRAL_PREDICT,3150,-3000,22725,6396.29
2025-12-10 13:29:00,NSE,25864.05,25850,2025-12-23,2025-12-30,2026-01-06,2026-01-13,2026-01-20,373260,389550,-3075,75,12525,10200,16.349999999999998,14.579999999999998,2025-12-20 07:52:45,1.0436425012055939,0.8143712574850299,3150,0.024390243902439025,762810,-3000,22725,0.8917431192660551,-1.7699999999999996,65.75,397,64.66666666666667,-2665.1666666666665,2483,10833,BEARISH_CONTINUE,t,t,NEUTRAL,BEARISH_PREDICT,4600,5750,8915,6331.21
2025-12-10 13:26:00,NSE,25864.05,25850,2025-12-23,2025-12-30,2026-01-06,2026-01-13,2026-01-20,376335,389475,575,5175,2765,6150,16.383333333333333,14.7,2025-12-20 07:52:43,1.0349157001076168,2.2242314647377937,4600,9,765810,5750,8915,0.8972533062054934,-1.6833333333333336,73,-878,-245.33333333333334,-2800.1666666666665,2498,7051,BEARISH_TURN,f,f,NEUTRAL,NEUTRAL_PREDICT,-215,5015,10750,6245.54
2025-12-10 13:23:00,NSE,25864.05,25850,2025-12-23,2025-12-30,2026-01-06,2026-01-13,2026-01-20,375760,384300,2615,2400,4675,6075,16.303333333333335,14.745000000000001,2025-12-20 07:52:41,1.0227272727272727,1.2994652406417113,-215,0.9177820267686424,760060,5015,10750,0.9044162747904314,-1.5583333333333336,48.925,-1933,-572,-3051,763,5898,BULLISH_CONTINUE,f,f,NEUTRAL,NEUTRAL_PREDICT,-5025,4275,7950,6087.18
2025-12-10 13:20:00,NSE,25864.05,25850,2025-12-23,2025-12-30,2026-01-06,2026-01-13,2026-01-20,373145,381900,4650,-375,5550,2400,16.413333333333334,14.55,2025-12-20 07:52:38,1.0234627289659515,0.43243243243243246,-5025,-0.08064516129032258,755045,4275,7950,0.8864744110479286,-1.8633333333333333,24.875000000000004,-2685,-1262.6666666666667,-3026.3333333333335,-645,5293,BULLISH_CONTINUE,f,t,NEUTRAL,BULLISH_PREDICT,-525,375,3825,6100.56
2025-12-10 13:17:00,NSE,25864.05,25850,2025-12-23,2025-12-30,2026-01-06,2026-01-13,2026-01-20,368495,382275,450,-75,1500,2325,16.51,14.745,2025-12-20 07:52:36,1.0373953513616196,1.55,-525,-0.16666666666666666,750770,375,3825,0.8930950938824953,-1.7650000000000023,47.375,-2105,-947.6666666666666,-2878.8333333333335,-1675,4346,BULLISH_CONTINUE,t,f,NEUTRAL,NEUTRAL_PREDICT,-3225,-2925,3815,6104.06
2025-12-10 13:14:00,NSE,25864.05,25850,2025-12-23,2025-12-30,2026-01-06,2026-01-13,2026-01-20,368045,382350,150,-3075,2690,1125,16.533333333333335,14.78,2025-12-20 07:52:33,1.03886752978576,0.41821561338289964,-3225,-20.5,750395,-2925,3815,0.8939516129032257,-1.7533333333333356,33.875,-1985,-997.6666666666666,-2826.3333333333335,-1735,4541,BULLISH_CONTINUE,f,f,NEUTRAL,NEUTRAL_PREDICT,-675,-2925,3150,6131.71
2025-12-10 13:11:00,NSE,25864.05,25850,2025-12-23,2025-12-30,2026-01-06,2026-01-13,2026-01-20,367895,385425,-1125,-1800,2025,1125,16.526666666666667,14.55,2025-12-20 07:52:31,1.0476494652006687,0.5555555555555556,-675,-1.6,753320,-2925,3150,0.8803953206938282,-1.9766666666666666,46.625,520,-1692.6666666666667,-2608.8333333333335,290,4123,BULLISH_CONTINUE,f,f,NEUTRAL,NEUTRAL_PREDICT,-3975,-2025,7725,6231.99
2025-12-10 13:08:00,NSE,25864.05,25850,2025-12-23,2025-12-30,2026-01-06,2026-01-13,2026-01-20,369020,387225,975,-3000,3225,4500,16.573333333333334,14.695,2025-12-20 07:52:28,1.0493333694650697,1.3953488372093024,-3975,-3.076923076923077,756245,-2025,7725,0.8866653258246179,-1.8783333333333339,30.125,745,-1197.6666666666667,-2653.8333333333335,905,4436,BULLISH_CONTINUE,f,t,NEUTRAL,BULLISH_PREDICT,-2125,-875,3215,6222.41
2025-12-10 13:05:00,NSE,25864.05,25850,2025-12-23,2025-12-30,2026-01-06,2026-01-13,2026-01-20,368045,390225,625,-1500,1340,1875,16.486666666666668,14.835,2025-12-20 07:52:26,1.0602643698460785,1.3992537313432836,-2125,-2.4,758270,-875,3215,0.8998180347755762,-1.6516666666666673,39.375,1657,-937.6666666666666,-2616.3333333333335,1193,3701,BULLISH_TURN,t,f,NEUTRAL,NEUTRAL_PREDICT,75,75,4800,6217.56
2025-12-10 13:03:00,NSE,25864.05,25850,2025-12-23,2025-12-30,2026-01-06,2026-01-13,2026-01-20,367420,391725,0,75,3000,1800,16.54,14.68,2025-12-20 07:52:24,1.0661504545207119,0.6,75,,759145,75,4800,0.8875453446191053,-1.8599999999999994,50.375,1782,-1551,-2620.1666666666665,1308,3868,BEARISH_CONTINUE,f,t,NEUTRAL,BEARISH_PREDICT,9300,7200,1725,6217.28
2025-12-10 13:02:00,NSE,25864.05,25850,2025-12-23,2025-12-30,2026-01-06,2026-01-13,2026-01-20,367420,391650,-1050,8250,1275,450,16.596666666666668,14.665,2025-12-20 07:52:24,1.0659463284524522,0.35294117647058826,9300,7.857142857142857,759070,7200,1725,0.8836111669009841,-1.9316666666666684,96.5,1782,-1791,-2705.1666666666665,1308,4708,BEARISH_CONTINUE,f,f,NEUTRAL,NEUTRAL_PREDICT,450,150,4715,6196.56
2025-12-10 12:59:00,NSE,25864.05,25850,2025-12-23,2025-12-30,2026-01-06,2026-01-13,2026-01-20,368470,383400,-150,300,1790,2925,16.523333333333337,14.745000000000001,2025-12-20 07:52:21,1.0405189024886694,1.6340782122905029,450,2,751870,150,4715,0.892374420012104,-1.778333333333336,52.25,-378,-2891,-3225.1666666666665,-582,5638,BEARISH_CONTINUE,t,f,NEUTRAL,NEUTRAL_PREDICT,585,-585,4050,5795.99
2025-12-10 12:58:00,NSE,25864.05,25850,2025-12-23,2025-12-30,2026-01-06,2026-01-13,2026-01-20,368620,383100,-585,0,2100,1950,16.599999999999998,14.685,2025-12-20 07:52:20,1.0392816450545277,0.9285714285714286,585,0,751720,-585,4050,0.8846385542168677,-1.9149999999999974,52.925,-528,-3176,-3244.5,-552,6375,BEARISH_TURN,f,f,NEUTRAL,NEUTRAL_PREDICT,-1500,-300,4050,5784.26
2025-12-10 12:56:00,NSE,25864.05,25850,2025-12-23,2025-12-30,2026-01-06,2026-01-13,2026-01-20,369205,383100,600,-900,1500,2550,16.89,14.665,2025-12-20 07:52:19,1.0376349182703377,1.7,-1500,-1.5,752305,-300,4050,0.8682652457075192,-2.2250000000000014,42.5,-2760,-4745,-3826.5,-1380,5985,BULLISH_TURN,t,f,NEUTRAL,NEUTRAL_PREDICT,75,75,9000,6245.65
2025-12-10 12:55:00,NSE,25864.05,25850,2025-12-23,2025-12-30,2026-01-06,2026-01-13,2026-01-20,368605,384000,0,75,5550,3450,16.84,14.73,2025-12-20 07:52:18,1.0417655756161746,0.6216216216216216,75,,752605,75,9000,0.8747030878859858,-2.1099999999999994,50.375,-2520,-5365,-3859,-1380,6480,BEARISH_TURN,t,f,NEUTRAL,NEUTRAL_PREDICT,-1500,-2250,6375,6235.66
2025-12-10 12:53:00,NSE,25864.05,25850,2025-12-23,2025-12-30,2026-01-06,2026-01-13,2026-01-20,368605,383925,-375,-1875,3675,2700,16.863333333333333,14.870000000000001,2025-12-20 07:52:16,1.0415621057771869,0.7346938775510204,-1500,-5,752530,-2250,6375,0.8817948211108916,-1.9933333333333323,42.5,-2790,-5395,-3876.5,-1140,7395,BULLISH_CONTINUE,t,f,NEUTRAL,NEUTRAL_PREDICT,-300,300,8400,6224.96
2025-12-10 12:52:00,NSE,25864.05,25850,2025-12-23,2025-12-30,2026-01-06,2026-01-13,2026-01-20,368980,385800,300,0,4950,3450,16.81,14.780000000000001,2025-12-20 07:52:16,1.0455851265651255,0.696969696969697,-300,0,754780,300,8400,0.879238548483046,-2.0299999999999976,48.5,-5220,-5355,-3751.5,-3420,9300,BULLISH_CONTINUE,t,t,NEUTRAL,BULLISH_PREDICT,-10575,-4725,2100,6311.38
2025-12-10 12:50:00,NSE,25864.05,25850,2025-12-23,2025-12-30,2026-01-06,2026-01-13,2026-01-20,368680,385800,2925,-7650,1425,675,16.98,14.745,2025-12-20 07:52:14,1.0464359336009548,0.47368421052631576,-10575,-2.6153846153846154,754480,-4725,2100,0.8683745583038869,-2.235000000000001,0,-3810,-5530,-3966.5,-1710,10860,BULLISH_CONTINUE,f,f,NEUTRAL,NEUTRAL_PREDICT,-300,-300,6525,6299.60
2025-12-10 12:49:00,NSE,25864.05,25850,2025-12-23,2025-12-30,2026-01-06,2026-01-13,2026-01-20,365755,393450,0,-300,2850,3675,16.98,14.67,2025-12-20 07:52:13,1.0757200858498175,1.2894736842105263,-300,,759205,-300,6525,0.8639575971731448,-2.3100000000000005,48.5,-1710,-4790,-3621.5,-780,13635,BULLISH_CONTINUE,t,f,NEUTRAL,NEUTRAL_PREDICT,-1275,1275,13575,6207.95
2025-12-10 12:47:00,NSE,25864.05,25850,2025-12-23,2025-12-30,2026-01-06,2026-01-13,2026-01-20,365755,393750,1275,0,4875,8700,16.953333333333333,14.645,2025-12-20 07:52:11,1.0765403070361308,1.7846153846153847,-1275,0,759505,1275,13575,0.863841918993315,-2.3083333333333336,43.625,-3915,-4810,-3749,1695,15315,BULLISH_CONTINUE,t,f,NEUTRAL,NEUTRAL_PREDICT,-13650,-13650,15900,6176.58
2025-12-10 12:46:00,NSE,25864.05,25850,2025-12-23,2025-12-30,2026-01-06,2026-01-13,2026-01-20,364480,393750,0,-13650,2475,13425,16.92,14.739999999999998,2025-12-20 07:52:11,1.0803061896400352,5.424242424242424,-13650,,758230,-13650,15900,0.871158392434988,-2.1800000000000033,0,-4365,-4655,-3826.5,735,15885,BULLISH_TURN,t,f,NEUTRAL,NEUTRAL_PREDICT,6750,8850,16200,6159.03
2025-12-10 12:44:00,NSE,25864.05,25850,2025-12-23,2025-12-30,2026-01-06,2026-01-13,2026-01-20,364480,407400,1050,7800,6075,10125,17.05333333333333,14.844999999999999,2025-12-20 07:52:09,1.117756804214223,1.6666666666666667,6750,7.428571428571429,771880,8850,16200,0.8705043002345583,-2.208333333333332,83.75,-3075,-3525,-3369,4905,25110,BEARISH_TURN,t,f,NEUTRAL,NEUTRAL_PREDICT,-75,-75,15975,5908.84
2025-12-10 12:43:00,NSE,25864.05,25850,2025-12-23,2025-12-30,2026-01-06,2026-01-13,2026-01-20,363430,399600,0,-75,3375,12600,17.043333333333333,14.925,2025-12-20 07:52:08,1.0995239798585696,3.7333333333333334,-75,,763030,-75,15975,0.8757089771171525,-2.1183333333333323,49.625,-5190,-4110,-3254,2370,26250,BULLISH_CONTINUE,t,f,NEUTRAL,NEUTRAL_PREDICT,-11325,12075,14925,6141.56
2025-12-10 12:41:00,NSE,25864.05,25850,2025-12-23,2025-12-30,2026-01-06,2026-01-13,2026-01-20,363430,399675,11700,375,2850,12075,16.896666666666665,15.055,2025-12-20 07:52:07,1.0997303469719066,4.2368421052631575,-11325,0.03205128205128205,763105,12075,14925,0.8910041428289605,-1.841666666666665,0,-9765,-4295,-3253.6666666666665,5265,30090,BULLISH_CONTINUE,t,f,NEUTRAL,NEUTRAL_PREDICT,-3525,-3525,16425,6141.74
2025-12-10 12:40:00,NSE,25864.05,25850,2025-12-23,2025-12-30,2026-01-06,2026-01-13,2026-01-20,351730,399300,0,-3525,8025,8400,16.860000000000003,15.025,2025-12-20 07:52:06,1.1352457851192677,1.0467289719626167,-3525,,751030,-3525,16425,0.8911625148279951,-1.8350000000000026,32.375,-9660,-3689.3333333333335,-2853.6666666666665,4830,38880,BULLISH_CONTINUE,t,f,NEUTRAL,NEUTRAL_PREDICT,-7200,7200,62025,5986.75
2025-12-10 12:38:00,NSE,25864.05,25850,2025-12-23,2025-12-30,2026-01-06,2026-01-13,2026-01-20,351730,402825,7200,0,37575,24450,16.99,15.19,2025-12-20 07:52:04,1.145267676911267,0.6506986027944112,-7200,0,754555,7200,62025,0.8940553266627428,-1.799999999999999,14,-9030,-3619.3333333333335,-2681.1666666666665,5820,37155,BULLISH_CONTINUE,t,t,NEUTRAL,BULLISH_PREDICT,-3825,-3825,21900,6041.05
2025-12-10 12:37:00,NSE,25864.05,25850,2025-12-23,2025-12-30,2026-01-06,2026-01-13,2026-01-20,344530,402825,0,-3825,10875,11025,16.94666666666667,15.120000000000001,2025-12-20 07:52:04,1.1692015209125475,1.013793103448276,-3825,,747355,-3825,21900,0.8922108575924468,-1.826666666666668,30.875,-7770,-3559.3333333333335,-2386.1666666666665,4560,25560,BULLISH_CONTINUE,t,f,NEUTRAL,NEUTRAL_PREDICT,-22950,14400,35175,6028.85
2025-12-10 12:34:00,NSE,25864.05,25850,2025-12-23,2025-12-30,2026-01-06,2026-01-13,2026-01-20,344530,406650,18675,-4275,19650,15525,16.823333333333334,15.120000000000001,2025-12-20 07:52:01,1.1803036020085333,0.7900763358778626,-22950,-0.2289156626506024,751180,14400,35175,0.8987517337031901,-1.7033333333333331,0,-7590,-3313,-2191.1666666666665,6300,22605,BULLISH_CONTINUE,f,f,BULLISH,NEUTRAL_PREDICT,-10800,9900,58875,6075.13
2025-12-10 12:31:00,NSE,25864.05,25850,2025-12-23,2025-12-30,2026-01-06,2026-01-13,2026-01-20,325855,410925,10350,-450,42600,16275,16.94,15.16,2025-12-20 07:51:59,1.2610670390204233,0.38204225352112675,-10800,-0.043478260869565216,736780,9900,58875,0.8949232585596222,-1.7800000000000011,0,-2895,-2908,-1431.1666666666667,3465,16275,BULLISH_CONTINUE,f,t,NEUTRAL,BULLISH_PREDICT,-375,1425,7800,4646.91
2025-12-10 12:29:00,NSE,25864.05,25850,2025-12-23,2025-12-30,2026-01-06,2026-01-13,2026-01-20,315505,411375,900,525,4125,3675,16.796666666666667,14.775,2025-12-20 07:51:57,1.3038620624078858,0.8909090909090909,-375,0.5833333333333334,726880,1425,7800,0.87963881722564,-2.0216666666666665,48.125,-855,-2353,-1186.1666666666667,1905,5160,BULLISH_CONTINUE,f,f,NEUTRAL,NEUTRAL_PREDICT,-900,900,4050,4318.04
2025-12-10 12:28:00,NSE,25864.05,25850,2025-12-23,2025-12-30,2026-01-06,2026-01-13,2026-01-20,314605,410850,900,0,1500,2550,16.776666666666667,14.719999999999999,2025-12-20 07:51:56,1.305923300646843,1.7,-900,0,725455,900,4050,0.8774090999403933,-2.0566666666666684,45.5,-570,-2358,-1166.1666666666667,1410,4245,BULLISH_CONTINUE,f,f,NEUTRAL,NEUTRAL_PREDICT,-2925,4875,7125,4323.31
2025-12-10 12:26:00,NSE,25864.05,25850,2025-12-23,2025-12-30,2026-01-06,2026-01-13,2026-01-20,313705,410850,3900,975,1500,5625,16.63,14.860000000000001,2025-12-20 07:51:55,1.3096699128161808,3.75,-2925,0.25,724555,4875,7125,0.8935658448586893,-1.7699999999999978,35.375,270,-2148,-1023.6666666666666,1860,4380,BULLISH_TURN,f,t,NEUTRAL,BULLISH_PREDICT,525,225,3525,4402.13
2025-12-10 12:25:00,NSE,25864.05,25850,2025-12-23,2025-12-30,2026-01-06,2026-01-13,2026-01-20,309805,409875,-150,375,2400,1125,16.646666666666665,14.85,2025-12-20 07:51:54,1.3230096350930425,0.46875,525,2.5,719680,225,3525,0.8920704845814978,-1.796666666666665,52.625,450,-2403,-938.6666666666666,960,3480,BEARISH_TURN,f,f,NEUTRAL,NEUTRAL_PREDICT,-600,2100,3300,4388.75
2025-12-10 12:23:00,NSE,25864.05,25850,2025-12-23,2025-12-30,2026-01-06,2026-01-13,2026-01-20,309955,409500,1350,750,1050,2250,16.580000000000002,14.875,2025-12-20 07:51:52,1.3211595231565874,2.142857142857143,-600,0.5555555555555556,719455,2100,3300,0.8971652593486127,-1.7050000000000018,47,-225,-2453,-838.6666666666666,1635,4035,BULLISH_TURN,t,f,NEUTRAL,NEUTRAL_PREDICT,1050,-1050,3225,4456.90
2025-12-10 12:22:00,NSE,25864.05,25850,2025-12-23,2025-12-30,2026-01-06,2026-01-13,2026-01-20,308605,408750,-1050,0,1425,1800,16.523333333333333,14.93,2025-12-20 07:51:52,1.3245086761394016,1.263157894736842,1050,0,717355,-1050,3225,0.9035707080895703,-1.5933333333333337,55.25,-553,-2688,-763.6666666666666,1513,4443,BEARISH_CONTINUE,t,f,NEUTRAL,NEUTRAL_PREDICT,3300,3150,4725,4479.92
2025-12-10 12:20:00,NSE,25864.05,25850,2025-12-23,2025-12-30,2026-01-06,2026-01-13,2026-01-20,309655,408750,-75,3225,2925,1800,16.456666666666667,14.86,2025-12-20 07:51:50,1.3200174387624937,0.6153846153846154,3300,43,718405,3150,4725,0.9029775167105529,-1.5966666666666676,66.5,-1258,-2998,-811.1666666666666,1978,4803,BEARISH_TURN,f,f,NEUTRAL,NEUTRAL_PREDICT,-2025,375,2625,4467.57
2025-12-10 12:19:00,NSE,25864.05,25850,2025-12-23,2025-12-30,2026-01-06,2026-01-13,2026-01-20,309730,405525,1200,-825,2175,450,16.563333333333333,14.865,2025-12-20 07:51:49,1.3092855067316695,0.20689655172413793,-2025,-0.6875,715255,375,2625,0.8974642785268666,-1.6983333333333324,39.875,-3178,-3213,-801.1666666666666,568,6393,BULLISH_CONTINUE,f,f,NEUTRAL,NEUTRAL_PREDICT,-2850,3600,6300,4477.41
2025-12-10 12:16:00,NSE,25864.05,25850,2025-12-23,2025-12-30,2026-01-06,2026-01-13,2026-01-20,308530,406350,3225,375,2475,3825,16.763333333333335,14.77,2025-12-20 07:51:47,1.317051826402619,1.5454545454545454,-2850,0.11627906976744186,714880,3600,6300,0.8810896798568303,-1.9933333333333358,35.75,-2799,-2398,-648.6666666666666,519,9481,BULLISH_CONTINUE,f,f,NEUTRAL,NEUTRAL_PREDICT,-2240,1490,5340,4512.07
2025-12-10 12:13:00,NSE,25864.05,25850,2025-12-23,2025-12-30,2026-01-06,2026-01-13,2026-01-20,305305,405975,1865,-375,2265,3075,16.676666666666666,14.845,2025-12-20 07:51:44,1.3297358379325592,1.3576158940397351,-2240,-0.20107238605898123,711280,1490,5340,0.8901659004597242,-1.8316666666666652,38.8,-5604,-2212.3333333333335,-391.1666666666667,4044,11356,BULLISH_CONTINUE,f,f,NEUTRAL,NEUTRAL_PREDICT,-2475,1275,5025,4601.65
2025-12-10 12:10:00,NSE,25864.05,25850,2025-12-23,2025-12-30,2026-01-06,2026-01-13,2026-01-20,303440,406350,1875,-600,2775,2250,16.88,14.759999999999998,2025-12-20 07:51:42,1.3391444766675455,0.8108108108108109,-2475,-0.32,709790,1275,5025,0.8744075829383886,-2.120000000000001,37.625,-5651,-2018,-279,4301,16708,BULLISH_CONTINUE,t,f,NEUTRAL,NEUTRAL_PREDICT,-6300,-3900,12675,4596.04
2025-12-10 12:07:00,NSE,25864.05,25850,2025-12-23,2025-12-30,2026-01-06,2026-01-13,2026-01-20,301565,406950,1200,-5100,5025,7650,16.433333333333334,14.92,2025-12-20 07:51:39,1.3494603153548985,1.5223880597014925,-6300,-4.25,708515,-3900,12675,0.9079107505070994,-1.5133333333333336,18.5,-5246,-1743,-331.5,4136,16168,BULLISH_CONTINUE,t,f,NEUTRAL,NEUTRAL_PREDICT,-130,130,18065,4630.85
2025-12-10 12:05:00,NSE,25864.05,25850,2025-12-23,2025-12-30,2026-01-06,2026-01-13,2026-01-20,300365,412050,130,0,7415,10650,16.666666666666668,14.905000000000001,2025-12-20 07:51:38,1.3718309390241872,1.4362778152393796,-130,0,712415,130,18065,0.8943,-1.7616666666666667,49.35,-3536,-1213,-899,5756,13993,BULLISH_CONTINUE,f,f,NEUTRAL,NEUTRAL_PREDICT,-16875,21225,15675,6173.68
2025-12-10 12:04:00,NSE,25864.05,25850,2025-12-23,2025-12-30,2026-01-06,2026-01-13,2026-01-20,300235,412050,19050,2175,3975,11700,16.69,14.92,2025-12-20 07:51:37,1.3724249338018553,2.943396226415094,-16875,0.1141732283464567,712285,21225,15675,0.8939484721390053,-1.7700000000000014,0,-4860,-1069.3333333333333,-896.8333333333334,6720,12015,BULLISH_CONTINUE,f,f,NEUTRAL,NEUTRAL_PREDICT,-2475,2775,32100,6173.97
2025-12-10 12:01:00,NSE,25864.05,25850,2025-12-23,2025-12-30,2026-01-06,2026-01-13,2026-01-20,281185,409875,2625,150,25350,6750,16.71,15.065000000000001,2025-12-20 07:51:35,1.4576702171168447,0.26627218934911245,-2475,0.05714285714285714,691060,2775,32100,0.9015559545182525,-1.6449999999999996,37.625,-1530,45.666666666666664,-441.8333333333333,2520,10155,BULLISH_CONTINUE,f,t,NEUTRAL,BULLISH_PREDICT,-450,450,2325,5411.76
2025-12-10 11:59:00,NSE,25864.05,25850,2025-12-23,2025-12-30,2026-01-06,2026-01-13,2026-01-20,278560,409725,450,0,975,1350,16.733333333333334,14.834999999999999,2025-12-20 07:51:33,1.4708680356117174,1.3846153846153846,-450,0,688285,450,2325,0.8865537848605577,-1.8983333333333352,47.75,-1860,-19.333333333333332,-361.5,2280,6015,BULLISH_TURN,f,f,NEUTRAL,NEUTRAL_PREDICT,2250,4200,1800,5398.41
2025-12-10 11:58:00,NSE,25864.05,25850,2025-12-23,2025-12-30,2026-01-06,2026-01-13,2026-01-20,278110,409725,975,3225,450,1350,16.743333333333336,14.85,2025-12-20 07:51:32,1.4732479953975046,3,2250,3.3076923076923075,687835,4200,1800,0.8869201672307384,-1.8933333333333362,61.25,-2490,25.666666666666668,-616.5,2580,6180,BEARISH_TURN,f,f,NEUTRAL,NEUTRAL_PREDICT,-6750,4950,8175,5580.34
2025-12-10 11:55:00,NSE,25864.05,25850,2025-12-23,2025-12-30,2026-01-06,2026-01-13,2026-01-20,277135,406500,5850,-900,4575,3600,16.82,14.775,2025-12-20 07:51:30,1.466794161690151,0.7868852459016393,-6750,-0.15384615384615385,683635,4950,8175,0.8784185493460167,-2.045,16.25,-2925,100.66666666666667,-654,1755,6525,BULLISH_CONTINUE,f,f,NEUTRAL,NEUTRAL_PREDICT,-225,225,6375,5564.17
2025-12-10 11:53:00,NSE,25864.05,25850,2025-12-23,2025-12-30,2026-01-06,2026-01-13,2026-01-20,271285,407400,225,0,3000,3375,16.849999999999998,14.975,2025-12-20 07:51:28,1.5017417107470004,1.125,-225,0,678685,225,6375,0.8887240356083087,-1.8749999999999982,48.875,465,525.6666666666666,-259,3735,6493,BULLISH_CONTINUE,f,f,NEUTRAL,NEUTRAL_PREDICT,-4125,1575,11400,5537.04
2025-12-10 11:52:00,NSE,25864.05,25850,2025-12-23,2025-12-30,2026-01-06,2026-01-13,2026-01-20,271060,407400,2850,-1275,1800,9600,16.896666666666665,14.94,2025-12-20 07:51:27,1.5029882682800857,5.333333333333333,-4125,-0.4473684210526316,678460,1575,11400,0.8841980666798186,-1.9566666666666652,29.375,497,775.6666666666666,-49,3703,6311,BULLISH_CONTINUE,f,t,NEUTRAL,BULLISH_PREDICT,-3600,1950,3150,5656.56
2025-12-10 11:49:00,NSE,25864.05,25850,2025-12-23,2025-12-30,2026-01-06,2026-01-13,2026-01-20,268210,408675,2775,-825,825,2325,16.91,14.865000000000002,2025-12-20 07:51:25,1.5237127623876814,2.8181818181818183,-3600,-0.2972972972972973,676885,1950,3150,0.8790656416321704,-2.044999999999998,32,1457,1160.6666666666667,51,3523,4751,BULLISH_TURN,f,f,NEUTRAL,NEUTRAL_PREDICT,75,75,3525,5608.33
2025-12-10 11:47:00,NSE,25864.05,25850,2025-12-23,2025-12-30,2026-01-06,2026-01-13,2026-01-20,265435,409500,0,75,600,2925,16.88,14.825,2025-12-20 07:51:23,1.5427505792378549,4.875,75,,674935,75,3525,0.8782582938388626,-2.0549999999999997,50.375,2507,1375.6666666666667,271,3463,4676,BEARISH_CONTINUE,f,f,NEUTRAL,NEUTRAL_PREDICT,10200,14850,8015,5589.59
2025-12-10 11:46:00,NSE,25864.05,25850,2025-12-23,2025-12-30,2026-01-06,2026-01-13,2026-01-20,265435,409425,2325,12525,5765,2250,16.85,14.86,2025-12-20 07:51:23,1.5424680241867124,0.39028620988725066,10200,5.387096774193548,674860,14850,8015,0.8818991097922848,-1.990000000000002,100,2822,1610.6666666666667,270.6666666666667,4198,4946,BEARISH_TURN,f,f,NEUTRAL,NEUTRAL_PREDICT,-65,65,5465,5589.60
2025-12-10 11:44:00,NSE,25864.05,25850,2025-12-23,2025-12-30,2026-01-06,2026-01-13,2026-01-20,263110,396900,65,0,815,4650,16.83,14.835,2025-12-20 07:51:21,1.5084945460073733,5.705521472392638,-65,0,660010,65,5465,0.8814616755793228,-1.9949999999999974,49.675,1187,1100.6666666666667,43.166666666666664,3373,5308,BULLISH_TURN,f,f,NEUTRAL,NEUTRAL_PREDICT,675,675,3600,5303.08
2025-12-10 11:43:00,NSE,25864.05,25850,2025-12-23,2025-12-30,2026-01-06,2026-01-13,2026-01-20,263045,396900,0,675,1200,2400,16.423333333333332,14.955,2025-12-20 07:51:20,1.5088673040734475,2,675,,659945,675,3600,0.9105946823624924,-1.468333333333332,53.375,1170,1430,82.83333333333333,3990,7155,BEARISH_CONTINUE,f,f,NEUTRAL,NEUTRAL_PREDICT,1650,1650,2775,5306.69
2025-12-10 11:41:00,NSE,25864.05,25850,2025-12-23,2025-12-30,2026-01-06,2026-01-13,2026-01-20,263045,396225,0,1650,1500,1275,16.55,14.82,2025-12-20 07:51:18,1.5063012032161798,0.85,1650,,659270,1650,2775,0.8954682779456193,-1.7300000000000004,58.25,345,1460,87.83333333333333,3945,7650,BEARISH_CONTINUE,f,f,NEUTRAL,NEUTRAL_PREDICT,1650,3750,4875,5307.34
2025-12-10 11:40:00,NSE,25864.05,25850,2025-12-23,2025-12-30,2026-01-06,2026-01-13,2026-01-20,263045,394575,1050,2700,1350,3525,16.423333333333336,14.835,2025-12-20 07:51:18,1.5000285122317474,2.611111111111111,1650,2.5714285714285716,657620,3750,4875,0.9032880048711183,-1.5883333333333347,58.25,60,1080,58.166666666666664,4470,8220,BEARISH_CONTINUE,f,f,NEUTRAL,NEUTRAL_PREDICT,2025,10725,9825,5300.79
2025-12-10 11:37:00,NSE,25864.05,25850,2025-12-23,2025-12-30,2026-01-06,2026-01-13,2026-01-20,261995,391875,4350,6375,1500,8325,16.563333333333333,14.92,2025-12-20 07:51:15,1.4957346514246455,5.55,2025,1.4655172413793103,653870,10725,9825,0.9007848661702557,-1.6433333333333326,60.125,405,-585,70.66666666666667,4725,8340,BEARISH_TURN,f,f,NEUTRAL,NEUTRAL_PREDICT,-150,3150,14700,5305.12
2025-12-10 11:34:00,NSE,25864.05,25850,2025-12-23,2025-12-30,2026-01-06,2026-01-13,2026-01-20,257645,385500,1650,1500,6525,8175,16.44333333333333,14.864999999999998,2025-12-20 07:51:13,1.4962448330066564,1.2528735632183907,-150,0.9090909090909091,643145,3150,14700,0.9040137847151835,-1.5783333333333331,49.25,-75,-724.3333333333334,53.166666666666664,2655,7575,BULLISH_CONTINUE,f,t,NEUTRAL,BULLISH_PREDICT,-3450,450,6075,5299.31
2025-12-10 11:31:00,NSE,25864.05,25850,2025-12-23,2025-12-30,2026-01-06,2026-01-13,2026-01-20,255995,384000,1950,-1500,1575,4500,16.37,14.924999999999999,2025-12-20 07:51:10,1.5000292974472158,2.857142857142857,-3450,-0.7692307692307693,639995,450,6075,0.911728772144166,-1.445000000000002,32.75,660,-929.3333333333334,80.66666666666667,2820,5460,BULLISH_TURN,f,f,NEUTRAL,NEUTRAL_PREDICT,225,4275,5625,5300.36
2025-12-10 11:28:00,NSE,25864.05,25850,2025-12-23,2025-12-30,2026-01-06,2026-01-13,2026-01-20,254045,385500,2025,2250,2175,3450,16.256666666666668,15.004999999999999,2025-12-20 07:51:08,1.5174476962742822,1.5862068965517242,225,1.1111111111111112,639545,4275,5625,0.9230059462784498,-1.2516666666666687,51.125,1680,-703.6666666666666,323.1666666666667,2790,4650,BEARISH_CONTINUE,f,f,NEUTRAL,NEUTRAL_PREDICT,3375,5025,5475,5299.68
2025-12-10 11:25:00,NSE,25864.05,25850,2025-12-23,2025-12-30,2026-01-06,2026-01-13,2026-01-20,252020,383250,825,4200,1575,3900,16.213333333333335,14.91,2025-12-20 07:51:05,1.520712641853821,2.4761904761904763,3375,5.090909090909091,635270,5025,5475,0.9196134868421052,-1.3033333333333346,66.875,1560,-1258.6666666666667,405.6666666666667,1860,4410,BEARISH_TURN,f,f,NEUTRAL,NEUTRAL_PREDICT,-375,375,6000,5317.33
2025-12-10 11:23:00,NSE,25864.05,25850,2025-12-23,2025-12-30,2026-01-06,2026-01-13,2026-01-20,251195,379050,375,0,2775,3225,16.143333333333334,15.02,2025-12-20 07:51:04,1.508987041939529,1.162162162162162,-375,0,630245,375,6000,0.9304150320049556,-1.1233333333333348,48.125,1605,-1408.6666666666667,265.6666666666667,975,3915,BULLISH_TURN,f,f,NEUTRAL,NEUTRAL_PREDICT,3525,3975,4125,5291.69
2025-12-10 11:22:00,NSE,25864.05,25850,2025-12-23,2025-12-30,2026-01-06,2026-01-13,2026-01-20,250820,379050,225,3750,2775,1350,16.17,15.15,2025-12-20 07:51:03,1.5112431225580096,0.4864864864864865,3525,16.666666666666668,629870,3975,4125,0.9369202226345082,-1.0200000000000014,67.625,2190,-1043.6666666666667,435.6666666666667,1830,3855,BEARISH_CONTINUE,f,t,NEUTRAL,BEARISH_PREDICT,1650,300,2025,5351.97
2025-12-10 11:19:00,NSE,25864.05,25850,2025-12-23,2025-12-30,2026-01-06,2026-01-13,2026-01-20,250595,375300,-675,975,975,1050,16.096666666666668,15.01,2025-12-20 07:51:01,1.4976356272072469,1.0769230769230769,1650,1.4444444444444444,625895,300,2025,0.9324911990060053,-1.0866666666666678,58.25,2460,-873.6666666666666,395.6666666666667,-60,5310,BEARISH_TURN,t,f,NEUTRAL,NEUTRAL_PREDICT,-375,-375,4425,5332.53
2025-12-10 11:17:00,NSE,25864.05,25850,2025-12-23,2025-12-30,2026-01-06,2026-01-13,2026-01-20,251270,374325,0,-375,2100,2325,16.029999999999998,14.895,2025-12-20 07:50:59,1.48973216062403,1.1071428571428572,-375,,625595,-375,4425,0.9291952588895821,-1.134999999999998,48.125,2355,-1058.6666666666667,445.6666666666667,-255,6915,BULLISH_TURN,t,f,NEUTRAL,NEUTRAL_PREDICT,3600,600,3000,5351.70
2025-12-10 11:16:00,NSE,25864.05,25850,2025-12-23,2025-12-30,2026-01-06,2026-01-13,2026-01-20,251270,374700,-1500,2100,900,2100,15.846666666666666,15.125,2025-12-20 07:50:58,1.491224579137979,2.3333333333333335,3600,1.4,625970,600,3000,0.9544594026083298,-0.7216666666666658,68,1620,-833.6666666666666,456,2640,8490,BEARISH_CONTINUE,f,f,NEUTRAL,NEUTRAL_PREDICT,2550,4650,5700,5350.36
2025-12-10 11:13:00,NSE,25864.05,25850,2025-12-23,2025-12-30,2026-01-06,2026-01-13,2026-01-20,252770,372600,1050,3600,2325,3375,16.2,14.9,2025-12-20 07:50:56,1.4740673339399455,1.4516129032258065,2550,3.4285714285714284,625370,4650,5700,0.9197530864197532,-1.299999999999999,62.75,-3765,-1069.3333333333333,256,1695,13378,BEARISH_CONTINUE,t,f,NEUTRAL,NEUTRAL_PREDICT,4875,-5475,11400,5340.92
2025-12-10 11:10:00,NSE,25864.05,25850,2025-12-23,2025-12-30,2026-01-06,2026-01-13,2026-01-20,251720,369000,-5175,-300,7575,3825,15.943333333333333,15.105,2025-12-20 07:50:53,1.4659145081836962,0.504950495049505,4875,-0.057971014492753624,620720,-5475,11400,0.9474179385323019,-0.8383333333333329,74.375,-4288,-1014.3333333333334,233.5,778,19331,BEARISH_CONTINUE,f,f,NEUTRAL,NEUTRAL_PREDICT,1125,-675,10050,5332.33
2025-12-10 11:07:00,NSE,25864.05,25850,2025-12-23,2025-12-30,2026-01-06,2026-01-13,2026-01-20,256895,369300,-900,225,4425,5625,16.083333333333332,15.135,2025-12-20 07:50:51,1.4375523073629304,1.271186440677966,1125,0.25,626195,-675,10050,0.9410362694300519,-0.9483333333333324,55.625,-5908,-1264.3333333333333,223.5,2968,20846,BEARISH_TURN,t,f,NEUTRAL,NEUTRAL_PREDICT,-4050,14100,12300,5323.60
2025-12-10 11:04:00,NSE,25864.05,25850,2025-12-23,2025-12-30,2026-01-06,2026-01-13,2026-01-20,257795,369075,9075,5025,3600,8700,16.316666666666666,15.15,2025-12-20 07:50:49,1.431660815764464,2.4166666666666665,-4050,0.5537190082644629,626870,14100,12300,0.9284984678243106,-1.166666666666666,29.75,-6146,-1284.3333333333333,348.5,3116,22104,BULLISH_CONTINUE,t,f,NEUTRAL,NEUTRAL_PREDICT,-23325,-4125,27440,5389.12
2025-12-10 11:01:00,NSE,25864.05,25850,2025-12-23,2025-12-30,2026-01-06,2026-01-13,2026-01-20,248720,364050,9600,-13725,7940,19500,16.526666666666667,14.925,2025-12-20 07:50:46,1.4636941138629784,2.455919395465995,-23325,-1.4296875,612770,-4125,27440,0.9030859217426381,-1.6016666666666666,0,-6956,-963.6666666666666,626,776,23724,BULLISH_CONTINUE,t,f,BULLISH,NEUTRAL_PREDICT,-65,65,35465,5369.12
2025-12-10 10:59:00,NSE,25864.05,25850,2025-12-23,2025-12-30,2026-01-06,2026-01-13,2026-01-20,239120,377775,65,0,7340,28125,16.86,15.045,2025-12-20 07:50:45,1.5798553027768485,3.8317438692098094,-65,0,616895,65,35465,0.8923487544483986,-1.8149999999999995,49.675,-2066,726.3333333333334,1418.6666666666667,2756,20651,BULLISH_CONTINUE,f,f,NEUTRAL,NEUTRAL_PREDICT,-3225,5475,18975,2897.84
2025-12-10 10:58:00,NSE,25864.05,25850,2025-12-23,2025-12-30,2026-01-06,2026-01-13,2026-01-20,239055,377775,4350,1125,6525,12450,16.953333333333333,14.9,2025-12-20 07:50:44,1.5802848716822488,1.9080459770114941,-3225,0.25862068965517243,616830,5475,18975,0.8788832088084939,-2.053333333333333,33.875,-1033,830.6666666666666,1535.8333333333333,3433,16243,BULLISH_CONTINUE,f,f,NEUTRAL,NEUTRAL_PREDICT,-65,65,16340,2906.83
2025-12-10 10:56:00,NSE,25864.05,25850,2025-12-23,2025-12-30,2026-01-06,2026-01-13,2026-01-20,234705,376650,65,0,4865,11475,16.89,14.895,2025-12-20 07:50:42,1.604780469099508,2.358684480986639,-65,0,611355,65,16340,0.8818827708703374,-1.995000000000001,49.675,827,1090.6666666666667,1663,3733,13468,BULLISH_CONTINUE,f,f,NEUTRAL,NEUTRAL_PREDICT,-8100,2400,20400,2771.68
2025-12-10 10:55:00,NSE,25864.05,25850,2025-12-23,2025-12-30,2026-01-06,2026-01-13,2026-01-20,234640,376650,5250,-2850,6750,13650,16.793333333333333,14.975000000000001,2025-12-20 07:50:42,1.6052250255710876,2.022222222222222,-8100,-0.5428571428571428,611290,2400,20400,0.8917229059150458,-1.8183333333333316,9.5,615,1350,1795.1666666666667,3945,12090,BULLISH_TURN,f,f,NEUTRAL,NEUTRAL_PREDICT,1125,5775,12075,2780.95
2025-12-10 10:52:00,NSE,25864.05,25850,2025-12-23,2025-12-30,2026-01-06,2026-01-13,2026-01-20,229390,379500,2325,3450,3525,8550,17.233333333333334,14.875,2025-12-20 07:50:39,1.6543877239635556,2.425531914893617,1125,1.4838709677419355,608890,5775,12075,0.8631528046421663,-2.3583333333333343,55.625,2835,2070,2125.1666666666665,3975,9090,BEARISH_CONTINUE,f,f,NEUTRAL,NEUTRAL_PREDICT,5100,3450,13425,2060.27
2025-12-10 10:49:00,NSE,25864.05,25850,2025-12-23,2025-12-30,2026-01-06,2026-01-13,2026-01-20,227065,376050,-825,4275,5625,7800,16.91,14.965,2025-12-20 07:50:37,1.6561337062074737,1.3866666666666667,5100,5.181818181818182,603115,3450,13425,0.8849793021880544,-1.9450000000000003,75.5,2623,1940,2053.3333333333335,2807,7843,BEARISH_CONTINUE,f,t,NEUTRAL,BEARISH_PREDICT,6075,6975,5100,2132.64
2025-12-10 10:46:00,NSE,25864.05,25850,2025-12-23,2025-12-30,2026-01-06,2026-01-13,2026-01-20,227890,371775,450,6525,750,4350,16.87666666666667,14.98,2025-12-20 07:50:34,1.6313791741629733,5.8,6075,14.5,599665,6975,5100,0.8876160379221805,-1.8966666666666683,80.375,2278,1915,2105.8333333333335,2492,7873,BEARISH_TURN,f,f,NEUTRAL,NEUTRAL_PREDICT,-1125,1125,9450,2227.50
2025-12-10 10:45:00,NSE,25864.05,25850,2025-12-23,2025-12-30,2026-01-06,2026-01-13,2026-01-20,227440,365250,1125,0,450,9000,16.706666666666667,14.934999999999999,2025-12-20 07:50:33,1.605918044319381,20,-1125,0,592690,1125,9450,0.8939545091779728,-1.7716666666666683,44.375,1288,1665,2020.8333333333333,1532,7393,BULLISH_TURN,f,f,NEUTRAL,NEUTRAL_PREDICT,3000,2550,5400,2116.72
2025-12-10 10:43:00,NSE,25864.05,25850,2025-12-23,2025-12-30,2026-01-06,2026-01-13,2026-01-20,226315,365250,-225,2775,2175,3225,16.813333333333333,14.885,2025-12-20 07:50:32,1.6139009787243443,1.4827586206896552,3000,12.333333333333334,591565,2550,5400,0.8853092783505155,-1.9283333333333328,65,1678,1950,1765.8333333333333,1142,6223,BEARISH_CONTINUE,t,f,NEUTRAL,NEUTRAL_PREDICT,65,-65,5840,2844.46
2025-12-10 10:42:00,NSE,25864.05,25850,2025-12-23,2025-12-30,2026-01-06,2026-01-13,2026-01-20,226540,362475,-65,0,3215,2625,16.856666666666666,14.805,2025-12-20 07:50:31,1.6000485565463052,0.8164852255054432,65,0,589015,-65,5840,0.8782875222463912,-2.051666666666666,50.325,1230,1745.6666666666667,1628.3333333333333,870,6026,BEARISH_CONTINUE,t,f,NEUTRAL,NEUTRAL_PREDICT,3375,1875,13575,2882.19
2025-12-10 10:40:00,NSE,25864.05,25850,2025-12-23,2025-12-30,2026-01-06,2026-01-13,2026-01-20,226605,362475,-750,2625,5400,8175,17.01,14.844999999999999,2025-12-20 07:50:29,1.5995895942278413,1.5138888888888888,3375,3.5,589080,1875,13575,0.8727219282774837,-2.1650000000000027,66.875,1622,1581.3333333333333,1631.1666666666667,928,6418,BEARISH_CONTINUE,f,t,NEUTRAL,BEARISH_PREDICT,1125,2175,2700,2880.64
2025-12-10 10:37:00,NSE,25864.05,25850,2025-12-23,2025-12-30,2026-01-06,2026-01-13,2026-01-20,227355,359850,525,1650,1350,1350,17.14,14.739999999999998,2025-12-20 07:50:27,1.5827670383321237,1,1125,3.142857142857143,587205,2175,2700,0.8599766627771294,-2.400000000000002,55.625,1247,1481.3333333333333,1363.6666666666667,433,4768,BEARISH_CONTINUE,t,f,NEUTRAL,NEUTRAL_PREDICT,825,-825,3600,3078.91
2025-12-10 10:35:00,NSE,25864.05,25850,2025-12-23,2025-12-30,2026-01-06,2026-01-13,2026-01-20,226830,358200,-825,0,675,2925,16.849999999999998,14.950000000000001,2025-12-20 07:50:25,1.5791561962703347,4.333333333333333,825,0,585030,-825,3600,0.8872403560830863,-1.8999999999999968,54.125,1157,1711.3333333333333,1233.6666666666667,-137,4783,BEARISH_CONTINUE,t,f,NEUTRAL,NEUTRAL_PREDICT,760,1190,4415,3170.31
2025-12-10 10:34:00,NSE,25864.05,25850,2025-12-23,2025-12-30,2026-01-06,2026-01-13,2026-01-20,227655,358200,215,975,2615,1800,16.93,14.940000000000001,2025-12-20 07:50:25,1.5734334848784344,0.6883365200764818,760,4.534883720930233,585855,1190,4415,0.8824571766095689,-1.9899999999999984,53.8,1757,1981.3333333333333,1045.3333333333333,-827,5053,BEARISH_CONTINUE,f,f,NEUTRAL,NEUTRAL_PREDICT,2025,225,7800,3357.70
2025-12-10 10:31:00,NSE,25864.05,25850,2025-12-23,2025-12-30,2026-01-06,2026-01-13,2026-01-20,227440,357225,-900,1125,4125,3675,17.013333333333335,14.755,2025-12-20 07:50:22,1.5706340133661625,0.8909090909090909,2025,1.25,584665,225,7800,0.8672609717868338,-2.2583333333333346,60.125,2145,2215.6666666666665,1110,-1215,5160,BEARISH_CONTINUE,t,f,NEUTRAL,NEUTRAL_PREDICT,1500,-600,5325,3370.68
2025-12-10 10:28:00,NSE,25864.05,25850,2025-12-23,2025-12-30,2026-01-06,2026-01-13,2026-01-20,228340,356100,-1050,450,3300,2025,17.00333333333333,14.64,2025-12-20 07:50:20,1.5595165104668476,0.6136363636363636,1500,0.42857142857142855,584440,-600,5325,0.8610076455596943,-2.3633333333333297,57.5,1575,2111,1018.6666666666666,-3315,4620,BEARISH_CONTINUE,f,f,NEUTRAL,NEUTRAL_PREDICT,675,-675,2775,3382.13
2025-12-10 10:25:00,NSE,25864.05,25850,2025-12-23,2025-12-30,2026-01-06,2026-01-13,2026-01-20,229390,355650,-675,0,1800,975,16.896666666666665,14.72,2025-12-20 07:50:17,1.5504163215484545,0.5416666666666666,675,0,585040,-675,2775,0.8711777470901559,-2.176666666666664,53.375,2220,2241,4208.666666666667,-3720,4080,BEARISH_CONTINUE,f,f,NEUTRAL,NEUTRAL_PREDICT,3825,-4275,4950,17885.71
2025-12-10 10:22:00,NSE,25864.05,25850,2025-12-23,2025-12-30,2026-01-06,2026-01-13,2026-01-20,230065,355650,-4050,-225,975,3975,17.08666666666667,14.56,2025-12-20 07:50:15,1.5458674722361072,4.076923076923077,3825,-0.05555555555555555,585715,-4275,4950,0.8521264143581739,-2.526666666666669,69.125,2550,2235.3333333333335,4330.517241379311,-3690,4560,BEARISH_CONTINUE,f,f,NEUTRAL,NEUTRAL_PREDICT,2700,-750,4950,18189.62
2025-12-10 10:19:00,NSE,25864.05,25850,2025-12-23,2025-12-30,2026-01-06,2026-01-13,2026-01-20,234115,355875,-1725,975,1575,3375,17.05,14.674999999999999,2025-12-20 07:50:13,1.5200862823825898,2.142857142857143,2700,0.5652173913043478,589990,-750,4950,0.8607038123167154,-2.3750000000000018,63.5,2415,2240.3333333333335,4348.571428571428,-2625,4275,BEARISH_TURN,f,f,NEUTRAL,NEUTRAL_PREDICT,-825,-10275,5100,18523.14
2025-12-10 10:16:00,NSE,25864.05,25850,2025-12-23,2025-12-30,2026-01-06,2026-01-13,2026-01-20,235840,354900,-4725,-5550,1575,3525,17.063333333333333,14.625,2025-12-20 07:50:10,1.5048337856173677,2.238095238095238,-825,-1.1746031746031746,590740,-10275,5100,0.8571009962883376,-2.4383333333333326,45.875,1862,2180.3333333333335,4409.62962962963,-2462,4783,BULLISH_TURN,f,f,NEUTRAL,NEUTRAL_PREDICT,4725,-2625,2625,18873.12
2025-12-10 10:13:00,NSE,25864.05,25850,2025-12-23,2025-12-30,2026-01-06,2026-01-13,2026-01-20,240565,360450,-3675,1050,1800,825,16.903333333333332,14.82,2025-12-20 07:50:08,1.4983476399309958,0.4583333333333333,4725,0.2857142857142857,601015,-2625,2625,0.8767501478998225,-2.083333333333332,73.625,1547,2166.6666666666665,4610.961538461538,-587,4543,BEARISH_CONTINUE,f,f,NEUTRAL,NEUTRAL_PREDICT,2325,-525,5175,19217.29
2025-12-10 10:10:00,NSE,25864.05,25850,2025-12-23,2025-12-30,2026-01-06,2026-01-13,2026-01-20,244240,359400,-1425,900,1575,3600,16.97666666666667,14.695,2025-12-20 07:50:05,1.4715034392400916,2.2857142857142856,2325,0.631578947368421,603640,-525,5175,0.865599842921657,-2.28166666666667,61.625,977,2296.6666666666665,4606.4,763,5308,BEARISH_CONTINUE,t,f,NEUTRAL,NEUTRAL_PREDICT,3150,1050,3525,19613.55
2025-12-10 10:07:00,NSE,25864.05,25850,2025-12-23,2025-12-30,2026-01-06,2026-01-13,2026-01-20,245665,358500,-1050,2100,1425,2100,17.02,14.86,2025-12-20 07:50:03,1.4593043372071723,1.4736842105263157,3150,2,604165,1050,3525,0.8730904817861339,-2.16,65.75,1427,2376.6666666666665,4701.458333333333,1363,5518,BEARISH_TURN,f,f,NEUTRAL,NEUTRAL_PREDICT,-65,65,7490,20029.51
2025-12-10 10:06:00,NSE,25864.05,25850,2025-12-23,2025-12-30,2026-01-06,2026-01-13,2026-01-20,246715,356400,65,0,4040,3450,17.116666666666667,14.875,2025-12-20 07:50:02,1.4445818049166042,0.8539603960396039,-65,0,603115,65,7490,0.8690360272638753,-2.241666666666667,49.675,1772,1581.6666666666667,4768.913043478261,1468,6538,BULLISH_CONTINUE,t,f,NEUTRAL,NEUTRAL_PREDICT,-2400,-900,3900,20476.88
2025-12-10 10:04:00,NSE,25864.05,25850,2025-12-23,2025-12-30,2026-01-06,2026-01-13,2026-01-20,246650,356400,750,-1650,2100,1800,17.036666666666665,14.844999999999999,2025-12-20 07:50:00,1.444962497466045,0.8571428571428571,-2400,-2.2,603050,-900,3900,0.8713558990412835,-2.1916666666666664,38,2640,1511,4988.636363636364,2190,5775,BULLISH_TURN,t,f,NEUTRAL,NEUTRAL_PREDICT,1875,4125,6450,20930.98
2025-12-10 10:01:00,NSE,25864.05,25850,2025-12-23,2025-12-30,2026-01-06,2026-01-13,2026-01-20,245900,358050,1125,3000,2775,3675,17.123333333333335,14.635,2025-12-20 07:49:58,1.456079707198048,1.3243243243243243,1875,2.6666666666666665,603950,4125,6450,0.8546817208487443,-2.488333333333335,59.375,3211,1681,5340.476190476191,2279,7183,BEARISH_CONTINUE,f,f,NEUTRAL,NEUTRAL_PREDICT,4575,2475,6225,21381.11
2025-12-10 09:58:00,NSE,25864.05,25850,2025-12-23,2025-12-30,2026-01-06,2026-01-13,2026-01-20,244775,355050,-1050,3525,2175,4050,17.343333333333334,14.56,2025-12-20 07:49:56,1.4505157797977735,1.8620689655172413,4575,3.357142857142857,599825,2475,6225,0.8395156640399769,-2.783333333333333,72.875,3526,1246,5513.75,1394,8098,BEARISH_CONTINUE,f,f,NEUTRAL,NEUTRAL_PREDICT,4875,1575,8625,21921.42
2025-12-10 09:55:00,NSE,25864.05,25850,2025-12-23,2025-12-30,2026-01-06,2026-01-13,2026-01-20,245825,351525,-1650,3225,3150,5475,17.183333333333334,14.775000000000002,2025-12-20 07:49:53,1.4299806773110952,1.7380952380952381,4875,1.9545454545454546,597350,1575,8625,0.8598448108632397,-2.4083333333333314,74.375,2729,756,5563.1578947368425,961,8137,BEARISH_CONTINUE,f,t,NEUTRAL,BEARISH_PREDICT,4275,3675,3675,22520.98
2025-12-10 09:52:00,NSE,25864.05,25850,2025-12-23,2025-12-30,2026-01-06,2026-01-13,2026-01-20,247475,348300,-300,3975,1950,1725,17.253333333333334,14.66,2025-12-20 07:49:49,1.407414890392969,0.8846153846153846,4275,13.25,595775,3675,3675,0.8496908809891808,-2.5933333333333337,71.375,2534,109.33333333333333,5601.388888888889,646,7327,BEARISH_CONTINUE,t,f,NEUTRAL,NEUTRAL_PREDICT,455,-455,10940,23173.26
2025-12-10 09:50:00,NSE,25864.05,25850,2025-12-23,2025-12-30,2026-01-06,2026-01-13,2026-01-20,247775,344325,-455,0,3890,7050,17.12,14.760000000000002,2025-12-20 07:49:48,1.3896680456058925,1.8123393316195373,455,0,592100,-455,10940,0.8621495327102804,-2.3599999999999994,52.275,2039,4.333333333333333,5679.411764705882,571,8272,BEARISH_CONTINUE,f,f,NEUTRAL,NEUTRAL_PREDICT,3450,-300,11025,23884.01
2025-12-10 09:49:00,NSE,25864.05,25850,2025-12-23,2025-12-30,2026-01-06,2026-01-13,2026-01-20,248230,344325,-1875,1575,5700,5325,17.146666666666665,14.74,2025-12-20 07:49:47,1.3871208153728396,0.9342105263157895,3450,0.84,592555,-300,11025,0.8596423017107311,-2.4066666666666645,67.25,1742,-73.66666666666667,6005.9375,208,7612,BEARISH_CONTINUE,t,f,NEUTRAL,NEUTRAL_PREDICT,590,310,6420,24628.08
2025-12-10 09:46:00,NSE,25864.05,25850,2025-12-23,2025-12-30,2026-01-06,2026-01-13,2026-01-20,250105,342750,-140,450,2445,3975,16.933333333333334,14.84,2025-12-20 07:49:45,1.370424421742868,1.6257668711656441,590,3.2142857142857144,592855,310,6420,0.8763779527559055,-2.0933333333333337,52.95,2387,6176.333333333333,6176.333333333333,583,8737,BEARISH_CONTINUE,f,f,NEUTRAL,NEUTRAL_PREDICT,3900,0,4575,25482.72
2025-12-10 09:43:00,NSE,25864.05,25850,2025-12-23,2025-12-30,2026-01-06,2026-01-13,2026-01-20,250245,342300,-1950,1950,1275,3300,16.903333333333336,15.014999999999999,2025-12-20 07:49:42,1.3678594976922616,2.588235294117647,3900,1,592545,0,4575,0.8882863340563989,-1.8883333333333372,69.5,2974,6575.357142857143,6575.357142857143,296,11638,BEARISH_CONTINUE,f,f,NEUTRAL,NEUTRAL_PREDICT,1800,3300,8400,26396.00
2025-12-10 09:40:00,NSE,25864.05,25850,2025-12-23,2025-12-30,2026-01-06,2026-01-13,2026-01-20,252195,340350,750,2550,4875,3525,16.93,15.03,2025-12-20 07:49:40,1.349550942722893,0.7230769230769231,1800,3.4,592545,3300,8400,0.8877731836975783,-1.9000000000000004,59,439,6781.153846153846,6781.153846153846,2801,13423,BEARISH_TURN,t,f,NEUTRAL,NEUTRAL_PREDICT,-1030,-2270,7640,27462.13
2025-12-10 09:37:00,NSE,25864.05,25850,2025-12-23,2025-12-30,2026-01-06,2026-01-13,2026-01-20,251445,337800,-620,-1650,3515,4125,16.849999999999998,15.06,2025-12-20 07:49:38,1.3434349460120503,1.1735419630156472,-1030,-2.661290322580645,589245,-2270,7640,0.8937685459940654,-1.7899999999999974,44.85,-146,7196.25,7196.25,2366,17323,BULLISH_TURN,t,f,NEUTRAL,NEUTRAL_PREDICT,6675,1575,16650,28640.63
2025-12-10 09:34:00,NSE,25864.05,25850,2025-12-23,2025-12-30,2026-01-06,2026-01-13,2026-01-20,252065,339450,-2550,4125,7200,9450,16.743333333333332,15.26,2025-12-20 07:49:35,1.3466764525023307,1.3125,6675,1.6176470588235294,591515,1575,16650,0.9114075253832371,-1.4833333333333325,83.375,90,7944.090909090909,7944.090909090909,4740,17700,BEARISH_CONTINUE,t,f,NEUTRAL,NEUTRAL_PREDICT,3525,-1125,20925,29915.42
2025-12-10 09:31:00,NSE,25864.05,25850,2025-12-23,2025-12-30,2026-01-06,2026-01-13,2026-01-20,254615,335325,-2325,1200,8025,12900,16.66,15.415,2025-12-20 07:49:33,1.3169883942422873,1.6074766355140186,3525,0.5161290322580645,589940,-1125,20925,0.9252701080432172,-1.245000000000001,67.625,-2175,8071,8071,8655,17295,BEARISH_TURN,t,f,NEUTRAL,NEUTRAL_PREDICT,-8775,12525,13500,31530.49
2025-12-10 09:28:00,NSE,25864.05,25850,2025-12-23,2025-12-30,2026-01-06,2026-01-13,2026-01-20,256940,334125,10650,1875,6150,7350,16.830000000000002,15.33,2025-12-20 07:49:31,1.3004008717988635,1.1951219512195121,-8775,0.176056338028169,591065,12525,13500,0.9108734402852049,-1.5000000000000018,6.125,-3435,8576.111111111111,8576.111111111111,9255,20835,BULLISH_CONTINUE,f,f,NEUTRAL,NEUTRAL_PREDICT,-1125,1125,27900,33400.20
2025-12-10 09:25:00,NSE,25864.05,25850,2025-12-23,2025-12-30,2026-01-06,2026-01-13,2026-01-20,246290,332250,1125,0,13800,14100,17.033333333333335,15.600000000000001,2025-12-20 07:49:29,1.3490194486174834,1.0217391304347827,-1125,0,578540,1125,27900,0.9158512720156555,-1.4333333333333336,44.375,-2645,10745,10745,7715,23773,BULLISH_TURN,f,t,NEUTRAL,BULLISH_PREDICT,150,9600,9525,35022.22
2025-12-10 09:24:00,NSE,25864.05,25850,2025-12-23,2025-12-30,2026-01-06,2026-01-13,2026-01-20,245165,332250,4725,4875,7125,2400,17.043333333333333,15.51,2025-12-20 07:49:28,1.355209756694471,0.3368421052631579,150,1.0317460317460319,577415,9600,9525,0.9100332485820458,-1.5333333333333332,50.75,-1880,12440.714285714286,12440.714285714286,9080,24358,BEARISH_TURN,f,f,NEUTRAL,NEUTRAL_PREDICT,-4650,21150,14625,37471.92
2025-12-10 09:22:00,NSE,25864.05,25850,2025-12-23,2025-12-30,2026-01-06,2026-01-13,2026-01-20,240440,327375,12900,8250,6675,7950,16.933333333333334,15.465,2025-12-20 07:49:26,1.3615662951256031,1.1910112359550562,-4650,0.6395348837209303,567815,21150,14625,0.9132874015748031,-1.4683333333333337,26.75,-2053,14489.166666666666,14489.166666666666,7303,27988,BULLISH_CONTINUE,f,f,NEUTRAL,NEUTRAL_PREDICT,-2775,1875,38625,40616.82
2025-12-10 09:21:00,NSE,25864.05,25850,2025-12-23,2025-12-30,2026-01-06,2026-01-13,2026-01-20,227540,319125,2325,-450,16275,22350,17.063333333333333,15.32,2025-12-20 07:49:26,1.4025006592247518,1.3732718894009217,-2775,-0.1935483870967742,546665,1875,38625,0.897831607735886,-1.7433333333333323,36.125,18317,18317,18317,109333,32728,BULLISH_CONTINUE,f,f,NEUTRAL,NEUTRAL_PREDICT,-4825,4825,28190,44184.44
2025-12-10 09:19:00,NSE,25864.05,25850,2025-12-23,2025-12-30,2026-01-06,2026-01-13,2026-01-20,225215,319575,4825,0,21590,6600,16.963333333333335,15.405,2025-12-20 07:49:24,1.4189774215749396,0.30569708198239925,-4825,0,544790,4825,28190,0.9081351935547257,-1.5583333333333353,25.875,23590,23590,23590,136197.5,31253.75,BULLISH_TURN,f,f,NEUTRAL,NEUTRAL_PREDICT,2700,7950,30825,49169.67
2025-12-10 09:18:00,NSE,25864.05,25850,2025-12-23,2025-12-30,2026-01-06,2026-01-13,2026-01-20,220390,319575,2625,5325,19275,11550,16.803333333333335,15.44,2025-12-20 07:49:23,1.4500431054040563,0.5992217898832685,2700,2.0285714285714285,539965,7950,30825,0.9188653045030747,-1.363333333333335,63.5,33061.666666666664,33061.666666666664,33061.666666666664,179988.33333333334,32275,BEARISH_TURN,f,f,NEUTRAL,NEUTRAL_PREDICT,-715,715,27675,55571.66
2025-12-10 09:16:00,NSE,25864.05,25850,2025-12-23,2025-12-30,2026-01-06,2026-01-13,2026-01-20,217765,314250,715,0,12525,15150,16.89,15.655,2025-12-20 07:49:22,1.4430693637636902,1.2095808383233533,-715,0,532015,715,27675,0.9268798105387803,-1.2350000000000012,46.425,48242.5,48242.5,48242.5,266007.5,33000,BULLISH_TURN,f,f,NEUTRAL,NEUTRAL_PREDICT,97200,531300,38325,69236.36
2025-12-10 09:15:00,NSE,25864.05,25850,2025-12-23,2025-12-30,2026-01-06,2026-01-13,2026-01-20,217050,314250,217050,314250,22200,16125,16.87666666666667,15.595,2025-12-20 07:49:21,1.4478230822391154,0.7263513513513513,97200,1.4478230822391154,531300,531300,38325,0.9240568832707879,-1.281666666666668,100,97200,97200,97200,531300,38325,,f,f,STRONG_BEARISH,NEUTRAL_PREDICT,,,,0.00
2025-12-09 15:27:00,NSE,25867.1,25850,2025-12-23,2025-12-30,2026-01-06,2026-01-13,2026-01-20,208550,307275,2775,-975,3075,3600,17.546666666666667,14.785,2025-12-20 07:49:17,1.4733876768161112,1.170731707317073,-3750,-0.35135135135135137,515825,1800,6675,0.8426101823708206,-2.7616666666666667,31.25,-109,2.6666666666666665,-323,4639,8396,BULLISH_CONTINUE,f,f,NEUTRAL,NEUTRAL_PREDICT,-65,65,3590,1866.51
2025-12-09 15:25:00,NSE,25867.1,25850,2025-12-23,2025-12-30,2026-01-06,2026-01-13,2026-01-20,205775,308250,65,0,1640,1950,17.656666666666666,14.66,2025-12-20 07:49:15,1.49799538330701,1.1890243902439024,-65,0,514025,65,3590,0.8302812912969606,-2.996666666666666,49.675,716,167.66666666666666,-183,4684,8171,BULLISH_CONTINUE,f,f,NEUTRAL,NEUTRAL_PREDICT,-2100,14100,5850,1754.77
2025-12-09 15:24:00,NSE,25867.1,25850,2025-12-23,2025-12-30,2026-01-06,2026-01-13,2026-01-20,205710,308250,8100,6000,2775,3075,17.586666666666666,14.805,2025-12-20 07:49:15,1.4984687180982936,1.1081081081081081,-2100,0.7407407407407407,513960,14100,5850,0.8418309325246399,-2.7816666666666663,39.5,504,167.66666666666666,-203.33333333333334,4896,8139,BULLISH_TURN,f,f,NEUTRAL,NEUTRAL_PREDICT,825,825,7950,1756.89
2025-12-09 15:23:00,NSE,25867.1,25850,2025-12-23,2025-12-30,2026-01-06,2026-01-13,2026-01-20,197610,302250,0,825,3750,4200,17.613333333333333,14.76,2025-12-20 07:49:14,1.529527857901928,1.12,825,,499860,825,7950,0.838001514004542,-2.8533333333333335,54.125,1296,207.66666666666666,-210.83333333333334,2604,8362,BEARISH_CONTINUE,f,f,NEUTRAL,NEUTRAL_PREDICT,4545,6405,17915,1765.72
2025-12-09 15:21:00,NSE,25867.1,25850,2025-12-23,2025-12-30,2026-01-06,2026-01-13,2026-01-20,197610,301425,930,5475,8465,9450,17.743333333333336,14.690000000000001,2025-12-20 07:49:12,1.5253529679672082,1.1163614884819846,4545,5.887096774193548,499035,6405,17915,0.8279165883900056,-3.0533333333333346,72.725,1221,107.66666666666667,-203.33333333333334,2199,8047,BEARISH_CONTINUE,f,t,NEUTRAL,BEARISH_PREDICT,375,2025,5550,1770.74
2025-12-09 15:18:00,NSE,25867.1,25850,2025-12-23,2025-12-30,2026-01-06,2026-01-13,2026-01-20,196680,295950,825,1200,675,4875,17.77,14.625,2025-12-20 07:49:10,1.5047284929835265,7.222222222222222,375,1.4545454545454546,492630,2025,5550,0.8230163196398425,-3.1449999999999996,51.875,-33,-65.33333333333333,-362.3333333333333,3153,7059,BEARISH_TURN,f,f,NEUTRAL,NEUTRAL_PREDICT,-1125,1125,3430,1527.06
2025-12-09 15:17:00,NSE,25867.1,25850,2025-12-23,2025-12-30,2026-01-06,2026-01-13,2026-01-20,195855,294750,1125,0,1555,1875,17.923333333333336,14.57,2025-12-20 07:49:09,1.5049398789921116,1.2057877813504823,-1125,0,490605,1125,3430,0.8129068253673051,-3.3533333333333353,44.375,-78,-115.33333333333333,-372.3333333333333,2808,8079,BULLISH_TURN,f,f,NEUTRAL,NEUTRAL_PREDICT,1860,2640,6965,1523.05
2025-12-09 15:15:00,NSE,25867.1,25850,2025-12-23,2025-12-30,2026-01-06,2026-01-13,2026-01-20,194730,294750,390,2250,1040,5925,17.813333333333336,14.579999999999998,2025-12-20 07:49:08,1.5136342628254507,5.697115384615385,1860,5.769230769230769,489480,2640,6965,0.8184880239520956,-3.233333333333338,59.3,402,-45.333333333333336,-402.3333333333333,4068,8548,BEARISH_CONTINUE,t,f,NEUTRAL,NEUTRAL_PREDICT,450,-1200,6375,1547.06
2025-12-09 15:14:00,NSE,25867.1,25850,2025-12-23,2025-12-30,2026-01-06,2026-01-13,2026-01-20,194340,292500,-825,-375,4125,2250,17.56,14.774999999999999,2025-12-20 07:49:07,1.5050941648656992,0.5454545454545454,450,-0.45454545454545453,486840,-1200,6375,0.8414009111617312,-2.785,52.25,-255,-89.33333333333333,-466.5,5415,8940,BEARISH_TURN,t,f,NEUTRAL,NEUTRAL_PREDICT,-1725,11175,12975,1488.81
2025-12-09 15:11:00,NSE,25867.1,25850,2025-12-23,2025-12-30,2026-01-06,2026-01-13,2026-01-20,195165,292875,6450,4725,6750,6225,17.37,14.975,2025-12-20 07:49:05,1.5006532933671508,0.9222222222222223,-1725,0.7325581395348837,488040,11175,12975,0.862118595279217,-2.3950000000000014,41.375,-465,-144.33333333333334,-521.5,5655,9300,BULLISH_TURN,f,f,NEUTRAL,NEUTRAL_PREDICT,150,300,10650,1484.26
2025-12-09 15:09:00,NSE,25867.1,25850,2025-12-23,2025-12-30,2026-01-06,2026-01-13,2026-01-20,188715,288150,75,225,2700,7950,17.41333333333333,14.92,2025-12-20 07:49:03,1.5269056513790638,2.9444444444444446,150,3,476865,300,10650,0.8568147013782543,-2.4933333333333305,50.75,150,-104.33333333333333,-216.5,3990,8715,BEARISH_CONTINUE,f,f,NEUTRAL,NEUTRAL_PREDICT,1275,7425,5775,2057.75
2025-12-09 15:08:00,NSE,25867.1,25850,2025-12-23,2025-12-30,2026-01-06,2026-01-13,2026-01-20,188640,287925,3075,4350,3000,2775,17.41,14.754999999999999,2025-12-20 07:49:02,1.5263199745547074,0.925,1275,1.4146341463414633,476565,7425,5775,0.8475014359563469,-2.655000000000001,56.375,-135,-169.33333333333334,-71.5,4995,8640,BEARISH_TURN,f,f,NEUTRAL,NEUTRAL_PREDICT,-1425,9375,8925,2230.48
2025-12-09 15:05:00,NSE,25867.1,25850,2025-12-23,2025-12-30,2026-01-06,2026-01-13,2026-01-20,185565,283575,5400,3975,4500,4425,17.176666666666666,15.025,2025-12-20 07:49:00,1.5281707218494867,0.9833333333333333,-1425,0.7361111111111112,469140,9375,8925,0.8747331651465167,-2.1516666666666655,42.875,-403,-209.33333333333334,-54,3523,8877,BULLISH_CONTINUE,f,f,NEUTRAL,NEUTRAL_PREDICT,-600,0,8175,2243.43
2025-12-09 15:03:00,NSE,25867.1,25850,2025-12-23,2025-12-30,2026-01-06,2026-01-13,2026-01-20,180165,279600,300,-300,4275,3900,17.486666666666668,14.675,2025-12-20 07:48:59,1.5519107484805594,0.9122807017543859,-600,-1,459765,0,8175,0.8392108272969881,-2.8116666666666674,47,-418,-118.66666666666667,56,1828,8082,BULLISH_TURN,f,f,NEUTRAL,NEUTRAL_PREDICT,1350,2850,10050,2254.76
2025-12-09 15:02:00,NSE,25867.1,25850,2025-12-23,2025-12-30,2026-01-06,2026-01-13,2026-01-20,179865,279900,750,2100,5925,4125,17.31,14.875,2025-12-20 07:48:58,1.556167125344008,0.6962025316455697,1350,2.8,459765,2850,10050,0.8593298671288273,-2.4349999999999987,56.75,-433,-483.6666666666667,73.83333333333333,1963,8772,BEARISH_TURN,f,f,NEUTRAL,NEUTRAL_PREDICT,-1275,5325,10275,2251.51
2025-12-09 14:59:00,NSE,25867.1,25850,2025-12-23,2025-12-30,2026-01-06,2026-01-13,2026-01-20,179115,277800,3300,2025,6225,4050,17.71666666666667,14.825,2025-12-20 07:48:56,1.5509588811657316,0.6506024096385542,-1275,0.6136363636363636,456915,5325,10275,0.8367826904985888,-2.8916666666666693,43.625,-313,-648.6666666666666,8.833333333333334,1993,7272,BULLISH_CONTINUE,f,f,NEUTRAL,NEUTRAL_PREDICT,-65,65,6960,2241.52
2025-12-09 14:58:00,NSE,25867.1,25850,2025-12-23,2025-12-30,2026-01-06,2026-01-13,2026-01-20,175815,275775,65,0,3585,3375,17.466666666666665,14.9,2025-12-20 07:48:55,1.5685521713164405,0.9414225941422594,-65,0,451590,65,6960,0.8530534351145039,-2.5666666666666647,49.675,-133,-533.6666666666666,41.333333333333336,1003,5652,BULLISH_CONTINUE,f,f,NEUTRAL,NEUTRAL_PREDICT,-1500,900,4950,2229.30
2025-12-09 14:57:00,NSE,25867.1,25850,2025-12-23,2025-12-30,2026-01-06,2026-01-13,2026-01-20,175750,275775,1200,-300,2925,2025,18.153333333333332,14.794999999999998,2025-12-20 07:48:54,1.5691322901849218,0.6923076923076923,-1500,-0.25,451525,900,4950,0.8150018362100624,-3.3583333333333343,42.5,-135,-574.3333333333334,53.5,1095,5565,BULLISH_CONTINUE,f,f,NEUTRAL,NEUTRAL_PREDICT,-675,675,11625,2229.69
2025-12-09 14:56:00,NSE,25867.1,25850,2025-12-23,2025-12-30,2026-01-06,2026-01-13,2026-01-20,174550,276075,675,0,8475,3150,18.25,14.75,2025-12-20 07:48:53,1.581638498997422,0.37168141592920356,-675,0,450625,675,11625,0.8082191780821918,-3.5,46.625,405,-629.3333333333334,98.5,1545,5700,BULLISH_TURN,f,t,NEUTRAL,BULLISH_PREDICT,1950,3000,2550,2210.80
2025-12-09 14:54:00,NSE,25867.1,25850,2025-12-23,2025-12-30,2026-01-06,2026-01-13,2026-01-20,173875,276075,525,2475,1500,1050,18.076666666666668,14.72,2025-12-20 07:48:52,1.5877785765636232,0.7,1950,4.714285714285714,449950,3000,2550,0.8143094228286926,-3.3566666666666674,59.75,465,-514.3333333333334,111,1335,4020,BEARISH_TURN,f,f,NEUTRAL,NEUTRAL_PREDICT,-375,375,2175,2207.33
2025-12-09 14:53:00,NSE,25867.1,25850,2025-12-23,2025-12-30,2026-01-06,2026-01-13,2026-01-20,173350,273600,375,0,1125,1050,18.113333333333333,14.774999999999999,2025-12-20 07:48:51,1.5783097779059705,0.9333333333333333,-375,0,446950,375,2175,0.8156974604343025,-3.3383333333333347,48.125,-150,-659.3333333333334,58.5,1410,4080,BULLISH_CONTINUE,f,f,NEUTRAL,NEUTRAL_PREDICT,-75,525,6525,2180.66
2025-12-09 14:51:00,NSE,25867.1,25850,2025-12-23,2025-12-30,2026-01-06,2026-01-13,2026-01-20,172975,273600,300,225,3525,3000,17.903333333333332,14.995,2025-12-20 07:48:50,1.5817314640844053,0.851063829787234,-75,0.75,446575,525,6525,0.8375535282070378,-2.908333333333333,49.625,-240,-629.3333333333334,68.83333333333333,1260,4935,BULLISH_TURN,f,f,NEUTRAL,NEUTRAL_PREDICT,1200,3150,5625,2179.26
2025-12-09 14:50:00,NSE,25867.1,25850,2025-12-23,2025-12-30,2026-01-06,2026-01-13,2026-01-20,172675,273375,975,2175,2325,3300,17.98,15.165,2025-12-20 07:48:49,1.5831764876212537,1.4193548387096775,1200,2.230769230769231,446050,3150,5625,0.843437152391546,-2.8150000000000013,56,-90,-759.3333333333334,76.33333333333333,1890,4470,BEARISH_TURN,t,f,NEUTRAL,NEUTRAL_PREDICT,-375,-375,3225,2179.14
2025-12-09 14:48:00,NSE,25867.1,25850,2025-12-23,2025-12-30,2026-01-06,2026-01-13,2026-01-20,171700,271200,0,-375,1575,1650,18.153333333333332,14.885,2025-12-20 07:48:47,1.5794991263832265,1.0476190476190477,-375,,442900,-375,3225,0.8199596033786265,-3.2683333333333326,48.125,-343,-843.6666666666666,41.333333333333336,1273,4363,BULLISH_CONTINUE,t,f,NEUTRAL,NEUTRAL_PREDICT,-1125,3375,2850,2168.88
2025-12-09 14:47:00,NSE,25867.1,25850,2025-12-23,2025-12-30,2026-01-06,2026-01-13,2026-01-20,171700,271575,2250,1125,1350,1500,18.116666666666664,15.21,2025-12-20 07:48:47,1.5816831683168318,1.1111111111111112,-1125,0.5,443275,3375,2850,0.8395584176632936,-2.9066666666666627,44.375,-1483,-898.6666666666666,58.833333333333336,1693,5113,BULLISH_CONTINUE,t,f,NEUTRAL,NEUTRAL_PREDICT,-825,-375,6450,2167.52
2025-12-09 14:45:00,NSE,25867.1,25850,2025-12-23,2025-12-30,2026-01-06,2026-01-13,2026-01-20,169450,270450,225,-600,3150,3300,18.12333333333333,15.129999999999999,2025-12-20 07:48:45,1.596046031277663,1.0476190476190477,-825,-2.6666666666666665,439900,-375,6450,0.834835387162038,-2.9933333333333323,45.875,-1483,-328.6666666666667,106.33333333333333,883,5848,BULLISH_TURN,t,f,NEUTRAL,NEUTRAL_PREDICT,675,3675,4200,2156.27
2025-12-09 14:44:00,NSE,25867.1,25850,2025-12-23,2025-12-30,2026-01-06,2026-01-13,2026-01-20,169225,271050,1500,2175,2175,2025,18.006666666666668,15.015,2025-12-20 07:48:44,1.6017136947850494,0.9310344827586207,675,1.45,440275,3675,4200,0.8338578304331729,-2.991666666666667,53.375,-1228,26.333333333333332,128.83333333333334,958,5218,BEARISH_TURN,f,f,NEUTRAL,NEUTRAL_PREDICT,-65,65,5090,2149.73
2025-12-09 14:42:00,NSE,25867.1,25850,2025-12-23,2025-12-30,2026-01-06,2026-01-13,2026-01-20,167725,268875,65,0,2465,2625,17.86,15.06,2025-12-20 07:48:43,1.6030705023103293,1.0649087221095335,-65,0,436600,65,5090,0.8432250839865622,-2.799999999999999,49.675,-1498,101.33333333333333,153.83333333333334,-92,5563,BULLISH_CONTINUE,f,f,NEUTRAL,NEUTRAL_PREDICT,-6075,1725,6975,2160.63
2025-12-09 14:41:00,NSE,25867.1,25850,2025-12-23,2025-12-30,2026-01-06,2026-01-13,2026-01-20,167660,268875,3900,-2175,1725,5250,17.886666666666667,15.055,2025-12-20 07:48:42,1.6036919957055946,3.0434782608695654,-6075,-0.5576923076923077,436535,1725,6975,0.84168840849795,-2.831666666666667,19.624999999999996,-1950,230.66666666666666,168.5,360,5235,BULLISH_CONTINUE,t,f,NEUTRAL,NEUTRAL_PREDICT,-1125,-675,6525,2160.59
2025-12-09 14:39:00,NSE,25867.1,25850,2025-12-23,2025-12-30,2026-01-06,2026-01-13,2026-01-20,163760,271050,225,-900,3375,3150,18.213333333333335,14.96,2025-12-20 07:48:41,1.6551660967269175,0.9333333333333333,-1125,-4,434810,-675,6525,0.8213762811127379,-3.253333333333334,44.375,-525,631.3333333333334,356,225,6750,BULLISH_TURN,f,f,NEUTRAL,NEUTRAL_PREDICT,450,0,3300,1816.80
2025-12-09 14:38:00,NSE,25867.1,25850,2025-12-23,2025-12-30,2026-01-06,2026-01-13,2026-01-20,163535,271950,-225,225,2325,975,18.47,14.475000000000001,2025-12-20 07:48:40,1.662946769804629,0.41935483870967744,450,1,435485,0,3300,0.7837033026529509,-3.9949999999999974,52.25,-345,666.3333333333334,418.5,945,7170,BEARISH_TURN,f,f,NEUTRAL,NEUTRAL_PREDICT,-675,-1575,5925,1796.23
2025-12-09 14:35:00,NSE,25867.1,25850,2025-12-23,2025-12-30,2026-01-06,2026-01-13,2026-01-20,163760,271725,-450,-1125,3000,2925,18.48,14.565,2025-12-20 07:48:37,1.6592879824132878,0.975,-675,-2.5,435485,-1575,5925,0.7881493506493507,-3.915000000000001,46.625,-420,616.3333333333334,411,1170,9180,BULLISH_CONTINUE,t,f,NEUTRAL,NEUTRAL_PREDICT,-2325,2325,3450,1796.57
2025-12-09 14:33:00,NSE,25867.1,25850,2025-12-23,2025-12-30,2026-01-06,2026-01-13,2026-01-20,164210,272850,2325,0,825,2625,18.33,14.67,2025-12-20 07:48:36,1.6615918640764875,3.1818181818181817,-2325,0,437060,2325,3450,0.800327332242226,-3.6599999999999984,38.375,-690,681.3333333333334,446,990,9000,BULLISH_TURN,f,f,NEUTRAL,NEUTRAL_PREDICT,1050,1050,14550,1784.87
2025-12-09 14:32:00,NSE,25867.1,25850,2025-12-23,2025-12-30,2026-01-06,2026-01-13,2026-01-20,161885,272850,0,1050,2775,11775,18.353333333333335,14.620000000000001,2025-12-20 07:48:35,1.685455724742873,4.243243243243243,1050,,434735,1050,14550,0.796585543043952,-3.7333333333333343,55.25,-238,826.3333333333334,506,538,9313,BEARISH_TURN,f,f,NEUTRAL,NEUTRAL_PREDICT,-225,2925,8625,1717.49
2025-12-09 14:29:00,NSE,25867.1,25850,2025-12-23,2025-12-30,2026-01-06,2026-01-13,2026-01-20,161885,271800,1575,1350,1275,7350,18.55666666666667,14.7,2025-12-20 07:48:33,1.6789696389412236,5.764705882352941,-225,0.8571428571428571,433685,2925,8625,0.7921681336446919,-3.856666666666669,48.875,-688,736.3333333333334,441,568,9118,BULLISH_TURN,f,f,NEUTRAL,NEUTRAL_PREDICT,75,1125,13350,1733.02
2025-12-09 14:27:00,NSE,25867.1,25850,2025-12-23,2025-12-30,2026-01-06,2026-01-13,2026-01-20,160310,270450,525,600,5850,7500,18.356666666666666,14.545000000000002,2025-12-20 07:48:31,1.687043852535712,1.2820512820512822,75,1.1428571428571428,430760,1125,13350,0.7923551843108773,-3.811666666666664,50.375,842,776.3333333333334,446,1348,9778,BEARISH_TURN,t,t,NEUTRAL,BEARISH_PREDICT,-2025,-2475,5025,1731.25
2025-12-09 14:26:00,NSE,25867.1,25850,2025-12-23,2025-12-30,2026-01-06,2026-01-13,2026-01-20,159785,269850,-225,-2250,2325,2700,18.44,14.46,2025-12-20 07:48:30,1.6888318678223864,1.1612903225806452,-2025,-10,429635,-2475,5025,0.7841648590021691,-3.9800000000000004,39.875,1727,767,433.5,2173,10258,BULLISH_CONTINUE,t,f,NEUTRAL,NEUTRAL_PREDICT,-65,65,5015,1735.37
2025-12-09 14:25:00,NSE,25867.1,25850,2025-12-23,2025-12-30,2026-01-06,2026-01-13,2026-01-20,160010,272100,65,0,365,4650,18.353333333333335,14.64,2025-12-20 07:48:30,1.7005187175801513,12.73972602739726,-65,0,432110,65,5015,0.7976752633490737,-3.7133333333333347,49.675,2492,912,531,2308,11128,BULLISH_CONTINUE,f,f,NEUTRAL,NEUTRAL_PREDICT,-1200,1200,13575,1673.55
2025-12-09 14:24:00,NSE,25867.1,25850,2025-12-23,2025-12-30,2026-01-06,2026-01-13,2026-01-20,159945,272100,1200,0,2025,11550,18.633333333333333,14.325,2025-12-20 07:48:29,1.70120979086561,5.703703703703703,-1200,0,432045,1200,13575,0.768783542039356,-4.308333333333334,44,2880,926.3333333333334,610.6666666666666,2130,10605,BULLISH_TURN,f,f,NEUTRAL,NEUTRAL_PREDICT,7425,6825,11925,1700.86
2025-12-09 14:23:00,NSE,25867.1,25850,2025-12-23,2025-12-30,2026-01-06,2026-01-13,2026-01-20,158745,272100,-300,7125,2700,9225,18.51666666666667,14.579999999999998,2025-12-20 07:48:28,1.7140697344798261,3.4166666666666665,7425,23.75,430845,6825,11925,0.7873987398739872,-3.936666666666671,87.125,3107,1016.3333333333334,670.6666666666666,1903,8518,BEARISH_CONTINUE,f,f,NEUTRAL,NEUTRAL_PREDICT,4500,5250,15750,1666.18
2025-12-09 14:20:00,NSE,25867.1,25850,2025-12-23,2025-12-30,2026-01-06,2026-01-13,2026-01-20,159045,264975,375,4875,5400,10350,18.56,14.57,2025-12-20 07:48:26,1.6660379137979817,1.9166666666666667,4500,13,424020,5250,15750,0.785021551724138,-3.9899999999999984,72.5,1502,541.3333333333334,435.6666666666667,418,6388,BEARISH_CONTINUE,t,f,NEUTRAL,NEUTRAL_PREDICT,1800,-1800,9375,1071.87
2025-12-09 14:18:00,NSE,25867.1,25850,2025-12-23,2025-12-30,2026-01-06,2026-01-13,2026-01-20,158670,260100,-1800,0,2025,7350,18.563333333333333,14.434999999999999,2025-12-20 07:48:24,1.6392512762336926,3.6296296296296298,1800,0,418770,-1800,9375,0.7776081881845932,-4.128333333333334,59,542,231.33333333333334,300.6666666666667,-542,4393,BEARISH_CONTINUE,f,t,NEUTRAL,BEARISH_PREDICT,1875,-825,2400,748.62
2025-12-09 14:17:00,NSE,25867.1,25850,2025-12-23,2025-12-30,2026-01-06,2026-01-13,2026-01-20,160470,260100,-1350,525,525,1875,18.51,14.649999999999999,2025-12-20 07:48:24,1.6208637128435222,3.5714285714285716,1875,0.3888888888888889,420570,-825,2400,0.7914640734737978,-3.860000000000003,59.375,242,206.33333333333334,153.16666666666666,-182,2908,BEARISH_TURN,t,f,NEUTRAL,NEUTRAL_PREDICT,-65,65,3140,869.24
2025-12-09 14:16:00,NSE,25867.1,25850,2025-12-23,2025-12-30,2026-01-06,2026-01-13,2026-01-20,161820,259575,65,0,965,2175,18.423333333333332,14.669999999999998,2025-12-20 07:48:23,1.6040971449758992,2.2538860103626943,-65,0,421395,65,3140,0.7962728424099873,-3.753333333333334,49.675,-163,106.33333333333333,98.16666666666667,-17,3028,BULLISH_CONTINUE,t,t,NEUTRAL,BULLISH_PREDICT,-600,-600,1275,806.47
2025-12-09 14:15:00,NSE,25867.1,25850,2025-12-23,2025-12-30,2026-01-06,2026-01-13,2026-01-20,161755,259575,0,-600,825,450,18.213333333333335,14.81,2025-12-20 07:48:22,1.6047417390497976,0.5454545454545454,-600,,421330,-600,1275,0.8131405563689604,-3.403333333333334,47,-210,80.66666666666667,50.333333333333336,30,2625,BULLISH_CONTINUE,t,f,NEUTRAL,NEUTRAL_PREDICT,-300,450,5775,857.42
2025-12-09 14:14:00,NSE,25867.1,25850,2025-12-23,2025-12-30,2026-01-06,2026-01-13,2026-01-20,161755,260175,375,75,4500,1275,17.956666666666667,14.94,2025-12-20 07:48:21,1.6084510525176965,0.2833333333333333,-300,0.2,421930,450,5775,0.8320029701132355,-3.0166666666666675,48.5,-15,170.66666666666666,50.333333333333336,225,2550,BULLISH_TURN,f,t,NEUTRAL,BULLISH_PREDICT,300,0,1950,857.42
2025-12-09 14:12:00,NSE,25867.1,25850,2025-12-23,2025-12-30,2026-01-06,2026-01-13,2026-01-20,161380,260100,-150,150,825,1125,17.91333333333333,15.1,2025-12-20 07:48:20,1.6117238815218737,1.3636363636363635,300,1,421480,0,1950,0.8429475251209528,-2.813333333333331,51.5,32,205.66666666666666,117.83333333333333,148,2368,BEARISH_TURN,f,f,NEUTRAL,NEUTRAL_PREDICT,-150,0,3000,907.16
2025-12-09 14:11:00,NSE,25867.1,25850,2025-12-23,2025-12-30,2026-01-06,2026-01-13,2026-01-20,161530,259950,75,-75,1800,1200,17.990000000000002,15.149999999999999,2025-12-20 07:48:19,1.6092985823066923,0.6666666666666666,-150,-1,421480,0,3000,0.8421345191773205,-2.8400000000000034,49.25,2,210.66666666666666,95.33333333333333,148,2833,BULLISH_CONTINUE,f,t,NEUTRAL,BULLISH_PREDICT,-300,300,1125,910.85
2025-12-09 14:09:00,NSE,25867.1,25850,2025-12-23,2025-12-30,2026-01-06,2026-01-13,2026-01-20,161455,260025,300,0,900,225,17.893333333333334,15.2,2025-12-20 07:48:17,1.6105106686073518,0.25,-300,0,421480,300,1125,0.8494783904619969,-2.693333333333335,48.5,62,185.66666666666666,102.83333333333333,118,3253,BULLISH_TURN,f,f,NEUTRAL,NEUTRAL_PREDICT,375,375,900,909.68
2025-12-09 14:08:00,NSE,25867.1,25850,2025-12-23,2025-12-30,2026-01-06,2026-01-13,2026-01-20,161155,260025,0,375,450,450,17.873333333333335,15.055,2025-12-20 07:48:17,1.6135087338276815,1,375,,421180,375,900,0.8423162998881014,-2.818333333333335,51.875,152,145.66666666666666,115.33333333333333,88,3058,BEARISH_TURN,f,f,NEUTRAL,NEUTRAL_PREDICT,-65,65,4865,906.53
2025-12-09 14:06:00,NSE,25867.1,25850,2025-12-23,2025-12-30,2026-01-06,2026-01-13,2026-01-20,161155,259650,65,0,2990,1875,17.78,15.135,2025-12-20 07:48:15,1.611181781514691,0.6270903010033445,-65,0,420805,65,4865,0.8512373453318335,-2.6450000000000014,49.675,137,115.66666666666667,-77.16666666666667,-47,2998,BULLISH_TURN,f,f,NEUTRAL,NEUTRAL_PREDICT,150,0,4275,1352.80
2025-12-09 14:05:00,NSE,25867.1,25850,2025-12-23,2025-12-30,2026-01-06,2026-01-13,2026-01-20,161090,259650,-75,75,2475,1800,18.096666666666668,15.025,2025-12-20 07:48:14,1.6118318952138555,0.7272727272727273,150,1,420740,0,4275,0.8302634002578744,-3.071666666666667,50.75,120,100,-100,-90,2205,BEARISH_CONTINUE,f,f,NEUTRAL,NEUTRAL_PREDICT,150,-150,5100,1358.36
2025-12-09 14:04:00,NSE,25867.1,25850,2025-12-23,2025-12-30,2026-01-06,2026-01-13,2026-01-20,161165,259575,-150,0,2625,2475,18.2,14.780000000000001,2025-12-20 07:48:13,1.610616448980858,0.9428571428571428,150,0,420740,-150,5100,0.8120879120879122,-3.419999999999998,50.75,375,150,-182.5,-375,1440,BEARISH_CONTINUE,t,t,NEUTRAL,BEARISH_PREDICT,150,150,150,1416.56
2025-12-09 14:03:00,NSE,25867.1,25850,2025-12-23,2025-12-30,2026-01-06,2026-01-13,2026-01-20,161315,259575,0,150,75,75,17.866666666666667,14.975000000000001,2025-12-20 07:48:13,1.6091188048228622,1,150,,420890,150,150,0.8381529850746269,-2.8916666666666657,50.75,420,295,-189.66666666666666,-420,465,BEARISH_CONTINUE,t,f,NEUTRAL,NEUTRAL_PREDICT,300,-300,600,1415.36
2025-12-09 14:00:00,NSE,25867.1,25850,2025-12-23,2025-12-30,2026-01-06,2026-01-13,2026-01-20,161315,259425,-300,0,450,150,17.963333333333335,15.125,2025-12-20 07:48:10,1.608188947091095,0.3333333333333333,300,0,420740,-300,600,0.8419929485989979,-2.8383333333333347,51.5,300,325,-199.66666666666666,-420,540,BEARISH_TURN,f,f,NEUTRAL,NEUTRAL_PREDICT,-150,-150,900,1413.94
2025-12-09 13:58:00,NSE,25867.1,25850,2025-12-23,2025-12-30,2026-01-06,2026-01-13,2026-01-20,161615,259425,0,-150,375,525,18.076666666666668,14.99,2025-12-20 07:48:09,1.6052037249017728,1.4,-150,,421040,-150,900,0.8292458049050341,-3.086666666666668,49.25,390,330,-207.16666666666666,-300,810,BULLISH_TURN,f,f,NEUTRAL,NEUTRAL_PREDICT,1425,-1425,450,1411.79
2025-12-09 13:56:00,NSE,25867.1,25850,2025-12-23,2025-12-30,2026-01-06,2026-01-13,2026-01-20,161615,259575,-1425,0,450,0,17.993333333333336,14.775,2025-12-20 07:48:07,1.6061318565727192,0,1425,0,421190,-1425,450,0.8211374583178954,-3.2183333333333355,57.125,465,370,-399.6666666666667,-225,960,BEARISH_CONTINUE,f,f,NEUTRAL,NEUTRAL_PREDICT,375,-375,225,1755.59
2025-12-09 13:54:00,NSE,25867.1,25850,2025-12-23,2025-12-30,2026-01-06,2026-01-13,2026-01-20,163040,259575,-375,0,150,75,17.99,15.040000000000001,2025-12-20 07:48:06,1.5920939646712464,0.5,375,0,422615,-375,225,0.8360200111172875,-2.9499999999999975,51.875,255,100,-422.1666666666667,45,1305,BEARISH_TURN,t,f,NEUTRAL,NEUTRAL_PREDICT,-450,150,525,1735.61
2025-12-09 13:53:00,NSE,25867.1,25850,2025-12-23,2025-12-30,2026-01-06,2026-01-13,2026-01-20,163415,259575,300,-150,225,300,17.95,14.98,2025-12-20 07:48:05,1.5884404736407307,1.3333333333333333,-450,-0.5,422990,150,525,0.8345403899721449,-2.969999999999999,47.75,75,90,-522.1666666666666,15,1335,BULLISH_TURN,f,f,NEUTRAL,NEUTRAL_PREDICT,750,300,1950,1774.09
2025-12-09 13:50:00,NSE,25867.1,25850,2025-12-23,2025-12-30,2026-01-06,2026-01-13,2026-01-20,163115,259725,-225,525,900,1050,17.836666666666666,15.084999999999999,2025-12-20 07:48:02,1.5922815191735893,1.1666666666666667,750,2.3333333333333335,422840,300,1950,0.845729770136423,-2.751666666666667,53.75,-15,20,-544.6666666666666,135,1335,BEARISH_CONTINUE,f,f,NEUTRAL,NEUTRAL_PREDICT,225,225,1650,1777.42
2025-12-09 13:48:00,NSE,25867.1,25850,2025-12-23,2025-12-30,2026-01-06,2026-01-13,2026-01-20,163340,259200,0,225,600,1050,17.996666666666666,14.995000000000001,2025-12-20 07:48:01,1.5868740051426473,1.75,225,,422540,225,1650,0.8332098536766068,-3.001666666666665,51.125,-180,-70,-439.6666666666667,60,1590,BEARISH_CONTINUE,t,f,NEUTRAL,NEUTRAL_PREDICT,375,-75,2175,1941.97
2025-12-09 13:47:00,NSE,25867.1,25850,2025-12-23,2025-12-30,2026-01-06,2026-01-13,2026-01-20,163340,258975,-225,150,1425,750,17.996666666666666,14.934999999999999,2025-12-20 07:48:00,1.5854965103465164,0.5263157894736842,375,0.6666666666666666,422315,-75,2175,0.8298759029449898,-3.0616666666666674,51.875,-285,30,-454.6666666666667,75,1410,BEARISH_TURN,f,t,NEUTRAL,BEARISH_PREDICT,-525,-525,375,1938.39
2025-12-09 13:45:00,NSE,25867.1,25850,2025-12-23,2025-12-30,2026-01-06,2026-01-13,2026-01-20,163565,258825,0,-525,150,225,18.186666666666667,14.75,2025-12-20 07:47:58,1.5823984348729863,1.5,-525,,422390,-525,375,0.811033724340176,-3.4366666666666674,47.375,-180,-20,-309.6666666666667,270,1215,BULLISH_CONTINUE,t,f,NEUTRAL,NEUTRAL_PREDICT,-900,750,525,2153.37
2025-12-09 13:44:00,NSE,25867.1,25850,2025-12-23,2025-12-30,2026-01-06,2026-01-13,2026-01-20,163565,259350,825,-75,150,375,18.116666666666667,14.875,2025-12-20 07:47:58,1.585608168006603,2.5,-900,-0.09090909090909091,422915,750,525,0.8210671573137074,-3.241666666666667,45.5,390,20,-282.1666666666667,600,3870,BULLISH_CONTINUE,t,f,NEUTRAL,NEUTRAL_PREDICT,-75,-75,3225,2155.79
2025-12-09 13:43:00,NSE,25867.1,25850,2025-12-23,2025-12-30,2026-01-06,2026-01-13,2026-01-20,162740,259425,0,-75,2025,1200,17.886666666666667,14.85,2025-12-20 07:47:57,1.594107164802753,0.5925925925925926,-75,,422165,-75,3225,0.8302273574357063,-3.036666666666667,49.625,690,85,-272.1666666666667,330,4616,BULLISH_CONTINUE,t,t,NEUTRAL,BULLISH_PREDICT,-300,300,750,2153.52
2025-12-09 13:42:00,NSE,25867.1,25850,2025-12-23,2025-12-30,2026-01-06,2026-01-13,2026-01-20,162740,259500,300,0,600,150,17.846666666666668,14.955,2025-12-20 07:47:56,1.5945680226127565,0.25,-300,0,422240,300,750,0.8379716100112066,-2.8916666666666675,48.5,780,-270,-274.6666666666667,420,4316,BULLISH_TURN,f,f,NEUTRAL,NEUTRAL_PREDICT,900,900,1200,2153.33
2025-12-09 13:41:00,NSE,25867.1,25850,2025-12-23,2025-12-30,2026-01-06,2026-01-13,2026-01-20,162440,259500,0,900,75,1125,18.040000000000003,14.855,2025-12-20 07:47:55,1.597512927850283,15,900,,421940,900,1200,0.8234478935698447,-3.1850000000000023,54.5,930,-300,-227.16666666666666,270,4226,BEARISH_CONTINUE,f,f,NEUTRAL,NEUTRAL_PREDICT,2325,1125,13650,2168.41
2025-12-09 13:38:00,NSE,25867.1,25850,2025-12-23,2025-12-30,2026-01-06,2026-01-13,2026-01-20,162440,258600,-600,1725,7125,6525,17.823333333333334,15.025,2025-12-20 07:47:53,1.5919724205860626,0.9157894736842105,2325,2.875,421040,1125,13650,0.8429960725640546,-2.798333333333334,61.625,225,-515,-307.1666666666667,-375,4676,BEARISH_CONTINUE,t,t,NEUTRAL,BEARISH_PREDICT,600,-600,4255,2169.67
2025-12-09 13:37:00,NSE,25867.1,25850,2025-12-23,2025-12-30,2026-01-06,2026-01-13,2026-01-20,163040,256875,-600,0,2230,2025,18.086666666666666,14.735,2025-12-20 07:47:52,1.5755336113837095,0.9080717488789237,600,0,419915,-600,4255,0.8146885366752672,-3.3516666666666666,53,-195,-674.3333333333334,-422.1666666666667,-735,2756,BEARISH_CONTINUE,t,t,NEUTRAL,BEARISH_PREDICT,375,375,1725,2116.11
2025-12-09 13:36:00,NSE,25867.1,25850,2025-12-23,2025-12-30,2026-01-06,2026-01-13,2026-01-20,163640,256875,0,375,75,1650,18.099999999999998,14.955,2025-12-20 07:47:51,1.569756783182596,22,375,,420515,375,1725,0.826243093922652,-3.144999999999998,51.875,-615,-724.3333333333334,-467.1666666666667,-1215,2430,BEARISH_CONTINUE,t,t,NEUTRAL,BEARISH_PREDICT,450,-450,300,2107.96
2025-12-09 13:35:00,NSE,25867.1,25850,2025-12-23,2025-12-30,2026-01-06,2026-01-13,2026-01-20,163640,256500,-450,0,75,225,18.05,14.86,2025-12-20 07:47:51,1.5674651674407236,3,450,0,420140,-450,300,0.8232686980609417,-3.1900000000000013,52.25,-810,-744.3333333333334,-489.6666666666667,-1140,2895,BEARISH_TURN,f,f,NEUTRAL,NEUTRAL_PREDICT,-2625,-2325,3450,2102.26
2025-12-09 13:32:00,NSE,25867.1,25850,2025-12-23,2025-12-30,2026-01-06,2026-01-13,2026-01-20,164090,256500,150,-2475,1200,2250,17.836666666666666,14.91,2025-12-20 07:47:48,1.5631665549393625,1.875,-2625,-16.5,420590,-2325,3450,0.835918519902822,-2.926666666666666,36.875,-555,-1169.3333333333333,-417.1666666666667,-675,3015,BULLISH_TURN,f,f,NEUTRAL,NEUTRAL_PREDICT,225,-675,4050,2172.13
2025-12-09 13:29:00,NSE,25867.1,25850,2025-12-23,2025-12-30,2026-01-06,2026-01-13,2026-01-20,163940,258975,-450,-225,2325,1725,17.843333333333334,15.035,2025-12-20 07:47:46,1.5796937904111261,0.7419354838709677,225,-0.5,422915,-675,4050,0.8426116196525313,-2.8083333333333336,51.125,-105,-944.3333333333334,-404.6666666666667,-285,2385,BEARISH_TURN,f,f,NEUTRAL,NEUTRAL_PREDICT,-1500,-3000,2625,2160.03
2025-12-09 13:26:00,NSE,25867.1,25850,2025-12-23,2025-12-30,2026-01-06,2026-01-13,2026-01-20,164390,259200,-750,-2250,1425,1200,17.953333333333333,15.075000000000001,2025-12-20 07:47:43,1.5767382444187603,0.8421052631578947,-1500,-3,423590,-3000,2625,0.8396769402153733,-2.878333333333332,42.5,-135,-1134.3333333333333,-492.1666666666667,-165,1845,BULLISH_CONTINUE,t,f,NEUTRAL,NEUTRAL_PREDICT,-600,750,4050,2186.65
2025-12-09 13:23:00,NSE,25867.1,25850,2025-12-23,2025-12-30,2026-01-06,2026-01-13,2026-01-20,165140,261450,675,75,900,3150,18.013333333333332,15.04,2025-12-20 07:47:41,1.5832021315247669,3.5,-600,0.1111111111111111,426590,750,4050,0.8349370836417469,-2.9733333333333327,47,180,-1109.3333333333333,-299.6666666666667,420,1650,BULLISH_TURN,f,t,NEUTRAL,BULLISH_PREDICT,1725,1875,900,2343.44
2025-12-09 13:20:00,NSE,25867.1,25850,2025-12-23,2025-12-30,2026-01-06,2026-01-13,2026-01-20,164465,261375,75,1800,450,450,17.836666666666666,15.040000000000001,2025-12-20 07:47:38,1.5892439120785578,1,1725,24,425840,1875,900,0.8432068772192114,-2.796666666666665,58.625,-780,-809.3333333333334,-179.66666666666666,1380,1230,BEARISH_TURN,t,t,NEUTRAL,BEARISH_PREDICT,-375,-375,300,2418.50
2025-12-09 13:18:00,NSE,25867.1,25850,2025-12-23,2025-12-30,2026-01-06,2026-01-13,2026-01-20,164390,259575,0,-375,225,75,17.903333333333332,15.094999999999999,2025-12-20 07:47:36,1.5790194050733013,0.3333333333333333,-375,,423965,-375,300,0.8431390802457642,-2.8083333333333336,48.125,-1275,-939.3333333333334,-174.66666666666666,1155,1395,BULLISH_TURN,f,f,NEUTRAL,NEUTRAL_PREDICT,75,-75,1350,2422.73
2025-12-09 13:17:00,NSE,25867.1,25850,2025-12-23,2025-12-30,2026-01-06,2026-01-13,2026-01-20,164390,259950,-75,0,825,525,17.973333333333333,15.09,2025-12-20 07:47:35,1.5813005657278423,0.6363636363636364,75,0,424340,-75,1350,0.8395771513353116,-2.883333333333333,50.375,-1665,-599.3333333333334,-59.666666666666664,1575,2715,BEARISH_CONTINUE,f,f,NEUTRAL,NEUTRAL_PREDICT,75,-75,1650,2493.73
2025-12-09 13:15:00,NSE,25867.1,25850,2025-12-23,2025-12-30,2026-01-06,2026-01-13,2026-01-20,164465,259950,-75,0,900,750,17.96,14.915,2025-12-20 07:47:32,1.5805794545952025,0.8333333333333334,75,0,424415,-75,1650,0.8304565701559019,-3.0450000000000017,50.375,-1693,-584.3333333333334,-39.666666666666664,1603,2891,BEARISH_TURN,t,f,NEUTRAL,NEUTRAL_PREDICT,-5400,5550,1950,2497.25
2025-12-09 13:14:00,NSE,25867.1,25850,2025-12-23,2025-12-30,2026-01-06,2026-01-13,2026-01-20,164540,259950,5475,75,975,975,17.95,14.870000000000001,2025-12-20 07:47:31,1.5798590008508568,1,-5400,0.0136986301369863,424490,5550,1950,0.8284122562674096,-3.0799999999999983,23,-1738,-629.3333333333334,2.8333333333333335,1648,4586,BULLISH_CONTINUE,f,f,NEUTRAL,NEUTRAL_PREDICT,-750,750,1725,2510.08
2025-12-09 13:12:00,NSE,25867.1,25850,2025-12-23,2025-12-30,2026-01-06,2026-01-13,2026-01-20,159065,259875,750,0,150,1575,17.99,14.945,2025-12-20 07:47:29,1.6337660704743344,10.5,-750,0,418940,750,1725,0.830739299610895,-3.044999999999998,46.25,-643,-279.3333333333333,327.8333333333333,733,4541,BULLISH_CONTINUE,f,f,NEUTRAL,NEUTRAL_PREDICT,-2325,1725,6900,2415.85
2025-12-09 13:11:00,NSE,25867.1,25850,2025-12-23,2025-12-30,2026-01-06,2026-01-13,2026-01-20,158315,259875,2025,-300,5925,975,17.92,15.010000000000002,2025-12-20 07:47:28,1.641505858573098,0.16455696202531644,-2325,-0.14814814814814814,418190,1725,6900,0.8376116071428571,-2.91,38.375,-1678,-154.33333333333334,472.8333333333333,1948,7016,BULLISH_CONTINUE,f,t,NEUTRAL,BULLISH_PREDICT,-65,65,2230,2478.66
2025-12-09 13:10:00,NSE,25867.1,25850,2025-12-23,2025-12-30,2026-01-06,2026-01-13,2026-01-20,156290,260175,65,0,1555,675,18.053333333333335,14.925,2025-12-20 07:47:27,1.6646938383773755,0.4340836012861736,-65,0,416465,65,2230,0.8267171344165436,-3.128333333333334,49.675,-1063,-99.33333333333333,607.8333333333334,1543,6026,BULLISH_CONTINUE,f,f,NEUTRAL,NEUTRAL_PREDICT,-150,150,10125,2430.85
2025-12-09 13:09:00,NSE,25867.1,25850,2025-12-23,2025-12-30,2026-01-06,2026-01-13,2026-01-20,156225,260175,150,0,8700,1425,18.133333333333333,15.094999999999999,2025-12-20 07:47:26,1.6653864618338934,0.16379310344827586,-150,0,416400,150,10125,0.8324448529411764,-3.038333333333334,49.25,-1575,-170,762.5,945,6705,BULLISH_TURN,f,t,NEUTRAL,BULLISH_PREDICT,75,975,1725,2532.07
2025-12-09 13:08:00,NSE,25867.1,25850,2025-12-23,2025-12-30,2026-01-06,2026-01-13,2026-01-20,156075,260175,450,525,900,825,18.186666666666667,15.03,2025-12-20 07:47:25,1.6669870254685248,0.9166666666666666,75,1.1666666666666667,416250,975,1725,0.8264296187683283,-3.156666666666668,50.375,-1770,-210,727.5,840,4830,BEARISH_TURN,f,f,NEUTRAL,NEUTRAL_PREDICT,-5925,6825,14100,2552.29
2025-12-09 13:05:00,NSE,25867.1,25850,2025-12-23,2025-12-30,2026-01-06,2026-01-13,2026-01-20,155625,259650,6375,450,11775,2325,19.87,14.940000000000001,2025-12-20 07:47:22,1.668433734939759,0.19745222929936307,-5925,0.07058823529411765,415275,6825,14100,0.7518872672370408,-4.93,20.375,-1005,-235,790,1005,7275,BULLISH_TURN,t,t,NEUTRAL,BULLISH_PREDICT,750,-300,1950,2558.71
2025-12-09 13:02:00,NSE,25867.1,25850,2025-12-23,2025-12-30,2026-01-06,2026-01-13,2026-01-20,149250,259200,-525,225,975,975,19.93,14.865,2025-12-20 07:47:19,1.736683417085427,1,750,0.42857142857142855,408450,-300,1950,0.7458605117912694,-5.0649999999999995,53.75,135,335,945,-315,4725,BEARISH_TURN,f,f,NEUTRAL,NEUTRAL_PREDICT,-2625,-2925,5625,2261.49
2025-12-09 13:00:00,NSE,25867.1,25850,2025-12-23,2025-12-30,2026-01-06,2026-01-13,2026-01-20,149775,258975,-150,-2775,2325,3300,19.82,14.86,2025-12-20 07:47:17,1.7290936404606911,1.4193548387096775,-2625,-18.5,408750,-2925,5625,0.7497477295660948,-4.960000000000001,36.875,930,135,872.5,480,4440,BULLISH_CONTINUE,f,t,NEUTRAL,BULLISH_PREDICT,-1125,-375,750,2302.45
2025-12-09 12:59:00,NSE,25867.1,25850,2025-12-23,2025-12-30,2026-01-06,2026-01-13,2026-01-20,149925,261750,375,-750,525,225,20.04,14.73,2025-12-20 07:47:16,1.7458729364682342,0.42857142857142855,-1125,-2,411675,-375,750,0.7350299401197605,-5.309999999999999,44.375,1515,150,967.5,1305,3675,BULLISH_TURN,t,f,NEUTRAL,NEUTRAL_PREDICT,3900,1800,13950,2210.11
2025-12-09 12:56:00,NSE,25867.1,25850,2025-12-23,2025-12-30,2026-01-06,2026-01-13,2026-01-20,149550,262500,-1050,2850,5250,8700,20.08,14.65,2025-12-20 07:47:13,1.7552657973921766,1.6571428571428573,3900,2.7142857142857144,412050,1800,13950,0.729581673306773,-5.429999999999998,69.5,1620,510,1107.5,1260,4005,BEARISH_TURN,f,t,NEUTRAL,BEARISH_PREDICT,-225,225,1350,2206.01
2025-12-09 12:54:00,NSE,25867.1,25850,2025-12-23,2025-12-30,2026-01-06,2026-01-13,2026-01-20,150600,259650,225,0,975,375,20.185000000000002,14.975,2025-12-20 07:47:11,1.7241035856573705,0.38461538461538464,-225,0,410250,225,1350,0.7418875402526628,-5.210000000000003,48.875,810,450,992.5,930,1320,BULLISH_TURN,f,t,NEUTRAL,BULLISH_PREDICT,4725,3675,525,2144.48
2025-12-09 12:53:00,NSE,25867.1,25850,2025-12-23,2025-12-30,2026-01-06,2026-01-13,2026-01-20,150375,259650,-525,4200,225,300,19.795,14.995000000000001,2025-12-20 07:47:10,1.7266832917705737,1.3333333333333333,4725,8,410025,3675,525,0.757514523869664,-4.800000000000001,73.625,1080,590,922.5,870,1410,BEARISH_CONTINUE,f,f,NEUTRAL,NEUTRAL_PREDICT,300,1200,1800,2218.59
2025-12-09 12:50:00,NSE,25867.1,25850,2025-12-23,2025-12-30,2026-01-06,2026-01-13,2026-01-20,150900,255450,450,750,1275,525,20.025,14.915000000000001,2025-12-20 07:47:08,1.6928429423459244,0.4117647058823529,300,1.6666666666666667,406350,1200,1800,0.7448189762796505,-5.109999999999998,51.5,-165,480,870,-165,1530,BEARISH_TURN,t,f,NEUTRAL,NEUTRAL_PREDICT,-600,-600,2400,2142.84
2025-12-09 12:48:00,NSE,25867.1,25850,2025-12-23,2025-12-30,2026-01-06,2026-01-13,2026-01-20,150450,254700,0,-600,1650,750,19.975,15.07,2025-12-20 07:47:06,1.6929212362911266,0.45454545454545453,-600,,405150,-600,2400,0.7544430538172715,-4.905000000000001,47,-450,505,840,-510,1665,BULLISH_CONTINUE,t,t,NEUTRAL,BULLISH_PREDICT,-150,150,525,2157.35
2025-12-09 12:47:00,NSE,25867.1,25850,2025-12-23,2025-12-30,2026-01-06,2026-01-13,2026-01-20,150450,255300,150,0,375,150,20.1,14.985,2025-12-20 07:47:05,1.6969092721834496,0.4,-150,0,405750,150,525,0.7455223880597014,-5.115000000000002,49.25,-480,635,805,-570,1485,BULLISH_TURN,t,f,NEUTRAL,NEUTRAL_PREDICT,1125,-75,1800,2189.79
2025-12-09 12:44:00,NSE,25867.1,25850,2025-12-23,2025-12-30,2026-01-06,2026-01-13,2026-01-20,150300,255300,-600,525,600,1200,20.085,15.075,2025-12-20 07:47:03,1.6986027944111777,2,1125,0.875,405600,-75,1800,0.7505601194921583,-5.010000000000002,55.625,-510,935,835,-660,1680,BEARISH_TURN,f,f,NEUTRAL,NEUTRAL_PREDICT,-1500,-1500,1125,2182.41
2025-12-09 12:42:00,NSE,25867.1,25850,2025-12-23,2025-12-30,2026-01-06,2026-01-13,2026-01-20,150900,254775,0,-1500,375,750,20.15,14.950000000000001,2025-12-20 07:47:02,1.6883697813121272,2,-1500,,405675,-1500,1125,0.7419354838709679,-5.1999999999999975,42.5,-210,1100,722.5,-1170,1905,BULLISH_CONTINUE,f,f,NEUTRAL,NEUTRAL_PREDICT,-1125,-525,2475,2252.80
2025-12-09 12:41:00,NSE,25867.1,25850,2025-12-23,2025-12-30,2026-01-06,2026-01-13,2026-01-20,150900,256275,300,-825,2175,300,20.04,14.915,2025-12-20 07:47:01,1.69831013916501,0.13793103448275862,-1125,-2.75,407175,-525,2475,0.7442614770459082,-5.125,44.375,-360,1315,760,-1350,1830,BULLISH_CONTINUE,f,f,NEUTRAL,NEUTRAL_PREDICT,-750,-900,1500,2223.70
2025-12-09 12:38:00,NSE,25867.1,25850,2025-12-23,2025-12-30,2026-01-06,2026-01-13,2026-01-20,150600,257100,-75,-825,1200,300,19.92,14.855,2025-12-20 07:46:59,1.707171314741036,0.25,-750,-11,407700,-900,1500,0.7457329317269076,-5.065000000000001,46.25,-615,1695,837.5,-1695,2040,BULLISH_CONTINUE,f,f,NEUTRAL,NEUTRAL_PREDICT,-300,-300,1500,2196.09
2025-12-09 12:37:00,NSE,25867.1,25850,2025-12-23,2025-12-30,2026-01-06,2026-01-13,2026-01-20,150675,257925,0,-300,375,1125,19.975,15.149999999999999,2025-12-20 07:46:58,1.7117969138875062,3,-300,,408600,-300,1500,0.7584480600750937,-4.825000000000003,48.5,390,1665,887.5,-660,2430,BULLISH_TURN,f,f,NEUTRAL,NEUTRAL_PREDICT,2625,-2625,2925,2175.68
2025-12-09 12:36:00,NSE,25867.1,25850,2025-12-23,2025-12-30,2026-01-06,2026-01-13,2026-01-20,150675,258225,-2625,0,675,2250,19.939999999999998,15.19,2025-12-20 07:46:57,1.7137879542060728,3.3333333333333335,2625,0,408900,-2625,2925,0.7617853560682046,-4.749999999999998,63.125,1050,1815,920,-690,2415,BEARISH_TURN,f,t,NEUTRAL,BEARISH_PREDICT,-2250,-2400,750,2164.58
2025-12-09 12:35:00,NSE,25867.1,25850,2025-12-23,2025-12-30,2026-01-06,2026-01-13,2026-01-20,153300,258225,-75,-2325,375,375,20.18,15.03,2025-12-20 07:46:56,1.6844422700587085,1,-2250,-31,411525,-2400,750,0.744796828543112,-5.15,38.75,900,1555,882.5,-480,7245,BULLISH_CONTINUE,f,f,NEUTRAL,NEUTRAL_PREDICT,-2400,-2250,3525,2143.67
2025-12-09 12:32:00,NSE,25867.1,25850,2025-12-23,2025-12-30,2026-01-06,2026-01-13,2026-01-20,153375,260550,75,-2325,1950,1575,20.275,14.774999999999999,2025-12-20 07:46:54,1.6987775061124695,0.8076923076923077,-2400,-31,413925,-2250,3525,0.7287299630086314,-5.5,38,1965,1610,977.5,-405,8475,BULLISH_TURN,t,f,NEUTRAL,NEUTRAL_PREDICT,4275,4275,3450,2061.64
2025-12-09 12:30:00,NSE,25867.1,25850,2025-12-23,2025-12-30,2026-01-06,2026-01-13,2026-01-20,153300,262875,0,4275,2100,1350,20.104999999999997,15.11,2025-12-20 07:46:53,1.7147749510763208,0.6428571428571429,4275,,416175,4275,3450,0.7515543397164886,-4.994999999999997,71.375,2580,1785,1045,30,8130,BEARISH_CONTINUE,t,t,NEUTRAL,BEARISH_PREDICT,3000,-450,1425,1978.73
2025-12-09 12:29:00,NSE,25867.1,25850,2025-12-23,2025-12-30,2026-01-06,2026-01-13,2026-01-20,153300,258600,-1725,1275,900,525,20.07,15.155000000000001,2025-12-20 07:46:52,1.6868884540117417,0.5833333333333334,3000,0.7391304347826086,411900,-450,1425,0.7551071250622821,-4.914999999999999,65,1995,1705,935,-615,7980,BEARISH_CONTINUE,f,f,NEUTRAL,NEUTRAL_PREDICT,1875,-1575,27075,1882.35
2025-12-09 12:26:00,NSE,25867.1,25850,2025-12-23,2025-12-30,2026-01-06,2026-01-13,2026-01-20,155025,257325,-1725,150,6225,20850,20.095,15.145,2025-12-20 07:46:50,1.6598935655539429,3.3493975903614457,1875,0.08695652173913043,412350,-1575,27075,0.7536700671808908,-4.949999999999999,59.375,2265,1535,825,375,8250,BEARISH_CONTINUE,f,t,NEUTRAL,BEARISH_PREDICT,3075,-2025,6900,1853.72
2025-12-09 12:23:00,NSE,25867.1,25850,2025-12-23,2025-12-30,2026-01-06,2026-01-13,2026-01-20,156750,257175,-2550,525,2175,4725,20.15,15.024999999999999,2025-12-20 07:46:48,1.64066985645933,2.1724137931034484,3075,0.20588235294117646,413925,-2025,6900,0.7456575682382134,-5.125,65.375,2610,1255,747.5,1140,4170,BEARISH_CONTINUE,f,t,NEUTRAL,BEARISH_PREDICT,675,-75,1800,1856.91
2025-12-09 12:20:00,NSE,25867.1,25850,2025-12-23,2025-12-30,2026-01-06,2026-01-13,2026-01-20,159300,256650,-375,300,525,1275,19.97,15.18,2025-12-20 07:46:45,1.6111111111111112,2.4285714285714284,675,0.8,415950,-75,1800,0.7601402103154732,-4.789999999999999,53.375,2340,1260,730,1230,3945,BEARISH_CONTINUE,t,f,NEUTRAL,NEUTRAL_PREDICT,1350,1050,2700,1836.58
2025-12-09 12:17:00,NSE,25867.1,25850,2025-12-23,2025-12-30,2026-01-06,2026-01-13,2026-01-20,159675,256350,-150,1200,2325,375,20.115000000000002,15.260000000000002,2025-12-20 07:46:43,1.6054485674025365,0.16129032258064516,1350,8,416025,1050,2700,0.7586378324633358,-4.855,56.75,3120,1175,690,900,5025,BEARISH_CONTINUE,f,f,NEUTRAL,NEUTRAL_PREDICT,4350,4500,2775,1850.83
2025-12-09 12:14:00,NSE,25867.1,25850,2025-12-23,2025-12-30,2026-01-06,2026-01-13,2026-01-20,159825,255150,75,4425,900,1875,20.105,15.05,2025-12-20 07:46:41,1.5964335992491787,2.0833333333333335,4350,59,414975,4500,2775,0.7485700074608307,-5.055,71.75,2610,975,-32.5,180,5370,BEARISH_CONTINUE,f,f,NEUTRAL,NEUTRAL_PREDICT,3600,2250,6675,4254.31
2025-12-09 12:11:00,NSE,25867.1,25850,2025-12-23,2025-12-30,2026-01-06,2026-01-13,2026-01-20,159750,250725,-675,2925,1725,4950,20.15,15.065000000000001,2025-12-20 07:46:39,1.5694835680751174,2.869565217391304,3600,4.333333333333333,410475,2250,6675,0.7476426799007445,-5.084999999999997,68,2130,735,-180,-1350,5655,BEARISH_CONTINUE,t,f,NEUTRAL,NEUTRAL_PREDICT,1725,-1575,5775,4173.06
2025-12-09 12:08:00,NSE,25867.1,25850,2025-12-23,2025-12-30,2026-01-06,2026-01-13,2026-01-20,160425,247800,-1650,75,1650,4125,20.08,15.08,2025-12-20 07:46:37,1.5446470313230483,2.5,1725,0.045454545454545456,408225,-1575,5775,0.7509960159362551,-4.999999999999998,58.625,1155,345,487.5,-2055,5235,BEARISH_CONTINUE,f,f,NEUTRAL,NEUTRAL_PREDICT,4575,-1725,7200,6000.12
2025-12-09 12:05:00,NSE,25867.1,25850,2025-12-23,2025-12-30,2026-01-06,2026-01-13,2026-01-20,162075,247725,-3150,1425,2850,4350,20.105,14.945,2025-12-20 07:46:34,1.5284590467376216,1.5263157894736843,4575,0.4523809523809524,409800,-1725,7200,0.7433474260134295,-5.16,72.875,525,205,447.5,-1695,4590,BEARISH_TURN,f,f,NEUTRAL,NEUTRAL_PREDICT,-1200,-2550,4425,5995.59
2025-12-09 12:02:00,NSE,25867.1,25850,2025-12-23,2025-12-30,2026-01-06,2026-01-13,2026-01-20,165225,246300,-675,-1875,3750,675,20,14.945,2025-12-20 07:46:32,1.4906945074897866,0.18,-1200,-2.7777777777777777,411525,-2550,4425,0.74725,-5.055,44,-345,-20,390,-1395,3330,BULLISH_TURN,f,f,NEUTRAL,NEUTRAL_PREDICT,1950,-3150,4200,5962.82
2025-12-09 11:59:00,NSE,25867.1,25850,2025-12-23,2025-12-30,2026-01-06,2026-01-13,2026-01-20,165900,248175,-2550,-600,2475,1725,20.25,15.065,2025-12-20 07:46:30,1.4959312839059675,0.696969696969697,1950,-0.23529411764705882,414075,-3150,4200,0.7439506172839506,-5.1850000000000005,59.75,510,110,472.5,150,2745,BEARISH_TURN,f,f,NEUTRAL,NEUTRAL_PREDICT,-1275,-1275,4575,5957.18
2025-12-09 11:58:00,NSE,25867.1,25850,2025-12-23,2025-12-30,2026-01-06,2026-01-13,2026-01-20,168450,248775,0,-1275,3300,1275,20.095,15.095,2025-12-20 07:46:29,1.4768477292965272,0.38636363636363635,-1275,,417225,-1275,4575,0.7511818860413039,-4.999999999999998,43.625,210,25,495,2220,3255,BULLISH_CONTINUE,t,f,NEUTRAL,NEUTRAL_PREDICT,-1425,225,2550,5964.22
2025-12-09 11:56:00,NSE,25867.1,25850,2025-12-23,2025-12-30,2026-01-06,2026-01-13,2026-01-20,168450,250050,825,-600,525,2025,20.03,15.065,2025-12-20 07:46:28,1.4844167408726625,3.857142857142857,-1425,-0.7272727272727273,418500,225,2550,0.7521218172740888,-4.965000000000002,42.875,0,210,622.5,2940,3165,BULLISH_TURN,t,t,NEUTRAL,BULLISH_PREDICT,225,-225,900,5965.96
2025-12-09 11:54:00,NSE,25867.1,25850,2025-12-23,2025-12-30,2026-01-06,2026-01-13,2026-01-20,167625,250650,-225,0,675,225,19.985,15.225000000000001,2025-12-20 07:46:26,1.4953020134228188,0.3333333333333333,225,0,418275,-225,900,0.7618213660245184,-4.759999999999998,51.125,915,345,690,3675,3675,BEARISH_CONTINUE,t,f,NEUTRAL,NEUTRAL_PREDICT,3075,5175,1500,5953.44
2025-12-09 11:53:00,NSE,25867.1,25850,2025-12-23,2025-12-30,2026-01-06,2026-01-13,2026-01-20,167850,250650,1050,4125,525,975,20.02,15.11,2025-12-20 07:46:26,1.4932975871313674,1.8571428571428572,3075,3.9285714285714284,418500,5175,1500,0.7547452547452548,-4.91,65.375,750,305,725,3840,5340,BEARISH_CONTINUE,f,f,NEUTRAL,NEUTRAL_PREDICT,450,7200,6750,5953.70
2025-12-09 11:50:00,NSE,25867.1,25850,2025-12-23,2025-12-30,2026-01-06,2026-01-13,2026-01-20,166800,246525,3375,3825,1950,4800,20.064999999999998,15.169999999999998,2025-12-20 07:46:23,1.4779676258992807,2.4615384615384617,450,1.1333333333333333,413325,7200,6750,0.7560428607027162,-4.895,52.25,-195,165,622.5,3255,5715,BEARISH_TURN,f,f,NEUTRAL,NEUTRAL_PREDICT,-2325,2325,4125,5938.30
2025-12-09 11:47:00,NSE,25867.1,25850,2025-12-23,2025-12-30,2026-01-06,2026-01-13,2026-01-20,163425,242700,2325,0,3300,825,20.43,14.815000000000001,2025-12-20 07:46:21,1.4850849013308858,0.25,-2325,0,406125,2325,4125,0.7251590797846306,-5.614999999999998,38.375,-135,115,592.5,1965,4650,BULLISH_TURN,f,f,NEUTRAL,NEUTRAL_PREDICT,3150,3900,5100,5941.47
2025-12-09 11:46:00,NSE,25867.1,25850,2025-12-23,2025-12-30,2026-01-06,2026-01-13,2026-01-20,161100,242700,375,3525,825,4275,20.225,15.02,2025-12-20 07:46:20,1.5065176908752327,5.181818181818182,3150,9.4,403800,3900,5100,0.7426452410383189,-5.205000000000002,65.75,-120,240,557.5,1950,4755,BEARISH_TURN,f,f,NEUTRAL,NEUTRAL_PREDICT,-600,600,9225,5962.31
2025-12-09 11:44:00,NSE,25867.1,25850,2025-12-23,2025-12-30,2026-01-06,2026-01-13,2026-01-20,160725,239175,600,0,6225,3000,20.045,15.01,2025-12-20 07:46:19,1.488100793280448,0.4819277108433735,-600,0,399900,600,9225,0.7488151658767772,-5.035000000000002,47,-825,200,467.5,1095,4185,BULLISH_CONTINUE,f,t,NEUTRAL,BULLISH_PREDICT,-1650,2250,3375,5942.17
2025-12-09 11:43:00,NSE,25867.1,25850,2025-12-23,2025-12-30,2026-01-06,2026-01-13,2026-01-20,160125,239175,1950,300,2175,1200,20.33,15.120000000000001,2025-12-20 07:46:18,1.4936768149882904,0.5517241379310345,-1650,0.15384615384615385,399300,2250,3375,0.7437284800787015,-5.209999999999997,41.75,-465,205,480,1185,2580,BULLISH_TURN,f,t,NEUTRAL,BULLISH_PREDICT,750,750,1425,5940.24
2025-12-09 11:41:00,NSE,25867.1,25850,2025-12-23,2025-12-30,2026-01-06,2026-01-13,2026-01-20,158175,238875,0,750,600,825,20.165,15.29,2025-12-20 07:46:17,1.510194404931247,1.375,750,,397050,750,1425,0.7582444830151253,-4.875,53.75,15,-1040,-230,285,2160,BEARISH_TURN,f,f,NEUTRAL,NEUTRAL_PREDICT,-2250,2250,4650,7316.99
2025-12-09 11:40:00,NSE,25867.1,25850,2025-12-23,2025-12-30,2026-01-06,2026-01-13,2026-01-20,158175,238125,2250,0,3900,750,20.095,15.100000000000001,2025-12-20 07:46:16,1.5054528212422948,0.19230769230769232,-2250,0,396300,2250,4650,0.7514307041552626,-4.994999999999997,38.75,0,-1095,-262.5,240,2385,BULLISH_CONTINUE,t,t,NEUTRAL,BULLISH_PREDICT,-375,-375,2250,7314.65
2025-12-09 11:39:00,NSE,25867.1,25850,2025-12-23,2025-12-30,2026-01-06,2026-01-13,2026-01-20,155925,238125,0,-375,450,1800,20.1,15.45,2025-12-20 07:46:15,1.5271765271765272,4,-375,,394050,-375,2250,0.7686567164179103,-4.650000000000002,48.125,750,630,-202.5,-510,2415,BULLISH_TURN,t,f,NEUTRAL,NEUTRAL_PREDICT,1200,1050,1200,7305.16
2025-12-09 11:38:00,NSE,25867.1,25850,2025-12-23,2025-12-30,2026-01-06,2026-01-13,2026-01-20,155925,238500,-75,1125,975,225,20.060000000000002,15.100000000000001,2025-12-20 07:46:14,1.5295815295815296,0.23076923076923078,1200,15,394425,1050,1200,0.752741774675972,-4.960000000000001,56,945,690,-217.5,-195,2265,BEARISH_CONTINUE,t,f,NEUTRAL,NEUTRAL_PREDICT,750,-2250,1275,7305.99
2025-12-09 11:35:00,NSE,25867.1,25850,2025-12-23,2025-12-30,2026-01-06,2026-01-13,2026-01-20,156000,237375,-1500,-750,600,675,20.36,15.335,2025-12-20 07:46:12,1.5216346153846154,1.125,750,-0.5,393375,-2250,1275,0.7531925343811395,-5.024999999999999,53.75,630,800,-255,420,2730,BEARISH_CONTINUE,t,f,NEUTRAL,NEUTRAL_PREDICT,675,525,2550,7301.35
2025-12-09 11:34:00,NSE,25867.1,25850,2025-12-23,2025-12-30,2026-01-06,2026-01-13,2026-01-20,157500,238125,-75,600,1350,1200,20.31,15.385,2025-12-20 07:46:11,1.5119047619047619,0.8888888888888888,675,8,395625,525,2550,0.7575086164451009,-4.924999999999999,53.375,675,835,-257.5,795,3105,BEARISH_CONTINUE,t,f,NEUTRAL,NEUTRAL_PREDICT,1500,-1500,4800,7301.01
2025-12-09 11:32:00,NSE,25867.1,25850,2025-12-23,2025-12-30,2026-01-06,2026-01-13,2026-01-20,157575,237525,-1500,0,3150,1650,20.09,15.435,2025-12-20 07:46:10,1.507377439314612,0.5238095238095238,1500,0,395100,-1500,4800,0.7682926829268293,-4.654999999999999,57.5,480,965,-267.5,750,4890,BEARISH_CONTINUE,t,t,NEUTRAL,BEARISH_PREDICT,600,1200,1500,7299.89
2025-12-09 11:31:00,NSE,25867.1,25850,2025-12-23,2025-12-30,2026-01-06,2026-01-13,2026-01-20,159075,237525,300,900,525,975,20.28,15.31,2025-12-20 07:46:09,1.4931636020744932,1.8571428571428572,600,3,396600,1200,1500,0.754930966469428,-4.970000000000001,53,90,1035,-345,960,4410,BEARISH_TURN,f,f,NEUTRAL,NEUTRAL_PREDICT,-375,4125,3525,7292.82
2025-12-09 11:29:00,NSE,25867.1,25850,2025-12-23,2025-12-30,2026-01-06,2026-01-13,2026-01-20,158775,236625,2250,1875,300,3225,20.369999999999997,15.245,2025-12-20 07:46:08,1.49031648559282,10.75,-375,0.8333333333333334,395400,4125,3525,0.7484045164457536,-5.124999999999998,48.125,480,1035,-505,270,4680,BULLISH_TURN,t,f,NEUTRAL,NEUTRAL_PREDICT,975,-375,3150,7323.96
2025-12-09 11:28:00,NSE,25867.1,25850,2025-12-23,2025-12-30,2026-01-06,2026-01-13,2026-01-20,156525,234750,-675,300,2400,750,20.305,15.485,2025-12-20 07:46:07,1.4997604216578821,0.3125,975,0.4444444444444444,391275,-375,3150,0.762620044324058,-4.82,54.875,450,1145,-812.5,-660,4215,BEARISH_TURN,t,f,NEUTRAL,NEUTRAL_PREDICT,-300,300,11475,7509.62
2025-12-09 11:26:00,NSE,25867.1,25850,2025-12-23,2025-12-30,2026-01-06,2026-01-13,2026-01-20,157200,234450,300,0,3750,7725,20.36,15.370000000000001,2025-12-20 07:46:05,1.491412213740458,2.06,-300,0,391650,300,11475,0.7549115913555993,-4.989999999999998,48.5,-3810,1080,-887.5,-4350,4290,BULLISH_CONTINUE,t,t,NEUTRAL,BULLISH_PREDICT,-450,-450,2400,7502.38
2025-12-09 11:25:00,NSE,25867.1,25850,2025-12-23,2025-12-30,2026-01-06,2026-01-13,2026-01-20,156900,234450,0,-450,225,2175,20.520000000000003,15.245,2025-12-20 07:46:05,1.494263862332696,9.666666666666666,-450,,391350,-450,2400,0.7429337231968809,-5.275000000000004,47.75,-3765,1070,-942.5,-4425,12945,BULLISH_TURN,f,f,NEUTRAL,NEUTRAL_PREDICT,2550,-2250,2850,7503.97
2025-12-09 11:23:00,NSE,25867.1,25850,2025-12-23,2025-12-30,2026-01-06,2026-01-13,2026-01-20,156900,234900,-2400,150,1350,1500,20.615000000000002,15.16,2025-12-20 07:46:03,1.497131931166348,1.1111111111111112,2550,0.0625,391800,-2250,2850,0.7353868542323551,-5.455000000000002,62.75,1050,875,-785,1140,14265,BEARISH_TURN,f,t,NEUTRAL,BEARISH_PREDICT,-525,-525,1200,7564.01
2025-12-09 11:22:00,NSE,25867.1,25850,2025-12-23,2025-12-30,2026-01-06,2026-01-13,2026-01-20,159300,234750,0,-525,900,300,20.515,15.215,2025-12-20 07:46:02,1.4736346516007532,0.3333333333333333,-525,,394050,-525,1200,0.7416524494272483,-5.300000000000001,47.375,645,735,-755,1695,25110,BULLISH_CONTINUE,f,f,NEUTRAL,NEUTRAL_PREDICT,-20325,-18825,3525,7579.47
2025-12-09 11:19:00,NSE,25867.1,25850,2025-12-23,2025-12-30,2026-01-06,2026-01-13,2026-01-20,159300,235275,750,-19575,1050,2475,20.375,15.399999999999999,2025-12-20 07:46:00,1.4769303201506592,2.357142857142857,-20325,-26.1,394575,-18825,3525,0.7558282208588957,-4.975000000000001,0,1320,755,97.5,1500,26895,BULLISH_CONTINUE,f,f,BULLISH,NEUTRAL_PREDICT,-75,-75,54750,8925.06
2025-12-09 11:17:00,NSE,25867.1,25850,2025-12-23,2025-12-30,2026-01-06,2026-01-13,2026-01-20,158550,254850,0,-75,1875,52875,20.509999999999998,15.23,2025-12-20 07:45:59,1.6073793755912962,28.2,-75,,413400,-75,54750,0.7425646026328621,-5.279999999999998,49.625,5640,580,710,5520,27255,BULLISH_TURN,t,t,NEUTRAL,BULLISH_PREDICT,23625,27375,9000,8064.19
2025-12-09 11:16:00,NSE,25867.1,25850,2025-12-23,2025-12-30,2026-01-06,2026-01-13,2026-01-20,158550,254925,1875,25500,5775,3225,20.415,15.16,2025-12-20 07:45:58,1.6078524124881741,0.5584415584415584,23625,13.6,413475,27375,9000,0.742591231937301,-5.254999999999999,100,6180,570,380,5010,17430,BEARISH_CONTINUE,f,f,BEARISH,NEUTRAL_PREDICT,525,525,57075,8296.63
2025-12-09 11:14:00,NSE,25867.1,25850,2025-12-23,2025-12-30,2026-01-06,2026-01-13,2026-01-20,156675,229425,0,525,5175,51900,20.495,14.940000000000001,2025-12-20 07:45:57,1.4643370033508856,10.028985507246377,525,,386100,525,57075,0.7289582825079288,-5.555,52.625,1965,-1035,-462.5,-885,16575,BEARISH_CONTINUE,t,t,NEUTRAL,BEARISH_PREDICT,2850,-1500,10125,7043.42
2025-12-09 11:13:00,NSE,25867.1,25850,2025-12-23,2025-12-30,2026-01-06,2026-01-13,2026-01-20,156675,228900,-2175,675,6150,3975,20.625,15.055,2025-12-20 07:45:56,1.4609861177596937,0.6463414634146342,2850,0.3103448275862069,385575,-1500,10125,0.7299393939393939,-5.57,64.25,1980,-1125,-487.5,-1590,5895,BEARISH_CONTINUE,t,f,NEUTRAL,NEUTRAL_PREDICT,1275,1275,5325,7041.13
2025-12-09 11:11:00,NSE,25867.1,25850,2025-12-23,2025-12-30,2026-01-06,2026-01-13,2026-01-20,158850,228225,0,1275,4125,1200,20.585,15.125,2025-12-20 07:45:55,1.4367327667610954,0.2909090909090909,1275,,387075,1275,5325,0.7347583191644401,-5.460000000000001,56.375,1665,-1310,-602.5,-1575,3990,BEARISH_CONTINUE,t,f,NEUTRAL,NEUTRAL_PREDICT,2625,-2625,5625,7012.86
2025-12-09 11:10:00,NSE,25867.1,25850,2025-12-23,2025-12-30,2026-01-06,2026-01-13,2026-01-20,158850,226950,-2625,0,4350,1275,20.795,15.035,2025-12-20 07:45:54,1.428706326723324,0.29310344827586204,2625,0,385800,-2625,5625,0.7230103390238037,-5.760000000000002,63.125,1410,-1350,-620,-1800,3615,BEARISH_CONTINUE,f,f,NEUTRAL,NEUTRAL_PREDICT,2550,-2100,4725,7008.66
2025-12-09 11:07:00,NSE,25867.1,25850,2025-12-23,2025-12-30,2026-01-06,2026-01-13,2026-01-20,161475,226950,-2325,225,1950,2775,20.715,15.26,2025-12-20 07:45:52,1.4054807245703669,1.4230769230769231,2550,0.0967741935483871,388425,-2100,4725,0.7366642529567946,-5.455,62.75,795,-1500,-770,-1635,3270,BEARISH_CONTINUE,f,f,NEUTRAL,NEUTRAL_PREDICT,600,-3000,3675,6984.93
2025-12-09 11:05:00,NSE,25867.1,25850,2025-12-23,2025-12-30,2026-01-06,2026-01-13,2026-01-20,163800,226725,-1800,-1200,2700,975,20.675,15.27,2025-12-20 07:45:51,1.3841575091575091,0.3611111111111111,600,-0.6666666666666666,390525,-3000,3675,0.7385731559854897,-5.405000000000001,53,-390,-1725,-940,-1590,3870,BEARISH_CONTINUE,f,t,NEUTRAL,BEARISH_PREDICT,1275,-1425,600,6963.37
2025-12-09 11:04:00,NSE,25867.1,25850,2025-12-23,2025-12-30,2026-01-06,2026-01-13,2026-01-20,165600,227925,-1350,-75,450,150,20.65,15.325000000000001,2025-12-20 07:45:50,1.3763586956521738,0.3333333333333333,1275,-0.05555555555555555,393525,-1425,600,0.742130750605327,-5.3249999999999975,56.375,-420,-2045,-925,-900,4440,NEUTRAL,t,f,NEUTRAL,NEUTRAL_PREDICT,0,150,3450,6967.29
2025-12-09 11:02:00,NSE,25867.1,25850,2025-12-23,2025-12-30,2026-01-06,2026-01-13,2026-01-20,166950,228000,75,75,2025,1425,20.685000000000002,15.2,2025-12-20 07:45:49,1.3656783468104223,0.7037037037037037,0,1,394950,150,3450,0.7348320038675368,-5.485000000000003,50,-720,-2770,-947.5,-570,4680,NEUTRAL,t,f,NEUTRAL,NEUTRAL_PREDICT,-450,-1800,3900,6961.03
2025-12-09 11:01:00,NSE,25867.1,25850,2025-12-23,2025-12-30,2026-01-06,2026-01-13,2026-01-20,166875,227925,-675,-1125,2625,1275,20.33,15.52,2025-12-20 07:45:48,1.3658426966292134,0.4857142857142857,-450,-1.6666666666666667,394800,-1800,3900,0.7634038366945401,-4.809999999999999,47.75,-5310,-2855,-1127.5,-5040,4170,BULLISH_CONTINUE,f,f,NEUTRAL,NEUTRAL_PREDICT,-3375,-1875,7725,7005.36
2025-12-09 10:59:00,NSE,25867.1,25850,2025-12-23,2025-12-30,2026-01-06,2026-01-13,2026-01-20,167550,229050,750,-2625,4800,2925,20.62,15.245,2025-12-20 07:45:47,1.3670546105640107,0.609375,-3375,-3.5,396600,-1875,7725,0.7393307468477206,-5.375000000000002,33.125,-5265,-2955,-1205,-4245,3555,BULLISH_TURN,t,f,NEUTRAL,NEUTRAL_PREDICT,450,450,6525,7010.46
2025-12-09 10:58:00,NSE,25867.1,25850,2025-12-23,2025-12-30,2026-01-06,2026-01-13,2026-01-20,166800,231675,0,450,300,6225,20.475,15.285,2025-12-20 07:45:46,1.3889388489208634,20.75,450,,398475,450,6525,0.7465201465201464,-5.190000000000001,52.25,-4680,-2445,-1332.5,-3660,2235,BEARISH_TURN,f,t,NEUTRAL,BEARISH_PREDICT,-225,225,1800,7085.67
2025-12-09 10:57:00,NSE,25867.1,25850,2025-12-23,2025-12-30,2026-01-06,2026-01-13,2026-01-20,166800,231225,225,0,975,825,20.689999999999998,15.225000000000001,2025-12-20 07:45:45,1.3862410071942446,0.8461538461538461,-225,0,398025,225,1800,0.7358627356210732,-5.464999999999996,48.875,-4935,-2245,-1490,-2865,1545,BULLISH_CONTINUE,t,f,NEUTRAL,NEUTRAL_PREDICT,-22950,-22200,900,7097.18
2025-12-09 10:55:00,NSE,25867.1,25850,2025-12-23,2025-12-30,2026-01-06,2026-01-13,2026-01-20,166575,231225,375,-22575,525,375,20.66,15.26,2025-12-20 07:45:44,1.3881134624043223,0.7142857142857143,-22950,-60.2,397800,-22200,900,0.7386253630203291,-5.4,0,-4875,-560,-1697.5,-2925,2175,BULLISH_CONTINUE,t,f,BULLISH,NEUTRAL_PREDICT,-225,2175,825,7149.73
2025-12-09 10:53:00,NSE,25867.1,25850,2025-12-23,2025-12-30,2026-01-06,2026-01-13,2026-01-20,166200,253800,1200,975,300,525,20.65,15.245000000000001,2025-12-20 07:45:43,1.5270758122743682,1.75,-225,0.8125,420000,2175,825,0.7382566585956417,-5.404999999999998,48.875,-150,840,-985,1530,3015,BULLISH_CONTINUE,f,f,NEUTRAL,NEUTRAL_PREDICT,-450,1050,1125,5917.70
2025-12-09 10:52:00,NSE,25867.1,25850,2025-12-23,2025-12-30,2026-01-06,2026-01-13,2026-01-20,165000,252825,750,300,675,450,20.865000000000002,15.27,2025-12-20 07:45:42,1.5322727272727272,0.6666666666666666,-450,0.4,417825,1050,1125,0.7318475916606757,-5.595000000000002,47.75,-30,190,-975,1170,3045,BULLISH_CONTINUE,f,f,NEUTRAL,NEUTRAL_PREDICT,-825,4425,3075,5919.28
2025-12-09 10:49:00,NSE,25867.1,25850,2025-12-23,2025-12-30,2026-01-06,2026-01-13,2026-01-20,164250,252525,2625,1800,2625,450,20.759999999999998,15.294999999999998,2025-12-20 07:45:40,1.5374429223744293,0.17142857142857143,-825,0.6857142857142857,416775,4425,3075,0.7367533718689788,-5.465,45.875,-105,110,-1107.5,1065,3720,BULLISH_TURN,t,f,NEUTRAL,NEUTRAL_PREDICT,75,-75,4950,5951.53
2025-12-09 10:47:00,NSE,25867.1,25850,2025-12-23,2025-12-30,2026-01-06,2026-01-13,2026-01-20,161625,250725,-75,0,2025,2925,20.925,15.415,2025-12-20 07:45:39,1.5512761020881671,1.4444444444444444,75,0,412350,-75,4950,0.7366786140979689,-5.510000000000002,50.375,-780,150,-1180,-180,3960,BEARISH_CONTINUE,t,f,NEUTRAL,NEUTRAL_PREDICT,675,75,5100,5961.21
2025-12-09 10:46:00,NSE,25867.1,25850,2025-12-23,2025-12-30,2026-01-06,2026-01-13,2026-01-20,161700,250725,-300,375,2925,2175,20.985,15.345,2025-12-20 07:45:38,1.550556586270872,0.7435897435897436,675,1.25,412425,75,5100,0.7312365975696927,-5.639999999999999,53.375,-2715,105,-1212.5,-165,5100,BEARISH_CONTINUE,f,t,NEUTRAL,BEARISH_PREDICT,375,375,975,5956.79
2025-12-09 10:44:00,NSE,25867.1,25850,2025-12-23,2025-12-30,2026-01-06,2026-01-13,2026-01-20,162000,250350,0,375,525,450,20.965000000000003,15.46,2025-12-20 07:45:37,1.5453703703703703,0.8571428571428571,375,,412350,375,975,0.7374195087049844,-5.505000000000003,51.875,-3105,110,-1240,795,6720,BEARISH_TURN,f,f,NEUTRAL,NEUTRAL_PREDICT,-825,525,4500,5949.67
2025-12-09 10:43:00,NSE,25867.1,25850,2025-12-23,2025-12-30,2026-01-06,2026-01-13,2026-01-20,162000,249975,675,-150,3825,675,20.994999999999997,15.335,2025-12-20 07:45:36,1.5430555555555556,0.17647058823529413,-825,-0.2222222222222222,411975,525,4500,0.7304120028578234,-5.659999999999997,45.875,-3570,-40,-1320,1110,7545,BULLISH_CONTINUE,t,f,NEUTRAL,NEUTRAL_PREDICT,-4200,-1800,4275,5943.34
2025-12-09 10:40:00,NSE,25867.1,25850,2025-12-23,2025-12-30,2026-01-06,2026-01-13,2026-01-20,161325,250125,1200,-3000,1200,3075,20.814999999999998,15.305,2025-12-20 07:45:34,1.5504416550441655,2.5625,-4200,-2.5,411450,-1800,4275,0.7352870526062936,-5.509999999999998,29,-2550,-155,-1332.5,1290,8070,BULLISH_CONTINUE,f,f,NEUTRAL,NEUTRAL_PREDICT,-9600,0,10650,5942.66
2025-12-09 10:37:00,NSE,25867.1,25850,2025-12-23,2025-12-30,2026-01-06,2026-01-13,2026-01-20,160125,253125,4800,-4800,2700,7950,21.15,14.935,2025-12-20 07:45:32,1.5807962529274004,2.9444444444444446,-9600,-1,413250,0,10650,0.706146572104019,-6.214999999999998,2,-1020,195,-1350,2400,8520,BULLISH_CONTINUE,f,f,NEUTRAL,NEUTRAL_PREDICT,-1275,4875,13200,5952.16
2025-12-09 10:34:00,NSE,25867.1,25850,2025-12-23,2025-12-30,2026-01-06,2026-01-13,2026-01-20,155325,257925,3075,1800,4725,8475,21.049999999999997,15.49,2025-12-20 07:45:30,1.6605504587155964,1.7936507936507937,-1275,0.5853658536585366,413250,4875,13200,0.7358669833729218,-5.559999999999997,43.625,5910,875,-1237.5,6330,16170,BULLISH_CONTINUE,f,t,NEUTRAL,BULLISH_PREDICT,-1950,1950,5100,5821.31
2025-12-09 10:32:00,NSE,25867.1,25850,2025-12-23,2025-12-30,2026-01-06,2026-01-13,2026-01-20,152250,256125,1950,0,2625,2475,21.065,15.49,2025-12-20 07:45:29,1.6822660098522169,0.9428571428571428,-1950,0,408375,1950,5100,0.7353429859957274,-5.575000000000001,40.25,5775,600,-1442.5,4905,14820,BULLISH_TURN,f,f,NEUTRAL,NEUTRAL_PREDICT,4275,1425,7125,5929.95
2025-12-09 10:31:00,NSE,25867.1,25850,2025-12-23,2025-12-30,2026-01-06,2026-01-13,2026-01-20,150300,256125,-1425,2850,4125,3000,20.975,15.745000000000001,2025-12-20 07:45:28,1.7040918163672654,0.7272727272727273,4275,2,406425,1425,7125,0.7506555423122765,-5.23,71.375,4170,545,-1447.5,3840,20250,BEARISH_CONTINUE,f,f,NEUTRAL,NEUTRAL_PREDICT,3450,3750,6525,5930.45
2025-12-09 10:28:00,NSE,25867.1,25850,2025-12-23,2025-12-30,2026-01-06,2026-01-13,2026-01-20,151725,253275,150,3600,3450,3075,21,15.46,2025-12-20 07:45:26,1.6693030153237767,0.8913043478260869,3450,24,405000,3750,6525,0.7361904761904763,-5.539999999999999,67.25,2985,-220,-1777.5,3345,20175,BEARISH_CONTINUE,f,f,NEUTRAL,NEUTRAL_PREDICT,25050,19650,48900,5876.24
2025-12-09 10:25:00,NSE,25867.1,25850,2025-12-23,2025-12-30,2026-01-06,2026-01-13,2026-01-20,151575,249675,-2700,22350,4425,44475,21.03,15.524999999999999,2025-12-20 07:45:24,1.6472043542800594,10.05084745762712,25050,8.277777777777779,401250,19650,48900,0.738231098430813,-5.505000000000003,100,2250,-735,-2582.5,2550,19605,BEARISH_TURN,t,t,BEARISH,BEARISH_PREDICT,-1950,-2250,6450,6727.89
2025-12-09 10:22:00,NSE,25867.1,25850,2025-12-23,2025-12-30,2026-01-06,2026-01-13,2026-01-20,154275,227325,-150,-2100,3075,3375,20.92,15.46,2025-12-20 07:45:22,1.4735051045211474,1.0975609756097562,-1950,-14,381600,-2250,6450,0.7390057361376673,-5.460000000000001,40.25,-2880,-2835,-3780,-1560,10140,BULLISH_CONTINUE,f,f,NEUTRAL,NEUTRAL_PREDICT,-9975,-3375,32250,4452.27
2025-12-09 10:19:00,NSE,25867.1,25850,2025-12-23,2025-12-30,2026-01-06,2026-01-13,2026-01-20,154425,229425,3300,-6675,16350,15900,20.73,15.175,2025-12-20 07:45:20,1.4856726566294318,0.9724770642201835,-9975,-2.022727272727273,383850,-3375,32250,0.7320308731307285,-5.555,0.125,-2340,-2810,-2457.5,-960,9180,BULLISH_CONTINUE,f,t,NEUTRAL,BULLISH_PREDICT,-1650,-1050,6750,8792.05
2025-12-09 10:16:00,NSE,25867.1,25850,2025-12-23,2025-12-30,2026-01-06,2026-01-13,2026-01-20,151125,236100,300,-1350,4200,2550,21.095,14.725000000000001,2025-12-20 07:45:18,1.5622828784119107,0.6071428571428571,-1650,-4.5,387225,-1050,6750,0.6980327091727898,-6.369999999999997,41.75,-720,-2140,2832.5,-450,3375,BULLISH_CONTINUE,f,f,NEUTRAL,NEUTRAL_PREDICT,-225,-225,3675,28888.50
2025-12-09 10:14:00,NSE,25867.1,25850,2025-12-23,2025-12-30,2026-01-06,2026-01-13,2026-01-20,150825,237450,0,-225,2325,1350,21.14,14.915000000000001,2025-12-20 07:45:16,1.5743411238189955,0.5806451612903226,-225,,388275,-225,3675,0.7055345316934721,-6.225,48.875,-900,-2325,2987.0689655172414,-600,2670,BULLISH_CONTINUE,f,t,NEUTRAL,BULLISH_PREDICT,-600,-900,1575,29387.21
2025-12-09 10:13:00,NSE,25867.1,25850,2025-12-23,2025-12-30,2026-01-06,2026-01-13,2026-01-20,150825,237675,-150,-750,825,750,21.115000000000002,14.920000000000002,2025-12-20 07:45:16,1.575832918945798,0.9090909090909091,-600,-5,388500,-900,1575,0.7066066777172626,-6.195,47,-645,-2510,3101.785714285714,-765,2910,BULLISH_TURN,t,f,NEUTRAL,NEUTRAL_PREDICT,750,750,1650,29919.86
2025-12-09 10:11:00,NSE,25867.1,25850,2025-12-23,2025-12-30,2026-01-06,2026-01-13,2026-01-20,150975,238425,0,750,225,1425,21.33,14.675,2025-12-20 07:45:14,1.5792349726775956,6.333333333333333,750,,389400,750,1650,0.6879981247069855,-6.654999999999998,53.75,-405,-2530,3238.8888888888887,-465,3465,BEARISH_TURN,t,f,NEUTRAL,NEUTRAL_PREDICT,-1875,-825,3225,30480.85
2025-12-09 10:10:00,NSE,25867.1,25850,2025-12-23,2025-12-30,2026-01-06,2026-01-13,2026-01-20,150975,237675,525,-1350,1350,1875,21.16,14.92,2025-12-20 07:45:14,1.574267262791853,1.3888888888888888,-1875,-2.5714285714285716,388650,-825,3225,0.7051039697542533,-6.24,40.625,-1635,-2590,3334.6153846153848,-735,3990,BULLISH_CONTINUE,f,f,NEUTRAL,NEUTRAL_PREDICT,-2550,-1800,3225,31080.35
2025-12-09 10:07:00,NSE,25867.1,25850,2025-12-23,2025-12-30,2026-01-06,2026-01-13,2026-01-20,150450,239025,375,-2175,525,2700,21.195,15.07,2025-12-20 07:45:12,1.5887337986041874,5.142857142857143,-2550,-5.8,389475,-1800,3225,0.7110167492333097,-6.125,37.25,-1815,-2600,3543,-525,4440,BULLISH_TURN,f,f,NEUTRAL,NEUTRAL_PREDICT,1050,-1050,4875,31702.71
2025-12-09 10:06:00,NSE,25867.1,25850,2025-12-23,2025-12-30,2026-01-06,2026-01-13,2026-01-20,150075,241200,-1050,0,1575,3300,21.335,14.93,2025-12-20 07:45:11,1.6071964017991005,2.0952380952380953,1050,0,391275,-1050,4875,0.6997890789782047,-6.405000000000001,55.25,-2745,-2510,3796.875,-885,5175,BEARISH_CONTINUE,t,f,NEUTRAL,NEUTRAL_PREDICT,600,600,4350,32358.59
2025-12-09 10:05:00,NSE,25867.1,25850,2025-12-23,2025-12-30,2026-01-06,2026-01-13,2026-01-20,151125,241200,0,600,1275,3075,21.255,14.850000000000001,2025-12-20 07:45:10,1.596029776674938,2.411764705882353,600,,392325,600,4350,0.6986591390261117,-6.404999999999998,53,-3810,-2895,3916.304347826087,180,4815,BEARISH_TURN,t,f,NEUTRAL,NEUTRAL_PREDICT,-5400,-600,4275,33080.43
2025-12-09 10:04:00,NSE,25867.1,25850,2025-12-23,2025-12-30,2026-01-06,2026-01-13,2026-01-20,151125,240600,2400,-3000,2250,2025,21.515,14.760000000000002,2025-12-20 07:45:10,1.592059553349876,0.9,-5400,-1.25,391725,-600,4275,0.6860330002323961,-6.754999999999999,23,-5220,-3350,4067.0454545454545,-480,5010,BULLISH_CONTINUE,t,f,NEUTRAL,NEUTRAL_PREDICT,-2775,225,5475,33850.82
2025-12-09 10:01:00,NSE,25867.1,25850,2025-12-23,2025-12-30,2026-01-06,2026-01-13,2026-01-20,148725,243600,1500,-1275,4275,1200,21.755000000000003,14.955000000000002,2025-12-20 07:45:08,1.637922339889057,0.2807017543859649,-2775,-0.85,392325,225,5475,0.6874281774304758,-6.800000000000001,36.125,-4455,-3485,4517.857142857143,255,5265,BULLISH_CONTINUE,t,f,NEUTRAL,NEUTRAL_PREDICT,-7200,-3600,6900,34619.03
2025-12-09 09:58:00,NSE,25867.1,25850,2025-12-23,2025-12-30,2026-01-06,2026-01-13,2026-01-20,147225,244875,1800,-5400,3150,3750,21.535,14.675,2025-12-20 07:45:06,1.663270504330107,1.1904761904761905,-7200,-3,392100,-3600,6900,0.6814488042721152,-6.859999999999999,14,-3885,-3440,4882.5,225,5295,BULLISH_CONTINUE,t,t,NEUTRAL,BULLISH_PREDICT,-4275,4275,3075,35476.97
2025-12-09 09:56:00,NSE,25867.1,25850,2025-12-23,2025-12-30,2026-01-06,2026-01-13,2026-01-20,145425,250275,4275,0,300,2775,21.675,14.635000000000002,2025-12-20 07:45:04,1.7209902011346054,9.25,-4275,0,395700,4275,3075,0.67520184544406,-7.039999999999999,28.625,-3330,-3335,5518.421052631579,840,4455,BULLISH_CONTINUE,t,f,NEUTRAL,NEUTRAL_PREDICT,-6450,-2700,5325,36331.82
2025-12-09 09:55:00,NSE,25867.1,25850,2025-12-23,2025-12-30,2026-01-06,2026-01-13,2026-01-20,141150,250275,1875,-4575,3450,1875,21.66,14.559999999999999,2025-12-20 07:45:04,1.7731137088204039,0.5434782608695652,-6450,-2.44,391425,-2700,5325,0.6722068328716527,-7.100000000000001,17.75,-3075,-4430,6062.5,-495,7590,BULLISH_CONTINUE,t,f,NEUTRAL,NEUTRAL_PREDICT,-1575,3075,5550,37305.41
2025-12-09 09:52:00,NSE,25867.1,25850,2025-12-23,2025-12-30,2026-01-06,2026-01-13,2026-01-20,139275,254850,2325,750,3150,2400,21.515,14.71,2025-12-20 07:45:02,1.8298330640818525,0.7619047619047619,-1575,0.3225806451612903,394125,3075,5550,0.6837090402045085,-6.805,42.125,-1965,-4725,6798.529411764706,105,6930,BULLISH_TURN,f,f,NEUTRAL,NEUTRAL_PREDICT,75,75,5625,38318.58
2025-12-09 09:50:00,NSE,25867.1,25850,2025-12-23,2025-12-30,2026-01-06,2026-01-13,2026-01-20,136950,254100,0,75,2100,3525,21.65,14.765,2025-12-20 07:45:00,1.855421686746988,1.6785714285714286,75,,391050,75,5625,0.6819861431870671,-6.884999999999998,50.375,-1680,-2105,7321.875,-480,6645,BEARISH_TURN,t,t,NEUTRAL,BEARISH_PREDICT,-4425,-525,2700,39512.46
2025-12-09 09:49:00,NSE,25867.1,25850,2025-12-23,2025-12-30,2026-01-06,2026-01-13,2026-01-20,136950,254025,1950,-2475,1650,1050,21.47,14.985,2025-12-20 07:45:00,1.8548740416210296,0.6363636363636364,-4425,-1.2692307692307692,390975,-525,2700,0.6979506287843502,-6.484999999999999,27.875,-2100,7805,7805,-480,7215,BULLISH_CONTINUE,f,f,NEUTRAL,NEUTRAL_PREDICT,-3000,-2400,18750,40850.33
2025-12-09 09:47:00,NSE,25867.1,25850,2025-12-23,2025-12-30,2026-01-06,2026-01-13,2026-01-20,135000,256500,300,-2700,5775,12975,21.48,15.025,2025-12-20 07:44:58,1.9,2.2467532467532467,-3000,-9,391500,-2400,18750,0.699487895716946,-6.455,35,-1455,8678.57142857143,8678.57142857143,195,7080,BULLISH_CONTINUE,t,t,NEUTRAL,BULLISH_PREDICT,-900,300,2025,42246.75
2025-12-09 09:46:00,NSE,25867.1,25850,2025-12-23,2025-12-30,2026-01-06,2026-01-13,2026-01-20,134700,259200,600,-300,1425,600,21.71,14.82,2025-12-20 07:44:58,1.9242761692650334,0.42105263157894735,-900,-0.5,393900,300,2025,0.6826347305389221,-6.890000000000001,45.5,-1800,9576.923076923076,9576.923076923076,1830,4005,BULLISH_CONTINUE,f,f,NEUTRAL,NEUTRAL_PREDICT,-150,150,4125,43832.41
2025-12-09 09:44:00,NSE,25867.1,25850,2025-12-23,2025-12-30,2026-01-06,2026-01-13,2026-01-20,134100,259500,150,0,1275,2850,21.585,14.844999999999999,2025-12-20 07:44:56,1.9351230425055927,2.235294117647059,-150,0,393600,150,4125,0.6877461199907342,-6.740000000000002,49.25,-2865,10450,10450,3255,5865,BULLISH_CONTINUE,f,f,NEUTRAL,NEUTRAL_PREDICT,-2025,75,8475,45663.24
2025-12-09 09:43:00,NSE,25867.1,25850,2025-12-23,2025-12-30,2026-01-06,2026-01-13,2026-01-20,133950,259500,1050,-975,300,8175,21.490000000000002,14.765,2025-12-20 07:44:56,1.9372900335946248,27.25,-2025,-0.9285714285714286,393450,75,8475,0.6870637505816658,-6.725000000000001,39.875,-4320,11413.636363636364,11413.636363636364,4260,7215,BULLISH_CONTINUE,f,t,NEUTRAL,BULLISH_PREDICT,-1200,2850,2025,47763.87
2025-12-09 09:40:00,NSE,25867.1,25850,2025-12-23,2025-12-30,2026-01-06,2026-01-13,2026-01-20,132900,260475,2025,825,900,1125,21.58,14.61,2025-12-20 07:44:53,1.9599322799097065,1.25,-1200,0.4074074074074074,393375,2850,2025,0.6770157553290084,-6.969999999999999,44,-4335,12757.5,12757.5,5205,6750,BULLISH_CONTINUE,f,f,NEUTRAL,NEUTRAL_PREDICT,-4725,5775,3375,50127.85
2025-12-09 09:37:00,NSE,25867.1,25850,2025-12-23,2025-12-30,2026-01-06,2026-01-13,2026-01-20,130875,259650,5250,525,1275,2100,21.505,14.805,2025-12-20 07:44:51,1.9839541547277937,1.6470588235294117,-4725,0.1,390525,5775,3375,0.6884445477795862,-6.699999999999999,26.375,-5220,14308.333333333334,14308.333333333334,6180,7590,BULLISH_CONTINUE,f,f,NEUTRAL,NEUTRAL_PREDICT,-6225,7425,11325,52913.56
2025-12-09 09:34:00,NSE,25867.1,25850,2025-12-23,2025-12-30,2026-01-06,2026-01-13,2026-01-20,125625,259125,6825,600,2100,9225,21.585,14.705,2025-12-20 07:44:49,2.062686567164179,4.392857142857143,-6225,0.08791208791208792,384750,7425,11325,0.6812601343525596,-6.880000000000001,18.874999999999996,-8415,16687.5,16687.5,9345,8910,BULLISH_CONTINUE,f,f,NEUTRAL,NEUTRAL_PREDICT,-7425,5175,10875,56049.99
2025-12-09 09:31:00,NSE,25867.1,25850,2025-12-23,2025-12-30,2026-01-06,2026-01-13,2026-01-20,118800,258525,6300,-1125,4425,6450,21.39,14.885,2025-12-20 07:44:46,2.1761363636363638,1.4576271186440677,-7425,-0.17857142857142858,377325,5175,10875,0.69588592800374,-6.505000000000001,12.875,-9345,19960.714285714286,19960.714285714286,11805,11865,BULLISH_CONTINUE,f,f,NEUTRAL,NEUTRAL_PREDICT,-2100,4800,6150,59709.33
2025-12-09 09:28:00,NSE,25867.1,25850,2025-12-23,2025-12-30,2026-01-06,2026-01-13,2026-01-20,112500,259650,3450,1350,2250,3900,21.735,15.079999999999998,2025-12-20 07:44:44,2.308,1.7333333333333334,-2100,0.391304347826087,372150,4800,6150,0.6938118242466068,-6.655000000000001,39.5,-315,24525,24525,23445,14685,BULLISH_CONTINUE,f,f,NEUTRAL,NEUTRAL_PREDICT,-5625,7725,6225,64056.62
2025-12-09 09:25:00,NSE,25867.1,25850,2025-12-23,2025-12-30,2026-01-06,2026-01-13,2026-01-20,109050,258300,6675,1050,2700,3525,21.21,15.27,2025-12-20 07:44:42,2.3686382393397523,1.3055555555555556,-5625,0.15730337078651685,367350,7725,6225,0.7199434229137199,-5.940000000000001,21.875,29850,29850,29850,73470,24600,BULLISH_CONTINUE,f,f,NEUTRAL,NEUTRAL_PREDICT,-20700,21600,9975,70117.02
2025-12-09 09:22:00,NSE,25867.1,25850,2025-12-23,2025-12-30,2026-01-06,2026-01-13,2026-01-20,102375,257250,21150,450,6600,3375,21.17,15.25,2025-12-20 07:44:40,2.5128205128205128,0.5113636363636364,-20700,0.02127659574468085,359625,21600,9975,0.7203589985829003,-5.920000000000002,0,38718.75,38718.75,38718.75,89906.25,29193.75,BULLISH_CONTINUE,f,f,BULLISH,NEUTRAL_PREDICT,-10875,19725,26100,77658.42
2025-12-09 09:19:00,NSE,25867.1,25850,2025-12-23,2025-12-30,2026-01-06,2026-01-13,2026-01-20,81225,256800,15300,4425,18150,7950,21.384999999999998,15.195,2025-12-20 07:44:38,3.1615881809787627,0.4380165289256198,-10875,0.28921568627450983,338025,19725,26100,0.7105447743745616,-6.189999999999998,0,58525,58525,58525,112675,35600,BULLISH_TURN,f,f,NEUTRAL,NEUTRAL_PREDICT,37725,63375,24975,81807.82
2025-12-09 09:16:00,NSE,25867.1,25850,2025-12-23,2025-12-30,2026-01-06,2026-01-13,2026-01-20,65925,252375,12825,50550,8550,16425,20.835,15.505,2025-12-20 07:44:36,3.828213879408419,1.9210526315789473,37725,3.9415204678362574,318300,63375,24975,0.744180465562755,-5.33,100,93225,93225,93225,159150,40350,BEARISH_CONTINUE,f,f,BEARISH,NEUTRAL_PREDICT,148725,254925,55725,78488.85
2025-12-09 09:15:00,NSE,25867.1,25850,2025-12-23,2025-12-30,2026-01-06,2026-01-13,2026-01-20,53100,201825,53100,201825,18300,37425,20.945,15.805,2025-12-20 07:44:35,3.8008474576271185,2.0450819672131146,148725,3.8008474576271185,254925,254925,55725,0.7545953688231081,-5.140000000000001,100,148725,148725,148725,254925,55725,,f,f,STRONG_BEARISH,NEUTRAL_PREDICT,,,,0.00
2025-12-08 15:30:00,NSE,26159.8,26150,2025-12-23,2025-12-30,2026-01-06,2026-01-13,2026-01-20,395795,341325,-75,0,2325,1950,17.923333333333336,14.435,2025-12-20 07:44:34,0.8623782513675009,0.8387096774193549,75,0,737120,-75,4275,0.8053747442811976,-3.488333333333335,50.375,-690,-985,-500,-330,7125,BEARISH_CONTINUE,f,f,NEUTRAL,NEUTRAL_PREDICT,75,-75,4275,1350.91
2025-12-08 15:29:00,NSE,26159.8,26150,2025-12-23,2025-12-30,2026-01-06,2026-01-13,2026-01-20,395795,341325,-75,0,2325,1950,17.923333333333336,14.435,2025-12-20 07:44:33,0.8623782513675009,0.8387096774193549,75,0,737120,-75,4275,0.8053747442811976,-3.488333333333335,50.375,-1080,-975,-505,-420,8940,BEARISH_TURN,f,f,NEUTRAL,NEUTRAL_PREDICT,-2025,-975,15000,1348.98
2025-12-08 15:27:00,NSE,26159.8,26150,2025-12-23,2025-12-30,2026-01-06,2026-01-13,2026-01-20,395870,341325,525,-1500,11625,3375,17.849999999999998,14.34,2025-12-20 07:44:31,0.8622148685174426,0.2903225806451613,-2025,-2.857142857142857,737195,-975,15000,0.8033613445378152,-3.509999999999998,39.875,-1350,-965,-470,-150,8505,BULLISH_CONTINUE,f,t,NEUTRAL,BULLISH_PREDICT,-1650,-450,6375,1377.86
2025-12-08 15:23:00,NSE,26159.8,26150,2025-12-23,2025-12-30,2026-01-06,2026-01-13,2026-01-20,395345,342825,600,-1050,4950,1425,17.79,14.68,2025-12-20 07:44:29,0.8671540047300459,0.2878787878787879,-1650,-1.75,738170,-450,6375,0.8251826869027544,-3.1099999999999994,41.75,-1065,-1070,-407.5,-405,5835,BULLISH_TURN,f,f,NEUTRAL,NEUTRAL_PREDICT,75,-75,5700,1347.08
2025-12-08 15:21:00,NSE,26159.8,26150,2025-12-23,2025-12-30,2026-01-06,2026-01-13,2026-01-20,394745,343875,-75,0,3450,2250,17.84,14.41,2025-12-20 07:44:27,0.8711319966054035,0.6521739130434783,75,0,738620,-75,5700,0.8077354260089686,-3.4299999999999997,50.375,-810,-965,-385,-240,6315,BEARISH_TURN,f,f,NEUTRAL,NEUTRAL_PREDICT,-1875,-525,13350,1331.15
2025-12-08 15:20:00,NSE,26159.8,26150,2025-12-23,2025-12-30,2026-01-06,2026-01-13,2026-01-20,394820,343875,675,-1200,5475,7875,17.72,14.669999999999998,2025-12-20 07:44:27,0.8709665163872145,1.4383561643835616,-1875,-1.7777777777777777,738695,-525,13350,0.8278781038374717,-3.0500000000000007,40.625,-930,-1125,-385,-900,6015,BULLISH_CONTINUE,t,t,NEUTRAL,BULLISH_PREDICT,-1275,1275,2100,1331.15
2025-12-08 15:18:00,NSE,26159.8,26150,2025-12-23,2025-12-30,2026-01-06,2026-01-13,2026-01-20,394145,345075,1275,0,1425,675,17.726666666666667,14.39,2025-12-20 07:44:25,0.8755026703370586,0.47368421052631576,-1275,0,739220,1275,2100,0.8117713426100038,-3.336666666666666,43.625,-600,-995,-317.5,-750,4350,BULLISH_CONTINUE,t,f,NEUTRAL,NEUTRAL_PREDICT,-600,-2250,1650,1304.06
2025-12-08 15:17:00,NSE,26159.8,26150,2025-12-23,2025-12-30,2026-01-06,2026-01-13,2026-01-20,392870,345075,-825,-1425,1425,225,17.613333333333333,14.635000000000002,2025-12-20 07:44:24,0.8783439814696974,0.15789473684210525,-600,-1.7272727272727273,737945,-2250,1650,0.8309046177138533,-2.9783333333333317,47,-720,-875,-277.5,-1890,4605,BULLISH_CONTINUE,t,f,NEUTRAL,NEUTRAL_PREDICT,-375,375,8775,1292.02
2025-12-08 15:15:00,NSE,26159.8,26150,2025-12-23,2025-12-30,2026-01-06,2026-01-13,2026-01-20,393695,346500,375,0,7500,1275,17.526666666666667,14.774999999999999,2025-12-20 07:44:23,0.8801229378071858,0.17,-375,0,740195,375,8775,0.8430011411182958,-2.7516666666666687,48.125,-720,-810,-250,-1290,5115,BULLISH_CONTINUE,t,t,NEUTRAL,BULLISH_PREDICT,-525,-3375,4200,1293.70
2025-12-08 15:14:00,NSE,26159.8,26150,2025-12-23,2025-12-30,2026-01-06,2026-01-13,2026-01-20,393320,346500,-1425,-1950,1650,2550,17.493333333333336,15.31,2025-12-20 07:44:22,0.8809620665107292,1.5454545454545454,-525,-1.368421052631579,739820,-3375,4200,0.8751905487804877,-2.1833333333333353,47.375,-1095,-865,-240,-1665,3840,BULLISH_CONTINUE,t,f,NEUTRAL,NEUTRAL_PREDICT,-225,225,5025,1293.86
2025-12-08 15:12:00,NSE,26159.8,26150,2025-12-23,2025-12-30,2026-01-06,2026-01-13,2026-01-20,394745,348450,225,0,3975,1050,17.53,15.125,2025-12-20 07:44:21,0.8827217570836869,0.2641509433962264,-225,0,743195,225,5025,0.8628066172276098,-2.405000000000001,48.875,-1335,-795,-202.5,-2055,3705,BULLISH_CONTINUE,t,f,NEUTRAL,NEUTRAL_PREDICT,-1875,-4425,3375,1301.60
2025-12-08 15:11:00,NSE,26159.8,26150,2025-12-23,2025-12-30,2026-01-06,2026-01-13,2026-01-20,394520,348450,-1275,-3150,1800,1575,17.5,15.295,2025-12-20 07:44:20,0.8832251850349793,0.875,-1875,-2.4705882352941178,742970,-4425,3375,0.874,-2.205,40.625,-1245,-530,-200,-2205,3975,BULLISH_CONTINUE,t,f,NEUTRAL,NEUTRAL_PREDICT,-600,750,4200,1301.62
2025-12-08 15:09:00,NSE,26159.8,26150,2025-12-23,2025-12-30,2026-01-06,2026-01-13,2026-01-20,395795,351600,675,75,2400,1800,17.563333333333333,15.07,2025-12-20 07:44:19,0.8883386601649844,0.75,-600,0.1111111111111111,747395,750,4200,0.8580375782881002,-2.4933333333333323,47,-825,-355,-112.5,-1275,4620,BULLISH_CONTINUE,t,f,NEUTRAL,NEUTRAL_PREDICT,-2250,-1500,2400,1273.06
2025-12-08 15:08:00,NSE,26159.8,26150,2025-12-23,2025-12-30,2026-01-06,2026-01-13,2026-01-20,395120,351525,375,-1875,825,1575,17.55,15.06,2025-12-20 07:44:18,0.8896664304515084,1.9090909090909092,-2250,-5,746645,-1500,2400,0.8581196581196581,-2.49,38.75,-1425,-320,-82.5,-645,4005,BULLISH_CONTINUE,f,f,NEUTRAL,NEUTRAL_PREDICT,-1725,-5325,3525,1271.78
2025-12-08 15:05:00,NSE,26159.8,26150,2025-12-23,2025-12-30,2026-01-06,2026-01-13,2026-01-20,394745,353400,-1800,-3525,2250,1275,17.653333333333332,15.030000000000001,2025-12-20 07:44:16,0.8952614979290427,0.5666666666666667,-1725,-1.9583333333333333,748145,-5325,3525,0.8513972809667675,-2.6233333333333313,41.375,-990,-175,-45,-360,5145,BULLISH_TURN,f,f,NEUTRAL,NEUTRAL_PREDICT,225,-525,6375,1221.25
2025-12-08 15:02:00,NSE,26159.8,26150,2025-12-23,2025-12-30,2026-01-06,2026-01-13,2026-01-20,396545,356925,-375,-150,3300,3075,17.786666666666665,14.850000000000001,2025-12-20 07:44:14,0.9000870014752425,0.9318181818181818,225,-0.4,753470,-525,6375,0.8348950524737633,-2.936666666666664,51.125,-1110,-15,60,1170,4845,BEARISH_CONTINUE,t,f,NEUTRAL,NEUTRAL_PREDICT,225,225,6600,1207.16
2025-12-08 15:00:00,NSE,26159.8,26150,2025-12-23,2025-12-30,2026-01-06,2026-01-13,2026-01-20,396920,357075,0,225,4200,2400,18.093333333333334,14.52,2025-12-20 07:44:12,0.899614531895596,0.5714285714285714,225,,753995,225,6600,0.8025055268975682,-3.573333333333334,51.125,-1140,-35,47.5,1170,4005,BEARISH_TURN,f,t,NEUTRAL,BEARISH_PREDICT,-3600,3900,1125,1207.33
2025-12-08 14:59:00,NSE,26159.8,26150,2025-12-23,2025-12-30,2026-01-06,2026-01-13,2026-01-20,396920,356850,3750,150,975,150,18.523333333333333,13.905000000000001,2025-12-20 07:44:12,0.8990476670361786,0.15384615384615385,-3600,0.04,753770,3900,1125,0.7506748245456182,-4.618333333333332,32,-1080,25,37.5,990,3675,BULLISH_CONTINUE,t,f,NEUTRAL,NEUTRAL_PREDICT,-75,-75,8100,1207.05
2025-12-08 14:58:00,NSE,26159.8,26150,2025-12-23,2025-12-30,2026-01-06,2026-01-13,2026-01-20,393170,356700,0,-75,7125,975,18.400000000000002,13.925,2025-12-20 07:44:11,0.9072411425083298,0.1368421052631579,-75,,749870,-75,8100,0.7567934782608695,-4.475000000000001,49.625,-285,255,150,135,3960,BULLISH_CONTINUE,t,t,NEUTRAL,BULLISH_PREDICT,-2325,2325,2025,994.99
2025-12-08 14:57:00,NSE,26159.8,26150,2025-12-23,2025-12-30,2026-01-06,2026-01-13,2026-01-20,393170,356775,2325,0,1425,600,18.566666666666666,13.495,2025-12-20 07:44:10,0.9074318996871582,0.42105263157894735,-2325,0,749945,2325,2025,0.7268402154398563,-5.071666666666667,38.375,-510,195,150,120,2655,BULLISH_TURN,t,f,NEUTRAL,NEUTRAL_PREDICT,75,-525,2175,994.99
2025-12-08 14:56:00,NSE,26159.8,26150,2025-12-23,2025-12-30,2026-01-06,2026-01-13,2026-01-20,390845,356775,-300,-225,900,1275,18.476666666666667,13.754999999999999,2025-12-20 07:44:10,0.9128298942035845,1.4166666666666667,75,-0.75,747620,-525,2175,0.7444524625653978,-4.721666666666668,50.375,60,355,262.5,-240,2445,BEARISH_CONTINUE,f,f,NEUTRAL,NEUTRAL_PREDICT,525,-675,4950,890.85
2025-12-08 14:53:00,NSE,26159.8,26150,2025-12-23,2025-12-30,2026-01-06,2026-01-13,2026-01-20,391145,357000,-600,-75,4050,900,18.110000000000003,14.305,2025-12-20 07:44:08,0.9127050070945557,0.2222222222222222,525,-0.125,748145,-675,4950,0.7898950855880728,-3.8050000000000033,52.625,795,360,265,-885,2130,BEARISH_CONTINUE,f,f,NEUTRAL,NEUTRAL_PREDICT,375,-375,2550,890.41
2025-12-08 14:51:00,NSE,26159.8,26150,2025-12-23,2025-12-30,2026-01-06,2026-01-13,2026-01-20,391745,357075,-375,0,2175,375,18.05666666666667,14.745000000000001,2025-12-20 07:44:06,0.9114985513535591,0.1724137931034483,375,0,748820,-375,2550,0.816595901790659,-3.3116666666666674,51.875,840,320,240,-900,3450,BEARISH_TURN,f,f,NEUTRAL,NEUTRAL_PREDICT,-1200,-150,1575,893.38
2025-12-08 14:50:00,NSE,26159.8,26150,2025-12-23,2025-12-30,2026-01-06,2026-01-13,2026-01-20,392120,357075,525,-675,150,1425,18.316666666666666,14.440000000000001,2025-12-20 07:44:05,0.9106268489237989,9.5,-1200,-1.2857142857142858,749195,-150,1575,0.7883530482256598,-3.876666666666665,44,750,310,235,-840,3090,BULLISH_TURN,t,f,NEUTRAL,NEUTRAL_PREDICT,525,525,975,893.02
2025-12-08 14:48:00,NSE,26159.8,26150,2025-12-23,2025-12-30,2026-01-06,2026-01-13,2026-01-20,391595,357750,0,525,900,75,18.666666666666668,13.75,2025-12-20 07:44:04,0.9135714194512188,0.08333333333333333,525,,749345,525,975,0.7366071428571428,-4.916666666666668,52.625,975,385,235,-795,3000,BEARISH_CONTINUE,t,f,NEUTRAL,NEUTRAL_PREDICT,3750,-3750,600,893.02
2025-12-08 14:47:00,NSE,26159.8,26150,2025-12-23,2025-12-30,2026-01-06,2026-01-13,2026-01-20,391595,357225,-3750,0,600,0,18.716666666666665,13.280000000000001,2025-12-20 07:44:03,0.9122307486050639,0,3750,0,748820,-3750,600,0.7095280498664294,-5.436666666666664,68.75,1005,390,100,-1095,2925,BEARISH_CONTINUE,f,f,NEUTRAL,NEUTRAL_PREDICT,750,-750,11550,1123.94
2025-12-08 14:45:00,NSE,26159.8,26150,2025-12-23,2025-12-30,2026-01-06,2026-01-13,2026-01-20,395345,357225,-750,0,8475,3075,18.77,13.405000000000001,2025-12-20 07:44:02,0.9035778876677333,0.36283185840707965,750,0,752570,-750,11550,0.7141715503462973,-5.364999999999998,53.75,240,130,-70,-360,2955,BEARISH_TURN,f,t,NEUTRAL,BEARISH_PREDICT,-75,-75,750,920.02
2025-12-08 14:44:00,NSE,26159.8,26150,2025-12-23,2025-12-30,2026-01-06,2026-01-13,2026-01-20,396095,357225,0,-75,450,300,18.716666666666665,13.73,2025-12-20 07:44:01,0.9018669763566821,0.6666666666666666,-75,,753320,-75,750,0.7335707925200357,-4.986666666666665,49.625,315,130,-275,-435,780,BULLISH_CONTINUE,t,f,NEUTRAL,NEUTRAL_PREDICT,-75,75,1125,1326.42
2025-12-08 14:42:00,NSE,26159.8,26150,2025-12-23,2025-12-30,2026-01-06,2026-01-13,2026-01-20,396095,357300,75,0,450,675,18.786666666666665,13.254999999999999,2025-12-20 07:43:59,0.9020563248715586,1.5,-75,0,753395,75,1125,0.7055535841022001,-5.531666666666666,49.625,300,155,-382.5,-450,1560,BULLISH_TURN,t,f,NEUTRAL,NEUTRAL_PREDICT,675,-975,600,1435.83
2025-12-08 14:41:00,NSE,26159.8,26150,2025-12-23,2025-12-30,2026-01-06,2026-01-13,2026-01-20,396020,357300,-825,-150,150,450,18.783333333333335,13.405000000000001,2025-12-20 07:43:59,0.9022271602444321,3,675,-0.18181818181818182,753320,-975,600,0.7136645962732919,-5.378333333333334,53.375,120,85,-367.5,-270,1695,BEARISH_TURN,f,f,NEUTRAL,NEUTRAL_PREDICT,-75,-75,750,1441.49
2025-12-08 14:40:00,NSE,26159.8,26150,2025-12-23,2025-12-30,2026-01-06,2026-01-13,2026-01-20,396845,357450,0,-75,750,0,18.833333333333332,13.36,2025-12-20 07:43:58,0.9007295039625043,0,-75,,754295,-75,750,0.7093805309734513,-5.473333333333333,49.625,0,135,-367.5,-30,2010,BULLISH_TURN,f,f,NEUTRAL,NEUTRAL_PREDICT,1125,-1125,675,1441.49
2025-12-08 14:39:00,NSE,26159.8,26150,2025-12-23,2025-12-30,2026-01-06,2026-01-13,2026-01-20,396845,357525,-1125,0,675,0,18.956666666666667,13.225,2025-12-20 07:43:57,0.9009184946263654,0,1125,0,754370,-1125,675,0.6976437489010022,-5.731666666666667,55.625,45,130,-432.5,-45,1980,BEARISH_TURN,f,f,NEUTRAL,NEUTRAL_PREDICT,-150,-150,4650,1471.50
2025-12-08 14:36:00,NSE,26159.8,26150,2025-12-23,2025-12-30,2026-01-06,2026-01-13,2026-01-20,397970,357525,0,-150,4200,450,19.093333333333334,12.875,2025-12-20 07:43:55,0.8983717365630575,0.10714285714285714,-150,,755495,-150,4650,0.6743191340782123,-6.218333333333334,49.25,-195,50,-472.1666666666667,165,1875,BULLISH_CONTINUE,t,t,NEUTRAL,BULLISH_PREDICT,-975,975,1800,1443.85
2025-12-08 14:35:00,NSE,26159.8,26150,2025-12-23,2025-12-30,2026-01-06,2026-01-13,2026-01-20,397970,357675,975,0,1725,75,19.05333333333333,13.079999999999998,2025-12-20 07:43:54,0.8987486493956831,0.043478260869565216,-975,0,755645,975,1800,0.6864940517844647,-5.973333333333333,45.125,-120,45,-487.1666666666667,150,1140,BULLISH_TURN,f,f,NEUTRAL,NEUTRAL_PREDICT,75,225,2175,1442.72
2025-12-08 14:33:00,NSE,26159.8,26150,2025-12-23,2025-12-30,2026-01-06,2026-01-13,2026-01-20,396995,357675,75,150,1425,750,18.906666666666666,13.615,2025-12-20 07:43:53,0.9009559314349047,0.5263157894736842,75,2,754670,225,2175,0.7201163610719323,-5.291666666666666,50.375,60,105,-464.6666666666667,-30,840,BEARISH_CONTINUE,t,t,NEUTRAL,BEARISH_PREDICT,150,-150,600,1440.11
2025-12-08 14:32:00,NSE,26159.8,26150,2025-12-23,2025-12-30,2026-01-06,2026-01-13,2026-01-20,396920,357525,-150,0,600,0,18.996666666666666,13.025,2025-12-20 07:43:52,0.9007482616144311,0,150,0,754445,-150,600,0.6856466046674856,-5.971666666666666,50.75,165,170,-469.6666666666667,-195,480,BEARISH_TURN,f,t,NEUTRAL,BEARISH_PREDICT,-75,-75,150,1438.43
2025-12-08 14:31:00,NSE,26159.8,26150,2025-12-23,2025-12-30,2026-01-06,2026-01-13,2026-01-20,397070,357525,0,-75,0,150,18.98,13.195,2025-12-20 07:43:51,0.9004079885158788,,-75,,754595,-75,150,0.6952054794520548,-5.785,49.625,105,170,-534.6666666666666,-135,555,BULLISH_TURN,f,f,NEUTRAL,NEUTRAL_PREDICT,225,-225,975,1453.44
2025-12-08 14:29:00,NSE,26159.8,26150,2025-12-23,2025-12-30,2026-01-06,2026-01-13,2026-01-20,397070,357600,-225,0,450,525,18.896666666666665,13.425,2025-12-20 07:43:49,0.900596872088045,1.1666666666666667,225,0,754670,-225,975,0.7104427588639973,-5.471666666666664,51.125,270,160,-624.6666666666666,-300,720,BEARISH_TURN,t,t,NEUTRAL,BEARISH_PREDICT,-75,75,300,1506.62
2025-12-08 14:28:00,NSE,26159.8,26150,2025-12-23,2025-12-30,2026-01-06,2026-01-13,2026-01-20,397295,357600,75,0,225,75,18.73333333333333,13.915,2025-12-20 07:43:49,0.9000868372368139,0.3333333333333333,-75,0,754895,75,300,0.7427935943060499,-4.818333333333332,49.625,285,160,-634.3333333333334,-315,720,BULLISH_TURN,t,f,NEUTRAL,NEUTRAL_PREDICT,600,-600,375,1501.90
2025-12-08 14:26:00,NSE,26159.8,26150,2025-12-23,2025-12-30,2026-01-06,2026-01-13,2026-01-20,397220,357600,-600,0,300,75,18.7,13.719999999999999,2025-12-20 07:43:47,0.9002567846533407,0.25,600,0,754820,-600,375,0.7336898395721925,-4.98,53,75,85,-719.3333333333334,-105,1095,BEARISH_TURN,t,f,NEUTRAL,NEUTRAL_PREDICT,-150,150,975,1540.81
2025-12-08 14:24:00,NSE,26159.8,26150,2025-12-23,2025-12-30,2026-01-06,2026-01-13,2026-01-20,397820,357600,150,0,825,150,18.66,13.95,2025-12-20 07:43:46,0.898898999547534,0.18181818181818182,-150,0,755420,150,975,0.747588424437299,-4.710000000000001,49.25,240,-190,-761.8333333333334,270,2820,BULLISH_TURN,t,f,NEUTRAL,NEUTRAL_PREDICT,750,-900,975,1520.62
2025-12-08 14:23:00,NSE,26159.8,26150,2025-12-23,2025-12-30,2026-01-06,2026-01-13,2026-01-20,397670,357600,-825,-75,300,675,18.586666666666666,14,2025-12-20 07:43:45,0.8992380617094576,2.25,750,-0.09090909090909091,755270,-900,975,0.7532281205164993,-4.586666666666666,53.75,240,-270,-796.8333333333334,270,4980,BEARISH_CONTINUE,f,f,NEUTRAL,NEUTRAL_PREDICT,300,-300,975,1518.13
2025-12-08 14:21:00,NSE,26159.8,26150,2025-12-23,2025-12-30,2026-01-06,2026-01-13,2026-01-20,398495,357675,-300,0,900,75,18.743333333333336,13.86,2025-12-20 07:43:43,0.8975645867576758,0.08333333333333333,300,0,756170,-300,975,0.7394629201493863,-4.883333333333336,51.5,75,-680,-704.3333333333334,345,5025,BEARISH_TURN,t,f,NEUTRAL,NEUTRAL_PREDICT,-1125,1125,2175,1690.40
2025-12-08 14:20:00,NSE,26159.8,26150,2025-12-23,2025-12-30,2026-01-06,2026-01-13,2026-01-20,398795,357675,1125,0,1350,825,18.776666666666667,13.885000000000002,2025-12-20 07:43:43,0.8968893792550057,0.6111111111111112,-1125,0,756470,1125,2175,0.7394816261317239,-4.891666666666666,44.375,-30,-920,-749.3333333333334,360,5265,BULLISH_TURN,f,f,NEUTRAL,NEUTRAL_PREDICT,1425,1275,9000,1680.68
2025-12-08 14:17:00,NSE,26159.8,26150,2025-12-23,2025-12-30,2026-01-06,2026-01-13,2026-01-20,397670,357675,-75,1350,6825,2175,18.98,13.395,2025-12-20 07:43:40,0.8994266602962255,0.31868131868131866,1425,18,755345,1275,9000,0.7057428872497366,-5.585000000000001,57.125,180,-820,-891.8333333333334,150,5070,BEARISH_TURN,f,f,NEUTRAL,NEUTRAL_PREDICT,-150,150,11775,1882.72
2025-12-08 14:15:00,NSE,26159.8,26150,2025-12-23,2025-12-30,2026-01-06,2026-01-13,2026-01-20,397745,356325,150,0,10575,1200,19.05,13.045,2025-12-20 07:43:39,0.8958629272523854,0.11347517730496454,-150,0,754070,150,11775,0.6847769028871391,-6.005000000000001,49.25,105,-870,-956.6666666666666,-315,3510,BULLISH_CONTINUE,t,t,NEUTRAL,BULLISH_PREDICT,-75,-525,1200,1833.02
2025-12-08 14:14:00,NSE,26159.8,26150,2025-12-23,2025-12-30,2026-01-06,2026-01-13,2026-01-20,397595,356325,-225,-300,525,675,19.013333333333335,13.14,2025-12-20 07:43:38,0.8962009079591041,1.2857142857142858,-75,-1.3333333333333333,753920,-525,1200,0.69109396914446,-5.873333333333335,49.625,165,-995,-1034.1666666666667,-315,1860,BULLISH_CONTINUE,f,f,NEUTRAL,NEUTRAL_PREDICT,-225,-225,2175,1846.84
2025-12-08 14:13:00,NSE,26159.8,26150,2025-12-23,2025-12-30,2026-01-06,2026-01-13,2026-01-20,397820,356625,0,-225,975,1200,18.813333333333333,13.565,2025-12-20 07:43:37,0.8964481423759489,1.2307692307692308,-225,,754445,-225,2175,0.7210311835577604,-5.248333333333333,48.875,135,-994.3333333333334,-1254.1666666666667,-195,1800,BULLISH_CONTINUE,t,f,NEUTRAL,NEUTRAL_PREDICT,-75,75,1200,2103.86
2025-12-08 14:12:00,NSE,26159.8,26150,2025-12-23,2025-12-30,2026-01-06,2026-01-13,2026-01-20,397820,356850,75,0,750,450,18.83,13.780000000000001,2025-12-20 07:43:36,0.8970137248001608,0.6,-75,0,754670,75,1200,0.7318109399893787,-5.049999999999997,49.625,225,-1019.3333333333334,-1224.1666666666667,-195,1770,BULLISH_TURN,t,f,NEUTRAL,NEUTRAL_PREDICT,1050,-1050,1200,2125.35
2025-12-08 14:11:00,NSE,26159.8,26150,2025-12-23,2025-12-30,2026-01-06,2026-01-13,2026-01-20,397745,356850,-1050,0,750,450,18.66,13.940000000000001,2025-12-20 07:43:35,0.8971828684207218,0.6,1050,0,754595,-1050,1200,0.7470525187566989,-4.719999999999999,55.25,0,-1034.3333333333333,-1246.6666666666667,-30,1845,BEARISH_CONTINUE,t,f,NEUTRAL,NEUTRAL_PREDICT,150,150,3525,2116.31
2025-12-08 14:10:00,NSE,26159.8,26150,2025-12-23,2025-12-30,2026-01-06,2026-01-13,2026-01-20,398795,356850,0,150,3150,375,18.616666666666667,14.07,2025-12-20 07:43:35,0.894820647199689,0.11904761904761904,150,,755645,150,3525,0.7557743957027753,-4.546666666666667,50.75,-915,-1109.3333333333333,-1336.6666666666667,585,2130,BEARISH_TURN,f,t,NEUTRAL,BEARISH_PREDICT,-225,75,900,2072.23
2025-12-08 14:09:00,NSE,26159.8,26150,2025-12-23,2025-12-30,2026-01-06,2026-01-13,2026-01-20,398795,356700,150,-75,825,75,18.643333333333334,14.2,2025-12-20 07:43:34,0.8944445140987224,0.09090909090909091,-225,-0.5,755495,75,900,0.7616663686751295,-4.443333333333335,48.875,-1215,-1239.3333333333333,-1339.1666666666667,285,2790,BULLISH_TURN,t,f,NEUTRAL,NEUTRAL_PREDICT,225,-225,2025,2070.42
2025-12-08 14:08:00,NSE,26159.8,26150,2025-12-23,2025-12-30,2026-01-06,2026-01-13,2026-01-20,398645,356775,-225,0,1725,300,18.776666666666667,13.795000000000002,2025-12-20 07:43:33,0.8949692081927529,0.17391304347826086,225,0,755420,-225,2025,0.7346884431031423,-4.981666666666666,51.125,-2250,-1409.3333333333333,-1344.1666666666667,1350,4050,BEARISH_TURN,t,f,NEUTRAL,NEUTRAL_PREDICT,-1200,900,1575,2067.81
2025-12-08 14:06:00,NSE,26159.8,26150,2025-12-23,2025-12-30,2026-01-06,2026-01-13,2026-01-20,398870,356775,1050,-150,825,750,18.836666666666666,13.77,2025-12-20 07:43:32,0.8944643618221476,0.9090909090909091,-1200,-0.14285714285714285,755645,900,1575,0.7310210582197841,-5.066666666666666,44,-2955,-1428.6666666666667,-1336.6666666666667,2085,4290,BULLISH_CONTINUE,f,f,NEUTRAL,NEUTRAL_PREDICT,-3525,2025,2625,2074.10
2025-12-08 14:05:00,NSE,26159.8,26150,2025-12-23,2025-12-30,2026-01-06,2026-01-13,2026-01-20,397820,356925,2775,-750,1950,675,18.846666666666668,13.56,2025-12-20 07:43:31,0.8972022522748982,0.34615384615384615,-3525,-0.2702702702702703,754745,2025,2625,0.719490626105412,-5.286666666666667,32.375,-2640,-1523.6666666666667,-1326.6666666666667,1650,4590,BULLISH_CONTINUE,t,f,NEUTRAL,NEUTRAL_PREDICT,-1350,-1350,6825,2075.50
2025-12-08 14:03:00,NSE,26159.8,26150,2025-12-23,2025-12-30,2026-01-06,2026-01-13,2026-01-20,395045,357675,0,-1350,5700,1125,18.766666666666666,13.795,2025-12-20 07:43:29,0.9054031819159842,0.19736842105263158,-1350,,752720,-1350,6825,0.7350799289520427,-4.971666666666666,43.25,-1800,-1333.6666666666667,-1226.6666666666667,1110,4170,BULLISH_CONTINUE,t,f,NEUTRAL,NEUTRAL_PREDICT,-5400,5400,7200,2037.86
2025-12-08 14:02:00,NSE,26159.8,26150,2025-12-23,2025-12-30,2026-01-06,2026-01-13,2026-01-20,395045,359025,5400,0,6825,375,18.743333333333336,13.934999999999999,2025-12-20 07:43:28,0.9088205141186447,0.054945054945054944,-5400,0,754070,5400,7200,0.7434643428774673,-4.808333333333337,23,-1935,-1323.6666666666667,-1251.6666666666667,975,3255,BULLISH_CONTINUE,f,t,NEUTRAL,BULLISH_PREDICT,-3300,3450,3225,2044.02
2025-12-08 13:59:00,NSE,26159.8,26150,2025-12-23,2025-12-30,2026-01-06,2026-01-13,2026-01-20,389645,359025,3375,75,3000,225,18.82,14.2,2025-12-20 07:43:26,0.9214156475766403,0.075,-3300,0.022222222222222223,748670,3450,3225,0.7545164718384697,-4.620000000000001,33.5,-868,-728.6666666666666,-1074.1666666666667,-92,2323,BULLISH_TURN,t,f,NEUTRAL,NEUTRAL_PREDICT,375,-1275,3075,1897.30
2025-12-08 13:56:00,NSE,26159.8,26150,2025-12-23,2025-12-30,2026-01-06,2026-01-13,2026-01-20,386270,358950,-825,-450,1875,1200,18.966666666666665,13.765,2025-12-20 07:43:24,0.9292722706914852,0.64,375,-0.5454545454545454,745220,-1275,3075,0.7257469244288226,-5.201666666666664,51.875,-328,-578.6666666666666,-991.6666666666666,-1202,3013,BEARISH_CONTINUE,f,t,NEUTRAL,BEARISH_PREDICT,675,-675,525,1850.41
2025-12-08 13:54:00,NSE,26159.8,26150,2025-12-23,2025-12-30,2026-01-06,2026-01-13,2026-01-20,387095,359400,-675,0,150,375,18.80333333333333,13.95,2025-12-20 07:43:22,0.9284542554153373,2.5,675,0,746495,-675,525,0.7418897358624358,-4.853333333333332,53.375,-463,-963.6666666666666,-1011.6666666666666,-617,3238,BEARISH_TURN,f,f,NEUTRAL,NEUTRAL_PREDICT,-2025,-2025,2250,1838.33
2025-12-08 13:53:00,NSE,26159.8,26150,2025-12-23,2025-12-30,2026-01-06,2026-01-13,2026-01-20,387770,359400,0,-2025,600,1650,18.76666666666667,13.91,2025-12-20 07:43:21,0.9268380741160998,2.75,-2025,,747170,-2025,2250,0.7412078152753108,-4.856666666666669,39.875,-613,-1043.3333333333333,-1059.1666666666667,-497,3943,BULLISH_CONTINUE,t,f,NEUTRAL,NEUTRAL_PREDICT,-65,65,2540,1811.46
2025-12-08 13:51:00,NSE,26159.8,26150,2025-12-23,2025-12-30,2026-01-06,2026-01-13,2026-01-20,387770,361425,65,0,2465,75,18.779999999999998,13.91,2025-12-20 07:43:20,0.9320602418959693,0.030425963488843813,-65,0,749195,65,2540,0.740681576144835,-4.869999999999997,49.675,-568,-1073.3333333333333,-1034.1666666666667,-392,4408,BULLISH_CONTINUE,t,f,NEUTRAL,NEUTRAL_PREDICT,-600,-2100,6675,1802.83
2025-12-08 13:50:00,NSE,26159.8,26150,2025-12-23,2025-12-30,2026-01-06,2026-01-13,2026-01-20,387705,361425,-750,-1350,4050,2625,18.80333333333333,13.77,2025-12-20 07:43:19,0.9322165048168066,0.6481481481481481,-600,-1.8,749130,-2100,6675,0.7323169650771141,-5.033333333333331,47,-1110,-1514,-1077,-120,4935,BULLISH_CONTINUE,t,f,NEUTRAL,NEUTRAL_PREDICT,-300,1650,4200,1794.25
2025-12-08 13:47:00,NSE,26159.8,26150,2025-12-23,2025-12-30,2026-01-06,2026-01-13,2026-01-20,388455,362775,975,675,1275,2925,18.78,13.815000000000001,2025-12-20 07:43:17,0.9338919565972893,2.2941176470588234,-300,0.6923076923076923,751230,1650,4200,0.7356230031948882,-4.965,48.5,-1003,-1429,-1047,313,5518,BULLISH_CONTINUE,t,f,NEUTRAL,NEUTRAL_PREDICT,-75,-75,4050,1809.96
2025-12-08 13:45:00,NSE,26159.8,26150,2025-12-23,2025-12-30,2026-01-06,2026-01-13,2026-01-20,387480,362100,0,-75,3450,600,18.896666666666665,13.8,2025-12-20 07:43:15,0.9344998451532982,0.17391304347826086,-75,,749580,-75,4050,0.7302875286646676,-5.096666666666664,49.625,-1468,-1459,-979.5,-152,5578,BULLISH_CONTINUE,f,f,NEUTRAL,NEUTRAL_PREDICT,-1800,-1500,4575,1875.36
2025-12-08 13:44:00,NSE,26159.8,26150,2025-12-23,2025-12-30,2026-01-06,2026-01-13,2026-01-20,387480,362175,150,-1650,2850,1725,18.900000000000002,13.975,2025-12-20 07:43:14,0.9346934035305048,0.6052631578947368,-1800,-11,749655,-1500,4575,0.7394179894179893,-4.9250000000000025,41,-1588,-1564,-982,-1022,5578,BULLISH_CONTINUE,t,f,NEUTRAL,NEUTRAL_PREDICT,-2775,1425,5175,1874.16
2025-12-08 13:41:00,NSE,26159.8,26150,2025-12-23,2025-12-30,2026-01-06,2026-01-13,2026-01-20,387330,363825,2100,-675,3675,1500,18.893333333333334,13.585,2025-12-20 07:43:12,0.9393153125242042,0.40816326530612246,-2775,-0.32142857142857145,751155,1425,5175,0.7190366972477065,-5.308333333333334,36.125,-1468,-1439,-949.5,-3152,6493,BULLISH_CONTINUE,f,f,NEUTRAL,NEUTRAL_PREDICT,-65,65,9590,1867.93
2025-12-08 13:39:00,NSE,26159.8,26150,2025-12-23,2025-12-30,2026-01-06,2026-01-13,2026-01-20,385230,364500,65,0,6815,2775,19.14,13.41,2025-12-20 07:43:10,0.9461879915894401,0.40719002201027144,-65,0,749730,65,9590,0.7006269592476488,-5.73,49.675,-208,-1279,-872,-4142,6568,BULLISH_CONTINUE,t,t,NEUTRAL,BULLISH_PREDICT,-2625,-675,4500,1837.56
2025-12-08 13:38:00,NSE,26159.8,26150,2025-12-23,2025-12-30,2026-01-06,2026-01-13,2026-01-20,385165,364500,975,-1650,3675,825,19.273333333333337,13.475,2025-12-20 07:43:10,0.9463476691807408,0.22448979591836735,-2625,-1.6923076923076923,749665,-675,4500,0.6991525423728812,-5.798333333333337,36.875,-405,-1244.6666666666667,-889.8333333333334,-4365,5445,BULLISH_CONTINUE,f,f,NEUTRAL,NEUTRAL_PREDICT,-675,-4425,4050,1832.05
2025-12-08 13:35:00,NSE,26159.8,26150,2025-12-23,2025-12-30,2026-01-06,2026-01-13,2026-01-20,384190,366150,-1875,-2550,2925,1125,19.47,13.275,2025-12-20 07:43:07,0.9530440667378121,0.38461538461538464,-675,-1.36,750340,-4425,4050,0.6818181818181819,-6.1949999999999985,46.625,-960,-1129.6666666666667,-904.8333333333334,-4170,5445,BULLISH_CONTINUE,f,f,NEUTRAL,NEUTRAL_PREDICT,-1200,-12150,9150,1848.51
2025-12-08 13:32:00,NSE,26159.8,26150,2025-12-23,2025-12-30,2026-01-06,2026-01-13,2026-01-20,386065,368700,-5475,-6675,5775,3375,19.086666666666666,13.785,2025-12-20 07:43:05,0.9550205276313574,0.5844155844155844,-1200,-1.2191780821917808,754765,-12150,9150,0.722231924554663,-5.301666666666666,44,-929,-1119.6666666666667,-889.8333333333334,-3181,7378,BULLISH_TURN,f,f,NEUTRAL,NEUTRAL_PREDICT,3525,-3525,5550,1852.26
2025-12-08 13:29:00,NSE,26159.8,26150,2025-12-23,2025-12-30,2026-01-06,2026-01-13,2026-01-20,391540,375375,-3525,0,2250,3300,18.926666666666666,13.34,2025-12-20 07:43:02,0.9587143076058641,1.4666666666666666,3525,0,766915,-3525,5550,0.7048256428319831,-5.586666666666666,67.625,-1184,-1179.6666666666667,-829.8333333333334,-1336,8203,BEARISH_TURN,f,f,NEUTRAL,NEUTRAL_PREDICT,-1050,-1050,3975,1870.93
2025-12-08 13:27:00,NSE,26159.8,26150,2025-12-23,2025-12-30,2026-01-06,2026-01-13,2026-01-20,395065,375375,0,-1050,2850,1125,18.773333333333337,13.18,2025-12-20 07:43:01,0.95016010023667,0.39473684210526316,-1050,,770440,-1050,3975,0.702059659090909,-5.593333333333337,44.75,-3224,-1419.6666666666667,-942.3333333333334,374,11053,BULLISH_CONTINUE,t,f,NEUTRAL,NEUTRAL_PREDICT,-5400,300,4500,1693.06
2025-12-08 13:26:00,NSE,26159.8,26150,2025-12-23,2025-12-30,2026-01-06,2026-01-13,2026-01-20,395065,376425,2850,-2550,1575,2925,18.80333333333333,13.33,2025-12-20 07:43:00,0.9528178907268424,1.8571428571428572,-5400,-0.8947368421052632,771490,300,4500,0.7089168587129943,-5.473333333333331,23,-2879,-1404.6666666666667,-927.3333333333334,959,10888,BULLISH_CONTINUE,f,f,NEUTRAL,NEUTRAL_PREDICT,-520,520,13715,1694.06
2025-12-08 13:25:00,NSE,26159.8,26150,2025-12-23,2025-12-30,2026-01-06,2026-01-13,2026-01-20,392215,378975,520,0,4640,9075,18.773333333333333,13.3,2025-12-20 07:42:59,0.9662430044745867,1.9558189655172413,-520,0,771190,520,13715,0.7084517045454546,-5.473333333333333,47.4,-1949,-1059.6666666666667,-759.8333333333334,1499,10588,BULLISH_CONTINUE,t,f,NEUTRAL,NEUTRAL_PREDICT,-2475,-2925,13275,1470.21
2025-12-08 13:23:00,NSE,26159.8,26150,2025-12-23,2025-12-30,2026-01-06,2026-01-13,2026-01-20,391695,378975,-225,-2700,6450,6825,19.523333333333337,13.33,2025-12-20 07:42:58,0.967525753456133,1.058139534883721,-2475,-12,770670,-2925,13275,0.6827727505548915,-6.193333333333337,37.625,-2175,-1075,-782.5,2025,8700,BULLISH_CONTINUE,t,f,NEUTRAL,NEUTRAL_PREDICT,-6675,5025,19800,1471.63
2025-12-08 13:20:00,NSE,26159.8,26150,2025-12-23,2025-12-30,2026-01-06,2026-01-13,2026-01-20,391920,381675,5850,-825,12300,7500,19.313333333333336,13.5,2025-12-20 07:42:55,0.9738594611145132,0.6097560975609756,-6675,-0.14102564102564102,773595,5025,19800,0.6989989644459785,-5.813333333333336,16.625,-1665,-995,-707.5,2625,6765,BULLISH_TURN,f,t,NEUTRAL,BULLISH_PREDICT,675,1875,3150,1439.38
2025-12-08 13:17:00,NSE,26159.8,26150,2025-12-23,2025-12-30,2026-01-06,2026-01-13,2026-01-20,386070,382500,600,1275,1350,1800,19.353333333333335,13.245,2025-12-20 07:42:53,0.9907529722589168,1.3333333333333333,675,2.125,768570,1875,3150,0.6843782294178435,-6.108333333333336,53.375,-405,-640,-515,1905,3180,BEARISH_TURN,f,f,NEUTRAL,NEUTRAL_PREDICT,-750,3000,3000,898.22
2025-12-08 13:14:00,NSE,26159.8,26150,2025-12-23,2025-12-30,2026-01-06,2026-01-13,2026-01-20,385470,381225,1875,1125,1650,1350,19.15,13.620000000000001,2025-12-20 07:42:51,0.988987469842011,0.8181818181818182,-750,0.6,766695,3000,3000,0.7112271540469975,-5.529999999999998,46.25,-450,-665,-572.5,1620,2820,BULLISH_CONTINUE,f,f,NEUTRAL,NEUTRAL_PREDICT,-1650,3150,4275,874.31
2025-12-08 13:11:00,NSE,26159.8,26150,2025-12-23,2025-12-30,2026-01-06,2026-01-13,2026-01-20,383595,380100,2400,750,4050,225,19.28,13.63,2025-12-20 07:42:48,0.9908888280608454,0.05555555555555555,-1650,0.3125,763695,3150,4275,0.7069502074688797,-5.65,41.75,-480,-500,-587.5,1350,2700,BULLISH_TURN,f,f,NEUTRAL,NEUTRAL_PREDICT,75,75,3600,881.29
2025-12-08 13:09:00,NSE,26159.8,26150,2025-12-23,2025-12-30,2026-01-06,2026-01-13,2026-01-20,381195,379350,0,75,2175,1425,19.23,13.55,2025-12-20 07:42:47,0.9951599575020659,0.6551724137931034,75,,760545,75,3600,0.7046281851274051,-5.68,50.375,-255,-400,-517.5,615,2280,BEARISH_TURN,f,f,NEUTRAL,NEUTRAL_PREDICT,-375,1425,1875,877.38
2025-12-08 13:08:00,NSE,26159.8,26150,2025-12-23,2025-12-30,2026-01-06,2026-01-13,2026-01-20,381195,379275,900,525,1500,375,19.213333333333335,13.46,2025-12-20 07:42:46,0.9949632078070278,0.25,-375,0.5833333333333334,760470,1425,1875,0.7005551700208189,-5.753333333333334,48.125,-690,-460,-575,840,1800,BULLISH_TURN,f,f,NEUTRAL,NEUTRAL_PREDICT,450,450,1350,893.58
2025-12-08 13:06:00,NSE,26159.8,26150,2025-12-23,2025-12-30,2026-01-06,2026-01-13,2026-01-20,380295,378750,0,450,750,600,19.093333333333334,13.54,2025-12-20 07:42:44,0.9959373644144677,0.8,450,,759045,450,1350,0.7091480446927374,-5.553333333333335,52.25,-630,-465,-560,570,1635,BEARISH_TURN,f,f,NEUTRAL,NEUTRAL_PREDICT,-900,1650,2400,900.80
2025-12-08 13:05:00,NSE,26159.8,26150,2025-12-23,2025-12-30,2026-01-06,2026-01-13,2026-01-20,380295,378300,1275,375,1200,1200,19.13,13.524999999999999,2025-12-20 07:42:43,0.9947540724963515,1,-900,0.29411764705882354,758595,1650,2400,0.7070047046523784,-5.605,45.5,-885,-535,-597.5,285,1635,BULLISH_CONTINUE,t,f,NEUTRAL,NEUTRAL_PREDICT,-525,-525,2175,880.50
2025-12-08 13:03:00,NSE,26159.8,26150,2025-12-23,2025-12-30,2026-01-06,2026-01-13,2026-01-20,379020,377925,0,-525,1350,825,19.186666666666667,13.364999999999998,2025-12-20 07:42:42,0.9971109703973405,0.6111111111111112,-525,,756945,-525,2175,0.6965774843641417,-5.821666666666669,47.375,-750,-680,-560,-60,1245,BULLISH_CONTINUE,t,f,NEUTRAL,NEUTRAL_PREDICT,-2100,1200,1200,891.06
2025-12-08 13:02:00,NSE,26159.8,26150,2025-12-23,2025-12-30,2026-01-06,2026-01-13,2026-01-20,379020,378450,1650,-450,600,600,19.28,13.525,2025-12-20 07:42:41,0.9984961215766978,1,-2100,-0.2727272727272727,757470,1200,1200,0.7015041493775933,-5.755000000000001,39.5,-795,-660,-440,225,1230,BULLISH_CONTINUE,f,f,NEUTRAL,NEUTRAL_PREDICT,-75,75,1050,1111.16
2025-12-08 13:00:00,NSE,26159.8,26150,2025-12-23,2025-12-30,2026-01-06,2026-01-13,2026-01-20,377370,378900,75,0,525,525,19.383333333333336,13.125,2025-12-20 07:42:40,1.0040543763415215,1,-75,0,756270,75,1050,0.6771281169389509,-6.258333333333336,49.625,-630,-480,-387.5,150,1395,BULLISH_CONTINUE,t,f,NEUTRAL,NEUTRAL_PREDICT,-825,-975,1350,1066.33
2025-12-08 12:59:00,NSE,26159.8,26150,2025-12-23,2025-12-30,2026-01-06,2026-01-13,2026-01-20,377295,378900,-75,-900,600,750,19.293333333333333,13.280000000000001,2025-12-20 07:42:39,1.004253965729734,1.25,-825,-12,756195,-975,1350,0.6883206634416034,-6.013333333333332,45.875,-885,-465,-412.5,345,1680,BULLISH_CONTINUE,f,t,NEUTRAL,BULLISH_PREDICT,-225,-75,450,1067.54
2025-12-08 12:56:00,NSE,26159.8,26150,2025-12-23,2025-12-30,2026-01-06,2026-01-13,2026-01-20,377370,379800,75,-150,225,225,19.356666666666666,13.34,2025-12-20 07:42:36,1.0064393036012402,1,-225,-2,757170,-75,450,0.6891682452212847,-6.016666666666666,48.875,-660,-450,-365,900,1665,BULLISH_CONTINUE,t,f,NEUTRAL,NEUTRAL_PREDICT,-750,900,2100,1080.18
2025-12-08 12:53:00,NSE,26159.8,26150,2025-12-23,2025-12-30,2026-01-06,2026-01-13,2026-01-20,377295,379950,825,75,1500,600,19.266666666666666,13.43,2025-12-20 07:42:34,1.0070369339641394,0.4,-750,0.09090909090909091,757245,900,2100,0.6970588235294117,-5.836666666666666,46.25,-270,-460,-372.5,780,2040,BULLISH_CONTINUE,f,f,NEUTRAL,NEUTRAL_PREDICT,-1275,825,2025,1079.96
2025-12-08 12:50:00,NSE,26159.8,26150,2025-12-23,2025-12-30,2026-01-06,2026-01-13,2026-01-20,376470,379875,1050,-225,900,1125,19.206666666666667,13.530000000000001,2025-12-20 07:42:32,1.0090445453821022,1.25,-1275,-0.21428571428571427,756345,825,2025,0.7044429017702187,-5.676666666666666,43.625,-150,-490,-380,630,2430,BULLISH_CONTINUE,f,f,NEUTRAL,NEUTRAL_PREDICT,-1350,1050,2475,1083.45
2025-12-08 12:48:00,NSE,26159.8,26150,2025-12-23,2025-12-30,2026-01-06,2026-01-13,2026-01-20,375420,380100,1200,-150,750,1725,19.353333333333335,13.405,2025-12-20 07:42:30,1.0124660380373982,2.3,-1350,-0.125,755520,1050,2475,0.6926455390974853,-5.948333333333336,43.25,-60,-420,-340,600,3030,BULLISH_TURN,f,f,NEUTRAL,NEUTRAL_PREDICT,300,1800,1275,1071.35
2025-12-08 12:47:00,NSE,26159.8,26150,2025-12-23,2025-12-30,2026-01-06,2026-01-13,2026-01-20,374220,380250,750,1050,300,975,19.319999999999997,13.485,2025-12-20 07:42:29,1.0161135161135162,3.25,300,1.4,754470,1800,1275,0.6979813664596274,-5.834999999999997,51.5,120,-390,-267.5,570,2805,BEARISH_CONTINUE,t,f,NEUTRAL,NEUTRAL_PREDICT,1725,-675,2325,1074.23
2025-12-08 12:44:00,NSE,26159.8,26150,2025-12-23,2025-12-30,2026-01-06,2026-01-13,2026-01-20,373470,379200,-1200,525,1425,900,19.383333333333336,13.315,2025-12-20 07:42:27,1.01534259779902,0.631578947368421,1725,0.4375,752670,-675,2325,0.6869303525365433,-6.068333333333337,58.625,-60,-480,-290,240,2955,BEARISH_TURN,t,f,NEUTRAL,NEUTRAL_PREDICT,-150,150,4050,1068.99
2025-12-08 12:42:00,NSE,26159.8,26150,2025-12-23,2025-12-30,2026-01-06,2026-01-13,2026-01-20,374670,378675,150,0,1800,2250,19.19333333333333,13.504999999999999,2025-12-20 07:42:25,1.0106894066778764,1.25,-150,0,753345,150,4050,0.7036297325460229,-5.688333333333333,49.25,-1020,-675,-422.5,840,3420,BULLISH_CONTINUE,f,f,NEUTRAL,NEUTRAL_PREDICT,-825,675,5025,1056.90
2025-12-08 12:41:00,NSE,26159.8,26150,2025-12-23,2025-12-30,2026-01-06,2026-01-13,2026-01-20,374520,378675,750,-75,2175,2850,19.12,13.385000000000002,2025-12-20 07:42:24,1.0110942005767383,1.3103448275862069,-825,-0.1,753195,675,5025,0.7000523012552302,-5.734999999999999,45.875,-1035,-635,-465,1035,3210,BULLISH_CONTINUE,f,t,NEUTRAL,BULLISH_PREDICT,-450,900,1350,1071.11
2025-12-08 12:38:00,NSE,26159.8,26150,2025-12-23,2025-12-30,2026-01-06,2026-01-13,2026-01-20,373770,378750,675,225,675,675,19.23,13.445,2025-12-20 07:42:22,1.0133237017417127,1,-450,0.3333333333333333,752520,900,1350,0.6991679667186688,-5.785,47.75,-750,-690,-430,990,2880,BULLISH_CONTINUE,f,f,NEUTRAL,NEUTRAL_PREDICT,-600,150,2025,1076.08
2025-12-08 12:35:00,NSE,26159.8,26150,2025-12-23,2025-12-30,2026-01-06,2026-01-13,2026-01-20,373095,378525,375,-225,975,1050,19.26666666666667,13.45,2025-12-20 07:42:20,1.0145539339846419,1.0769230769230769,-600,-0.6,751620,150,2025,0.6980968858131487,-5.81666666666667,47,-630,-655,-420,840,3000,BULLISH_CONTINUE,f,f,NEUTRAL,NEUTRAL_PREDICT,-3075,2325,4650,1077.28
2025-12-08 12:32:00,NSE,26159.8,26150,2025-12-23,2025-12-30,2026-01-06,2026-01-13,2026-01-20,372720,378750,2700,-375,1125,3525,19.06,13.465,2025-12-20 07:42:17,1.0161783644558917,3.1333333333333333,-3075,-0.1388888888888889,751470,2325,4650,0.7064533053515215,-5.594999999999999,34.625,-630,-660,-502.5,960,2685,BULLISH_CONTINUE,f,f,NEUTRAL,NEUTRAL_PREDICT,-225,1125,3000,1181.29
2025-12-08 12:29:00,NSE,26159.8,26150,2025-12-23,2025-12-30,2026-01-06,2026-01-13,2026-01-20,370020,379125,675,450,900,2100,19.066666666666666,13.530000000000001,2025-12-20 07:42:15,1.0246067780119994,2.3333333333333335,-225,0.6666666666666666,749145,1125,3000,0.7096153846153846,-5.536666666666665,48.875,-90,-440,-397.5,360,2175,BULLISH_TURN,f,f,NEUTRAL,NEUTRAL_PREDICT,600,450,3375,1080.44
2025-12-08 12:26:00,NSE,26159.8,26150,2025-12-23,2025-12-30,2026-01-06,2026-01-13,2026-01-20,369345,378675,-75,525,900,2475,18.893333333333334,13.605,2025-12-20 07:42:13,1.0252609348982658,2.75,600,7,748020,450,3375,0.7200952717007763,-5.288333333333334,53,-285,-220,-502.5,375,1875,BEARISH_CONTINUE,f,f,NEUTRAL,NEUTRAL_PREDICT,150,150,1950,1208.56
2025-12-08 12:24:00,NSE,26159.8,26150,2025-12-23,2025-12-30,2026-01-06,2026-01-13,2026-01-20,369420,378150,0,150,450,1500,18.77,13.835,2025-12-20 07:42:12,1.0236316387851225,3.3333333333333335,150,,747570,150,1950,0.7370804475226426,-4.934999999999999,50.75,-450,-295,-525,150,1530,BEARISH_TURN,f,t,NEUTRAL,BEARISH_PREDICT,-600,750,450,1193.52
2025-12-08 12:23:00,NSE,26159.8,26150,2025-12-23,2025-12-30,2026-01-06,2026-01-13,2026-01-20,369420,378000,675,75,225,225,18.916666666666668,13.635000000000002,2025-12-20 07:42:11,1.0232255968815982,1,-600,0.1111111111111111,747420,750,450,0.7207929515418503,-5.281666666666666,47,-660,-360,-522.5,330,2880,BULLISH_CONTINUE,t,f,NEUTRAL,NEUTRAL_PREDICT,-375,-675,2100,1195.06
2025-12-08 12:20:00,NSE,26159.8,26150,2025-12-23,2025-12-30,2026-01-06,2026-01-13,2026-01-20,368745,377925,-150,-525,1350,750,18.813333333333333,13.625,2025-12-20 07:42:08,1.0248952528169875,0.5555555555555556,-375,-3.5,746670,-675,2100,0.7242204110559887,-5.188333333333333,48.125,-750,-280,-492.5,330,3045,BULLISH_CONTINUE,t,f,NEUTRAL,NEUTRAL_PREDICT,-1200,1200,1500,1204.31
2025-12-08 12:18:00,NSE,26159.8,26150,2025-12-23,2025-12-30,2026-01-06,2026-01-13,2026-01-20,368895,378450,1200,0,1050,450,18.933333333333334,13.565000000000001,2025-12-20 07:42:07,1.0259016793396496,0.42857142857142855,-1200,0,747345,1200,1500,0.7164612676056339,-5.368333333333332,44,-915,-285,-459.6666666666667,705,3015,BULLISH_CONTINUE,t,f,NEUTRAL,NEUTRAL_PREDICT,-225,-675,1650,1220.93
2025-12-08 12:17:00,NSE,26159.8,26150,2025-12-23,2025-12-30,2026-01-06,2026-01-13,2026-01-20,367695,378450,-225,-450,75,1575,19.036666666666665,13.485,2025-12-20 07:42:06,1.0292497858279281,21,-225,-2,746145,-675,1650,0.7083698126422693,-5.551666666666666,48.875,-585,-270,-412.1666666666667,1095,3210,BULLISH_CONTINUE,t,f,NEUTRAL,NEUTRAL_PREDICT,-900,1050,8700,1218.85
2025-12-08 12:14:00,NSE,26159.8,26150,2025-12-23,2025-12-30,2026-01-06,2026-01-13,2026-01-20,367920,378900,975,75,4875,3825,19.08,13.24,2025-12-20 07:42:04,1.029843444227006,0.7846153846153846,-900,0.07692307692307693,746820,1050,8700,0.6939203354297695,-5.839999999999998,45.5,-870,-260,-409.6666666666667,1560,3015,BULLISH_CONTINUE,f,t,NEUTRAL,BULLISH_PREDICT,-1050,750,1275,1219.33
2025-12-08 12:11:00,NSE,26159.8,26150,2025-12-23,2025-12-30,2026-01-06,2026-01-13,2026-01-20,366945,378825,900,-150,525,750,18.79,13.605,2025-12-20 07:42:02,1.0323754241098801,1.4285714285714286,-1050,-0.16666666666666666,745770,750,1275,0.7240553485896755,-5.184999999999999,44.75,-675,-145,-389.6666666666667,1365,5325,BULLISH_CONTINUE,f,f,NEUTRAL,NEUTRAL_PREDICT,-1200,1200,1950,1215.92
2025-12-08 12:08:00,NSE,26159.8,26150,2025-12-23,2025-12-30,2026-01-06,2026-01-13,2026-01-20,366045,378975,1200,0,975,975,19.013333333333335,13.445,2025-12-20 07:41:59,1.0353235257960087,1,-1200,0,745020,1200,1950,0.7071353436185133,-5.568333333333335,44,-600,-100,-377.1666666666667,1470,5835,BULLISH_TURN,f,f,NEUTRAL,NEUTRAL_PREDICT,450,3150,2475,1210.82
2025-12-08 12:05:00,NSE,26159.8,26150,2025-12-23,2025-12-30,2026-01-06,2026-01-13,2026-01-20,364845,378975,1350,1800,2100,375,18.973333333333333,13.455,2025-12-20 07:41:57,1.0387287752333183,0.17857142857142858,450,1.3333333333333333,743820,3150,2475,0.7091531974701335,-5.518333333333333,52.25,-315,-170,-352.1666666666667,1305,5580,BEARISH_TURN,f,t,NEUTRAL,BEARISH_PREDICT,-1650,1650,675,1200.95
2025-12-08 12:04:00,NSE,26159.8,26150,2025-12-23,2025-12-30,2026-01-06,2026-01-13,2026-01-20,363495,377175,1650,0,375,300,18.94333333333333,13.495000000000001,2025-12-20 07:41:56,1.0376346304625923,0.8,-1650,0,740670,1650,675,0.7123878233327469,-5.448333333333331,41.75,210,-295,-374.6666666666667,1290,5130,BULLISH_TURN,f,f,NEUTRAL,NEUTRAL_PREDICT,75,75,20250,1191.69
2025-12-08 12:02:00,NSE,26159.8,26150,2025-12-23,2025-12-30,2026-01-06,2026-01-13,2026-01-20,361845,377175,0,75,6075,14175,19.01666666666667,13.34,2025-12-20 07:41:55,1.0423662065248933,2.3333333333333335,75,,739020,75,20250,0.7014899211218228,-5.676666666666669,50.375,435,-170,-337.1666666666667,1065,5370,BEARISH_TURN,f,t,NEUTRAL,BEARISH_PREDICT,-675,1275,3825,1167.63
2025-12-08 12:01:00,NSE,26159.8,26150,2025-12-23,2025-12-30,2026-01-06,2026-01-13,2026-01-20,361845,377100,975,300,2175,1650,18.9,13.19,2025-12-20 07:41:54,1.042158935455789,0.7586206896551724,-675,0.3076923076923077,738945,1275,3825,0.6978835978835979,-5.709999999999999,46.625,255,-185,-264.6666666666667,1215,1770,BULLISH_TURN,f,t,NEUTRAL,BULLISH_PREDICT,225,375,675,1258.12
2025-12-08 12:00:00,NSE,26159.8,26150,2025-12-23,2025-12-30,2026-01-06,2026-01-13,2026-01-20,360870,376800,75,300,600,75,18.87666666666667,13.32,2025-12-20 07:41:53,1.0441433203092527,0.125,225,4,737670,375,675,0.7056330566837364,-5.556666666666668,51.125,510,-345,-272.1666666666667,1200,1140,BEARISH_CONTINUE,f,t,NEUTRAL,BEARISH_PREDICT,3075,3075,225,1261.32
2025-12-08 11:59:00,NSE,26159.8,26150,2025-12-23,2025-12-30,2026-01-06,2026-01-13,2026-01-20,360795,376500,0,3075,150,75,18.9,13.45,2025-12-20 07:41:53,1.0435288737371637,0.5,3075,,737295,3075,225,0.7116402116402116,-5.449999999999999,65.375,375,-355,-282.1666666666667,1125,3075,BEARISH_TURN,f,f,NEUTRAL,NEUTRAL_PREDICT,-525,525,1875,1258.43
2025-12-08 11:58:00,NSE,26159.8,26150,2025-12-23,2025-12-30,2026-01-06,2026-01-13,2026-01-20,360795,373425,525,0,825,1050,18.903333333333332,13.370000000000001,2025-12-20 07:41:52,1.0350060283540514,1.2727272727272727,-525,0,734220,525,1875,0.7072826661964381,-5.533333333333331,47.375,-435,-785,-337.1666666666667,285,3270,BULLISH_CONTINUE,f,f,NEUTRAL,NEUTRAL_PREDICT,-825,825,2250,1136.82
2025-12-08 11:57:00,NSE,26159.8,26150,2025-12-23,2025-12-30,2026-01-06,2026-01-13,2026-01-20,360270,373425,825,0,975,1275,18.983333333333334,13.27,2025-12-20 07:41:51,1.0365142809559498,1.3076923076923077,-825,0,733695,825,2250,0.6990342405618963,-5.713333333333335,45.875,-345,-755,-522.1666666666666,165,3270,BULLISH_TURN,f,t,NEUTRAL,BULLISH_PREDICT,600,1200,675,1546.29
2025-12-08 11:56:00,NSE,26159.8,26150,2025-12-23,2025-12-30,2026-01-06,2026-01-13,2026-01-20,359445,373425,300,900,450,225,18.926666666666666,13.344999999999999,2025-12-20 07:41:51,1.038893293827985,0.5,600,3,732870,1200,675,0.7050898203592814,-5.581666666666667,53,-15,-685,-522.1666666666666,-15,3405,BEARISH_TURN,f,f,NEUTRAL,NEUTRAL_PREDICT,-450,0,10350,1546.29
2025-12-08 11:55:00,NSE,26159.8,26150,2025-12-23,2025-12-30,2026-01-06,2026-01-13,2026-01-20,359145,372525,225,-225,5475,4875,18.87,13.425,2025-12-20 07:41:50,1.037255147642317,0.8904109589041096,-450,-1,731670,0,10350,0.7114467408585056,-5.445,47.75,-210,-705,-554.6666666666666,-330,3525,BULLISH_CONTINUE,f,t,NEUTRAL,BULLISH_PREDICT,-975,-1125,1200,1532.07
2025-12-08 11:50:00,NSE,26159.8,26150,2025-12-23,2025-12-30,2026-01-06,2026-01-13,2026-01-20,358920,372750,-75,-1050,300,900,18.919999999999998,13.48,2025-12-20 07:41:46,1.0385322634570378,3,-975,-14,731670,-1125,1200,0.7124735729386893,-5.439999999999998,45.125,-570,-634.3333333333334,-594.6666666666666,180,3465,BULLISH_CONTINUE,f,f,NEUTRAL,NEUTRAL_PREDICT,-75,-75,1875,1544.86
2025-12-08 11:49:00,NSE,26159.8,26150,2025-12-23,2025-12-30,2026-01-06,2026-01-13,2026-01-20,358995,373800,0,-75,300,1575,18.680000000000003,13.620000000000001,2025-12-20 07:41:45,1.0412401286926,5.25,-75,,732795,-75,1875,0.7291220556745182,-5.060000000000002,49.625,-660,-554.3333333333334,-542.1666666666666,120,3405,BULLISH_TURN,f,f,NEUTRAL,NEUTRAL_PREDICT,825,-75,2925,1558.19
2025-12-08 11:47:00,NSE,26159.8,26150,2025-12-23,2025-12-30,2026-01-06,2026-01-13,2026-01-20,358995,373875,-450,375,450,2475,18.703333333333337,13.865,2025-12-20 07:41:44,1.0414490452513265,5.5,825,0.8333333333333334,732870,-75,2925,0.7413117091427551,-4.8383333333333365,54.125,-600,-559.3333333333334,-517.1666666666666,90,3195,BEARISH_TURN,f,t,NEUTRAL,BEARISH_PREDICT,-375,-375,1275,1571.90
2025-12-08 11:44:00,NSE,26159.8,26150,2025-12-23,2025-12-30,2026-01-06,2026-01-13,2026-01-20,359445,373500,0,-375,675,600,18.653333333333332,13.915,2025-12-20 07:41:42,1.0391019488377915,0.8888888888888888,-375,,732945,-375,1275,0.7459792709077913,-4.738333333333333,48.125,-795,-634.3333333333334,-547.1666666666666,135,2790,BULLISH_CONTINUE,t,f,NEUTRAL,NEUTRAL_PREDICT,-2250,2550,10050,1553.89
2025-12-08 11:43:00,NSE,26159.8,26150,2025-12-23,2025-12-30,2026-01-06,2026-01-13,2026-01-20,359445,373875,2400,150,3375,6675,18.956666666666667,13.68,2025-12-20 07:41:41,1.0401452238868256,1.9777777777777779,-2250,0.0625,733320,2550,10050,0.7216458589766133,-5.276666666666667,38.75,-1335,-654.3333333333334,-557.1666666666666,-345,3105,BULLISH_CONTINUE,t,t,NEUTRAL,BULLISH_PREDICT,-1425,-1425,900,1553.70
2025-12-08 11:41:00,NSE,26159.8,26150,2025-12-23,2025-12-30,2026-01-06,2026-01-13,2026-01-20,357045,373725,0,-1425,750,150,18.863333333333333,13.780000000000001,2025-12-20 07:41:39,1.0467168004033105,0.2,-1425,,730770,-1425,900,0.7305177593214349,-5.083333333333332,42.875,-870,-534.3333333333334,-492.1666666666667,-870,2055,BULLISH_TURN,f,f,NEUTRAL,NEUTRAL_PREDICT,225,-225,825,1520.88
2025-12-08 11:40:00,NSE,26159.8,26150,2025-12-23,2025-12-30,2026-01-06,2026-01-13,2026-01-20,357045,375150,-225,0,600,225,18.863333333333333,13.74,2025-12-20 07:41:39,1.050707893962946,0.375,225,0,732195,-225,825,0.7283972433292101,-5.123333333333333,51.125,-1260,-454.3333333333333,-432.1666666666667,-1200,3240,BEARISH_TURN,t,f,NEUTRAL,NEUTRAL_PREDICT,-150,150,900,1518.32
2025-12-08 11:38:00,NSE,26159.8,26150,2025-12-23,2025-12-30,2026-01-06,2026-01-13,2026-01-20,357270,375150,150,0,150,750,18.93,13.620000000000001,2025-12-20 07:41:37,1.0500461835586532,5,-150,0,732420,150,900,0.7194928684627576,-5.309999999999999,49.25,-1320,-504.3333333333333,-447.1666666666667,-1140,4500,BULLISH_CONTINUE,t,f,NEUTRAL,NEUTRAL_PREDICT,-3075,-2775,2850,1513.82
2025-12-08 11:37:00,NSE,26159.8,26150,2025-12-23,2025-12-30,2026-01-06,2026-01-13,2026-01-20,357120,375150,150,-2925,600,2250,18.82,13.8,2025-12-20 07:41:36,1.0504872311827957,3.75,-3075,-19.5,732270,-2775,2850,0.7332624867162594,-5.02,34.625,-1245,-344.3333333333333,-449.6666666666667,-1005,4590,BULLISH_TURN,f,f,NEUTRAL,NEUTRAL_PREDICT,75,-75,4800,1513.37
2025-12-08 11:35:00,NSE,26159.8,26150,2025-12-23,2025-12-30,2026-01-06,2026-01-13,2026-01-20,356970,378075,-75,0,75,4725,18.903333333333336,13.77,2025-12-20 07:41:35,1.0591226153458273,63,75,0,735045,-75,4800,0.7284429553870568,-5.133333333333336,50.375,-570,-199.33333333333334,-327.1666666666667,-390,4125,BEARISH_TURN,f,f,NEUTRAL,NEUTRAL_PREDICT,-3375,-3075,6825,1440.52
2025-12-08 11:34:00,NSE,26159.8,26150,2025-12-23,2025-12-30,2026-01-06,2026-01-13,2026-01-20,357045,378075,150,-3225,525,6300,18.836666666666662,13.9,2025-12-20 07:41:34,1.0589001386379868,12,-3375,-21.5,735120,-3075,6825,0.7379224915944083,-4.936666666666662,33.125,-463,-209.33333333333334,-334.6666666666667,-317,3704,BULLISH_CONTINUE,t,f,NEUTRAL,NEUTRAL_PREDICT,-75,75,7125,1438.94
2025-12-08 11:32:00,NSE,26159.8,26150,2025-12-23,2025-12-30,2026-01-06,2026-01-13,2026-01-20,356895,381300,75,0,1350,5775,18.73,13.82,2025-12-20 07:41:33,1.0683814567309713,4.277777777777778,-75,0,738195,75,7125,0.7378537106246663,-4.91,49.625,257,110.66666666666667,-237.16666666666666,433,2429,BULLISH_TURN,f,t,NEUTRAL,BULLISH_PREDICT,225,825,1350,1320.01
2025-12-08 11:31:00,NSE,26159.8,26150,2025-12-23,2025-12-30,2026-01-06,2026-01-13,2026-01-20,356820,381300,300,525,600,750,18.58666666666667,14.135,2025-12-20 07:41:32,1.0686060198419371,1.25,225,1.75,738120,825,1350,0.7604913916786226,-4.45166666666667,51.125,242,-289.3333333333333,-237.16666666666666,448,1259,BEARISH_CONTINUE,f,t,NEUTRAL,BEARISH_PREDICT,300,300,525,1320.01
2025-12-08 11:29:00,NSE,26159.8,26150,2025-12-23,2025-12-30,2026-01-06,2026-01-13,2026-01-20,356520,380775,0,300,0,525,18.786666666666665,13.98,2025-12-20 07:41:31,1.068032648939751,,300,,737295,300,525,0.7441447835344217,-4.806666666666665,51.5,137,-359.3333333333333,-254.66666666666666,433,1409,BEARISH_CONTINUE,f,f,NEUTRAL,NEUTRAL_PREDICT,610,290,2695,1317.15
2025-12-08 11:28:00,NSE,26159.8,26150,2025-12-23,2025-12-30,2026-01-06,2026-01-13,2026-01-20,356520,380475,-160,450,1795,900,18.773333333333333,13.86,2025-12-20 07:41:30,1.0671911814203972,0.5013927576601671,610,2.8125,736995,290,2695,0.73828125,-4.913333333333334,53.05,-58,-404.3333333333333,-259.6666666666667,238,1454,BEARISH_CONTINUE,f,t,NEUTRAL,BEARISH_PREDICT,225,675,450,1315.25
2025-12-08 11:26:00,NSE,26159.8,26150,2025-12-23,2025-12-30,2026-01-06,2026-01-13,2026-01-20,356680,380025,225,450,150,300,18.706666666666667,13.89,2025-12-20 07:41:28,1.0654508242682517,2,225,2,736705,675,450,0.7425160370634355,-4.816666666666666,51.125,-270,-555,-447.5,270,1125,BEARISH_TURN,f,f,NEUTRAL,NEUTRAL_PREDICT,-150,150,1275,1565.36
2025-12-08 11:25:00,NSE,26159.8,26150,2025-12-23,2025-12-30,2026-01-06,2026-01-13,2026-01-20,356455,379575,150,0,525,750,18.726666666666663,13.735,2025-12-20 07:41:28,1.064860922136034,1.4285714285714286,-150,0,736030,150,1275,0.7334460662157353,-4.991666666666664,49.25,-360,-530,-537.5,180,2070,BULLISH_CONTINUE,f,f,NEUTRAL,NEUTRAL_PREDICT,-300,750,2100,1602.54
2025-12-08 11:23:00,NSE,26159.8,26150,2025-12-23,2025-12-30,2026-01-06,2026-01-13,2026-01-20,356305,379575,525,225,750,1350,18.793333333333333,13.835,2025-12-20 07:41:26,1.065309215419374,1.8,-300,0.42857142857142855,735880,750,2100,0.7361653068463995,-4.958333333333332,48.5,-435,-475,-562.5,45,2730,BULLISH_CONTINUE,t,t,NEUTRAL,BULLISH_PREDICT,-675,-675,750,1602.14
2025-12-08 11:20:00,NSE,26159.8,26150,2025-12-23,2025-12-30,2026-01-06,2026-01-13,2026-01-20,355780,379350,0,-675,375,375,18.913333333333334,13.7,2025-12-20 07:41:24,1.066248805441565,1,-675,,735130,-675,750,0.7243567148396193,-5.213333333333335,46.625,75,-460,-542.5,-345,3000,BULLISH_CONTINUE,t,f,NEUTRAL,NEUTRAL_PREDICT,-450,450,1050,1609.26
2025-12-08 11:19:00,NSE,26159.8,26150,2025-12-23,2025-12-30,2026-01-06,2026-01-13,2026-01-20,355780,380025,450,0,150,900,19.016666666666666,13.67,2025-12-20 07:41:24,1.0681460453088987,6,-450,0,735805,450,1050,0.718843120070114,-5.346666666666666,47.75,30,-460,-530,-30,3510,BULLISH_CONTINUE,f,f,NEUTRAL,NEUTRAL_PREDICT,-225,225,5175,1609.65
2025-12-08 11:18:00,NSE,26159.8,26150,2025-12-23,2025-12-30,2026-01-06,2026-01-13,2026-01-20,355330,380025,225,0,3000,2175,18.916666666666668,13.725,2025-12-20 07:41:23,1.0694987757858891,0.725,-225,0,735355,225,5175,0.7255506607929515,-5.191666666666668,48.875,105,-450,-510,-135,3675,BULLISH_CONTINUE,t,f,NEUTRAL,NEUTRAL_PREDICT,-525,-525,4575,1614.40
2025-12-08 11:16:00,NSE,26159.8,26150,2025-12-23,2025-12-30,2026-01-06,2026-01-13,2026-01-20,355105,380025,0,-525,1425,3150,18.693333333333335,13.879999999999999,2025-12-20 07:41:21,1.070176426690697,2.210526315789474,-525,,735130,-525,4575,0.7425106990014264,-4.813333333333336,47.375,435,-410,-519.8333333333334,-195,2865,BULLISH_TURN,f,f,NEUTRAL,NEUTRAL_PREDICT,2250,-1200,3450,1613.50
2025-12-08 11:13:00,NSE,26159.8,26150,2025-12-23,2025-12-30,2026-01-06,2026-01-13,2026-01-20,355105,380550,-1725,525,1875,1575,18.886666666666667,13.73,2025-12-20 07:41:19,1.0716548626462596,0.84,2250,0.30434782608695654,735655,-1200,3450,0.7269678785739498,-5.156666666666666,61.25,-675,-390,-524.8333333333334,705,2400,BEARISH_TURN,t,f,NEUTRAL,NEUTRAL_PREDICT,-900,900,3300,1613.75
2025-12-08 11:11:00,NSE,26159.8,26150,2025-12-23,2025-12-30,2026-01-06,2026-01-13,2026-01-20,356830,380025,900,0,2700,600,18.77,13.915,2025-12-20 07:41:17,1.0650029425776981,0.2222222222222222,-900,0,736855,900,3300,0.7413425679275439,-4.855,45.5,-1290,-555,-607,1110,5385,BULLISH_CONTINUE,t,f,NEUTRAL,NEUTRAL_PREDICT,-75,-75,1875,1528.07
2025-12-08 11:10:00,NSE,26159.8,26150,2025-12-23,2025-12-30,2026-01-06,2026-01-13,2026-01-20,355930,380025,0,-75,1200,675,18.576666666666668,14.21,2025-12-20 07:41:17,1.067695895260304,0.5625,-75,,735955,-75,1875,0.7649380943836354,-4.366666666666667,49.625,-1185,-455,-762,855,5745,BULLISH_TURN,f,f,NEUTRAL,NEUTRAL_PREDICT,1425,-75,1125,1774.74
2025-12-08 11:08:00,NSE,26159.8,26150,2025-12-23,2025-12-30,2026-01-06,2026-01-13,2026-01-20,355930,380100,-750,675,825,300,18.94333333333333,13.84,2025-12-20 07:41:15,1.067906610850448,0.36363636363636365,1425,0.9,736030,-75,1125,0.73060003519268,-5.103333333333332,57.125,-1500,-460,-777,1230,5865,BEARISH_TURN,t,f,NEUTRAL,NEUTRAL_PREDICT,-6075,3975,2250,1770.63
2025-12-08 11:05:00,NSE,26159.8,26150,2025-12-23,2025-12-30,2026-01-06,2026-01-13,2026-01-20,356680,379425,5025,-1050,1125,1125,18.776666666666667,14.149999999999999,2025-12-20 07:41:13,1.0637686441628351,1,-6075,-0.208955223880597,736105,3975,2250,0.7535948872714361,-4.626666666666669,19.624999999999996,-1665,-585,-867,1365,5820,BULLISH_CONTINUE,f,f,NEUTRAL,NEUTRAL_PREDICT,-825,825,18375,1722.82
2025-12-08 11:01:00,NSE,26159.8,26150,2025-12-23,2025-12-30,2026-01-06,2026-01-13,2026-01-20,351655,380475,825,0,11625,6750,18.80666666666667,14.085,2025-12-20 07:41:10,1.0819553255321266,0.5806451612903226,-825,0,732130,825,18375,0.7489365473236441,-4.721666666666668,45.875,-315,-185,-659.5,435,5685,BULLISH_CONTINUE,t,t,NEUTRAL,BULLISH_PREDICT,-375,-375,5100,1422.66
2025-12-08 10:59:00,NSE,26159.8,26150,2025-12-23,2025-12-30,2026-01-06,2026-01-13,2026-01-20,350830,380475,0,-375,3225,1875,18.77,13.985,2025-12-20 07:41:09,1.0844996151982442,0.5813953488372093,-375,,731305,-375,5100,0.7450719232818327,-4.785,48.125,-165,-150,-617,285,2580,BULLISH_CONTINUE,t,t,NEUTRAL,BULLISH_PREDICT,-1650,1800,2475,1436.52
2025-12-08 10:58:00,NSE,26159.8,26150,2025-12-23,2025-12-30,2026-01-06,2026-01-13,2026-01-20,350830,380850,1725,75,1125,1350,18.606666666666666,13.614999999999998,2025-12-20 07:41:08,1.0855685089644558,1.2,-1650,0.043478260869565216,731680,1800,2475,0.7317269795772124,-4.991666666666667,41.75,-225,-115,-664.5,465,1905,BULLISH_TURN,f,t,NEUTRAL,BULLISH_PREDICT,600,600,900,1451.72
2025-12-08 10:56:00,NSE,26159.8,26150,2025-12-23,2025-12-30,2026-01-06,2026-01-13,2026-01-20,349105,380775,0,600,675,225,18.55,14.14,2025-12-20 07:41:06,1.0907176923848125,0.3333333333333333,600,,729880,600,900,0.7622641509433963,-4.41,53,45,-340,-639.5,165,1500,BEARISH_CONTINUE,t,f,NEUTRAL,NEUTRAL_PREDICT,675,-675,1575,1440.58
2025-12-08 10:55:00,NSE,26159.8,26150,2025-12-23,2025-12-30,2026-01-06,2026-01-13,2026-01-20,349105,380175,-675,0,300,1275,18.66,14.03,2025-12-20 07:41:06,1.08899901175864,4.25,675,0,729280,-675,1575,0.7518756698821008,-4.630000000000001,53.375,0,-545,-654.5,90,1605,BEARISH_TURN,t,f,NEUTRAL,NEUTRAL_PREDICT,-75,75,2850,1429.53
2025-12-08 10:54:00,NSE,26159.8,26150,2025-12-23,2025-12-30,2026-01-06,2026-01-13,2026-01-20,349780,380175,75,0,975,1875,18.613333333333333,14.114999999999998,2025-12-20 07:41:05,1.0868974784150036,1.9230769230769231,-75,0,729955,75,2850,0.7583273638968481,-4.498333333333335,49.625,-180,-650,-782,180,2580,BULLISH_CONTINUE,f,f,NEUTRAL,NEUTRAL_PREDICT,-675,525,1725,1476.66
2025-12-08 10:52:00,NSE,26159.8,26150,2025-12-23,2025-12-30,2026-01-06,2026-01-13,2026-01-20,349705,380175,600,-75,1425,300,18.62666666666667,14.09,2025-12-20 07:41:03,1.087130581490113,0.21052631578947367,-675,-0.125,729880,525,1725,0.7564423765211166,-4.536666666666669,46.625,-210,-625,-759.5,90,2115,BULLISH_CONTINUE,f,t,NEUTRAL,BULLISH_PREDICT,-300,300,450,1492.86
2025-12-08 10:51:00,NSE,26159.8,26150,2025-12-23,2025-12-30,2026-01-06,2026-01-13,2026-01-20,349105,380250,300,0,225,225,18.650000000000002,14,2025-12-20 07:41:02,1.0892138468369115,1,-300,0,729355,300,450,0.7506702412868632,-4.650000000000002,48.5,45,-600,-762,-135,1905,BULLISH_TURN,f,f,NEUTRAL,NEUTRAL_PREDICT,375,225,1425,1492.77
2025-12-08 10:49:00,NSE,26159.8,26150,2025-12-23,2025-12-30,2026-01-06,2026-01-13,2026-01-20,348805,380250,-75,300,375,1050,18.64,14.08,2025-12-20 07:41:01,1.090150657244019,2.8,375,4,729055,225,1425,0.7553648068669527,-4.5600000000000005,51.875,75,-570,-797,-165,1950,BEARISH_TURN,t,f,NEUTRAL,NEUTRAL_PREDICT,-225,-225,6450,1493.88
2025-12-08 10:48:00,NSE,26159.8,26150,2025-12-23,2025-12-30,2026-01-06,2026-01-13,2026-01-20,348880,379950,0,-225,3150,3300,18.513333333333335,14.16,2025-12-20 07:41:00,1.0890564090804862,1.0476190476190477,-225,,728830,-225,6450,0.764854159164566,-4.353333333333335,48.875,-90,-629.6666666666666,-811.6666666666666,-300,1875,BULLISH_CONTINUE,f,t,NEUTRAL,BULLISH_PREDICT,-225,-375,525,1484.10
2025-12-08 10:46:00,NSE,26159.8,26150,2025-12-23,2025-12-30,2026-01-06,2026-01-13,2026-01-20,348880,380175,-75,-300,450,75,18.32,14.290000000000001,2025-12-20 07:40:59,1.0897013299701903,0.16666666666666666,-225,-4,729055,-375,525,0.7800218340611355,-4.029999999999999,48.875,-60,-659.6666666666666,-911.6666666666666,-270,630,BULLISH_TURN,f,f,NEUTRAL,NEUTRAL_PREDICT,600,-600,675,1543.11
2025-12-08 10:45:00,NSE,26159.8,26150,2025-12-23,2025-12-30,2026-01-06,2026-01-13,2026-01-20,348955,380475,-600,0,225,450,18.349999999999998,14.345,2025-12-20 07:40:58,1.090326832972733,2,600,0,729430,-600,675,0.7817438692098094,-4.004999999999997,53,-75,-659,-981.6666666666666,-285,1125,BEARISH_TURN,t,f,NEUTRAL,NEUTRAL_PREDICT,-150,150,675,1558.44
2025-12-08 10:44:00,NSE,26159.8,26150,2025-12-23,2025-12-30,2026-01-06,2026-01-13,2026-01-20,349555,380475,150,0,225,450,18.30666666666667,14.215,2025-12-20 07:40:57,1.0884553217662456,2,-150,0,730030,150,675,0.7764930808448651,-4.091666666666669,49.25,-165,-1069,-1224.1666666666667,-195,1335,BULLISH_CONTINUE,t,f,NEUTRAL,NEUTRAL_PREDICT,-450,-450,1050,1843.74
2025-12-08 10:43:00,NSE,26159.8,26150,2025-12-23,2025-12-30,2026-01-06,2026-01-13,2026-01-20,349405,380475,0,-450,150,900,18.386666666666667,14.16,2025-12-20 07:40:56,1.0889225969863052,6,-450,,729880,-450,1050,0.7701232777374909,-4.226666666666667,47.75,-1140,-1094,-1341.6666666666667,-1080,2220,BULLISH_CONTINUE,f,t,NEUTRAL,BULLISH_PREDICT,-75,-75,225,1884.78
2025-12-08 10:41:00,NSE,26159.8,26150,2025-12-23,2025-12-30,2026-01-06,2026-01-13,2026-01-20,349405,380925,0,-75,75,150,18.28,14.219999999999999,2025-12-20 07:40:55,1.0902105007083471,2,-75,,730330,-75,225,0.7778993435448577,-4.060000000000002,49.625,-1545,-1149,-1679.1666666666667,-495,3645,BULLISH_CONTINUE,f,f,NEUTRAL,NEUTRAL_PREDICT,-300,-450,3000,2519.32
2025-12-08 10:40:00,NSE,26159.8,26150,2025-12-23,2025-12-30,2026-01-06,2026-01-13,2026-01-20,349405,381000,-75,-375,1050,1950,18.400000000000002,14.129999999999999,2025-12-20 07:40:54,1.0904251513286873,1.8571428571428572,-300,-5,730405,-450,3000,0.7679347826086955,-4.270000000000003,48.5,-1710,-1134,-1971.6666666666667,-90,6090,BULLISH_TURN,f,f,NEUTRAL,NEUTRAL_PREDICT,150,-150,1725,2818.31
2025-12-08 10:39:00,NSE,26159.8,26150,2025-12-23,2025-12-30,2026-01-06,2026-01-13,2026-01-20,349480,381375,-150,0,1350,375,18.55333333333333,14.165000000000001,2025-12-20 07:40:53,1.0912641639006524,0.2777777777777778,150,0,730855,-150,1725,0.7634746676248654,-4.38833333333333,50.75,-1590,-1084,-2479.1666666666665,60,6210,BEARISH_TURN,f,f,NEUTRAL,NEUTRAL_PREDICT,-5025,-4275,5100,3730.19
2025-12-08 10:37:00,NSE,26159.8,26150,2025-12-23,2025-12-30,2026-01-06,2026-01-13,2026-01-20,349630,381375,375,-4650,2400,2700,18.55,14.135000000000002,2025-12-20 07:40:52,1.0907959843262878,1.125,-5025,-12.4,731005,-4275,5100,0.7619946091644205,-4.414999999999999,24.875000000000004,-1680,-1214,-2486.3333333333335,510,6795,BULLISH_CONTINUE,t,f,NEUTRAL,NEUTRAL_PREDICT,-2475,2475,8175,3725.17
2025-12-08 10:35:00,NSE,26159.8,26150,2025-12-23,2025-12-30,2026-01-06,2026-01-13,2026-01-20,349255,386025,2475,0,2250,5925,18.54,14.025,2025-12-20 07:40:50,1.1052812414997637,2.6333333333333333,-2475,0,735280,2475,8175,0.7564724919093851,-4.514999999999999,37.625,-645,-939,-2523.8333333333335,1395,7018,BULLISH_CONTINUE,f,f,NEUTRAL,NEUTRAL_PREDICT,-900,1950,12450,3757.13
2025-12-08 10:34:00,NSE,26159.8,26150,2025-12-23,2025-12-30,2026-01-06,2026-01-13,2026-01-20,346780,386025,1425,525,6825,5625,18.57,14.065000000000001,2025-12-20 07:40:49,1.113169732971913,0.8241758241758241,-900,0.3684210526315789,732805,1950,12450,0.7574044157242865,-4.504999999999999,45.5,-254,-764,-2443.5,1004,5891,BULLISH_TURN,f,t,NEUTRAL,BULLISH_PREDICT,300,300,3600,3783.88
2025-12-08 10:33:00,NSE,26159.8,26150,2025-12-23,2025-12-30,2026-01-06,2026-01-13,2026-01-20,345355,385500,0,300,1950,1650,18.536666666666665,14.129999999999999,2025-12-20 07:40:49,1.11624270677998,0.8461538461538461,300,,730855,300,3600,0.7622729724869628,-4.406666666666666,51.5,-209,-914,-2588.5,689,3671,BEARISH_TURN,f,f,NEUTRAL,NEUTRAL_PREDICT,-300,2100,4650,3805.97
2025-12-08 10:31:00,NSE,26159.8,26150,2025-12-23,2025-12-30,2026-01-06,2026-01-13,2026-01-20,345355,385200,1200,900,1200,3450,18.57,14.120000000000001,2025-12-20 07:40:47,1.115374035412836,2.875,-300,0.75,730555,2100,4650,0.7603661820140011,-4.449999999999999,48.5,-312,-894,-2445.6666666666665,642,3475,BULLISH_TURN,f,f,NEUTRAL,NEUTRAL_PREDICT,150,150,6215,3993.88
2025-12-08 10:30:00,NSE,26159.8,26150,2025-12-23,2025-12-30,2026-01-06,2026-01-13,2026-01-20,344155,384300,0,150,2015,4200,18.400000000000002,14.36,2025-12-20 07:40:46,1.1166480219668464,2.0843672456575684,150,,728455,150,6215,0.7804347826086955,-4.040000000000003,50.75,-1362,-924,-2588.1666666666665,-558,2905,BEARISH_TURN,f,t,NEUTRAL,BEARISH_PREDICT,-520,520,2540,3990.95
2025-12-08 10:29:00,NSE,26159.8,26150,2025-12-23,2025-12-30,2026-01-06,2026-01-13,2026-01-20,344155,384150,520,0,1265,1275,18.736666666666668,14.299999999999999,2025-12-20 07:40:46,1.1162121718411762,1.007905138339921,-520,0,728305,520,2540,0.7632093933463795,-4.436666666666669,47.4,-1497,-1024,-2725.6666666666665,-483,3072,BULLISH_CONTINUE,f,f,NEUTRAL,NEUTRAL_PREDICT,-675,375,1350,3964.33
2025-12-08 10:28:00,NSE,26159.8,26150,2025-12-23,2025-12-30,2026-01-06,2026-01-13,2026-01-20,343635,384150,525,-150,900,450,18.596666666666668,14.219999999999999,2025-12-20 07:40:45,1.1179012615129424,0.5,-675,-0.2857142857142857,727785,375,1350,0.7646531636493994,-4.376666666666669,46.625,-1648,-993.6666666666666,-2895.5,-872,3554,BULLISH_CONTINUE,f,f,NEUTRAL,NEUTRAL_PREDICT,-215,65,2620,3975.70
2025-12-08 10:26:00,NSE,26159.8,26150,2025-12-23,2025-12-30,2026-01-06,2026-01-13,2026-01-20,343110,384300,140,-75,1420,1200,18.60333333333333,14.129999999999999,2025-12-20 07:40:43,1.1200489638891318,0.8450704225352113,-215,-0.5357142857142857,727410,65,2620,0.759541300842143,-4.473333333333333,48.925,-1483,-1163.6666666666667,-3050.5,-917,3989,BULLISH_CONTINUE,t,f,NEUTRAL,NEUTRAL_PREDICT,-5550,-3900,1800,3976.78
2025-12-08 10:25:00,NSE,26159.8,26150,2025-12-23,2025-12-30,2026-01-06,2026-01-13,2026-01-20,342970,384375,825,-4725,1050,750,18.74,14,2025-12-20 07:40:43,1.120724844738607,0.7142857142857143,-5550,-5.7272727272727275,727345,-3900,1800,0.7470651013874067,-4.739999999999998,22.249999999999996,-1350,-1304.3333333333333,-3045.5,-1020,3855,BULLISH_CONTINUE,t,f,NEUTRAL,NEUTRAL_PREDICT,-525,525,7050,3980.57
2025-12-08 10:23:00,NSE,26159.8,26150,2025-12-23,2025-12-30,2026-01-06,2026-01-13,2026-01-20,342145,389100,525,0,1425,5625,18.596666666666668,14.145,2025-12-20 07:40:41,1.1372371363018603,3.9473684210526314,-525,0,731245,525,7050,0.7606201828284638,-4.451666666666668,47.375,-600,-1379.3333333333333,-2838,-1110,4275,BULLISH_CONTINUE,t,f,NEUTRAL,NEUTRAL_PREDICT,-1275,-1425,4950,4007.67
2025-12-08 10:22:00,NSE,26159.8,26150,2025-12-23,2025-12-30,2026-01-06,2026-01-13,2026-01-20,341620,389100,-75,-1350,525,4425,18.576666666666668,14.075,2025-12-20 07:40:40,1.13898483695334,8.428571428571429,-1275,-18,730720,-1425,4950,0.757670913332137,-4.501666666666669,43.625,-675,-1589.3333333333333,-3033,-375,3675,BULLISH_TURN,t,f,NEUTRAL,NEUTRAL_PREDICT,150,150,3525,4033.48
2025-12-08 10:21:00,NSE,26159.8,26150,2025-12-23,2025-12-30,2026-01-06,2026-01-13,2026-01-20,341695,390450,0,150,2100,1425,18.723333333333333,13.925,2025-12-20 07:40:40,1.1426857285005634,0.6785714285714286,150,,732145,150,3525,0.7437244080470002,-4.798333333333332,50.75,-390,-2209.3333333333335,-3238,-60,4335,BEARISH_CONTINUE,t,f,NEUTRAL,NEUTRAL_PREDICT,450,-450,1950,4096.84
2025-12-08 10:20:00,NSE,26159.8,26150,2025-12-23,2025-12-30,2026-01-06,2026-01-13,2026-01-20,341695,390300,-450,0,300,1650,18.643333333333334,14.085,2025-12-20 07:40:39,1.1422467405142012,5.5,450,0,731995,-450,1950,0.7554979438583944,-4.558333333333334,52.25,-1050,-2809.3333333333335,-3445.1666666666665,900,3825,BEARISH_TURN,f,f,NEUTRAL,NEUTRAL_PREDICT,-1800,-4350,3900,4076.70
2025-12-08 10:19:00,NSE,26159.8,26150,2025-12-23,2025-12-30,2026-01-06,2026-01-13,2026-01-20,342145,390300,-1275,-3075,675,3225,18.73,13.99,2025-12-20 07:40:38,1.1407444212249194,4.777777777777778,-1800,-2.411764705882353,732445,-4350,3900,0.7469300587293113,-4.74,41,-1020,-3874.3333333333335,-3689.8333333333335,840,4995,BULLISH_CONTINUE,t,f,NEUTRAL,NEUTRAL_PREDICT,-900,4200,4050,4055.06
2025-12-08 10:16:00,NSE,26159.8,26150,2025-12-23,2025-12-30,2026-01-06,2026-01-13,2026-01-20,343420,393375,2550,1650,1425,2625,18.496666666666666,14.015,2025-12-20 07:40:36,1.1454632811135053,1.8421052631578947,-900,0.6470588235294118,736795,4200,4050,0.7577040908271762,-4.481666666666666,45.5,-810,-3758.6666666666665,1665.1666666666667,1890,5205,BULLISH_TURN,f,f,NEUTRAL,NEUTRAL_PREDICT,150,150,8250,29961.01
2025-12-08 10:14:00,NSE,26159.8,26150,2025-12-23,2025-12-30,2026-01-06,2026-01-13,2026-01-20,340870,391725,0,150,1875,6375,18.786666666666665,13.870000000000001,2025-12-20 07:40:35,1.149191773990084,3.4,150,,732595,150,8250,0.7382895670688433,-4.916666666666664,50.75,-900,-4108.666666666667,1753.6206896551723,1020,5070,BEARISH_TURN,f,t,NEUTRAL,BEARISH_PREDICT,-3150,4950,975,30487.35
2025-12-08 10:13:00,NSE,26159.8,26150,2025-12-23,2025-12-30,2026-01-06,2026-01-13,2026-01-20,340870,391575,4050,900,525,450,18.903333333333332,13.715,2025-12-20 07:40:34,1.1487517235309648,0.8571428571428571,-3150,0.2222222222222222,732445,4950,975,0.7255334156233468,-5.188333333333333,34.25,-943,-4123,1810.892857142857,1003,3988,BULLISH_TURN,t,f,NEUTRAL,NEUTRAL_PREDICT,600,-750,7800,31045.21
2025-12-08 10:10:00,NSE,26159.8,26150,2025-12-23,2025-12-30,2026-01-06,2026-01-13,2026-01-20,336820,390675,-675,-75,4650,3150,19.026666666666667,13.655000000000001,2025-12-20 07:40:32,1.1598925241969005,0.6774193548387096,600,-0.1111111111111111,727495,-750,7800,0.717676944639103,-5.371666666666666,53,-958,-4263,1994.6296296296296,598,4243,BEARISH_TURN,t,f,NEUTRAL,NEUTRAL_PREDICT,-750,900,4950,31621.08
2025-12-08 10:08:00,NSE,26159.8,26150,2025-12-23,2025-12-30,2026-01-06,2026-01-13,2026-01-20,337495,390750,825,75,4275,675,18.826666666666664,13.885000000000002,2025-12-20 07:40:31,1.1577949302952637,0.15789473684210525,-750,0.09090909090909091,728245,900,4950,0.7375177053824364,-4.941666666666663,46.25,-1543,-3997.3333333333335,2048.269230769231,1243,3448,BULLISH_CONTINUE,t,f,NEUTRAL,NEUTRAL_PREDICT,-1350,-150,3375,32246.05
2025-12-08 10:07:00,NSE,26159.8,26150,2025-12-23,2025-12-30,2026-01-06,2026-01-13,2026-01-20,336670,390675,600,-750,525,2850,18.900000000000002,13.675,2025-12-20 07:40:30,1.1604093028781892,5.428571428571429,-1350,-1.25,727345,-150,3375,0.7235449735449735,-5.225000000000001,43.25,-2728,-4252.333333333333,2160.2,1768,2923,BULLISH_CONTINUE,t,f,NEUTRAL,NEUTRAL_PREDICT,-65,65,2840,32905.83
2025-12-08 10:05:00,NSE,26159.8,26150,2025-12-23,2025-12-30,2026-01-06,2026-01-13,2026-01-20,336070,391425,65,0,1565,1275,18.82,13.84,2025-12-20 07:40:29,1.1647127086618858,0.8146964856230032,-65,0,727495,65,2840,0.7353878852284803,-4.98,49.675,-3193,-4427.333333333333,2306.4583333333335,2713,3433,BULLISH_CONTINUE,f,f,NEUTRAL,NEUTRAL_PREDICT,-3225,2925,2250,33605.26
2025-12-08 10:04:00,NSE,26159.8,26150,2025-12-23,2025-12-30,2026-01-06,2026-01-13,2026-01-20,336005,391425,3075,-150,1500,750,19.036666666666665,13.66,2025-12-20 07:40:28,1.1649380217556287,0.5,-3225,-0.04878048780487805,727430,2925,2250,0.7175625984941342,-5.376666666666665,33.875,-5295,-4797.333333333333,2409.5652173913045,585,3780,BULLISH_CONTINUE,f,f,NEUTRAL,NEUTRAL_PREDICT,-2325,2475,3825,34356.65
2025-12-08 10:01:00,NSE,26159.8,26150,2025-12-23,2025-12-30,2026-01-06,2026-01-13,2026-01-20,332930,391575,2400,75,3000,825,18.82,13.885,2025-12-20 07:40:26,1.1761481392484907,0.275,-2325,0.03125,724505,2475,3825,0.737778958554729,-4.9350000000000005,38.375,-6420,-4937.333333333333,2665.681818181818,660,4185,BULLISH_CONTINUE,f,f,NEUTRAL,NEUTRAL_PREDICT,-6675,3525,2325,35142.67
2025-12-08 09:58:00,NSE,26159.8,26150,2025-12-23,2025-12-30,2026-01-06,2026-01-13,2026-01-20,330530,391500,5100,-1575,1800,525,18.95,13.879999999999999,2025-12-20 07:40:24,1.1844613196986657,0.2916666666666667,-6675,-0.3088235294117647,722030,3525,2325,0.7324538258575197,-5.07,16.625,-9060,-4786.666666666667,2903.3333333333335,2610,9690,BULLISH_CONTINUE,f,f,NEUTRAL,NEUTRAL_PREDICT,-3675,4575,5925,35992.41
2025-12-08 09:55:00,NSE,26159.8,26150,2025-12-23,2025-12-30,2026-01-06,2026-01-13,2026-01-20,325430,393075,4125,450,2625,3300,18.88,13.945,2025-12-20 07:40:22,1.2078634422149157,1.2571428571428571,-3675,0.10909090909090909,718505,4575,5925,0.7386122881355933,-4.934999999999999,31.625,-7738,-4296.666666666667,3382.25,1918,13378,BULLISH_CONTINUE,t,f,NEUTRAL,NEUTRAL_PREDICT,-10575,-10575,4575,36858.72
2025-12-08 09:53:00,NSE,26159.8,26150,2025-12-23,2025-12-30,2026-01-06,2026-01-13,2026-01-20,321305,392625,0,-10575,2625,1950,18.97,13.809999999999999,2025-12-20 07:40:20,1.2219697794930051,0.7428571428571429,-10575,,713930,-10575,4575,0.7279915656299419,-5.16,0,-8233,-4476.666666666667,3753.684210526316,1663,14803,BULLISH_CONTINUE,t,f,NEUTRAL,NEUTRAL_PREDICT,-8850,3300,4275,37830.25
2025-12-08 09:52:00,NSE,26159.8,26150,2025-12-23,2025-12-30,2026-01-06,2026-01-13,2026-01-20,321305,403200,6075,-2775,3225,1050,18.87,13.879999999999999,2025-12-20 07:40:20,1.2548824325796362,0.32558139534883723,-8850,-0.4567901234567901,724505,3300,4275,0.7355590885002649,-4.990000000000002,5.75,-6131,-4266.666666666667,4549.722222222223,3791,16044,BULLISH_CONTINUE,f,f,NEUTRAL,NEUTRAL_PREDICT,-15525,12225,31350,38762.92
2025-12-08 09:49:00,NSE,26159.8,26150,2025-12-23,2025-12-30,2026-01-06,2026-01-13,2026-01-20,315230,405975,13875,-1650,3600,27750,18.686666666666664,14.129999999999999,2025-12-20 07:40:17,1.287869174888177,7.708333333333333,-15525,-0.11891891891891893,721205,12225,31350,0.7561541205850875,-4.556666666666665,0,-5411,-4081,5337.941176470588,4451,16944,BULLISH_CONTINUE,f,f,NEUTRAL,NEUTRAL_PREDICT,-65,65,20765,39806.94
2025-12-08 09:47:00,NSE,26159.8,26150,2025-12-23,2025-12-30,2026-01-06,2026-01-13,2026-01-20,301355,407625,65,0,15740,5025,18.586666666666666,14.135,2025-12-20 07:40:16,1.3526405734100977,0.3192503176620076,-65,0,708980,65,20765,0.7604913916786227,-4.451666666666666,49.675,-1389,-3505.3333333333335,6641.875,4269,13132,BULLISH_CONTINUE,f,f,NEUTRAL,NEUTRAL_PREDICT,-6150,3300,13050,40735.74
2025-12-08 09:46:00,NSE,26159.8,26150,2025-12-23,2025-12-30,2026-01-06,2026-01-13,2026-01-20,301290,407625,4725,-1425,9075,3975,18.74,14.28,2025-12-20 07:40:15,1.3529323907199045,0.4380165289256198,-6150,-0.30158730158730157,708915,3300,13050,0.7620064034151548,-4.459999999999999,19.25,-2291,7089,7089,5981,11739,BULLISH_CONTINUE,f,f,NEUTRAL,NEUTRAL_PREDICT,-65,65,10780,42124.84
2025-12-08 09:44:00,NSE,26159.8,26150,2025-12-23,2025-12-30,2026-01-06,2026-01-13,2026-01-20,296565,409050,65,0,10030,750,18.906666666666666,14.195,2025-12-20 07:40:14,1.3792929037479136,0.07477567298105683,-65,0,705615,65,10780,0.750793370944993,-4.711666666666666,49.675,-1856,8034.642857142857,8034.642857142857,6206,10734,BULLISH_CONTINUE,f,f,NEUTRAL,NEUTRAL_PREDICT,-5250,6600,8775,43549.47
2025-12-08 09:43:00,NSE,26159.8,26150,2025-12-23,2025-12-30,2026-01-06,2026-01-13,2026-01-20,296500,409050,5925,675,2775,6000,18.803333333333335,14.155000000000001,2025-12-20 07:40:13,1.3795952782462058,2.1621621621621623,-5250,0.11392405063291139,705550,6600,8775,0.7527920581457188,-4.648333333333333,23.75,-2966,8657.692307692309,8657.692307692309,7466,11216,BULLISH_TURN,f,f,NEUTRAL,NEUTRAL_PREDICT,4585,11315,12290,45262.74
2025-12-08 09:40:00,NSE,26159.8,26150,2025-12-23,2025-12-30,2026-01-06,2026-01-13,2026-01-20,290575,408375,3365,7950,8315,3975,18.946666666666665,14.19,2025-12-20 07:40:11,1.405403080099802,0.47805171377029465,4585,2.362555720653789,698950,11315,12290,0.7489444053483463,-4.756666666666666,72.925,-2981,9816.666666666666,9816.666666666666,6821,10886,BEARISH_TURN,f,f,NEUTRAL,NEUTRAL_PREDICT,-4575,8625,13800,47073.49
2025-12-08 09:37:00,NSE,26159.8,26150,2025-12-23,2025-12-30,2026-01-06,2026-01-13,2026-01-20,287210,400425,6600,2025,3150,10650,18.93,14.32,2025-12-20 07:40:09,1.3941889209985725,3.380952380952381,-4575,0.3068181818181818,687635,8625,13800,0.7564712097200211,-4.609999999999999,27.125,-3911,10292.272727272728,10292.272727272728,4571,11591,BULLISH_CONTINUE,f,f,NEUTRAL,NEUTRAL_PREDICT,-3975,4425,8025,49340.84
2025-12-08 09:34:00,NSE,26159.8,26150,2025-12-23,2025-12-30,2026-01-06,2026-01-13,2026-01-20,280610,398400,4200,225,2550,5475,18.59,14.3,2025-12-20 07:40:07,1.4197640853854103,2.1470588235294117,-3975,0.05357142857142857,679010,4425,8025,0.7692307692307693,-4.289999999999999,30.125,-2861,11779,11779,2981,10406,BULLISH_CONTINUE,f,f,NEUTRAL,NEUTRAL_PREDICT,-5615,6365,13190,51749.45
2025-12-08 09:31:00,NSE,26159.8,26150,2025-12-23,2025-12-30,2026-01-06,2026-01-13,2026-01-20,276410,398175,5990,375,5465,7725,18.62,14.23,2025-12-20 07:40:05,1.4405231359212765,1.413540713632205,-5615,0.06260434056761269,674585,6365,13190,0.7642320085929108,-4.390000000000001,21.925,-3341,13529.444444444445,13529.444444444445,1661,9866,BULLISH_CONTINUE,f,f,NEUTRAL,NEUTRAL_PREDICT,-5325,3375,7125,54573.67
2025-12-08 09:28:00,NSE,26159.8,26150,2025-12-23,2025-12-30,2026-01-06,2026-01-13,2026-01-20,270420,397800,4350,-975,2775,4350,18.89,14.52,2025-12-20 07:40:03,1.4710450410472597,1.5675675675675675,-5325,-0.22413793103448276,668220,3375,7125,0.768660667019587,-4.370000000000001,23.375,-3703,15922.5,15922.5,2713,9298,BULLISH_CONTINUE,f,f,NEUTRAL,NEUTRAL_PREDICT,-65,65,15815,57834.69
2025-12-08 09:27:00,NSE,26159.8,26150,2025-12-23,2025-12-30,2026-01-06,2026-01-13,2026-01-20,266070,398775,65,0,5915,9900,18.94666666666667,14.375,2025-12-20 07:40:02,1.4987597248844289,1.6737109044801353,-65,0,664845,65,15815,0.7587086558761434,-4.571666666666669,49.675,-3851,18957.85714285714,18957.85714285714,7691,12161,BULLISH_TURN,f,t,NEUTRAL,BULLISH_PREDICT,675,675,7875,61776.49
2025-12-08 09:26:00,NSE,26159.8,26150,2025-12-23,2025-12-30,2026-01-06,2026-01-13,2026-01-20,266005,398775,0,675,4275,3600,18.796666666666667,14.469999999999999,2025-12-20 07:40:02,1.4991259562790173,0.8421052631578947,675,,664780,675,7875,0.7698173435006206,-4.326666666666668,53.375,-5216,22128.333333333332,22128.333333333332,8936,13586,BEARISH_TURN,t,f,NEUTRAL,NEUTRAL_PREDICT,-6375,-2175,5325,67045.99
2025-12-08 09:25:00,NSE,26159.8,26150,2025-12-23,2025-12-30,2026-01-06,2026-01-13,2026-01-20,266005,398100,2100,-4275,2475,2850,18.823333333333334,14.280000000000001,2025-12-20 07:40:01,1.4965884099922935,1.1515151515151516,-6375,-2.0357142857142856,664105,-2175,5325,0.758632902426067,-4.543333333333333,18.125000000000004,26419,26419,26419,132821,16091,BULLISH_CONTINUE,t,f,NEUTRAL,NEUTRAL_PREDICT,-7425,11625,10350,74032.99
2025-12-08 09:22:00,NSE,26159.8,26150,2025-12-23,2025-12-30,2026-01-06,2026-01-13,2026-01-20,263905,402375,9525,2100,3300,7050,18.720000000000002,14.645,2025-12-20 07:39:59,1.524696386957428,2.1363636363636362,-7425,0.2204724409448819,666280,11625,10350,0.782318376068376,-4.075000000000003,12.875,34617.5,34617.5,34617.5,166570,18782.5,BULLISH_CONTINUE,f,f,NEUTRAL,NEUTRAL_PREDICT,-6065,28265,21440,82823.56
2025-12-08 09:19:00,NSE,26159.8,26150,2025-12-23,2025-12-30,2026-01-06,2026-01-13,2026-01-20,254380,400275,17165,11100,10340,11100,18.89666666666667,14.645,2025-12-20 07:39:57,1.5735317241921534,1.0735009671179885,-6065,0.6466647247305564,654655,28265,21440,0.7750044099488445,-4.251666666666669,19.674999999999997,48631.666666666664,48631.666666666664,48631.666666666664,218218.33333333334,21593.333333333332,BULLISH_CONTINUE,f,f,NEUTRAL,NEUTRAL_PREDICT,-6890,6290,22940,95452.77
2025-12-08 09:16:00,NSE,26159.8,26150,2025-12-23,2025-12-30,2026-01-06,2026-01-13,2026-01-20,237215,389175,6590,-300,15740,7200,19.41,14.219999999999999,2025-12-20 07:39:55,1.6406002993065363,0.45743329097839897,-6890,-0.04552352048558422,626390,6290,22940,0.7326120556414218,-5.190000000000001,15.550000000000004,75980,75980,75980,313195,21670,BULLISH_TURN,f,f,NEUTRAL,NEUTRAL_PREDICT,158850,620100,20400,117195.88
2025-12-08 09:15:00,NSE,26159.8,26150,2025-12-23,2025-12-30,2026-01-06,2026-01-13,2026-01-20,230625,389475,230625,389475,6600,13800,20.52333333333333,13.79,2025-12-20 07:39:54,1.688780487804878,2.090909090909091,158850,1.688780487804878,620100,620100,20400,0.6719181419522495,-6.733333333333331,100,158850,158850,158850,620100,20400,,f,f,STRONG_BEARISH,NEUTRAL_PREDICT,,,,0.00
