entry_timestamp,exit_timestamp,exchange,position_id,symbol,type,side,quantity,entry_price,exit_price,pnl,entry_reason,exit_reason,status,confidence,kelly_fraction,constraint_violation,signal_id,pnl_source
2026-01-21 09:19:16,2026-01-21 09:19:17,NSE,NSE_AUTO_0001,NIFTY26JAN25100CE,CE,BUY,65,255.87,303.0,3063.45,Auto-lightgbm-LimitChase,Target Hit (+25),CLOSED,0.623644228460978,0.309,False,NSE-1768967356721-15,original
2026-01-21 09:19:27,2026-01-21 14:47:00,BSE,BSE_AUTO_0001,SENSEX2612282300PE,PE,BUY,20,383.0,332.75,-1005.0,Auto-lightgbm-LimitChase,Stop Loss (-50),CLOSED,0.8078015253526482,0.309,False,BSE-1768967367210-16,target_stop
2026-01-21 09:19:34,2026-01-21 09:19:35,NSE,NSE_AUTO_0002,NIFTY26JAN25100CE,CE,BUY,65,249.67,298.9,3199.95,Auto-lightgbm-LimitChase,Target Hit (+25),CLOSED,0.6375368201640976,0.309,False,NSE-1768967374299-16,original
2026-01-21 09:19:53,2026-01-21 09:19:57,NSE,NSE_AUTO_0003,NIFTY26JAN25100CE,CE,BUY,65,246.42,282.95,2374.45,Auto-lightgbm-LimitChase,Target Hit (+25),CLOSED,0.6592336340706206,0.309,False,NSE-1768967393238-17,original
2026-01-21 09:20:23,2026-01-21 09:20:26,NSE,NSE_AUTO_0004,NIFTY26JAN25100CE,CE,BUY,65,238.57,273.35,2260.7,Auto-lightgbm-LimitChase,Target Hit (+25),CLOSED,0.6877760011183166,0.309,False,NSE-1768967423830-18,original
2026-01-21 09:20:40,2026-01-21 09:20:43,NSE,NSE_AUTO_0005,NIFTY26JAN25100CE,CE,BUY,65,237.87,263.25,1649.7,Auto-lightgbm-LimitChase,Target Hit (+25),CLOSED,0.6851155848086583,0.309,False,NSE-1768967440356-19,original
2026-01-21 09:20:59,2026-01-21 09:21:12,NSE,NSE_AUTO_0006,NIFTY26JAN25100CE,CE,BUY,65,239.17,266.1,1750.45,Auto-lightgbm-LimitChase,Target Hit (+25),CLOSED,0.6705738448564481,0.309,False,NSE-1768967459914-20,original
2026-01-21 09:21:24,2026-01-21 09:21:24,NSE,NSE_AUTO_0007,NIFTY26JAN25100CE,CE,BUY,65,233.57,272.3,2517.45,Auto-lightgbm-LimitChase,Target Hit (+25),CLOSED,0.6922850357937281,0.309,False,NSE-1768967484262-21,original
2026-01-21 09:21:37,2026-01-21 14:49:00,BSE,BSE_AUTO_0002,SENSEX2612282100PE,PE,BUY,20,288.4,230.2,-1164.0,Auto-lightgbm-LimitChase,Stop Loss (-50),CLOSED,0.7410140421467831,0.309,False,BSE-1768967497385-23,target_stop
2026-01-21 09:21:47,2026-01-21 09:22:21,NSE,NSE_AUTO_0008,NIFTY26JAN25100CE,CE,BUY,65,244.87,270.75,1682.2,Auto-lightgbm-LimitChase,Target Hit (+25),CLOSED,0.7570299724776719,0.309,False,NSE-1768967507084-22,original
2026-01-21 09:22:28,2026-01-21 09:24:28,NSE,NSE_AUTO_0009,NIFTY26JAN25100CE,CE,BUY,65,258.52000000000004,285.2,1734.2,Auto-lightgbm-LimitChase,Target Hit (+25),CLOSED,0.6984372246051382,0.309,False,NSE-1768967548566-24,original
2026-01-21 09:22:37,2026-01-21 14:47:00,BSE,BSE_AUTO_0003,SENSEX2612282300PE,PE,BUY,20,383.0,332.75,-1005.0,Auto-lightgbm-LimitChase,Stop Loss (-50),CLOSED,0.7735101740118023,0.309,False,BSE-1768967557682-26,target_stop
2026-01-21 09:24:50,2026-01-21 09:28:10,NSE,NSE_AUTO_0010,NIFTY26JAN25150CE,CE,BUY,65,249.42,224.35,-1629.55,Auto-lightgbm-LimitChase,Stop Loss (-25),CLOSED,0.6425743404213663,0.309,False,NSE-1768967690774-31,original
2026-01-21 09:26:47,2026-01-21 14:46:00,BSE,BSE_AUTO_0004,SENSEX2612282000CE,CE,BUY,20,465.0,383.65,-1627.0,Auto-lightgbm-LimitChase,Stop Loss (-50),CLOSED,0.6267254034110471,0.309,False,BSE-1768967807896-40,target_stop
2026-01-21 09:27:36,2026-01-21 14:46:00,BSE,BSE_AUTO_0005,SENSEX2612282000CE,CE,BUY,20,465.0,383.65,-1627.0,Auto-lightgbm-LimitChase,Stop Loss (-50),CLOSED,0.6146447631550095,0.309,False,BSE-1768967856296-43,target_stop
2026-01-21 09:28:12,2026-01-21 09:54:16,NSE,NSE_AUTO_0011,NIFTY26JAN25350PE,PE,BUY,65,188.22,213.25,1626.95,Auto-lightgbm-LimitChase,Target Hit (+25),CLOSED,0.7560245767589822,0.309,False,NSE-1768967892460-41,original
2026-01-21 09:31:00,2026-01-21 14:47:00,BSE,BSE_AUTO_0006,SENSEX2612282400PE,PE,BUY,20,436.8,384.25,-1051.0,Auto-lightgbm-LimitChase,Stop Loss (-50),CLOSED,0.6366480251754919,0.309,False,BSE-1768968060738-54,target_stop
2026-01-21 09:31:18,2026-01-21 14:47:00,BSE,BSE_AUTO_0007,SENSEX2612282400PE,PE,BUY,20,436.8,384.25,-1051.0,Auto-lightgbm-LimitChase,Stop Loss (-50),CLOSED,0.6073932647061764,0.309,False,BSE-1768968078942-56,target_stop
2026-01-21 09:33:51,2026-01-21 14:49:00,BSE,BSE_AUTO_0008,SENSEX2612282200PE,PE,BUY,20,332.85,267.25,-1312.0,Auto-lightgbm-LimitChase,Stop Loss (-50),CLOSED,0.7248967492885513,0.309,False,BSE-1768968231104-68,target_stop
2026-01-21 09:34:49,2026-01-21 09:54:16,NSE,NSE_AUTO_0012,NIFTY26JAN25350PE,PE,BUY,65,187.72,213.25,1659.45,Auto-lightgbm-LimitChase,Target Hit (+25),CLOSED,0.8373249765891853,0.309,False,NSE-1768968289534-54,original
2026-01-21 09:35:45,2026-01-21 14:49:00,BSE,BSE_AUTO_0009,SENSEX2612282200PE,PE,BUY,20,332.85,267.25,-1312.0,Auto-lightgbm-LimitChase,Stop Loss (-50),CLOSED,0.7378017769221993,0.309,False,BSE-1768968345510-75,target_stop
2026-01-21 09:40:52,2026-01-21 14:46:00,BSE,BSE_AUTO_0010,SENSEX2612281900CE,CE,BUY,20,529.45,446.35,-1662.0,Auto-lightgbm-LimitChase,Stop Loss (-50),CLOSED,0.6273327045893227,0.309,False,BSE-1768968652662-99,target_stop
2026-01-21 09:42:18,2026-01-21 14:46:00,BSE,BSE_AUTO_0011,SENSEX2612281800CE,CE,BUY,20,596.75,516.95,-1596.0,Auto-lightgbm-LimitChase,Stop Loss (-50),CLOSED,0.6674566023414875,0.309,False,BSE-1768968738474-104,target_stop
2026-01-21 09:44:18,2026-01-21 14:46:00,BSE,BSE_AUTO_0012,SENSEX2612281900CE,CE,BUY,20,529.45,446.35,-1662.0,Auto-lightgbm-LimitChase,Stop Loss (-50),CLOSED,0.7534425326126379,0.309,False,BSE-1768968858805-109,target_stop
2026-01-21 09:44:59,2026-01-21 14:46:00,BSE,BSE_AUTO_0013,SENSEX2612282000CE,CE,BUY,20,465.0,383.65,-1627.0,Auto-lightgbm-LimitChase,Stop Loss (-50),CLOSED,0.6917399167466569,0.309,False,BSE-1768968899823-110,target_stop
2026-01-21 09:46:14,2026-01-21 14:46:00,BSE,BSE_AUTO_0014,SENSEX2612281900CE,CE,BUY,20,529.45,446.35,-1662.0,Auto-lightgbm-LimitChase,Stop Loss (-50),CLOSED,0.6912368931793983,0.309,False,BSE-1768968972667-111,target_stop
2026-01-21 09:46:25,2026-01-21 14:46:00,BSE,BSE_AUTO_0015,SENSEX2612282000CE,CE,BUY,20,465.0,383.65,-1627.0,Auto-lightgbm-LimitChase,Stop Loss (-50),CLOSED,0.7434104903096991,0.309,False,BSE-1768968985535-112,target_stop
2026-01-21 09:46:29,2026-01-21 14:46:00,BSE,BSE_AUTO_0016,SENSEX2612282000CE,CE,BUY,20,465.0,383.65,-1627.0,Auto-lightgbm-LimitChase,Stop Loss (-50),CLOSED,0.7479262302549533,0.309,False,BSE-1768968989025-113,target_stop
2026-01-21 09:46:36,2026-01-21 14:46:00,BSE,BSE_AUTO_0017,SENSEX2612282000CE,CE,BUY,20,465.0,383.65,-1627.0,Auto-lightgbm-LimitChase,Stop Loss (-50),CLOSED,0.7731719134165256,0.309,False,BSE-1768968996112-114,target_stop
2026-01-21 09:46:45,2026-01-21 14:46:00,BSE,BSE_AUTO_0018,SENSEX2612282000CE,CE,BUY,20,465.0,383.65,-1627.0,Auto-lightgbm-LimitChase,Stop Loss (-50),CLOSED,0.7512059794315524,0.309,False,BSE-1768969005925-115,target_stop
2026-01-21 09:47:17,2026-01-21 14:46:00,BSE,BSE_AUTO_0019,SENSEX2612282000CE,CE,BUY,20,465.0,383.65,-1627.0,Auto-lightgbm-LimitChase,Stop Loss (-50),CLOSED,0.6465693958765918,0.309,False,BSE-1768969037011-116,target_stop
2026-01-21 09:47:28,2026-01-21 14:46:00,BSE,BSE_AUTO_0020,SENSEX2612281900CE,CE,BUY,20,529.45,446.35,-1662.0,Auto-lightgbm-LimitChase,Stop Loss (-50),CLOSED,0.6134480533597957,0.309,False,BSE-1768969047953-117,target_stop
2026-01-21 09:47:37,2026-01-21 14:46:00,BSE,BSE_AUTO_0021,SENSEX2612281900CE,CE,BUY,20,529.45,446.35,-1662.0,Auto-lightgbm-LimitChase,Stop Loss (-50),CLOSED,0.6134480533597957,0.309,False,BSE-1768969057932-118,target_stop
2026-01-21 09:50:10,2026-01-21 14:46:00,BSE,BSE_AUTO_0022,SENSEX2612281900CE,CE,BUY,20,529.45,446.35,-1662.0,Auto-lightgbm-LimitChase,Stop Loss (-50),CLOSED,0.8105701401227875,0.309,False,BSE-1768969209984-127,target_stop
2026-01-21 09:51:41,2026-01-21 14:46:00,BSE,BSE_AUTO_0023,SENSEX2612281800CE,CE,BUY,20,596.75,516.95,-1596.0,Auto-lightgbm-LimitChase,Stop Loss (-50),CLOSED,0.6166649778205822,0.309,False,BSE-1768969301510-130,target_stop
2026-01-21 09:55:27,2026-01-21 14:46:00,BSE,BSE_AUTO_0024,SENSEX2612281800CE,CE,BUY,20,596.75,516.95,-1596.0,Auto-lightgbm-LimitChase,Stop Loss (-50),CLOSED,0.632544250797785,0.309,False,BSE-1768969527425-138,target_stop
2026-01-21 09:55:41,2026-01-21 14:46:00,BSE,BSE_AUTO_0025,SENSEX2612281900CE,CE,BUY,20,529.45,446.35,-1662.0,Auto-lightgbm-LimitChase,Stop Loss (-50),CLOSED,0.7352551381133087,0.309,False,BSE-1768969541290-139,target_stop
2026-01-21 09:55:59,2026-01-21 09:56:00,NSE,NSE_AUTO_0013,NIFTY26JAN25100CE,CE,BUY,65,257.42,224.4,-2146.3,Auto-lightgbm-LimitChase,Stop Loss (-25),CLOSED,0.6564819580570774,0.309,False,NSE-1768969559330-115,original
2026-01-21 09:56:10,2026-01-21 14:46:00,BSE,BSE_AUTO_0026,SENSEX2612281900CE,CE,BUY,20,529.45,446.35,-1662.0,Auto-lightgbm-LimitChase,Stop Loss (-50),CLOSED,0.8195138274284276,0.309,False,BSE-1768969565609-140,target_stop
2026-01-21 09:56:10,2026-01-21 14:46:00,BSE,BSE_AUTO_0027,SENSEX2612281900CE,CE,BUY,20,529.45,446.35,-1662.0,Auto-lightgbm-LimitChase,Stop Loss (-50),CLOSED,0.8108300893454169,0.309,False,BSE-1768969569056-141,target_stop
2026-01-21 09:56:47,2026-01-21 14:46:00,BSE,BSE_AUTO_0028,SENSEX2612281800CE,CE,BUY,20,596.75,516.95,-1596.0,Auto-lightgbm-LimitChase,Stop Loss (-50),CLOSED,0.6798957823415093,0.309,False,BSE-1768969607900-143,target_stop
2026-01-21 09:57:32,2026-01-21 14:46:00,BSE,BSE_AUTO_0029,SENSEX2612281800CE,CE,BUY,20,596.75,516.95,-1596.0,Auto-lightgbm-LimitChase,Stop Loss (-50),CLOSED,0.6804415814796981,0.309,False,BSE-1768969652049-146,target_stop
2026-01-21 09:59:28,2026-01-21 10:00:32,NSE,NSE_AUTO_0014,NIFTY26JAN25100CE,CE,BUY,65,233.92,208.55,-1649.05,Auto-lightgbm-LimitChase,Stop Loss (-25),CLOSED,0.659149748268018,0.309,False,NSE-1768969768708-123,original
2026-01-21 09:59:36,2026-01-21 14:46:00,BSE,BSE_AUTO_0030,SENSEX2612281800CE,CE,BUY,20,596.75,516.95,-1596.0,Auto-lightgbm-LimitChase,Stop Loss (-50),CLOSED,0.6505171195373398,0.309,False,BSE-1768969776796-150,target_stop
2026-01-21 10:00:45,2026-01-21 14:49:00,BSE,BSE_AUTO_0031,SENSEX2612282200PE,PE,BUY,20,332.85,267.25,-1312.0,Auto-lightgbm-LimitChase,Stop Loss (-50),CLOSED,0.6874240272608424,0.309,False,BSE-1768969845132-152,target_stop
2026-01-21 10:00:48,2026-01-21 14:49:00,BSE,BSE_AUTO_0032,SENSEX2612282200PE,PE,BUY,20,332.85,267.25,-1312.0,Auto-lightgbm-LimitChase,Stop Loss (-50),CLOSED,0.7156990572854913,0.309,False,BSE-1768969848791-153,target_stop
2026-01-21 10:01:10,2026-01-21 14:47:00,BSE,BSE_AUTO_0033,SENSEX2612282300PE,PE,BUY,20,383.0,332.75,-1005.0,Auto-lightgbm-LimitChase,Stop Loss (-50),CLOSED,0.7479843262833762,0.309,False,BSE-1768969865584-154,target_stop
2026-01-21 10:01:10,2026-01-21 14:47:00,BSE,BSE_AUTO_0034,SENSEX2612282300PE,PE,BUY,20,383.0,332.75,-1005.0,Auto-lightgbm-LimitChase,Stop Loss (-50),CLOSED,0.7479843262833762,0.309,False,BSE-1768969869307-155,target_stop
2026-01-21 10:01:37,2026-01-21 14:47:00,BSE,BSE_AUTO_0035,SENSEX2612282300PE,PE,BUY,20,383.0,332.75,-1005.0,Auto-lightgbm-LimitChase,Stop Loss (-50),CLOSED,0.7489793878100663,0.309,False,BSE-1768969897530-156,target_stop
2026-01-21 10:01:53,2026-01-21 14:49:00,BSE,BSE_AUTO_0036,SENSEX2612282200PE,PE,BUY,20,332.85,267.25,-1312.0,Auto-lightgbm-LimitChase,Stop Loss (-50),CLOSED,0.713480159062038,0.309,False,BSE-1768969913813-157,target_stop
2026-01-21 10:01:57,2026-01-21 10:01:59,NSE,NSE_AUTO_0015,NIFTY26JAN25100CE,CE,BUY,65,237.92,210.75,-1766.05,Auto-lightgbm-LimitChase,Stop Loss (-25),CLOSED,0.617234677381515,0.309,False,NSE-1768969917198-132,original
2026-01-21 10:02:09,2026-01-21 14:49:00,BSE,BSE_AUTO_0037,SENSEX2612282200PE,PE,BUY,20,332.85,267.25,-1312.0,Auto-lightgbm-LimitChase,Stop Loss (-50),CLOSED,0.770573323650801,0.309,False,BSE-1768969924249-158,target_stop
2026-01-21 10:02:14,2026-01-21 14:49:00,BSE,BSE_AUTO_0038,SENSEX2612282200PE,PE,BUY,20,332.85,267.25,-1312.0,Auto-lightgbm-LimitChase,Stop Loss (-50),CLOSED,0.7535631840284757,0.309,False,BSE-1768969934691-159,target_stop
2026-01-21 10:02:18,2026-01-21 14:49:00,BSE,BSE_AUTO_0039,SENSEX2612282200PE,PE,BUY,20,332.85,267.25,-1312.0,Auto-lightgbm-LimitChase,Stop Loss (-50),CLOSED,0.711760287766196,0.309,False,BSE-1768969938439-160,target_stop
2026-01-21 10:02:21,2026-01-21 14:49:00,BSE,BSE_AUTO_0040,SENSEX2612282200PE,PE,BUY,20,332.85,267.25,-1312.0,Auto-lightgbm-LimitChase,Stop Loss (-50),CLOSED,0.7722672426623635,0.309,False,BSE-1768969941935-161,target_stop
2026-01-21 10:02:44,2026-01-21 14:49:00,BSE,BSE_AUTO_0041,SENSEX2612282200PE,PE,BUY,20,332.85,267.25,-1312.0,Auto-lightgbm-LimitChase,Stop Loss (-50),CLOSED,0.7393216973801026,0.309,False,BSE-1768969964172-162,target_stop
2026-01-21 10:02:56,2026-01-21 14:49:00,BSE,BSE_AUTO_0042,SENSEX2612282200PE,PE,BUY,20,332.85,267.25,-1312.0,Auto-lightgbm-LimitChase,Stop Loss (-50),CLOSED,0.6954046960590436,0.309,False,BSE-1768969976203-163,target_stop
2026-01-21 10:02:59,2026-01-21 14:49:00,BSE,BSE_AUTO_0043,SENSEX2612282200PE,PE,BUY,20,332.85,267.25,-1312.0,Auto-lightgbm-LimitChase,Stop Loss (-50),CLOSED,0.7467092365563646,0.309,False,BSE-1768969979763-164,target_stop
2026-01-21 10:03:09,2026-01-21 14:46:00,BSE,BSE_AUTO_0044,SENSEX2612281800CE,CE,BUY,20,596.75,516.95,-1596.0,Auto-lightgbm-LimitChase,Stop Loss (-50),CLOSED,0.6598233130976658,0.309,False,BSE-1768969983177-165,target_stop
2026-01-21 10:03:16,2026-01-21 14:46:00,BSE,BSE_AUTO_0045,SENSEX2612281800CE,CE,BUY,20,596.75,516.95,-1596.0,Auto-lightgbm-LimitChase,Stop Loss (-50),CLOSED,0.6356262872930312,0.309,False,BSE-1768969996123-166,target_stop
2026-01-21 10:03:29,2026-01-21 14:46:00,BSE,BSE_AUTO_0046,SENSEX2612281800CE,CE,BUY,20,596.75,516.95,-1596.0,Auto-lightgbm-LimitChase,Stop Loss (-50),CLOSED,0.6607351481437669,0.309,False,BSE-1768970009608-168,target_stop
2026-01-21 10:03:36,2026-01-21 10:04:17,NSE,NSE_AUTO_0016,NIFTY26JAN25100CE,CE,BUY,65,235.32,208.65,-1733.55,Auto-lightgbm-LimitChase,Stop Loss (-25),CLOSED,0.7164171714317994,0.309,False,NSE-1768970016498-133,original
2026-01-21 10:04:10,2026-01-21 14:46:00,BSE,BSE_AUTO_0047,SENSEX2612281800CE,CE,BUY,20,596.75,516.95,-1596.0,Auto-lightgbm-LimitChase,Stop Loss (-50),CLOSED,0.6470234988646086,0.309,False,BSE-1768970046483-169,target_stop
2026-01-21 10:04:17,2026-01-21 10:04:23,NSE,NSE_AUTO_0017,NIFTY26JAN25100CE,CE,BUY,65,234.02,208.65,-1649.05,Auto-lightgbm-LimitChase,Stop Loss (-25),CLOSED,0.6131886247605641,0.309,False,NSE-1768970057737-136,original
2026-01-21 10:05:33,2026-01-21 14:46:00,BSE,BSE_AUTO_0048,SENSEX2612281900CE,CE,BUY,20,529.45,446.35,-1662.0,Auto-lightgbm-LimitChase,Stop Loss (-50),CLOSED,0.7128214377699518,0.309,False,BSE-1768970132964-171,target_stop
2026-01-21 10:05:48,2026-01-21 14:46:00,BSE,BSE_AUTO_0049,SENSEX2612281800CE,CE,BUY,20,596.75,516.95,-1596.0,Auto-lightgbm-LimitChase,Stop Loss (-50),CLOSED,0.7865387104890134,0.309,False,BSE-1768970148746-172,target_stop
2026-01-21 10:06:45,2026-01-21 14:46:00,BSE,BSE_AUTO_0050,SENSEX2612281800CE,CE,BUY,20,596.75,516.95,-1596.0,Auto-lightgbm-LimitChase,Stop Loss (-50),CLOSED,0.71673983982678,0.309,False,BSE-1768970205233-173,target_stop
2026-01-21 10:07:15,2026-01-21 10:13:13,NSE,NSE_AUTO_0018,NIFTY26JAN25100CE,CE,BUY,65,226.92,210.9,-1041.3,Auto-lightgbm-LimitChase,Signal Flip (BUY → SELL),CLOSED,0.6205216795159143,0.309,False,NSE-1768970235549-147,original
2026-01-21 10:08:10,2026-01-21 14:46:00,BSE,BSE_AUTO_0051,SENSEX2612281800CE,CE,BUY,20,596.75,516.95,-1596.0,Auto-lightgbm-LimitChase,Stop Loss (-50),CLOSED,0.7374121697848526,0.309,False,BSE-1768970289059-175,target_stop
2026-01-21 10:08:30,2026-01-21 14:46:00,BSE,BSE_AUTO_0052,SENSEX2612281800CE,CE,BUY,20,596.75,516.95,-1596.0,Auto-lightgbm-LimitChase,Stop Loss (-50),CLOSED,0.6683950202299309,0.309,False,BSE-1768970310839-176,target_stop
2026-01-21 10:08:47,2026-01-21 14:46:00,BSE,BSE_AUTO_0053,SENSEX2612281800CE,CE,BUY,20,596.75,516.95,-1596.0,Auto-lightgbm-LimitChase,Stop Loss (-50),CLOSED,0.620327182331504,0.309,False,BSE-1768970327767-177,target_stop
2026-01-21 10:08:54,2026-01-21 14:46:00,BSE,BSE_AUTO_0054,SENSEX2612281800CE,CE,BUY,20,596.75,516.95,-1596.0,Auto-lightgbm-LimitChase,Stop Loss (-50),CLOSED,0.619559609669346,0.309,False,BSE-1768970334611-178,target_stop
2026-01-21 10:09:22,2026-01-21 14:46:00,BSE,BSE_AUTO_0055,SENSEX2612281800CE,CE,BUY,20,596.75,516.95,-1596.0,Auto-lightgbm-LimitChase,Stop Loss (-50),CLOSED,0.7052080536167703,0.309,False,BSE-1768970362845-179,target_stop
2026-01-21 10:10:10,2026-01-21 14:46:00,BSE,BSE_AUTO_0056,SENSEX2612281800CE,CE,BUY,20,596.75,516.95,-1596.0,Auto-lightgbm-LimitChase,Stop Loss (-50),CLOSED,0.6561260118690893,0.309,False,BSE-1768970401905-180,target_stop
2026-01-21 10:11:14,2026-01-21 14:46:00,BSE,BSE_AUTO_0057,SENSEX2612281800CE,CE,BUY,20,596.75,516.95,-1596.0,Auto-lightgbm-LimitChase,Stop Loss (-50),CLOSED,0.6918397697676476,0.309,False,BSE-1768970472777-182,target_stop
2026-01-21 10:11:35,2026-01-21 14:46:00,BSE,BSE_AUTO_0058,SENSEX2612281700CE,CE,BUY,20,672.05,585.6,-1729.0,Auto-lightgbm-LimitChase,Stop Loss (-50),CLOSED,0.8169630711129132,0.309,False,BSE-1768970495723-183,target_stop
2026-01-21 10:13:13,2026-01-21 10:18:54,NSE,NSE_AUTO_0019,NIFTY26JAN25250PE,PE,BUY,65,174.42,168.2,-404.3,Auto-lightgbm-LimitChase,Signal Flip (SELL → BUY),CLOSED,0.741793228638032,0.309,False,NSE-1768970593342-158,original
2026-01-21 10:17:00,2026-01-21 14:46:00,BSE,BSE_AUTO_0059,SENSEX2612281700CE,CE,BUY,20,672.05,585.6,-1729.0,Auto-lightgbm-LimitChase,Stop Loss (-50),CLOSED,0.6695428398069164,0.309,False,BSE-1768970820210-202,target_stop
2026-01-21 10:19:43,2026-01-21 10:23:54,NSE,NSE_AUTO_0020,NIFTY26JAN25250PE,PE,BUY,65,171.51999999999998,199.45,1815.45,Auto-lightgbm-LimitChase,Target Hit (+25),CLOSED,0.6157769037105647,0.309,False,NSE-1768970983889-173,original
2026-01-21 10:22:09,2026-01-21 14:46:00,BSE,BSE_AUTO_0060,SENSEX2612281700CE,CE,BUY,20,672.05,585.6,-1729.0,Auto-lightgbm-LimitChase,Stop Loss (-50),CLOSED,0.7560211979426186,0.309,False,BSE-1768971123545-217,target_stop
2026-01-21 10:23:14,2026-01-21 14:46:00,BSE,BSE_AUTO_0061,SENSEX2612281700CE,CE,BUY,20,672.05,585.6,-1729.0,Auto-lightgbm-LimitChase,Stop Loss (-50),CLOSED,0.6123749957652587,0.309,False,BSE-1768971194257-222,target_stop
2026-01-21 10:23:20,2026-01-21 14:46:00,BSE,BSE_AUTO_0062,SENSEX2612281700CE,CE,BUY,20,672.05,585.6,-1729.0,Auto-lightgbm-LimitChase,Stop Loss (-50),CLOSED,0.6182947089711981,0.309,False,BSE-1768971200400-223,target_stop
2026-01-21 10:24:09,2026-01-21 10:25:57,NSE,NSE_AUTO_0021,NIFTY26JAN25250PE,PE,BUY,65,178.22,203.8,1662.7,Auto-lightgbm-LimitChase,Target Hit (+25),CLOSED,0.7577913982327693,0.309,False,NSE-1768971248594-181,original
2026-01-21 10:26:00,2026-01-21 14:46:00,BSE,BSE_AUTO_0063,SENSEX2612281700CE,CE,BUY,20,672.05,585.6,-1729.0,Auto-lightgbm-LimitChase,Stop Loss (-50),CLOSED,0.6014772059391729,0.309,False,BSE-1768971360359-231,target_stop
2026-01-21 10:26:09,2026-01-21 14:46:00,BSE,BSE_AUTO_0064,SENSEX2612281700CE,CE,BUY,20,672.05,585.6,-1729.0,Auto-lightgbm-LimitChase,Stop Loss (-50),CLOSED,0.6246338384647485,0.309,False,BSE-1768971364004-232,target_stop
2026-01-21 10:26:23,2026-01-21 10:26:26,NSE,NSE_AUTO_0022,NIFTY26JAN25050CE,CE,BUY,65,245.47,203.45,-2731.3,Auto-lightgbm-LimitChase,Stop Loss (-25),CLOSED,0.7364410937924968,0.309,False,NSE-1768971383093-192,original
2026-01-21 10:26:34,2026-01-21 14:46:00,BSE,BSE_AUTO_0065,SENSEX2612281700CE,CE,BUY,20,672.05,585.6,-1729.0,Auto-lightgbm-LimitChase,Stop Loss (-50),CLOSED,0.6699107679258914,0.309,False,BSE-1768971394505-234,target_stop
2026-01-21 10:26:46,2026-01-21 10:26:49,NSE,NSE_AUTO_0023,NIFTY26JAN25050CE,CE,BUY,65,245.22,206.55,-2513.55,Auto-lightgbm-LimitChase,Stop Loss (-25),CLOSED,0.7343285053274637,0.309,False,NSE-1768971406666-193,original
2026-01-21 10:26:50,2026-01-21 14:46:00,BSE,BSE_AUTO_0066,SENSEX2612281700CE,CE,BUY,20,672.05,585.6,-1729.0,Auto-lightgbm-LimitChase,Stop Loss (-50),CLOSED,0.679447415011889,0.309,False,BSE-1768971410220-235,target_stop
2026-01-21 10:27:32,2026-01-21 14:46:00,BSE,BSE_AUTO_0067,SENSEX2612281700CE,CE,BUY,20,672.05,585.6,-1729.0,Auto-lightgbm-LimitChase,Stop Loss (-50),CLOSED,0.7885537101412798,0.309,False,BSE-1768971452301-236,target_stop
2026-01-21 10:28:11,2026-01-21 14:46:00,BSE,BSE_AUTO_0068,SENSEX2612281700CE,CE,BUY,20,672.05,585.6,-1729.0,Auto-lightgbm-LimitChase,Stop Loss (-50),CLOSED,0.7999039325793112,0.309,False,BSE-1768971487039-237,target_stop
2026-01-21 10:28:20,2026-01-21 14:46:00,BSE,BSE_AUTO_0069,SENSEX2612281700CE,CE,BUY,20,672.05,585.6,-1729.0,Auto-lightgbm-LimitChase,Stop Loss (-50),CLOSED,0.7569633645064501,0.309,False,BSE-1768971500618-238,target_stop
2026-01-21 10:28:59,2026-01-21 14:46:00,BSE,BSE_AUTO_0070,SENSEX2612281700CE,CE,BUY,20,672.05,585.6,-1729.0,Auto-lightgbm-LimitChase,Stop Loss (-50),CLOSED,0.7788446927496547,0.309,False,BSE-1768971538927-239,target_stop
2026-01-21 10:29:36,2026-01-21 14:46:00,BSE,BSE_AUTO_0071,SENSEX2612281700CE,CE,BUY,20,672.05,585.6,-1729.0,Auto-lightgbm-LimitChase,Stop Loss (-50),CLOSED,0.7772025266560644,0.309,False,BSE-1768971576155-240,target_stop
2026-01-21 10:30:10,2026-01-21 14:46:00,BSE,BSE_AUTO_0072,SENSEX2612281600CE,CE,BUY,20,748.2,652.15,-1921.0,Auto-lightgbm-LimitChase,Stop Loss (-50),CLOSED,0.6308405675528721,0.309,False,BSE-1768971603984-241,target_stop
2026-01-21 10:31:17,2026-01-21 10:31:20,NSE,NSE_AUTO_0024,NIFTY26JAN25250PE,PE,BUY,65,177.61999999999998,212.95,2296.45,Auto-lightgbm-LimitChase,Target Hit (+25),CLOSED,0.6607406825791543,0.309,False,NSE-1768971677580-201,original
2026-01-21 10:31:21,2026-01-21 10:31:26,NSE,NSE_AUTO_0025,NIFTY26JAN25250PE,PE,BUY,65,172.92,211.3,2494.7,Auto-lightgbm-LimitChase,Target Hit (+25),CLOSED,0.657391918610749,0.309,False,NSE-1768971681709-202,original
2026-01-21 10:31:44,2026-01-21 10:31:49,NSE,NSE_AUTO_0026,NIFTY26JAN25250PE,PE,BUY,65,174.11999999999998,215.8,2709.2,Auto-lightgbm-LimitChase,Target Hit (+25),CLOSED,0.669841035289495,0.309,False,NSE-1768971704688-203,original
2026-01-21 10:32:10,2026-01-21 14:46:00,BSE,BSE_AUTO_0073,SENSEX2612281700CE,CE,BUY,20,672.05,585.6,-1729.0,Auto-lightgbm-LimitChase,Stop Loss (-50),CLOSED,0.6360770850472685,0.309,False,BSE-1768971726939-246,target_stop
2026-01-21 10:32:17,2026-01-21 10:32:18,NSE,NSE_AUTO_0027,NIFTY26JAN25250PE,PE,BUY,65,173.92,214.4,2631.2,Auto-lightgbm-LimitChase,Target Hit (+25),CLOSED,0.7165945907549816,0.309,False,NSE-1768971737552-204,original
2026-01-21 10:32:36,2026-01-21 10:32:41,NSE,NSE_AUTO_0028,NIFTY26JAN25250PE,PE,BUY,65,177.47,210.3,2133.95,Auto-lightgbm-LimitChase,Target Hit (+25),CLOSED,0.6398311895844714,0.309,False,NSE-1768971756631-205,original
2026-01-21 10:33:10,2026-01-21 15:01:00,BSE,BSE_AUTO_0074,SENSEX2612282000PE,PE,BUY,20,248.8,196.95,-1037.0,Auto-lightgbm-LimitChase,Stop Loss (-50),CLOSED,0.6,0.309,False,BSE-1768971783696-248,target_stop
2026-01-21 10:33:28,2026-01-21 15:01:00,BSE,BSE_AUTO_0075,SENSEX2612282000PE,PE,BUY,20,248.8,196.95,-1037.0,Auto-lightgbm-LimitChase,Stop Loss (-50),CLOSED,0.6,0.309,False,BSE-1768971808333-249,target_stop
2026-01-21 10:33:56,2026-01-21 15:01:00,BSE,BSE_AUTO_0076,SENSEX2612282000PE,PE,BUY,20,248.8,196.95,-1037.0,Auto-lightgbm-LimitChase,Stop Loss (-50),CLOSED,0.6,0.309,False,BSE-1768971834490-250,target_stop
2026-01-21 10:34:34,2026-01-21 15:01:00,BSE,BSE_AUTO_0077,SENSEX2612282000PE,PE,BUY,20,248.8,196.95,-1037.0,Auto-lightgbm-LimitChase,Stop Loss (-50),CLOSED,0.6,0.309,False,BSE-1768971874789-251,target_stop
2026-01-21 10:34:38,2026-01-21 10:37:35,NSE,NSE_AUTO_0029,NIFTY26JAN25250PE,PE,BUY,65,190.42,216.3,1682.2,Auto-lightgbm-LimitChase,Target Hit (+25),CLOSED,0.683575133226575,0.309,False,NSE-1768971878829-214,original
2026-01-21 10:36:16,2026-01-21 15:34:00,BSE,BSE_AUTO_0078,SENSEX2612281900PE,PE,BUY,20,212.0,271.2,1184.0,Auto-lightgbm-LimitChase,Target Hit (+50),CLOSED,0.6,0.309,False,BSE-1768971976594-253,target_stop
2026-01-21 10:37:44,2026-01-21 10:42:30,NSE,NSE_AUTO_0030,NIFTY26JAN25200PE,PE,BUY,65,179.92,206.15,1704.95,Auto-lightgbm-LimitChase,Target Hit (+25),CLOSED,0.6855355058813306,0.309,False,NSE-1768972064923-220,original
2026-01-21 10:39:47,2026-01-21 15:34:00,BSE,BSE_AUTO_0079,SENSEX2612281900PE,PE,BUY,20,212.0,271.2,1184.0,Auto-lightgbm-LimitChase,Target Hit (+50),CLOSED,0.6415726346864806,0.309,False,BSE-1768972187458-263,target_stop
2026-01-21 10:43:50,2026-01-21 10:43:50,NSE,NSE_AUTO_0031,NIFTY26JAN25000CE,CE,BUY,65,238.77,209.4,-1909.05,Auto-lightgbm-LimitChase,Stop Loss (-25),CLOSED,0.6223371424706045,0.309,False,NSE-1768972430613-248,original
2026-01-21 10:46:14,2026-01-21 10:46:14,NSE,NSE_AUTO_0032,NIFTY26JAN25200PE,PE,BUY,65,184.22,240.95,3687.45,Auto-lightgbm-LimitChase,Target Hit (+25),CLOSED,0.7479913871897803,0.309,False,NSE-1768972573444-252,original
2026-01-21 10:46:17,2026-01-21 10:46:20,NSE,NSE_AUTO_0033,NIFTY26JAN25200PE,PE,BUY,65,182.67,240.6,3765.45,Auto-lightgbm-LimitChase,Target Hit (+25),CLOSED,0.7556582353172615,0.309,False,NSE-1768972576992-253,original
2026-01-21 10:46:24,2026-01-21 10:46:26,NSE,NSE_AUTO_0034,NIFTY26JAN25200PE,PE,BUY,65,181.82,241.7,3892.2,Auto-lightgbm-LimitChase,Target Hit (+25),CLOSED,0.7439820770604516,0.309,False,NSE-1768972584173-254,original
2026-01-21 10:47:11,2026-01-21 10:47:11,NSE,NSE_AUTO_0035,NIFTY26JAN25200PE,PE,BUY,65,184.27,237.3,3446.95,Auto-lightgbm-LimitChase,Target Hit (+25),CLOSED,0.6364175345416916,0.309,False,NSE-1768972623286-256,original
2026-01-21 10:47:11,2026-01-21 10:47:16,NSE,NSE_AUTO_0036,NIFTY26JAN25200PE,PE,BUY,65,184.12,230.35,3004.95,Auto-lightgbm-LimitChase,Target Hit (+25),CLOSED,0.6424136393234936,0.309,False,NSE-1768972630590-257,original
2026-01-21 10:47:47,2026-01-21 15:34:00,BSE,BSE_AUTO_0080,SENSEX2612281900PE,PE,BUY,20,212.0,271.2,1184.0,Auto-lightgbm-LimitChase,Target Hit (+50),CLOSED,0.608353868535857,0.309,False,BSE-1768972667720-288,target_stop
2026-01-21 10:48:30,2026-01-21 15:34:00,BSE,BSE_AUTO_0081,SENSEX2612281900PE,PE,BUY,20,212.0,271.2,1184.0,Auto-lightgbm-LimitChase,Target Hit (+50),CLOSED,0.6189950337480923,0.309,False,BSE-1768972710262-290,target_stop
2026-01-21 10:48:46,2026-01-21 10:48:49,NSE,NSE_AUTO_0037,NIFTY26JAN25200PE,PE,BUY,65,183.77,242.5,3817.45,Auto-lightgbm-LimitChase,Target Hit (+25),CLOSED,0.6690546761387106,0.309,False,NSE-1768972726315-265,original
2026-01-21 10:48:50,2026-01-21 10:48:54,NSE,NSE_AUTO_0038,NIFTY26JAN25200PE,PE,BUY,65,184.42,240.0,3612.7,Auto-lightgbm-LimitChase,Target Hit (+25),CLOSED,0.6343554904915042,0.309,False,NSE-1768972730031-266,original
2026-01-21 10:49:45,2026-01-21 10:49:46,NSE,NSE_AUTO_0039,NIFTY26JAN25000CE,CE,BUY,65,234.92,196.65,-2487.55,Auto-lightgbm-LimitChase,Stop Loss (-25),CLOSED,0.6978715894524815,0.309,False,NSE-1768972785774-270,original
2026-01-21 10:50:09,2026-01-21 10:50:11,NSE,NSE_AUTO_0040,NIFTY26JAN25000CE,CE,BUY,65,232.92,197.25,-2318.55,Auto-lightgbm-LimitChase,Stop Loss (-25),CLOSED,0.6838986360808974,0.309,False,NSE-1768972801375-271,original
2026-01-21 10:50:13,2026-01-21 10:50:16,NSE,NSE_AUTO_0041,NIFTY26JAN25000CE,CE,BUY,65,234.87,196.05,-2523.3,Auto-lightgbm-LimitChase,Stop Loss (-25),CLOSED,0.6846495223435188,0.309,False,NSE-1768972813810-272,original
2026-01-21 10:50:56,2026-01-21 10:50:57,NSE,NSE_AUTO_0042,NIFTY26JAN25000CE,CE,BUY,65,236.52,195.1,-2692.3,Auto-lightgbm-LimitChase,Stop Loss (-25),CLOSED,0.6960153440839502,0.309,False,NSE-1768972856741-273,original
2026-01-21 10:51:09,2026-01-21 10:51:14,NSE,NSE_AUTO_0043,NIFTY26JAN25000CE,CE,BUY,65,240.02,197.0,-2796.3,Auto-lightgbm-LimitChase,Stop Loss (-25),CLOSED,0.724132135955375,0.309,False,NSE-1768972867646-274,original
2026-01-21 10:51:25,2026-01-21 10:51:25,NSE,NSE_AUTO_0044,NIFTY26JAN25000CE,CE,BUY,65,235.97,196.35,-2575.3,Auto-lightgbm-LimitChase,Stop Loss (-25),CLOSED,0.7195073352874246,0.309,False,NSE-1768972885618-275,original
2026-01-21 10:51:41,2026-01-21 10:51:42,NSE,NSE_AUTO_0045,NIFTY26JAN25000CE,CE,BUY,65,230.97,196.5,-2240.55,Auto-lightgbm-LimitChase,Stop Loss (-25),CLOSED,0.6923798030365972,0.309,False,NSE-1768972901493-276,original
2026-01-21 10:51:45,2026-01-21 10:51:48,NSE,NSE_AUTO_0046,NIFTY26JAN25000CE,CE,BUY,65,231.62,198.3,-2165.8,Auto-lightgbm-LimitChase,Stop Loss (-25),CLOSED,0.6969089028483755,0.309,False,NSE-1768972905188-277,original
2026-01-21 10:52:09,2026-01-21 10:52:09,NSE,NSE_AUTO_0047,NIFTY26JAN25000CE,CE,BUY,65,232.32,197.4,-2269.8,Auto-lightgbm-LimitChase,Stop Loss (-25),CLOSED,0.6878348628560057,0.309,False,NSE-1768972922977-278,original
2026-01-21 10:52:10,2026-01-21 10:52:13,NSE,NSE_AUTO_0048,NIFTY26JAN25000CE,CE,BUY,65,231.67,198.1,-2182.05,Auto-lightgbm-LimitChase,Stop Loss (-25),CLOSED,0.8062065707515795,0.309,False,NSE-1768972930127-279,original
2026-01-21 10:52:29,2026-01-21 10:52:30,NSE,NSE_AUTO_0049,NIFTY26JAN25000CE,CE,BUY,65,231.27,199.95,-2035.8,Auto-lightgbm-LimitChase,Stop Loss (-25),CLOSED,0.6731728135573412,0.309,False,NSE-1768972948994-280,original
2026-01-21 10:52:43,2026-01-21 10:52:47,NSE,NSE_AUTO_0050,NIFTY26JAN25000CE,CE,BUY,65,227.62,196.4,-2029.3,Auto-lightgbm-LimitChase,Stop Loss (-25),CLOSED,0.6674076735868133,0.309,False,NSE-1768972963762-281,original
2026-01-21 10:52:53,2026-01-21 10:52:53,NSE,NSE_AUTO_0051,NIFTY26JAN24950CE,CE,BUY,65,255.87,227.4,-1850.55,Auto-lightgbm-LimitChase,Stop Loss (-25),CLOSED,0.6319179813561544,0.309,False,NSE-1768972973166-282,original
2026-01-21 10:53:35,2026-01-21 10:53:39,NSE,NSE_AUTO_0052,NIFTY26JAN24950CE,CE,BUY,65,253.37,225.95,-1782.3,Auto-lightgbm-LimitChase,Stop Loss (-25),CLOSED,0.6047677130438004,0.309,False,NSE-1768973015206-283,original
2026-01-21 10:53:46,2026-01-21 10:53:50,NSE,NSE_AUTO_0053,NIFTY26JAN24950CE,CE,BUY,65,254.97,223.75,-2029.3,Auto-lightgbm-LimitChase,Stop Loss (-25),CLOSED,0.6319360873049803,0.309,False,NSE-1768973026846-284,original
2026-01-21 10:54:11,2026-01-21 10:54:13,NSE,NSE_AUTO_0054,NIFTY26JAN24950CE,CE,BUY,65,250.72,214.0,-2386.8,Auto-lightgbm-LimitChase,Stop Loss (-25),CLOSED,0.6536826196671216,0.309,False,NSE-1768973047919-285,original
2026-01-21 10:54:21,2026-01-21 10:54:25,NSE,NSE_AUTO_0055,NIFTY26JAN24950CE,CE,BUY,65,243.62,209.25,-2234.05,Auto-lightgbm-LimitChase,Stop Loss (-25),CLOSED,0.6750678187119803,0.309,False,NSE-1768973061286-286,original
2026-01-21 10:55:13,2026-01-21 10:55:17,NSE,NSE_AUTO_0056,NIFTY26JAN25150PE,PE,BUY,65,188.67,243.55,3567.2,Auto-lightgbm-LimitChase,Target Hit (+25),CLOSED,0.6244796722743675,0.309,False,NSE-1768973113431-287,original
2026-01-21 10:55:39,2026-01-21 15:52:00,BSE,BSE_AUTO_0082,SENSEX2612281700PE,PE,BUY,20,152.9,204.7,1036.0,Auto-lightgbm-LimitChase,Target Hit (+50),CLOSED,0.6604891594157416,0.309,False,BSE-1768973139410-308,target_stop
2026-01-21 10:56:00,2026-01-21 15:52:00,BSE,BSE_AUTO_0083,SENSEX2612281700PE,PE,BUY,20,152.9,204.7,1036.0,Auto-lightgbm-LimitChase,Target Hit (+50),CLOSED,0.6618679939832346,0.309,False,BSE-1768973159993-309,target_stop
2026-01-21 10:56:19,2026-01-21 10:56:20,NSE,NSE_AUTO_0057,NIFTY26JAN25150PE,PE,BUY,65,196.12,274.4,5088.2,Auto-lightgbm-LimitChase,Target Hit (+25),CLOSED,0.6023925191082462,0.309,False,NSE-1768973179369-288,original
2026-01-21 10:56:22,2026-01-21 10:56:26,NSE,NSE_AUTO_0058,NIFTY26JAN25150PE,PE,BUY,65,198.92,277.45,5104.45,Auto-lightgbm-LimitChase,Target Hit (+25),CLOSED,0.607664546954994,0.309,False,NSE-1768973182829-289,original
2026-01-21 10:56:33,2026-01-21 10:56:37,NSE,NSE_AUTO_0059,NIFTY26JAN25150PE,PE,BUY,65,197.22,282.2,5523.7,Auto-lightgbm-LimitChase,Target Hit (+25),CLOSED,0.6025567119301563,0.309,False,NSE-1768973193522-291,original
2026-01-21 10:56:39,2026-01-21 15:52:00,BSE,BSE_AUTO_0084,SENSEX2612281700PE,PE,BUY,20,152.9,204.7,1036.0,Auto-lightgbm-LimitChase,Target Hit (+50),CLOSED,0.6607102883517669,0.309,False,BSE-1768973199790-310,target_stop
2026-01-21 10:57:20,2026-01-21 15:52:00,BSE,BSE_AUTO_0085,SENSEX2612281700PE,PE,BUY,20,152.9,204.7,1036.0,Auto-lightgbm-LimitChase,Target Hit (+50),CLOSED,0.7388890126967592,0.309,False,BSE-1768973240646-312,target_stop
2026-01-21 10:57:24,2026-01-21 15:52:00,BSE,BSE_AUTO_0086,SENSEX2612281700PE,PE,BUY,20,152.9,204.7,1036.0,Auto-lightgbm-LimitChase,Target Hit (+50),CLOSED,0.7388890126967592,0.309,False,BSE-1768973244398-313,target_stop
2026-01-21 10:58:09,2026-01-21 15:55:00,BSE,BSE_AUTO_0087,SENSEX2612281600PE,PE,BUY,20,129.05,209.7,1613.0,Auto-lightgbm-LimitChase,Target Hit (+50),CLOSED,0.6098147588000122,0.309,False,BSE-1768973289267-317,target_stop
2026-01-21 10:58:12,2026-01-21 11:09:14,NSE,NSE_AUTO_0060,NIFTY26JAN24900CE,CE,BUY,65,259.52000000000004,231.0,-1853.8,Auto-lightgbm-LimitChase,Signal Flip (BUY → SELL),CLOSED,0.6361473543957418,0.309,False,NSE-1768973292605-296,original
2026-01-21 10:58:23,2026-01-21 15:52:00,BSE,BSE_AUTO_0088,SENSEX2612281700PE,PE,BUY,20,152.9,204.7,1036.0,Auto-lightgbm-LimitChase,Target Hit (+50),CLOSED,0.7506954341253195,0.309,False,BSE-1768973303307-319,target_stop
2026-01-21 10:58:56,2026-01-21 15:52:00,BSE,BSE_AUTO_0089,SENSEX2612281700PE,PE,BUY,20,152.9,204.7,1036.0,Auto-lightgbm-LimitChase,Target Hit (+50),CLOSED,0.7411743481034657,0.309,False,BSE-1768973336329-321,target_stop
2026-01-21 10:59:10,2026-01-21 15:52:00,BSE,BSE_AUTO_0090,SENSEX2612281700PE,PE,BUY,20,152.9,204.7,1036.0,Auto-lightgbm-LimitChase,Target Hit (+50),CLOSED,0.7304670070252481,0.309,False,BSE-1768973343950-322,target_stop
2026-01-21 10:59:23,2026-01-21 15:52:00,BSE,BSE_AUTO_0091,SENSEX2612281700PE,PE,BUY,20,152.9,204.7,1036.0,Auto-lightgbm-LimitChase,Target Hit (+50),CLOSED,0.6635871607066667,0.309,False,BSE-1768973363696-324,target_stop
2026-01-21 11:00:10,2026-01-21 15:52:00,BSE,BSE_AUTO_0092,SENSEX2612281700PE,PE,BUY,20,152.9,204.7,1036.0,Auto-lightgbm-LimitChase,Target Hit (+50),CLOSED,0.698086781198574,0.309,False,BSE-1768973406659-325,target_stop
2026-01-21 11:00:16,2026-01-21 15:52:00,BSE,BSE_AUTO_0093,SENSEX2612281700PE,PE,BUY,20,152.9,204.7,1036.0,Auto-lightgbm-LimitChase,Target Hit (+50),CLOSED,0.6231825914301133,0.309,False,BSE-1768973416298-326,target_stop
2026-01-21 11:00:50,2026-01-21 11:03:30,BSE,BSE_AUTO_0094,SENSEX2612281200CE,CE,BUY,20,508.52,457.45,-1021.4,Auto-lightgbm-LimitChase,Stop Loss (-50),CLOSED,0.6339352791155471,0.309,False,BSE-1768973450342-327,original
2026-01-21 11:04:09,2026-01-21 11:06:47,NSE,NSE_AUTO_0061,NIFTY26JAN24900CE,CE,BUY,65,264.72,237.05,-1798.55,Auto-lightgbm-LimitChase,Stop Loss (-25),CLOSED,0.601511939497425,0.309,False,NSE-1768973642977-314,original
2026-01-21 11:04:27,2026-01-21 11:05:15,BSE,BSE_AUTO_0095,SENSEX2612281200CE,CE,BUY,20,512.02,447.9,-1282.4,Auto-lightgbm-LimitChase,Stop Loss (-50),CLOSED,0.7311044344292017,0.309,False,BSE-1768973667070-338,original
2026-01-21 11:05:47,2026-01-21 11:06:33,BSE,BSE_AUTO_0096,SENSEX2612281200CE,CE,BUY,20,477.57,412.25,-1306.4,Auto-lightgbm-LimitChase,Stop Loss (-50),CLOSED,0.7033704742115778,0.309,False,BSE-1768973747025-342,original
2026-01-21 11:06:54,2026-01-21 15:55:00,BSE,BSE_AUTO_0097,SENSEX2612281500PE,PE,BUY,20,121.3,177.4,1122.0,Auto-lightgbm-LimitChase,Target Hit (+50),CLOSED,0.6723783437661538,0.309,False,BSE-1768973814925-348,target_stop
2026-01-21 11:07:36,2026-01-21 15:55:00,BSE,BSE_AUTO_0098,SENSEX2612281500PE,PE,BUY,20,121.3,177.4,1122.0,Auto-lightgbm-LimitChase,Target Hit (+50),CLOSED,0.6716712271270369,0.309,False,BSE-1768973856642-350,target_stop
2026-01-21 11:07:40,2026-01-21 15:55:00,BSE,BSE_AUTO_0099,SENSEX2612281500PE,PE,BUY,20,121.3,177.4,1122.0,Auto-lightgbm-LimitChase,Target Hit (+50),CLOSED,0.6818920725589841,0.309,False,BSE-1768973860143-351,target_stop
2026-01-21 11:07:57,2026-01-21 11:07:59,BSE,BSE_AUTO_0100,SENSEX2612281400PE,PE,BUY,20,478.52,362.85,-2313.4,Auto-lightgbm-LimitChase,Stop Loss (-50),CLOSED,0.6662455064406411,0.309,False,BSE-1768973877198-352,original
2026-01-21 11:08:18,2026-01-21 11:08:20,BSE,BSE_AUTO_0101,SENSEX2612281300PE,PE,BUY,20,458.42,318.0,-2808.4,Auto-lightgbm-LimitChase,Stop Loss (-50),CLOSED,0.6431437421041644,0.309,False,BSE-1768973898143-353,original
2026-01-21 11:08:21,2026-01-21 11:08:25,BSE,BSE_AUTO_0102,SENSEX2612281300PE,PE,BUY,20,443.77,314.65,-2582.4,Auto-lightgbm-LimitChase,Stop Loss (-50),CLOSED,0.7006989160408522,0.309,False,BSE-1768973901717-354,original
2026-01-21 11:08:28,2026-01-21 11:08:30,BSE,BSE_AUTO_0103,SENSEX2612281300PE,PE,BUY,20,452.57,316.05,-2730.4,Auto-lightgbm-LimitChase,Stop Loss (-50),CLOSED,0.6918059823279598,0.309,False,BSE-1768973908767-355,original
2026-01-21 11:08:38,2026-01-21 11:08:40,BSE,BSE_AUTO_0104,SENSEX2612281400PE,PE,BUY,20,497.42,356.1,-2826.4,Auto-lightgbm-LimitChase,Stop Loss (-50),CLOSED,0.869337326848261,0.309,False,BSE-1768973918498-356,original
2026-01-21 11:09:10,2026-01-21 11:09:11,BSE,BSE_AUTO_0105,SENSEX2612281400PE,PE,BUY,20,477.47,327.0,-3009.4,Auto-lightgbm-LimitChase,Stop Loss (-50),CLOSED,0.8592938961121351,0.309,False,BSE-1768973948844-357,original
2026-01-21 11:09:14,2026-01-21 11:09:19,NSE,NSE_AUTO_0062,NIFTY26JAN25050PE,PE,BUY,65,211.87,168.65,-2809.3,Auto-lightgbm-LimitChase,Stop Loss (-25),CLOSED,0.6,0.309,False,NSE-1768973954599-323,original
2026-01-21 11:09:33,2026-01-21 11:09:36,NSE,NSE_AUTO_0063,NIFTY26JAN25050PE,PE,BUY,65,202.22,168.0,-2224.3,Auto-lightgbm-LimitChase,Stop Loss (-25),CLOSED,0.6,0.309,False,NSE-1768973973888-324,original
2026-01-21 11:09:40,2026-01-21 11:09:42,NSE,NSE_AUTO_0064,NIFTY26JAN25100PE,PE,BUY,65,222.67,190.9,-2065.05,Auto-lightgbm-LimitChase,Stop Loss (-25),CLOSED,0.6,0.309,False,NSE-1768973980945-325,original
2026-01-21 11:10:09,2026-01-21 11:10:53,NSE,NSE_AUTO_0065,NIFTY26JAN25100PE,PE,BUY,65,206.22,180.45,-1675.05,Auto-lightgbm-LimitChase,Stop Loss (-25),CLOSED,0.6,0.309,False,NSE-1768974004035-326,original
2026-01-21 11:10:14,2026-01-21 15:55:00,BSE,BSE_AUTO_0106,SENSEX2612281600PE,PE,BUY,20,129.05,209.7,1613.0,Auto-lightgbm-LimitChase,Target Hit (+50),CLOSED,0.659342129642461,0.309,False,BSE-1768974014464-358,target_stop
2026-01-21 11:10:54,2026-01-21 11:10:58,NSE,NSE_AUTO_0066,NIFTY26JAN25100PE,PE,BUY,65,209.07,182.2,-1746.55,Auto-lightgbm-LimitChase,Stop Loss (-25),CLOSED,0.6,0.309,False,NSE-1768974054903-329,original
2026-01-21 11:11:10,2026-01-21 15:55:00,BSE,BSE_AUTO_0107,SENSEX2612281500PE,PE,BUY,20,121.3,177.4,1122.0,Auto-lightgbm-LimitChase,Target Hit (+50),CLOSED,0.8825961424898634,0.309,False,BSE-1768974063847-360,target_stop
2026-01-21 11:11:10,2026-01-21 11:11:10,NSE,NSE_AUTO_0067,NIFTY26JAN25100PE,PE,BUY,65,211.07,184.0,-1759.55,Auto-lightgbm-LimitChase,Stop Loss (-25),CLOSED,0.6,0.309,False,NSE-1768974069569-330,original
2026-01-21 11:11:13,2026-01-21 11:11:16,NSE,NSE_AUTO_0068,NIFTY26JAN25100PE,PE,BUY,65,214.32,184.75,-1922.05,Auto-lightgbm-LimitChase,Stop Loss (-25),CLOSED,0.6,0.309,False,NSE-1768974073242-331,original
2026-01-21 11:11:16,2026-01-21 11:11:21,NSE,NSE_AUTO_0069,NIFTY26JAN25100PE,PE,BUY,65,213.37,186.25,-1762.8,Auto-lightgbm-LimitChase,Stop Loss (-25),CLOSED,0.6,0.309,False,NSE-1768974076865-332,original
2026-01-21 11:11:23,2026-01-21 11:11:27,NSE,NSE_AUTO_0070,NIFTY26JAN25100PE,PE,BUY,65,209.22,181.25,-1818.05,Auto-lightgbm-LimitChase,Stop Loss (-25),CLOSED,0.6,0.309,False,NSE-1768974083941-333,original
2026-01-21 11:11:43,2026-01-21 15:55:00,BSE,BSE_AUTO_0108,SENSEX2612281500PE,PE,BUY,20,121.3,177.4,1122.0,Auto-lightgbm-LimitChase,Target Hit (+50),CLOSED,0.8662636984952441,0.309,False,BSE-1768974103384-361,target_stop
2026-01-21 11:11:47,2026-01-21 15:55:00,BSE,BSE_AUTO_0109,SENSEX2612281500PE,PE,BUY,20,121.3,177.4,1122.0,Auto-lightgbm-LimitChase,Target Hit (+50),CLOSED,0.8064610549575532,0.309,False,BSE-1768974107046-362,target_stop
2026-01-21 11:11:53,2026-01-21 11:12:30,NSE,NSE_AUTO_0071,NIFTY26JAN25100PE,PE,BUY,65,197.42,172.4,-1626.3,Auto-lightgbm-LimitChase,Stop Loss (-25),CLOSED,0.6,0.309,False,NSE-1768974113143-335,original
2026-01-21 11:11:56,2026-01-21 15:55:00,BSE,BSE_AUTO_0110,SENSEX2612281600PE,PE,BUY,20,129.05,209.7,1613.0,Auto-lightgbm-LimitChase,Target Hit (+50),CLOSED,0.7936045838794107,0.309,False,BSE-1768974116853-363,target_stop
2026-01-21 11:12:46,2026-01-21 15:55:00,BSE,BSE_AUTO_0111,SENSEX2612281600PE,PE,BUY,20,129.05,209.7,1613.0,Auto-lightgbm-LimitChase,Target Hit (+50),CLOSED,0.7239493874147914,0.309,False,BSE-1768974166168-364,target_stop
2026-01-21 11:12:55,2026-01-21 11:12:59,NSE,NSE_AUTO_0072,NIFTY26JAN25100PE,PE,BUY,65,205.27,177.6,-1798.55,Auto-lightgbm-LimitChase,Stop Loss (-25),CLOSED,0.6004950395959577,0.309,False,NSE-1768974175799-337,original
2026-01-21 11:13:20,2026-01-21 15:55:00,BSE,BSE_AUTO_0112,SENSEX2612281600PE,PE,BUY,20,129.05,209.7,1613.0,Auto-lightgbm-LimitChase,Target Hit (+50),CLOSED,0.6368234245251789,0.309,False,BSE-1768974200511-367,target_stop
2026-01-21 11:15:55,2026-01-21 11:15:56,BSE,BSE_AUTO_0113,SENSEX2612281100CE,CE,BUY,20,541.9699999999999,664.2,2444.6,Auto-lightgbm-LimitChase,Target Hit (+50),CLOSED,0.6247371361688273,0.309,False,BSE-1768974355093-377,original
2026-01-21 11:16:14,2026-01-21 11:16:16,BSE,BSE_AUTO_0114,SENSEX2612281100CE,CE,BUY,20,536.52,654.4,2357.6,Auto-lightgbm-LimitChase,Target Hit (+50),CLOSED,0.6469003319827178,0.309,False,BSE-1768974370516-378,original
2026-01-21 11:16:27,2026-01-21 11:16:32,BSE,BSE_AUTO_0115,SENSEX2612281100CE,CE,BUY,20,530.8199999999999,672.05,2824.6,Auto-lightgbm-LimitChase,Target Hit (+50),CLOSED,0.6298666168441597,0.309,False,BSE-1768974387292-379,original
2026-01-21 11:16:53,2026-01-21 11:16:58,BSE,BSE_AUTO_0116,SENSEX2612281100CE,CE,BUY,20,514.8199999999999,714.45,3992.6,Auto-lightgbm-LimitChase,Target Hit (+50),CLOSED,0.6298899486603786,0.309,False,BSE-1768974413358-381,original
2026-01-21 11:17:10,2026-01-21 11:17:10,BSE,BSE_AUTO_0117,SENSEX2612281100CE,CE,BUY,20,524.27,714.3,3800.6,Auto-lightgbm-LimitChase,Target Hit (+50),CLOSED,0.6225070096582196,0.309,False,BSE-1768974423878-382,original
2026-01-21 11:17:25,2026-01-21 11:17:25,BSE,BSE_AUTO_0118,SENSEX2612281100CE,CE,BUY,20,510.02,699.9,3797.6,Auto-lightgbm-LimitChase,Target Hit (+50),CLOSED,0.6388192560915388,0.309,False,BSE-1768974445243-383,original
2026-01-21 11:17:32,2026-01-21 11:17:36,BSE,BSE_AUTO_0119,SENSEX2612281100CE,CE,BUY,20,500.82,713.6,4255.6,Auto-lightgbm-LimitChase,Target Hit (+50),CLOSED,0.6796069431772983,0.309,False,BSE-1768974452738-384,original
2026-01-21 11:17:39,2026-01-21 11:17:41,BSE,BSE_AUTO_0120,SENSEX2612281100CE,CE,BUY,20,519.37,736.5,4342.6,Auto-lightgbm-LimitChase,Target Hit (+50),CLOSED,0.7256851753763713,0.309,False,BSE-1768974459363-385,original
2026-01-21 11:17:52,2026-01-21 11:17:56,BSE,BSE_AUTO_0121,SENSEX2612281100CE,CE,BUY,20,513.77,732.55,4375.6,Auto-lightgbm-LimitChase,Target Hit (+50),CLOSED,0.6903713732982028,0.309,False,BSE-1768974472793-386,original
2026-01-21 11:18:10,2026-01-21 11:18:12,BSE,BSE_AUTO_0122,SENSEX2612281100CE,CE,BUY,20,519.17,731.7,4250.6,Auto-lightgbm-LimitChase,Target Hit (+50),CLOSED,0.7008780498991298,0.309,False,BSE-1768974486055-387,original
2026-01-21 11:18:30,2026-01-21 11:18:33,BSE,BSE_AUTO_0123,SENSEX2612281100CE,CE,BUY,20,521.0699999999999,710.9,3796.6,Auto-lightgbm-LimitChase,Target Hit (+50),CLOSED,0.7036699944954347,0.309,False,BSE-1768974510423-388,original
2026-01-21 11:18:34,2026-01-21 11:18:38,BSE,BSE_AUTO_0124,SENSEX2612281100CE,CE,BUY,20,513.92,696.7,3655.6,Auto-lightgbm-LimitChase,Target Hit (+50),CLOSED,0.742195440761033,0.309,False,BSE-1768974514022-389,original
2026-01-21 11:19:10,2026-01-21 11:19:14,BSE,BSE_AUTO_0125,SENSEX2612281100CE,CE,BUY,20,499.92,685.0,3701.6,Auto-lightgbm-LimitChase,Target Hit (+50),CLOSED,0.6840833626831628,0.309,False,BSE-1768974548905-390,original
2026-01-21 11:19:30,2026-01-21 11:19:34,BSE,BSE_AUTO_0126,SENSEX2612281100CE,CE,BUY,20,510.22,685.9,3513.6,Auto-lightgbm-LimitChase,Target Hit (+50),CLOSED,0.6491645748321625,0.309,False,BSE-1768974570034-392,original
2026-01-21 11:19:33,2026-01-21 11:19:36,NSE,NSE_AUTO_0073,NIFTY26JAN25100PE,PE,BUY,65,204.92,163.85,-2669.55,Auto-lightgbm-LimitChase,Stop Loss (-25),CLOSED,0.6307579521646097,0.309,False,NSE-1768974573723-349,original
2026-01-21 11:19:37,2026-01-21 11:19:40,BSE,BSE_AUTO_0127,SENSEX2612281100CE,CE,BUY,20,521.5699999999999,690.6,3380.6,Auto-lightgbm-LimitChase,Target Hit (+50),CLOSED,0.6560580016283568,0.309,False,BSE-1768974577272-393,original
2026-01-21 11:20:06,2026-01-21 11:20:06,BSE,BSE_AUTO_0128,SENSEX2612281100CE,CE,BUY,20,527.52,747.45,4398.6,Auto-lightgbm-LimitChase,Target Hit (+50),CLOSED,0.6701311154109115,0.309,False,BSE-1768974603255-394,original
2026-01-21 11:20:10,2026-01-21 11:20:11,BSE,BSE_AUTO_0129,SENSEX2612281100CE,CE,BUY,20,520.02,734.45,4288.6,Auto-lightgbm-LimitChase,Target Hit (+50),CLOSED,0.6564177956502903,0.309,False,BSE-1768974606960-395,original
2026-01-21 11:20:55,2026-01-21 11:20:58,BSE,BSE_AUTO_0130,SENSEX2612281200CE,CE,BUY,20,485.17,630.0,2896.6,Auto-lightgbm-LimitChase,Target Hit (+50),CLOSED,0.700423466064567,0.309,False,BSE-1768974655336-397,original
2026-01-21 11:21:14,2026-01-21 11:21:14,BSE,BSE_AUTO_0131,SENSEX2612281200CE,CE,BUY,20,494.07,619.7,2512.6,Auto-lightgbm-LimitChase,Target Hit (+50),CLOSED,0.6364775158690812,0.309,False,BSE-1768974668375-398,original
2026-01-21 11:21:23,2026-01-21 11:21:26,BSE,BSE_AUTO_0132,SENSEX2612281200CE,CE,BUY,20,497.57,608.75,2223.6,Auto-lightgbm-LimitChase,Target Hit (+50),CLOSED,0.7323118586658511,0.309,False,BSE-1768974683077-399,original
2026-01-21 11:21:37,2026-01-21 11:21:41,BSE,BSE_AUTO_0133,SENSEX2612281200CE,CE,BUY,20,497.62,603.9,2125.6,Auto-lightgbm-LimitChase,Target Hit (+50),CLOSED,0.709003999362469,0.309,False,BSE-1768974697361-400,original
2026-01-21 11:21:58,2026-01-21 11:22:09,BSE,BSE_AUTO_0134,SENSEX2612281200CE,CE,BUY,20,508.27,607.1,1976.6,Auto-lightgbm-LimitChase,Target Hit (+50),CLOSED,0.6869241664858067,0.309,False,BSE-1768974718909-401,original
2026-01-21 11:22:16,2026-01-21 11:22:19,BSE,BSE_AUTO_0135,SENSEX2612281200CE,CE,BUY,20,511.72,611.8,2001.6,Auto-lightgbm-LimitChase,Target Hit (+50),CLOSED,0.6811625336947754,0.309,False,BSE-1768974736134-402,original
2026-01-21 11:22:20,2026-01-21 11:22:24,BSE,BSE_AUTO_0136,SENSEX2612281200CE,CE,BUY,20,497.57,615.4,2356.6,Auto-lightgbm-LimitChase,Target Hit (+50),CLOSED,0.7063141952942155,0.309,False,BSE-1768974740383-403,original
2026-01-21 11:22:33,2026-01-21 11:22:34,BSE,BSE_AUTO_0137,SENSEX2612281200CE,CE,BUY,20,522.2199999999999,595.75,1470.6,Auto-lightgbm-LimitChase,Target Hit (+50),CLOSED,0.6381211355775351,0.309,False,BSE-1768974753742-405,original
2026-01-21 11:22:41,2026-01-21 11:22:44,BSE,BSE_AUTO_0138,SENSEX2612281200CE,CE,BUY,20,515.8199999999999,615.65,1996.6,Auto-lightgbm-LimitChase,Target Hit (+50),CLOSED,0.6758072528845819,0.309,False,BSE-1768974761202-406,original
2026-01-21 11:22:59,2026-01-21 11:23:00,BSE,BSE_AUTO_0139,SENSEX2612281200CE,CE,BUY,20,511.57,610.3,1974.6,Auto-lightgbm-LimitChase,Target Hit (+50),CLOSED,0.7030609388871152,0.309,False,BSE-1768974779052-407,original
2026-01-21 11:23:15,2026-01-21 11:23:20,BSE,BSE_AUTO_0140,SENSEX2612281200CE,CE,BUY,20,525.12,612.95,1756.6,Auto-lightgbm-LimitChase,Target Hit (+50),CLOSED,0.6702897038738993,0.309,False,BSE-1768974795737-408,original
2026-01-21 11:23:23,2026-01-21 11:23:26,BSE,BSE_AUTO_0141,SENSEX2612281200CE,CE,BUY,20,529.92,614.25,1686.6,Auto-lightgbm-LimitChase,Target Hit (+50),CLOSED,0.6646533265205185,0.309,False,BSE-1768974803510-409,original
2026-01-21 11:23:27,2026-01-21 11:23:31,BSE,BSE_AUTO_0142,SENSEX2612281200CE,CE,BUY,20,527.5699999999999,622.0,1888.6,Auto-lightgbm-LimitChase,Target Hit (+50),CLOSED,0.6708380300178297,0.309,False,BSE-1768974807058-410,original
2026-01-21 11:23:37,2026-01-21 11:23:41,BSE,BSE_AUTO_0143,SENSEX2612281200CE,CE,BUY,20,528.5699999999999,613.95,1707.6,Auto-lightgbm-LimitChase,Target Hit (+50),CLOSED,0.7029554586440964,0.309,False,BSE-1768974817542-411,original
2026-01-21 11:25:47,2026-01-21 11:25:51,BSE,BSE_AUTO_0144,SENSEX2612281400CE,CE,BUY,20,493.42,441.25,-1043.4,Auto-lightgbm-LimitChase,Stop Loss (-50),CLOSED,0.7536187245687594,0.309,False,BSE-1768974947851-416,original
2026-01-21 11:26:16,2026-01-21 11:29:33,BSE,BSE_AUTO_0145,SENSEX2612281400CE,CE,BUY,20,483.32,427.0,-1126.4,Auto-lightgbm-LimitChase,Stop Loss (-50),CLOSED,0.7130168486984794,0.309,False,BSE-1768974976046-417,original
2026-01-21 11:29:01,2026-01-21 12:03:10,NSE,NSE_AUTO_0074,NIFTY26JAN24950CE,CE,BUY,65,262.32,296.0,2189.2,Auto-lightgbm-LimitChase,Target Hit (+25),CLOSED,0.6277643210521585,0.309,False,NSE-1768975141646-372,original
2026-01-21 11:30:11,2026-01-21 15:34:00,BSE,BSE_AUTO_0146,SENSEX2612281800PE,PE,BUY,20,179.8,230.0,1004.0,Auto-lightgbm-LimitChase,Target Hit (+50),CLOSED,0.7030234071735485,0.309,False,BSE-1768975211881-429,target_stop
2026-01-21 11:33:55,2026-01-21 12:03:10,NSE,NSE_AUTO_0075,NIFTY26JAN24950CE,CE,BUY,65,262.37,296.0,2185.95,Auto-lightgbm-LimitChase,Target Hit (+25),CLOSED,0.6247899062094687,0.309,False,NSE-1768975434394-388,original
2026-01-21 11:36:43,2026-01-21 11:41:23,BSE,BSE_AUTO_0147,SENSEX2612281400CE,CE,BUY,20,468.62,411.25,-1147.4,Auto-lightgbm-LimitChase,Stop Loss (-50),CLOSED,0.6426697358992234,0.309,False,BSE-1768975603576-445,original
2026-01-21 11:41:27,2026-01-21 11:42:27,BSE,BSE_AUTO_0148,SENSEX2612281300CE,CE,BUY,20,468.52,519.9,1027.6,Auto-lightgbm-LimitChase,Target Hit (+50),CLOSED,0.6315511485162772,0.309,False,BSE-1768975887429-464,original
2026-01-21 11:42:51,2026-01-21 11:44:22,BSE,BSE_AUTO_0149,SENSEX2612281300CE,CE,BUY,20,498.07,574.6,1530.6,Auto-lightgbm-LimitChase,Target Hit (+50),CLOSED,0.7138747629836495,0.309,False,BSE-1768975971511-466,original
2026-01-21 11:44:25,2026-01-21 11:51:48,BSE,BSE_AUTO_0150,SENSEX2612281400CE,CE,BUY,20,478.62,529.1,1009.6,Auto-lightgbm-LimitChase,Target Hit (+50),CLOSED,0.7682431620975717,0.309,False,BSE-1768976065749-473,original
2026-01-21 11:50:10,2026-01-21 11:51:43,BSE,BSE_AUTO_0151,SENSEX2612281300CE,CE,BUY,20,501.12,560.0,1177.6,Auto-lightgbm-LimitChase,Target Hit (+50),CLOSED,0.8794499711475754,0.309,False,BSE-1768976407345-487,original
2026-01-21 11:52:42,2026-01-21 11:52:46,BSE,BSE_AUTO_0152,SENSEX2612281300CE,CE,BUY,20,509.32,572.5,1263.6,Auto-lightgbm-LimitChase,Target Hit (+50),CLOSED,0.6531861124945105,0.309,False,BSE-1768976562089-491,original
2026-01-21 11:53:01,2026-01-21 11:53:01,BSE,BSE_AUTO_0153,SENSEX2612281300CE,CE,BUY,20,500.02,565.9,1317.6,Auto-lightgbm-LimitChase,Target Hit (+50),CLOSED,0.6326886378192812,0.309,False,BSE-1768976581511-492,original
2026-01-21 11:53:15,2026-01-21 11:53:17,BSE,BSE_AUTO_0154,SENSEX2612281300CE,CE,BUY,20,491.87,577.0,1702.6,Auto-lightgbm-LimitChase,Target Hit (+50),CLOSED,0.6345599655504449,0.309,False,BSE-1768976595445-493,original
2026-01-21 11:53:27,2026-01-21 11:53:32,BSE,BSE_AUTO_0155,SENSEX2612281300CE,CE,BUY,20,497.42,569.95,1450.6,Auto-lightgbm-LimitChase,Target Hit (+50),CLOSED,0.6345599655504449,0.309,False,BSE-1768976607786-494,original
2026-01-21 11:53:57,2026-01-21 11:54:10,BSE,BSE_AUTO_0156,SENSEX2612281300CE,CE,BUY,20,516.12,567.35,1024.6,Auto-lightgbm-LimitChase,Target Hit (+50),CLOSED,0.6183926899910356,0.309,False,BSE-1768976637004-496,original
2026-01-21 11:54:46,2026-01-21 12:00:45,BSE,BSE_AUTO_0157,SENSEX2612281300CE,CE,BUY,20,515.62,585.8,1403.6,Auto-lightgbm-LimitChase,Target Hit (+50),CLOSED,0.6236935925835072,0.309,False,BSE-1768976686281-501,original
2026-01-21 11:59:46,2026-01-21 12:02:24,BSE,BSE_AUTO_0158,SENSEX2612281400CE,CE,BUY,20,472.02,523.75,1034.6,Auto-lightgbm-LimitChase,Target Hit (+50),CLOSED,0.7738119689868562,0.309,False,BSE-1768976986729-513,original
2026-01-21 12:02:37,2026-01-21 12:02:40,BSE,BSE_AUTO_0159,SENSEX2612281400CE,CE,BUY,20,468.12,521.1,1059.6,Auto-lightgbm-LimitChase,Target Hit (+50),CLOSED,0.9088926340072134,0.309,False,BSE-1768977157126-522,original
2026-01-21 12:03:10,2026-01-21 12:03:11,BSE,BSE_AUTO_0160,SENSEX2612281400CE,CE,BUY,20,471.27,588.45,2343.6,Auto-lightgbm-LimitChase,Target Hit (+50),CLOSED,0.780448719985394,0.309,False,BSE-1768977190302-523,original
2026-01-21 12:03:19,2026-01-21 12:03:23,NSE,NSE_AUTO_0076,NIFTY26JAN24950CE,CE,BUY,65,270.62,299.25,1860.95,Auto-lightgbm-LimitChase,Target Hit (+25),CLOSED,0.6361853655392187,0.309,False,NSE-1768977199835-478,original
2026-01-21 12:03:26,2026-01-21 12:05:53,NSE,NSE_AUTO_0077,NIFTY26JAN25000CE,CE,BUY,65,246.62,272.15,1659.45,Auto-lightgbm-LimitChase,Target Hit (+25),CLOSED,0.678237973798541,0.309,False,NSE-1768977206845-479,original
2026-01-21 12:03:47,2026-01-21 14:45:00,BSE,BSE_AUTO_0161,SENSEX2612281500CE,CE,BUY,20,764.5,835.9,1428.0,Auto-lightgbm-LimitChase,Target Hit (+50),CLOSED,0.6782043004405066,0.309,False,BSE-1768977227838-524,target_stop
2026-01-21 12:04:10,2026-01-21 12:04:12,BSE,BSE_AUTO_0162,SENSEX2612281400CE,CE,BUY,20,497.57,566.9,1386.6,Auto-lightgbm-LimitChase,Target Hit (+50),CLOSED,0.8188603842165096,0.309,False,BSE-1768977250335-525,original
2026-01-21 12:04:14,2026-01-21 12:04:18,BSE,BSE_AUTO_0163,SENSEX2612281400CE,CE,BUY,20,503.87,575.9,1440.6,Auto-lightgbm-LimitChase,Target Hit (+50),CLOSED,0.8644058758103225,0.309,False,BSE-1768977254207-526,original
2026-01-21 12:05:10,2026-01-21 12:05:10,BSE,BSE_AUTO_0164,SENSEX2612281400CE,CE,BUY,20,498.22,593.95,1914.6,Auto-lightgbm-LimitChase,Target Hit (+50),CLOSED,0.6638982164521359,0.309,False,BSE-1768977305854-527,original
2026-01-21 12:05:13,2026-01-21 12:05:15,BSE,BSE_AUTO_0165,SENSEX2612281400CE,CE,BUY,20,498.92,609.45,2210.6,Auto-lightgbm-LimitChase,Target Hit (+50),CLOSED,0.6449454837859082,0.309,False,BSE-1768977313365-528,original
2026-01-21 12:05:16,2026-01-21 12:05:20,BSE,BSE_AUTO_0166,SENSEX2612281400CE,CE,BUY,20,504.47,600.4,1918.6,Auto-lightgbm-LimitChase,Target Hit (+50),CLOSED,0.647795407654875,0.309,False,BSE-1768977316889-529,original
2026-01-21 12:05:26,2026-01-21 12:05:31,BSE,BSE_AUTO_0167,SENSEX2612281400CE,CE,BUY,20,474.32,605.85,2630.6,Auto-lightgbm-LimitChase,Target Hit (+50),CLOSED,0.627311753558889,0.309,False,BSE-1768977326898-530,original
2026-01-21 12:05:55,2026-01-21 12:05:56,BSE,BSE_AUTO_0168,SENSEX2612281400CE,CE,BUY,20,495.77,622.0,2524.6,Auto-lightgbm-LimitChase,Target Hit (+50),CLOSED,0.6705642930473656,0.309,False,BSE-1768977355440-531,original
2026-01-21 12:06:03,2026-01-21 12:06:12,BSE,BSE_AUTO_0169,SENSEX2612281400CE,CE,BUY,20,494.07,596.95,2057.6,Auto-lightgbm-LimitChase,Target Hit (+50),CLOSED,0.6432579103126669,0.309,False,BSE-1768977363713-532,original
2026-01-21 12:06:12,2026-01-21 12:06:13,BSE,BSE_AUTO_0170,SENSEX2612281400CE,CE,BUY,20,486.67,598.75,2241.6,Auto-lightgbm-LimitChase,Target Hit (+50),CLOSED,0.655767614672039,0.309,False,BSE-1768977367249-533,original
2026-01-21 12:06:22,2026-01-21 12:06:23,BSE,BSE_AUTO_0171,SENSEX2612281400CE,CE,BUY,20,468.27,584.1,2316.6,Auto-lightgbm-LimitChase,Target Hit (+50),CLOSED,0.6043567503420655,0.309,False,BSE-1768977382597-534,original
2026-01-21 12:06:33,2026-01-21 12:06:33,BSE,BSE_AUTO_0172,SENSEX2612281400CE,CE,BUY,20,461.92,595.9,2679.6,Auto-lightgbm-LimitChase,Target Hit (+50),CLOSED,0.6202776267815583,0.309,False,BSE-1768977393089-535,original
2026-01-21 12:06:36,2026-01-21 12:06:39,NSE,NSE_AUTO_0078,NIFTY26JAN24950CE,CE,BUY,65,263.12,304.0,2657.2,Auto-lightgbm-LimitChase,Target Hit (+25),CLOSED,0.8533081518131526,0.309,False,NSE-1768977396705-485,original
2026-01-21 12:06:43,2026-01-21 12:06:45,NSE,NSE_AUTO_0079,NIFTY26JAN24950CE,CE,BUY,65,265.22,302.4,2416.7,Auto-lightgbm-LimitChase,Target Hit (+25),CLOSED,0.7580148291831372,0.309,False,NSE-1768977403760-486,original
2026-01-21 12:06:47,2026-01-21 12:06:49,BSE,BSE_AUTO_0173,SENSEX2612281400CE,CE,BUY,20,473.12,602.5,2587.6,Auto-lightgbm-LimitChase,Target Hit (+50),CLOSED,0.6734913707557119,0.309,False,BSE-1768977407587-536,original
2026-01-21 12:06:58,2026-01-21 12:07:09,NSE,NSE_AUTO_0080,NIFTY26JAN24950CE,CE,BUY,65,262.87,303.55,2644.2,Auto-lightgbm-LimitChase,Target Hit (+25),CLOSED,0.8234477974356101,0.309,False,NSE-1768977418457-487,original
2026-01-21 12:07:18,2026-01-21 12:07:22,NSE,NSE_AUTO_0081,NIFTY26JAN24950CE,CE,BUY,65,265.57,302.6,2406.95,Auto-lightgbm-LimitChase,Target Hit (+25),CLOSED,0.759580571965549,0.309,False,NSE-1768977438796-488,original
2026-01-21 12:07:35,2026-01-21 12:07:35,BSE,BSE_AUTO_0174,SENSEX2612281400CE,CE,BUY,20,474.72,592.05,2346.6,Auto-lightgbm-LimitChase,Target Hit (+50),CLOSED,0.6467305726071184,0.309,False,BSE-1768977455174-537,original
2026-01-21 12:07:58,2026-01-21 12:08:09,BSE,BSE_AUTO_0175,SENSEX2612281400CE,CE,BUY,20,462.72,568.85,2122.6,Auto-lightgbm-LimitChase,Target Hit (+50),CLOSED,0.6136717177042653,0.309,False,BSE-1768977478355-538,original
2026-01-21 12:08:23,2026-01-21 12:08:25,BSE,BSE_AUTO_0176,SENSEX2612281400CE,CE,BUY,20,449.87,581.85,2639.6,Auto-lightgbm-LimitChase,Target Hit (+50),CLOSED,0.6199334208022494,0.309,False,BSE-1768977503785-539,original
2026-01-21 12:08:44,2026-01-21 12:08:49,NSE,NSE_AUTO_0082,NIFTY26JAN24950CE,CE,BUY,65,255.02,298.7,2839.2,Auto-lightgbm-LimitChase,Target Hit (+25),CLOSED,0.6278067275826001,0.309,False,NSE-1768977524448-494,original
2026-01-21 12:09:54,2026-01-21 12:09:57,BSE,BSE_AUTO_0177,SENSEX2612281400CE,CE,BUY,20,474.07,586.9,2256.6,Auto-lightgbm-LimitChase,Target Hit (+50),CLOSED,0.6717764546085333,0.309,False,BSE-1768977594946-542,original
2026-01-21 12:09:58,2026-01-21 12:10:05,BSE,BSE_AUTO_0178,SENSEX2612281400CE,CE,BUY,20,476.22,588.7,2249.6,Auto-lightgbm-LimitChase,Target Hit (+50),CLOSED,0.6074364036976901,0.309,False,BSE-1768977598454-543,original
2026-01-21 12:10:14,2026-01-21 12:10:18,BSE,BSE_AUTO_0179,SENSEX2612281400CE,CE,BUY,20,471.97,587.6,2312.6,Auto-lightgbm-LimitChase,Target Hit (+50),CLOSED,0.6770852529272575,0.309,False,BSE-1768977614791-544,original
2026-01-21 12:11:13,2026-01-21 12:11:15,BSE,BSE_AUTO_0180,SENSEX2612281400CE,CE,BUY,20,468.42,571.2,2055.6,Auto-lightgbm-LimitChase,Target Hit (+50),CLOSED,0.6920699930069419,0.309,False,BSE-1768977672989-545,original
2026-01-21 12:11:49,2026-01-21 12:11:53,NSE,NSE_AUTO_0083,NIFTY26JAN24950CE,CE,BUY,65,264.42,299.55,2283.45,Auto-lightgbm-LimitChase,Target Hit (+25),CLOSED,0.6171652853418291,0.309,False,NSE-1768977709747-508,original
2026-01-21 12:12:17,2026-01-21 12:12:22,NSE,NSE_AUTO_0084,NIFTY26JAN24950CE,CE,BUY,65,268.37,305.35,2403.7,Auto-lightgbm-LimitChase,Target Hit (+25),CLOSED,0.6517805933875066,0.309,False,NSE-1768977737350-509,original
2026-01-21 12:12:30,2026-01-21 12:12:34,NSE,NSE_AUTO_0085,NIFTY26JAN25000CE,CE,BUY,65,241.17,267.75,1727.7,Auto-lightgbm-LimitChase,Target Hit (+25),CLOSED,0.6492359167487981,0.309,False,NSE-1768977750611-510,original
2026-01-21 12:12:43,2026-01-21 12:12:45,BSE,BSE_AUTO_0181,SENSEX2612281400CE,CE,BUY,20,512.52,595.45,1658.6,Auto-lightgbm-LimitChase,Target Hit (+50),CLOSED,0.7167190462702796,0.309,False,BSE-1768977763287-546,original
2026-01-21 12:13:16,2026-01-21 12:13:16,BSE,BSE_AUTO_0182,SENSEX2612281400CE,CE,BUY,20,498.62,607.15,2170.6,Auto-lightgbm-LimitChase,Target Hit (+50),CLOSED,0.777605137446285,0.309,False,BSE-1768977796293-547,original
2026-01-21 12:13:20,2026-01-21 12:13:48,NSE,NSE_AUTO_0086,NIFTY26JAN25000CE,CE,BUY,65,240.27,266.1,1678.95,Auto-lightgbm-LimitChase,Target Hit (+25),CLOSED,0.6031993820982914,0.309,False,NSE-1768977800352-513,original
2026-01-21 12:13:27,2026-01-21 14:45:00,BSE,BSE_AUTO_0183,SENSEX2612281500CE,CE,BUY,20,764.5,835.9,1428.0,Auto-lightgbm-LimitChase,Target Hit (+50),CLOSED,0.6640240960566652,0.309,False,BSE-1768977807638-548,target_stop
2026-01-21 12:13:55,2026-01-21 14:45:00,BSE,BSE_AUTO_0184,SENSEX2612281500CE,CE,BUY,20,764.5,835.9,1428.0,Auto-lightgbm-LimitChase,Target Hit (+50),CLOSED,0.6273970362331758,0.309,False,BSE-1768977835290-550,target_stop
2026-01-21 12:13:59,2026-01-21 14:45:00,BSE,BSE_AUTO_0185,SENSEX2612281500CE,CE,BUY,20,764.5,835.9,1428.0,Auto-lightgbm-LimitChase,Target Hit (+50),CLOSED,0.6224675561563088,0.309,False,BSE-1768977839068-551,target_stop
2026-01-21 12:14:09,2026-01-21 12:14:57,NSE,NSE_AUTO_0087,NIFTY26JAN25000CE,CE,BUY,65,244.92,271.4,1721.2,Auto-lightgbm-LimitChase,Target Hit (+25),CLOSED,0.6271030626655533,0.309,False,NSE-1768977842716-514,original
2026-01-21 12:14:10,2026-01-21 14:45:00,BSE,BSE_AUTO_0186,SENSEX2612281500CE,CE,BUY,20,764.5,835.9,1428.0,Auto-lightgbm-LimitChase,Target Hit (+50),CLOSED,0.6086939185747458,0.309,False,BSE-1768977850055-552,target_stop
2026-01-21 12:14:19,2026-01-21 14:45:00,BSE,BSE_AUTO_0187,SENSEX2612281500CE,CE,BUY,20,764.5,835.9,1428.0,Auto-lightgbm-LimitChase,Target Hit (+50),CLOSED,0.6521304377314322,0.309,False,BSE-1768977859618-553,target_stop
2026-01-21 12:14:33,2026-01-21 14:45:00,BSE,BSE_AUTO_0188,SENSEX2612281500CE,CE,BUY,20,764.5,835.9,1428.0,Auto-lightgbm-LimitChase,Target Hit (+50),CLOSED,0.6712721779440592,0.309,False,BSE-1768977873378-555,target_stop
2026-01-21 12:14:36,2026-01-21 14:45:00,BSE,BSE_AUTO_0189,SENSEX2612281500CE,CE,BUY,20,764.5,835.9,1428.0,Auto-lightgbm-LimitChase,Target Hit (+50),CLOSED,0.6847504606021967,0.309,False,BSE-1768977876846-556,target_stop
2026-01-21 12:15:09,2026-01-21 12:19:00,NSE,NSE_AUTO_0088,NIFTY26JAN25000CE,CE,BUY,65,259.47,296.35,2397.2,Auto-lightgbm-LimitChase,Target Hit (+25),CLOSED,0.6331981226413033,0.309,False,NSE-1768977908521-518,original
2026-01-21 12:15:19,2026-01-21 14:45:00,BSE,BSE_AUTO_0190,SENSEX2612281500CE,CE,BUY,20,764.5,835.9,1428.0,Auto-lightgbm-LimitChase,Target Hit (+50),CLOSED,0.744366620178791,0.309,False,BSE-1768977919660-558,target_stop
2026-01-21 12:18:36,2026-01-21 14:46:00,BSE,BSE_AUTO_0191,SENSEX2612281600CE,CE,BUY,20,748.2,652.15,-1921.0,Auto-lightgbm-LimitChase,Stop Loss (-50),CLOSED,0.6526623158900667,0.309,False,BSE-1768978116363-571,target_stop
2026-01-21 12:18:56,2026-01-21 14:46:00,BSE,BSE_AUTO_0192,SENSEX2612281600CE,CE,BUY,20,748.2,652.15,-1921.0,Auto-lightgbm-LimitChase,Stop Loss (-50),CLOSED,0.6327455513278395,0.309,False,BSE-1768978136186-573,target_stop
2026-01-21 12:19:09,2026-01-21 12:19:11,NSE,NSE_AUTO_0089,NIFTY26JAN25000CE,CE,BUY,65,261.77000000000004,303.15,2689.7,Auto-lightgbm-LimitChase,Target Hit (+25),CLOSED,0.659055582128966,0.309,False,NSE-1768978149766-527,original
2026-01-21 12:19:16,2026-01-21 14:46:00,BSE,BSE_AUTO_0193,SENSEX2612281600CE,CE,BUY,20,748.2,652.15,-1921.0,Auto-lightgbm-LimitChase,Stop Loss (-50),CLOSED,0.6121596502181751,0.309,False,BSE-1768978155985-575,target_stop
2026-01-21 12:19:34,2026-01-21 12:19:34,NSE,NSE_AUTO_0090,NIFTY26JAN25000CE,CE,BUY,65,261.57,300.25,2514.2,Auto-lightgbm-LimitChase,Target Hit (+25),CLOSED,0.6142202413093582,0.309,False,NSE-1768978174645-528,original
2026-01-21 12:21:00,2026-01-21 14:45:00,BSE,BSE_AUTO_0194,SENSEX2612281500CE,CE,BUY,20,764.5,835.9,1428.0,Auto-lightgbm-LimitChase,Target Hit (+50),CLOSED,0.7478591598003362,0.309,False,BSE-1768978259967-578,target_stop
2026-01-21 12:21:35,2026-01-21 14:46:00,BSE,BSE_AUTO_0195,SENSEX2612281600CE,CE,BUY,20,748.2,652.15,-1921.0,Auto-lightgbm-LimitChase,Stop Loss (-50),CLOSED,0.6635060765683661,0.309,False,BSE-1768978295845-579,target_stop
2026-01-21 12:21:58,2026-01-21 12:21:59,NSE,NSE_AUTO_0091,NIFTY26JAN25000CE,CE,BUY,65,259.97,289.55,1922.7,Auto-lightgbm-LimitChase,Target Hit (+25),CLOSED,0.6387271375249651,0.309,False,NSE-1768978318749-537,original
2026-01-21 12:22:11,2026-01-21 14:45:00,BSE,BSE_AUTO_0196,SENSEX2612281500CE,CE,BUY,20,764.5,835.9,1428.0,Auto-lightgbm-LimitChase,Target Hit (+50),CLOSED,0.7282943430430165,0.309,False,BSE-1768978331267-580,target_stop
2026-01-21 12:22:21,2026-01-21 14:46:00,BSE,BSE_AUTO_0197,SENSEX2612281600CE,CE,BUY,20,748.2,652.15,-1921.0,Auto-lightgbm-LimitChase,Stop Loss (-50),CLOSED,0.6042189617432918,0.309,False,BSE-1768978341614-581,target_stop
2026-01-21 12:22:30,2026-01-21 12:22:33,NSE,NSE_AUTO_0092,NIFTY26JAN25000CE,CE,BUY,65,257.37,290.65,2163.2,Auto-lightgbm-LimitChase,Target Hit (+25),CLOSED,0.7636358394231199,0.309,False,NSE-1768978350945-539,original
2026-01-21 12:22:34,2026-01-21 14:46:00,BSE,BSE_AUTO_0198,SENSEX2612281600CE,CE,BUY,20,748.2,652.15,-1921.0,Auto-lightgbm-LimitChase,Stop Loss (-50),CLOSED,0.6258803139431688,0.309,False,BSE-1768978354401-582,target_stop
2026-01-21 12:22:43,2026-01-21 14:46:00,BSE,BSE_AUTO_0199,SENSEX2612281600CE,CE,BUY,20,748.2,652.15,-1921.0,Auto-lightgbm-LimitChase,Stop Loss (-50),CLOSED,0.6866926361703225,0.309,False,BSE-1768978363796-583,target_stop
2026-01-21 12:23:10,2026-01-21 14:45:00,BSE,BSE_AUTO_0200,SENSEX2612281500CE,CE,BUY,20,764.5,835.9,1428.0,Auto-lightgbm-LimitChase,Target Hit (+50),CLOSED,0.7922821516290142,0.309,False,BSE-1768978387307-584,target_stop
2026-01-21 12:23:17,2026-01-21 14:45:00,BSE,BSE_AUTO_0201,SENSEX2612281500CE,CE,BUY,20,764.5,835.9,1428.0,Auto-lightgbm-LimitChase,Target Hit (+50),CLOSED,0.8093130908749527,0.309,False,BSE-1768978397429-585,target_stop
2026-01-21 12:23:21,2026-01-21 14:46:00,BSE,BSE_AUTO_0202,SENSEX2612281600CE,CE,BUY,20,748.2,652.15,-1921.0,Auto-lightgbm-LimitChase,Stop Loss (-50),CLOSED,0.6882985454572177,0.309,False,BSE-1768978401143-586,target_stop
2026-01-21 12:23:38,2026-01-21 14:46:00,BSE,BSE_AUTO_0203,SENSEX2612281600CE,CE,BUY,20,748.2,652.15,-1921.0,Auto-lightgbm-LimitChase,Stop Loss (-50),CLOSED,0.7274470212470995,0.309,False,BSE-1768978418084-588,target_stop
2026-01-21 12:23:42,2026-01-21 14:46:00,BSE,BSE_AUTO_0204,SENSEX2612281600CE,CE,BUY,20,748.2,652.15,-1921.0,Auto-lightgbm-LimitChase,Stop Loss (-50),CLOSED,0.7274470212470995,0.309,False,BSE-1768978421986-589,target_stop
2026-01-21 12:23:47,2026-01-21 12:23:48,NSE,NSE_AUTO_0093,NIFTY26JAN25000CE,CE,BUY,65,261.62,309.25,3095.95,Auto-lightgbm-LimitChase,Target Hit (+25),CLOSED,0.7861881147690903,0.309,False,NSE-1768978427710-540,original
2026-01-21 12:23:51,2026-01-21 12:23:54,NSE,NSE_AUTO_0094,NIFTY26JAN25000CE,CE,BUY,65,265.87,308.0,2738.45,Auto-lightgbm-LimitChase,Target Hit (+25),CLOSED,0.8160295970106356,0.309,False,NSE-1768978431462-541,original
2026-01-21 12:24:10,2026-01-21 14:46:00,BSE,BSE_AUTO_0205,SENSEX2612281600CE,CE,BUY,20,748.2,652.15,-1921.0,Auto-lightgbm-LimitChase,Stop Loss (-50),CLOSED,0.7301191180191576,0.309,False,BSE-1768978450369-590,target_stop
2026-01-21 12:24:22,2026-01-21 12:24:23,NSE,NSE_AUTO_0095,NIFTY26JAN25000CE,CE,BUY,65,264.47,305.85,2689.7,Auto-lightgbm-LimitChase,Target Hit (+25),CLOSED,0.8228119303592161,0.309,False,NSE-1768978462725-542,original
2026-01-21 12:24:29,2026-01-21 14:46:00,BSE,BSE_AUTO_0206,SENSEX2612281600CE,CE,BUY,20,748.2,652.15,-1921.0,Auto-lightgbm-LimitChase,Stop Loss (-50),CLOSED,0.738897893247111,0.309,False,BSE-1768978469938-591,target_stop
2026-01-21 12:24:39,2026-01-21 14:46:00,BSE,BSE_AUTO_0207,SENSEX2612281600CE,CE,BUY,20,748.2,652.15,-1921.0,Auto-lightgbm-LimitChase,Stop Loss (-50),CLOSED,0.7097103208950204,0.309,False,BSE-1768978479105-592,target_stop
2026-01-21 12:24:43,2026-01-21 12:24:46,NSE,NSE_AUTO_0096,NIFTY26JAN25000CE,CE,BUY,65,268.37,307.7,2556.45,Auto-lightgbm-LimitChase,Target Hit (+25),CLOSED,0.6502503806853724,0.309,False,NSE-1768978482991-543,original
2026-01-21 12:24:46,2026-01-21 14:46:00,BSE,BSE_AUTO_0208,SENSEX2612281600CE,CE,BUY,20,748.2,652.15,-1921.0,Auto-lightgbm-LimitChase,Stop Loss (-50),CLOSED,0.7308939211462642,0.309,False,BSE-1768978486592-593,target_stop
2026-01-21 12:24:50,2026-01-21 14:46:00,BSE,BSE_AUTO_0209,SENSEX2612281600CE,CE,BUY,20,748.2,652.15,-1921.0,Auto-lightgbm-LimitChase,Stop Loss (-50),CLOSED,0.6903554685159966,0.309,False,BSE-1768978490165-594,target_stop
2026-01-21 12:24:56,2026-01-21 12:24:57,NSE,NSE_AUTO_0097,NIFTY26JAN25000CE,CE,BUY,65,261.97,308.95,3053.7,Auto-lightgbm-LimitChase,Target Hit (+25),CLOSED,0.6769100993686632,0.309,False,NSE-1768978496082-544,original
2026-01-21 12:25:32,2026-01-21 14:46:00,BSE,BSE_AUTO_0210,SENSEX2612281600CE,CE,BUY,20,748.2,652.15,-1921.0,Auto-lightgbm-LimitChase,Stop Loss (-50),CLOSED,0.7024240101176924,0.309,False,BSE-1768978532289-595,target_stop
2026-01-21 12:25:44,2026-01-21 12:25:49,NSE,NSE_AUTO_0098,NIFTY26JAN25000CE,CE,BUY,65,265.87,296.1,1964.95,Auto-lightgbm-LimitChase,Target Hit (+25),CLOSED,0.7863809168602769,0.309,False,NSE-1768978544444-545,original
2026-01-21 12:26:01,2026-01-21 14:46:00,BSE,BSE_AUTO_0211,SENSEX2612281600CE,CE,BUY,20,748.2,652.15,-1921.0,Auto-lightgbm-LimitChase,Stop Loss (-50),CLOSED,0.745022234016403,0.309,False,BSE-1768978561151-596,target_stop
2026-01-21 12:26:10,2026-01-21 14:46:00,BSE,BSE_AUTO_0212,SENSEX2612281600CE,CE,BUY,20,748.2,652.15,-1921.0,Auto-lightgbm-LimitChase,Stop Loss (-50),CLOSED,0.7270416363482987,0.309,False,BSE-1768978564717-597,target_stop
2026-01-21 12:26:10,2026-01-21 14:46:00,BSE,BSE_AUTO_0213,SENSEX2612281600CE,CE,BUY,20,748.2,652.15,-1921.0,Auto-lightgbm-LimitChase,Stop Loss (-50),CLOSED,0.7603638889987245,0.309,False,BSE-1768978568248-598,target_stop
2026-01-21 12:26:19,2026-01-21 14:46:00,BSE,BSE_AUTO_0214,SENSEX2612281600CE,CE,BUY,20,748.2,652.15,-1921.0,Auto-lightgbm-LimitChase,Stop Loss (-50),CLOSED,0.7654057395991967,0.309,False,BSE-1768978579908-599,target_stop
2026-01-21 12:26:25,2026-01-21 12:26:58,NSE,NSE_AUTO_0099,NIFTY26JAN25050CE,CE,BUY,65,234.47,259.8,1646.45,Auto-lightgbm-LimitChase,Target Hit (+25),CLOSED,0.95,0.309,False,NSE-1768978585677-547,original
2026-01-21 12:26:49,2026-01-21 14:46:00,BSE,BSE_AUTO_0215,SENSEX2612281600CE,CE,BUY,20,748.2,652.15,-1921.0,Auto-lightgbm-LimitChase,Stop Loss (-50),CLOSED,0.7513066410923089,0.309,False,BSE-1768978609460-600,target_stop
2026-01-21 12:26:56,2026-01-21 14:46:00,BSE,BSE_AUTO_0216,SENSEX2612281600CE,CE,BUY,20,748.2,652.15,-1921.0,Auto-lightgbm-LimitChase,Stop Loss (-50),CLOSED,0.7421515266876191,0.309,False,BSE-1768978616580-602,target_stop
2026-01-21 12:27:10,2026-01-21 14:46:00,BSE,BSE_AUTO_0217,SENSEX2612281600CE,CE,BUY,20,748.2,652.15,-1921.0,Auto-lightgbm-LimitChase,Stop Loss (-50),CLOSED,0.7642124125290657,0.309,False,BSE-1768978629951-603,target_stop
2026-01-21 12:27:40,2026-01-21 14:46:00,BSE,BSE_AUTO_0218,SENSEX2612281600CE,CE,BUY,20,748.2,652.15,-1921.0,Auto-lightgbm-LimitChase,Stop Loss (-50),CLOSED,0.6715046749899072,0.309,False,BSE-1768978660108-604,target_stop
2026-01-21 12:27:43,2026-01-21 14:46:00,BSE,BSE_AUTO_0219,SENSEX2612281600CE,CE,BUY,20,748.2,652.15,-1921.0,Auto-lightgbm-LimitChase,Stop Loss (-50),CLOSED,0.6933954865427266,0.309,False,BSE-1768978663746-605,target_stop
2026-01-21 12:27:50,2026-01-21 12:30:39,NSE,NSE_AUTO_0100,NIFTY26JAN25050CE,CE,BUY,65,233.57,271.95,2494.7,Auto-lightgbm-LimitChase,Target Hit (+25),CLOSED,0.95,0.309,False,NSE-1768978670345-549,original
2026-01-21 12:28:13,2026-01-21 14:46:00,BSE,BSE_AUTO_0220,SENSEX2612281600CE,CE,BUY,20,748.2,652.15,-1921.0,Auto-lightgbm-LimitChase,Stop Loss (-50),CLOSED,0.6591261774917186,0.309,False,BSE-1768978693799-606,target_stop
2026-01-21 12:30:59,2026-01-21 12:37:49,NSE,NSE_AUTO_0101,NIFTY26JAN25050CE,CE,BUY,65,263.57,288.75,1636.7,Auto-lightgbm-LimitChase,Target Hit (+25),CLOSED,0.95,0.309,False,NSE-1768978859493-561,original
2026-01-21 12:31:16,2026-01-21 14:46:00,BSE,BSE_AUTO_0221,SENSEX2612281700CE,CE,BUY,20,672.05,585.6,-1729.0,Auto-lightgbm-LimitChase,Stop Loss (-50),CLOSED,0.7701404462708221,0.309,False,BSE-1768978876029-609,target_stop
2026-01-21 12:35:16,2026-01-21 14:49:00,BSE,BSE_AUTO_0222,SENSEX2612282100PE,PE,BUY,20,288.4,230.2,-1164.0,Auto-lightgbm-LimitChase,Stop Loss (-50),CLOSED,0.6151478281461612,0.309,False,BSE-1768979116491-618,target_stop
2026-01-21 12:35:59,2026-01-21 12:38:53,NSE,NSE_AUTO_0102,NIFTY26JAN25100CE,CE,BUY,65,234.12,259.15,1626.95,Auto-lightgbm-LimitChase,Target Hit (+25),CLOSED,0.9474041922067996,0.309,False,NSE-1768979159936-576,original
2026-01-21 12:36:14,2026-01-21 14:49:00,BSE,BSE_AUTO_0223,SENSEX2612282200PE,PE,BUY,20,332.85,267.25,-1312.0,Auto-lightgbm-LimitChase,Stop Loss (-50),CLOSED,0.6518738349174745,0.309,False,BSE-1768979174742-622,target_stop
2026-01-21 12:39:16,2026-01-21 12:39:16,NSE,NSE_AUTO_0103,NIFTY26JAN25050CE,CE,BUY,65,250.62,301.15,3284.45,Auto-lightgbm-LimitChase,Target Hit (+25),CLOSED,0.7288551256759892,0.309,False,NSE-1768979355956-583,original
2026-01-21 12:39:26,2026-01-21 14:49:00,BSE,BSE_AUTO_0224,SENSEX2612282100PE,PE,BUY,20,288.4,230.2,-1164.0,Auto-lightgbm-LimitChase,Stop Loss (-50),CLOSED,0.6055356945957765,0.309,False,BSE-1768979366279-633,target_stop
2026-01-21 12:39:30,2026-01-21 12:39:34,NSE,NSE_AUTO_0104,NIFTY26JAN25050CE,CE,BUY,65,240.52,309.8,4503.2,Auto-lightgbm-LimitChase,Target Hit (+25),CLOSED,0.7533692111753124,0.309,False,NSE-1768979370308-584,original
2026-01-21 12:39:37,2026-01-21 12:39:39,NSE,NSE_AUTO_0105,NIFTY26JAN25050CE,CE,BUY,65,238.02,311.1,4750.2,Auto-lightgbm-LimitChase,Target Hit (+25),CLOSED,0.742163932756183,0.309,False,NSE-1768979377685-585,original
2026-01-21 12:40:00,2026-01-21 14:46:00,BSE,BSE_AUTO_0225,SENSEX2612281700CE,CE,BUY,20,672.05,585.6,-1729.0,Auto-lightgbm-LimitChase,Stop Loss (-50),CLOSED,0.6502010653441939,0.309,False,BSE-1768979400409-637,target_stop
2026-01-21 12:41:14,2026-01-21 12:41:17,NSE,NSE_AUTO_0106,NIFTY26JAN25050CE,CE,BUY,65,233.77,304.3,4584.45,Auto-lightgbm-LimitChase,Target Hit (+25),CLOSED,0.7120811583801123,0.309,False,NSE-1768979474062-587,original
2026-01-21 12:41:53,2026-01-21 12:41:58,NSE,NSE_AUTO_0107,NIFTY26JAN25050CE,CE,BUY,65,244.62,321.45,4993.95,Auto-lightgbm-LimitChase,Target Hit (+25),CLOSED,0.6409463782965964,0.309,False,NSE-1768979513358-588,original
2026-01-21 12:42:12,2026-01-21 12:42:15,NSE,NSE_AUTO_0108,NIFTY26JAN25050CE,CE,BUY,65,245.07,308.95,4152.2,Auto-lightgbm-LimitChase,Target Hit (+25),CLOSED,0.6479711356344027,0.309,False,NSE-1768979532136-589,original
2026-01-21 12:42:15,2026-01-21 12:42:21,NSE,NSE_AUTO_0109,NIFTY26JAN25050CE,CE,BUY,65,245.62,308.5,4087.2,Auto-lightgbm-LimitChase,Target Hit (+25),CLOSED,0.6462754431220205,0.309,False,NSE-1768979535921-590,original
2026-01-21 12:42:19,2026-01-21 14:46:00,BSE,BSE_AUTO_0226,SENSEX2612281700CE,CE,BUY,20,672.05,585.6,-1729.0,Auto-lightgbm-LimitChase,Stop Loss (-50),CLOSED,0.6449803974383937,0.309,False,BSE-1768979539701-650,target_stop
2026-01-21 12:42:34,2026-01-21 12:42:38,NSE,NSE_AUTO_0110,NIFTY26JAN25050CE,CE,BUY,65,248.17,300.45,3398.2,Auto-lightgbm-LimitChase,Target Hit (+25),CLOSED,0.6300215573861186,0.309,False,NSE-1768979554736-591,original
2026-01-21 12:42:47,2026-01-21 14:46:00,BSE,BSE_AUTO_0227,SENSEX2612281700CE,CE,BUY,20,672.05,585.6,-1729.0,Auto-lightgbm-LimitChase,Stop Loss (-50),CLOSED,0.7492176236123689,0.309,False,BSE-1768979567909-651,target_stop
2026-01-21 12:42:51,2026-01-21 14:46:00,BSE,BSE_AUTO_0228,SENSEX2612281700CE,CE,BUY,20,672.05,585.6,-1729.0,Auto-lightgbm-LimitChase,Stop Loss (-50),CLOSED,0.7710320618969451,0.309,False,BSE-1768979571430-652,target_stop
2026-01-21 12:42:56,2026-01-21 12:43:01,NSE,NSE_AUTO_0111,NIFTY26JAN25050CE,CE,BUY,65,256.32,302.55,3004.95,Auto-lightgbm-LimitChase,Target Hit (+25),CLOSED,0.7394261031555942,0.309,False,NSE-1768979576941-593,original
2026-01-21 12:43:00,2026-01-21 14:46:00,BSE,BSE_AUTO_0229,SENSEX2612281700CE,CE,BUY,20,672.05,585.6,-1729.0,Auto-lightgbm-LimitChase,Stop Loss (-50),CLOSED,0.7972597059255031,0.309,False,BSE-1768979580526-653,target_stop
2026-01-21 12:43:18,2026-01-21 12:43:18,NSE,NSE_AUTO_0112,NIFTY26JAN25050CE,CE,BUY,65,256.67,309.55,3437.2,Auto-lightgbm-LimitChase,Target Hit (+25),CLOSED,0.8092030840458769,0.309,False,NSE-1768979598637-594,original
2026-01-21 12:43:33,2026-01-21 14:46:00,BSE,BSE_AUTO_0230,SENSEX2612281700CE,CE,BUY,20,672.05,585.6,-1729.0,Auto-lightgbm-LimitChase,Stop Loss (-50),CLOSED,0.769202344197904,0.309,False,BSE-1768979613790-654,target_stop
2026-01-21 12:43:37,2026-01-21 14:46:00,BSE,BSE_AUTO_0231,SENSEX2612281700CE,CE,BUY,20,672.05,585.6,-1729.0,Auto-lightgbm-LimitChase,Stop Loss (-50),CLOSED,0.769635845091415,0.309,False,BSE-1768979617599-655,target_stop
2026-01-21 12:43:43,2026-01-21 12:43:47,NSE,NSE_AUTO_0113,NIFTY26JAN25050CE,CE,BUY,65,256.07,318.5,4057.95,Auto-lightgbm-LimitChase,Target Hit (+25),CLOSED,0.6638411490713584,0.309,False,NSE-1768979622986-595,original
2026-01-21 12:43:50,2026-01-21 14:46:00,BSE,BSE_AUTO_0232,SENSEX2612281700CE,CE,BUY,20,672.05,585.6,-1729.0,Auto-lightgbm-LimitChase,Stop Loss (-50),CLOSED,0.8113285981425024,0.309,False,BSE-1768979629964-656,target_stop
2026-01-21 12:43:53,2026-01-21 14:46:00,BSE,BSE_AUTO_0233,SENSEX2612281700CE,CE,BUY,20,672.05,585.6,-1729.0,Auto-lightgbm-LimitChase,Stop Loss (-50),CLOSED,0.8387133655591129,0.309,False,BSE-1768979633590-657,target_stop
2026-01-21 12:44:00,2026-01-21 12:44:10,NSE,NSE_AUTO_0114,NIFTY26JAN25050CE,CE,BUY,65,253.52,314.25,3947.45,Auto-lightgbm-LimitChase,Target Hit (+25),CLOSED,0.7286237049440499,0.309,False,NSE-1768979640756-597,original
2026-01-21 12:44:10,2026-01-21 14:46:00,BSE,BSE_AUTO_0234,SENSEX2612281700CE,CE,BUY,20,672.05,585.6,-1729.0,Auto-lightgbm-LimitChase,Stop Loss (-50),CLOSED,0.8143248823793043,0.309,False,BSE-1768979647253-659,target_stop
2026-01-21 12:44:44,2026-01-21 14:46:00,BSE,BSE_AUTO_0235,SENSEX2612281700CE,CE,BUY,20,672.05,585.6,-1729.0,Auto-lightgbm-LimitChase,Stop Loss (-50),CLOSED,0.7794387672532228,0.309,False,BSE-1768979684056-661,target_stop
2026-01-21 12:45:11,2026-01-21 12:45:11,NSE,NSE_AUTO_0115,NIFTY26JAN25050CE,CE,BUY,65,263.92,307.9,2858.7,Auto-lightgbm-LimitChase,Target Hit (+25),CLOSED,0.7250105245522004,0.309,False,NSE-1768979702143-598,original
2026-01-21 12:45:23,2026-01-21 14:49:00,BSE,BSE_AUTO_0236,SENSEX2612282200PE,PE,BUY,20,332.85,267.25,-1312.0,Auto-lightgbm-LimitChase,Stop Loss (-50),CLOSED,0.6119190575774428,0.309,False,BSE-1768979723425-665,target_stop
2026-01-21 12:45:38,2026-01-21 12:45:40,NSE,NSE_AUTO_0116,NIFTY26JAN25100CE,CE,BUY,65,234.32,292.55,3784.95,Auto-lightgbm-LimitChase,Target Hit (+25),CLOSED,0.7794661788258148,0.309,False,NSE-1768979738169-599,original
2026-01-21 12:45:58,2026-01-21 14:46:00,BSE,BSE_AUTO_0237,SENSEX2612281800CE,CE,BUY,20,596.75,516.95,-1596.0,Auto-lightgbm-LimitChase,Stop Loss (-50),CLOSED,0.6060879060419301,0.309,False,BSE-1768979758230-667,target_stop
2026-01-21 12:46:13,2026-01-21 12:46:13,NSE,NSE_AUTO_0117,NIFTY26JAN25100CE,CE,BUY,65,239.62,294.95,3596.45,Auto-lightgbm-LimitChase,Target Hit (+25),CLOSED,0.73150148510595,0.309,False,NSE-1768979765493-600,original
2026-01-21 12:46:13,2026-01-21 14:46:00,BSE,BSE_AUTO_0238,SENSEX2612281800CE,CE,BUY,20,596.75,516.95,-1596.0,Auto-lightgbm-LimitChase,Stop Loss (-50),CLOSED,0.6402879318415652,0.309,False,BSE-1768979769564-668,target_stop
2026-01-21 12:46:13,2026-01-21 14:46:00,BSE,BSE_AUTO_0239,SENSEX2612281800CE,CE,BUY,20,596.75,516.95,-1596.0,Auto-lightgbm-LimitChase,Stop Loss (-50),CLOSED,0.6175014048165902,0.309,False,BSE-1768979773215-669,target_stop
2026-01-21 12:46:22,2026-01-21 14:46:00,BSE,BSE_AUTO_0240,SENSEX2612281800CE,CE,BUY,20,596.75,516.95,-1596.0,Auto-lightgbm-LimitChase,Stop Loss (-50),CLOSED,0.6264505772709952,0.309,False,BSE-1768979782776-670,target_stop
2026-01-21 12:46:29,2026-01-21 12:46:32,NSE,NSE_AUTO_0118,NIFTY26JAN25100CE,CE,BUY,65,238.92,290.75,3368.95,Auto-lightgbm-LimitChase,Target Hit (+25),CLOSED,0.7263654180023211,0.309,False,NSE-1768979789494-601,original
2026-01-21 12:46:33,2026-01-21 12:46:38,NSE,NSE_AUTO_0119,NIFTY26JAN25100CE,CE,BUY,65,240.92,291.4,3281.2,Auto-lightgbm-LimitChase,Target Hit (+25),CLOSED,0.7138966675201993,0.309,False,NSE-1768979793338-602,original
2026-01-21 12:46:47,2026-01-21 14:46:00,BSE,BSE_AUTO_0241,SENSEX2612281800CE,CE,BUY,20,596.75,516.95,-1596.0,Auto-lightgbm-LimitChase,Stop Loss (-50),CLOSED,0.610673730736459,0.309,False,BSE-1768979807839-671,target_stop
2026-01-21 12:46:51,2026-01-21 12:46:55,NSE,NSE_AUTO_0120,NIFTY26JAN25100CE,CE,BUY,65,240.07,293.4,3466.45,Auto-lightgbm-LimitChase,Target Hit (+25),CLOSED,0.7035672599755061,0.309,False,NSE-1768979811579-603,original
2026-01-21 12:46:59,2026-01-21 12:47:01,NSE,NSE_AUTO_0121,NIFTY26JAN25100CE,CE,BUY,65,241.12,293.0,3372.2,Auto-lightgbm-LimitChase,Target Hit (+25),CLOSED,0.95,0.309,False,NSE-1768979819110-604,original
2026-01-21 12:47:17,2026-01-21 12:47:18,NSE,NSE_AUTO_0122,NIFTY26JAN25100CE,CE,BUY,65,240.07,295.75,3619.2,Auto-lightgbm-LimitChase,Target Hit (+25),CLOSED,0.95,0.309,False,NSE-1768979837621-605,original
2026-01-21 12:47:24,2026-01-21 14:46:00,BSE,BSE_AUTO_0242,SENSEX2612281800CE,CE,BUY,20,596.75,516.95,-1596.0,Auto-lightgbm-LimitChase,Stop Loss (-50),CLOSED,0.6442874263205435,0.309,False,BSE-1768979844727-674,target_stop
2026-01-21 12:47:50,2026-01-21 12:47:53,NSE,NSE_AUTO_0123,NIFTY26JAN25100CE,CE,BUY,65,241.32,293.7,3404.7,Auto-lightgbm-LimitChase,Target Hit (+25),CLOSED,0.95,0.309,False,NSE-1768979870410-606,original
2026-01-21 12:48:09,2026-01-21 12:48:10,NSE,NSE_AUTO_0124,NIFTY26JAN25100CE,CE,BUY,65,245.82,288.95,2803.45,Auto-lightgbm-LimitChase,Target Hit (+25),CLOSED,0.95,0.309,False,NSE-1768979887994-607,original
2026-01-21 12:48:55,2026-01-21 12:48:56,NSE,NSE_AUTO_0125,NIFTY26JAN25100CE,CE,BUY,65,247.27,296.0,3167.45,Auto-lightgbm-LimitChase,Target Hit (+25),CLOSED,0.95,0.309,False,NSE-1768979935217-608,original
2026-01-21 12:49:34,2026-01-21 12:49:36,NSE,NSE_AUTO_0126,NIFTY26JAN25100CE,CE,BUY,65,252.42,305.85,3472.95,Auto-lightgbm-LimitChase,Target Hit (+25),CLOSED,0.95,0.309,False,NSE-1768979974943-609,original
2026-01-21 12:49:42,2026-01-21 12:49:42,NSE,NSE_AUTO_0127,NIFTY26JAN25100CE,CE,BUY,65,252.02,318.9,4347.2,Auto-lightgbm-LimitChase,Target Hit (+25),CLOSED,0.95,0.309,False,NSE-1768979982584-610,original
2026-01-21 12:50:15,2026-01-21 12:50:19,NSE,NSE_AUTO_0128,NIFTY26JAN25100CE,CE,BUY,65,256.82,306.15,3206.45,Auto-lightgbm-LimitChase,Target Hit (+25),CLOSED,0.9199942714549064,0.309,False,NSE-1768980015118-611,original
2026-01-21 12:50:22,2026-01-21 12:50:25,NSE,NSE_AUTO_0129,NIFTY26JAN25100CE,CE,BUY,65,257.92,304.95,3056.95,Auto-lightgbm-LimitChase,Target Hit (+25),CLOSED,0.9416508030558742,0.309,False,NSE-1768980022429-612,original
2026-01-21 12:51:09,2026-01-21 12:51:11,NSE,NSE_AUTO_0130,NIFTY26JAN25100CE,CE,BUY,65,264.17,303.3,2543.45,Auto-lightgbm-LimitChase,Target Hit (+25),CLOSED,0.8887181540215809,0.309,False,NSE-1768980067310-613,original
2026-01-21 12:51:10,2026-01-21 14:47:00,BSE,BSE_AUTO_0243,SENSEX2612282300PE,PE,BUY,20,383.0,332.75,-1005.0,Auto-lightgbm-LimitChase,Stop Loss (-50),CLOSED,0.7307257257726684,0.309,False,BSE-1768980070786-684,target_stop
2026-01-21 12:51:14,2026-01-21 12:51:16,NSE,NSE_AUTO_0131,NIFTY26JAN25100CE,CE,BUY,65,270.17,300.75,1987.7,Auto-lightgbm-LimitChase,Target Hit (+25),CLOSED,0.9006249200907558,0.309,False,NSE-1768980074220-614,original
2026-01-21 12:51:20,2026-01-21 14:47:00,BSE,BSE_AUTO_0244,SENSEX2612282300PE,PE,BUY,20,383.0,332.75,-1005.0,Auto-lightgbm-LimitChase,Stop Loss (-50),CLOSED,0.7198016501364575,0.309,False,BSE-1768980080731-685,target_stop
2026-01-21 12:51:24,2026-01-21 12:51:28,NSE,NSE_AUTO_0132,NIFTY26JAN25150CE,CE,BUY,65,239.72,269.7,1948.7,Auto-lightgbm-LimitChase,Target Hit (+25),CLOSED,0.7411361442213608,0.309,False,NSE-1768980084379-615,original
2026-01-21 12:51:28,2026-01-21 14:47:00,BSE,BSE_AUTO_0245,SENSEX2612282300PE,PE,BUY,20,383.0,332.75,-1005.0,Auto-lightgbm-LimitChase,Stop Loss (-50),CLOSED,0.6954081569608713,0.309,False,BSE-1768980088299-686,target_stop
2026-01-21 12:51:33,2026-01-21 12:51:34,NSE,NSE_AUTO_0133,NIFTY26JAN25150CE,CE,BUY,65,241.22,271.5,1968.2,Auto-lightgbm-LimitChase,Target Hit (+25),CLOSED,0.7613308438225586,0.309,False,NSE-1768980093725-616,original
2026-01-21 12:51:44,2026-01-21 12:51:45,NSE,NSE_AUTO_0134,NIFTY26JAN25100CE,CE,BUY,65,266.52000000000004,312.35,2978.95,Auto-lightgbm-LimitChase,Target Hit (+25),CLOSED,0.8487607799132203,0.309,False,NSE-1768980104879-617,original
2026-01-21 12:52:21,2026-01-21 12:52:26,NSE,NSE_AUTO_0135,NIFTY26JAN25150CE,CE,BUY,65,230.42,276.3,2982.2,Auto-lightgbm-LimitChase,Target Hit (+25),CLOSED,0.6860137830023193,0.309,False,NSE-1768980141739-618,original
2026-01-21 12:52:38,2026-01-21 12:52:43,NSE,NSE_AUTO_0136,NIFTY26JAN25150CE,CE,BUY,65,231.02,276.55,2959.45,Auto-lightgbm-LimitChase,Target Hit (+25),CLOSED,0.6954103638153221,0.309,False,NSE-1768980158404-619,original
2026-01-21 12:52:50,2026-01-21 12:52:54,NSE,NSE_AUTO_0137,NIFTY26JAN25150CE,CE,BUY,65,234.32,276.4,2735.2,Auto-lightgbm-LimitChase,Target Hit (+25),CLOSED,0.6606379709741531,0.309,False,NSE-1768980170799-620,original
2026-01-21 12:53:09,2026-01-21 12:53:13,NSE,NSE_AUTO_0138,NIFTY26JAN25150CE,CE,BUY,65,236.97,277.45,2631.2,Auto-lightgbm-LimitChase,Target Hit (+25),CLOSED,0.6135862503203637,0.309,False,NSE-1768980187550-622,original
2026-01-21 12:53:36,2026-01-21 12:53:42,NSE,NSE_AUTO_0139,NIFTY26JAN25150CE,CE,BUY,65,243.92,277.6,2189.2,Auto-lightgbm-LimitChase,Target Hit (+25),CLOSED,0.6638539678501574,0.309,False,NSE-1768980216751-623,original
2026-01-21 12:53:44,2026-01-21 12:53:48,NSE,NSE_AUTO_0140,NIFTY26JAN25150CE,CE,BUY,65,248.67,279.05,1974.7,Auto-lightgbm-LimitChase,Target Hit (+25),CLOSED,0.6789588612225916,0.309,False,NSE-1768980224122-625,original
2026-01-21 12:53:54,2026-01-21 14:47:00,BSE,BSE_AUTO_0246,SENSEX2612282400PE,PE,BUY,20,436.8,384.25,-1051.0,Auto-lightgbm-LimitChase,Stop Loss (-50),CLOSED,0.6828034063489671,0.309,False,BSE-1768980233975-694,target_stop
2026-01-21 12:54:11,2026-01-21 14:47:00,BSE,BSE_AUTO_0247,SENSEX2612282400PE,PE,BUY,20,436.8,384.25,-1051.0,Auto-lightgbm-LimitChase,Stop Loss (-50),CLOSED,0.6148894534307688,0.309,False,BSE-1768980244786-695,target_stop
2026-01-21 12:54:26,2026-01-21 12:54:28,NSE,NSE_AUTO_0141,NIFTY26JAN25100CE,CE,BUY,65,263.82,321.65,3758.95,Auto-lightgbm-LimitChase,Target Hit (+25),CLOSED,0.7462206536423627,0.309,False,NSE-1768980266845-626,original
2026-01-21 12:54:47,2026-01-21 12:54:51,NSE,NSE_AUTO_0142,NIFTY26JAN25100CE,CE,BUY,65,265.12,316.75,3355.95,Auto-lightgbm-LimitChase,Target Hit (+25),CLOSED,0.7380520125059868,0.309,False,NSE-1768980287489-627,original
2026-01-21 12:55:10,2026-01-21 14:47:00,BSE,BSE_AUTO_0248,SENSEX2612282400PE,PE,BUY,20,436.8,384.25,-1051.0,Auto-lightgbm-LimitChase,Stop Loss (-50),CLOSED,0.6236511561432763,0.309,False,BSE-1768980304247-698,target_stop
2026-01-21 12:55:23,2026-01-21 14:47:00,BSE,BSE_AUTO_0249,SENSEX2612282400PE,PE,BUY,20,436.8,384.25,-1051.0,Auto-lightgbm-LimitChase,Stop Loss (-50),CLOSED,0.6168756052256416,0.309,False,BSE-1768980323626-701,target_stop
2026-01-21 12:55:27,2026-01-21 12:55:32,NSE,NSE_AUTO_0143,NIFTY26JAN25150CE,CE,BUY,65,242.07,276.05,2208.7,Auto-lightgbm-LimitChase,Target Hit (+25),CLOSED,0.6929819031157797,0.309,False,NSE-1768980327127-628,original
2026-01-21 12:55:30,2026-01-21 14:47:00,BSE,BSE_AUTO_0250,SENSEX2612282400PE,PE,BUY,20,436.8,384.25,-1051.0,Auto-lightgbm-LimitChase,Stop Loss (-50),CLOSED,0.6136923648833291,0.309,False,BSE-1768980330634-702,target_stop
2026-01-21 12:55:34,2026-01-21 12:55:38,NSE,NSE_AUTO_0144,NIFTY26JAN25150CE,CE,BUY,65,245.22,276.65,2042.95,Auto-lightgbm-LimitChase,Target Hit (+25),CLOSED,0.7152247284150878,0.309,False,NSE-1768980334157-629,original
2026-01-21 12:56:00,2026-01-21 14:47:00,BSE,BSE_AUTO_0251,SENSEX2612282400PE,PE,BUY,20,436.8,384.25,-1051.0,Auto-lightgbm-LimitChase,Stop Loss (-50),CLOSED,0.7232496762325663,0.309,False,BSE-1768980360842-703,target_stop
2026-01-21 12:56:11,2026-01-21 12:56:13,NSE,NSE_AUTO_0145,NIFTY26JAN25150CE,CE,BUY,65,239.02,270.45,2042.95,Auto-lightgbm-LimitChase,Target Hit (+25),CLOSED,0.8103354804911147,0.309,False,NSE-1768980370995-630,original
2026-01-21 12:56:14,2026-01-21 14:47:00,BSE,BSE_AUTO_0252,SENSEX2612282400PE,PE,BUY,20,436.8,384.25,-1051.0,Auto-lightgbm-LimitChase,Stop Loss (-50),CLOSED,0.7759172802704215,0.309,False,BSE-1768980374491-705,target_stop
2026-01-21 12:56:21,2026-01-21 14:47:00,BSE,BSE_AUTO_0253,SENSEX2612282400PE,PE,BUY,20,436.8,384.25,-1051.0,Auto-lightgbm-LimitChase,Stop Loss (-50),CLOSED,0.7741637801724959,0.309,False,BSE-1768980381528-706,target_stop
2026-01-21 12:56:34,2026-01-21 14:47:00,BSE,BSE_AUTO_0254,SENSEX2612282400PE,PE,BUY,20,436.8,384.25,-1051.0,Auto-lightgbm-LimitChase,Stop Loss (-50),CLOSED,0.8013805660756185,0.309,False,BSE-1768980394831-708,target_stop
2026-01-21 12:56:38,2026-01-21 14:47:00,BSE,BSE_AUTO_0255,SENSEX2612282400PE,PE,BUY,20,436.8,384.25,-1051.0,Auto-lightgbm-LimitChase,Stop Loss (-50),CLOSED,0.7741637801724959,0.309,False,BSE-1768980398249-709,target_stop
2026-01-21 12:56:44,2026-01-21 12:56:47,NSE,NSE_AUTO_0146,NIFTY26JAN25150CE,CE,BUY,65,237.32,269.5,2091.7,Auto-lightgbm-LimitChase,Target Hit (+25),CLOSED,0.8142606725184502,0.309,False,NSE-1768980404116-631,original
2026-01-21 12:57:30,2026-01-21 14:47:00,BSE,BSE_AUTO_0256,SENSEX2612282400PE,PE,BUY,20,436.8,384.25,-1051.0,Auto-lightgbm-LimitChase,Stop Loss (-50),CLOSED,0.7778710807310183,0.309,False,BSE-1768980450044-710,target_stop
2026-01-21 12:57:33,2026-01-21 13:02:32,NSE,NSE_AUTO_0147,NIFTY26JAN25150CE,CE,BUY,65,260.47,285.7,1639.95,Auto-lightgbm-LimitChase,Target Hit (+25),CLOSED,0.8077955158278676,0.309,False,NSE-1768980453855-632,original
2026-01-21 13:01:56,2026-01-21 14:47:00,BSE,BSE_AUTO_0257,SENSEX2612282500PE,PE,BUY,20,495.85,440.95,-1098.0,Auto-lightgbm-LimitChase,Stop Loss (-50),CLOSED,0.674948564653325,0.309,False,BSE-1768980716433-722,target_stop
2026-01-21 13:02:36,2026-01-21 13:10:45,NSE,NSE_AUTO_0148,NIFTY26JAN25150CE,CE,BUY,65,262.77000000000004,237.65,-1632.8,Auto-lightgbm-LimitChase,Stop Loss (-25),CLOSED,0.8865219404639261,0.309,False,NSE-1768980756062-648,original
2026-01-21 13:03:16,2026-01-21 14:47:00,BSE,BSE_AUTO_0258,SENSEX2612282500PE,PE,BUY,20,495.85,440.95,-1098.0,Auto-lightgbm-LimitChase,Stop Loss (-50),CLOSED,0.6589733655572692,0.309,False,BSE-1768980796039-725,target_stop
2026-01-21 13:03:53,2026-01-21 14:47:00,BSE,BSE_AUTO_0259,SENSEX2612282500PE,PE,BUY,20,495.85,440.95,-1098.0,Auto-lightgbm-LimitChase,Stop Loss (-50),CLOSED,0.7517930361026713,0.309,False,BSE-1768980833441-726,target_stop
2026-01-21 13:07:44,2026-01-21 13:10:28,NSE,NSE_AUTO_0149,NIFTY26JAN25200CE,CE,BUY,65,239.57,214.0,-1662.05,Auto-lightgbm-LimitChase,Stop Loss (-25),CLOSED,0.8221982128151071,0.309,False,NSE-1768981064398-661,original
2026-01-21 13:09:23,2026-01-21 14:47:00,BSE,BSE_AUTO_0260,SENSEX2612282500PE,PE,BUY,20,495.85,440.95,-1098.0,Auto-lightgbm-LimitChase,Stop Loss (-50),CLOSED,0.6427715229896637,0.309,False,BSE-1768981163328-747,target_stop
2026-01-21 13:10:58,2026-01-21 14:47:00,BSE,BSE_AUTO_0261,SENSEX2612282500PE,PE,BUY,20,495.85,440.95,-1098.0,Auto-lightgbm-LimitChase,Stop Loss (-50),CLOSED,0.6243947632014516,0.309,False,BSE-1768981258648-756,target_stop
2026-01-21 13:11:02,2026-01-21 13:11:03,NSE,NSE_AUTO_0150,NIFTY26JAN25200CE,CE,BUY,65,237.37,193.85,-2828.8,Auto-lightgbm-LimitChase,Stop Loss (-25),CLOSED,0.6298325804060733,0.309,False,NSE-1768981262289-666,original
2026-01-21 13:11:15,2026-01-21 14:47:00,BSE,BSE_AUTO_0262,SENSEX2612282500PE,PE,BUY,20,495.85,440.95,-1098.0,Auto-lightgbm-LimitChase,Stop Loss (-50),CLOSED,0.6308760244745752,0.309,False,BSE-1768981275452-757,target_stop
2026-01-21 13:11:39,2026-01-21 14:47:00,BSE,BSE_AUTO_0263,SENSEX2612282500PE,PE,BUY,20,495.85,440.95,-1098.0,Auto-lightgbm-LimitChase,Stop Loss (-50),CLOSED,0.6243947632014516,0.309,False,BSE-1768981299896-760,target_stop
2026-01-21 13:12:40,2026-01-21 13:12:40,NSE,NSE_AUTO_0151,NIFTY26JAN25200CE,CE,BUY,65,238.92,208.0,-2009.8,Auto-lightgbm-LimitChase,Stop Loss (-25),CLOSED,0.7392147995731886,0.309,False,NSE-1768981360144-668,original
2026-01-21 13:12:59,2026-01-21 13:13:09,NSE,NSE_AUTO_0152,NIFTY26JAN25200CE,CE,BUY,65,239.02,205.45,-2182.05,Auto-lightgbm-LimitChase,Stop Loss (-25),CLOSED,0.7744114204638,0.309,False,NSE-1768981379932-669,original
2026-01-21 13:13:10,2026-01-21 13:14:09,NSE,NSE_AUTO_0153,NIFTY26JAN25200CE,CE,BUY,65,234.57,208.8,-1675.05,Auto-lightgbm-LimitChase,Stop Loss (-25),CLOSED,0.7404083194076132,0.309,False,NSE-1768981390616-671,original
2026-01-21 13:14:09,2026-01-21 14:47:00,BSE,BSE_AUTO_0264,SENSEX2612282600PE,PE,BUY,20,561.85,504.5,-1147.0,Auto-lightgbm-LimitChase,Stop Loss (-50),CLOSED,0.6212938644502995,0.309,False,BSE-1768981443102-767,target_stop
2026-01-21 13:14:09,2026-01-21 13:14:13,NSE,NSE_AUTO_0154,NIFTY26JAN25200CE,CE,BUY,65,249.92,207.15,-2780.05,Auto-lightgbm-LimitChase,Stop Loss (-25),CLOSED,0.8003403361075171,0.309,False,NSE-1768981449666-672,original
2026-01-21 13:14:13,2026-01-21 14:47:00,BSE,BSE_AUTO_0265,SENSEX2612282600PE,PE,BUY,20,561.85,504.5,-1147.0,Auto-lightgbm-LimitChase,Stop Loss (-50),CLOSED,0.6068362565563643,0.309,False,BSE-1768981453160-768,target_stop
2026-01-21 13:14:16,2026-01-21 13:14:18,NSE,NSE_AUTO_0155,NIFTY26JAN25200CE,CE,BUY,65,250.07,205.2,-2916.55,Auto-lightgbm-LimitChase,Stop Loss (-25),CLOSED,0.8158370411171013,0.309,False,NSE-1768981456647-673,original
2026-01-21 13:14:46,2026-01-21 13:14:47,NSE,NSE_AUTO_0156,NIFTY26JAN25200CE,CE,BUY,65,247.02,205.2,-2718.3,Auto-lightgbm-LimitChase,Stop Loss (-25),CLOSED,0.7894221124384737,0.309,False,NSE-1768981486127-674,original
2026-01-21 13:14:55,2026-01-21 13:14:59,NSE,NSE_AUTO_0157,NIFTY26JAN25200CE,CE,BUY,65,249.92,206.55,-2819.05,Auto-lightgbm-LimitChase,Stop Loss (-25),CLOSED,0.7767914979983022,0.309,False,NSE-1768981495388-675,original
2026-01-21 13:15:11,2026-01-21 13:15:11,NSE,NSE_AUTO_0158,NIFTY26JAN25200CE,CE,BUY,65,247.72,213.4,-2230.8,Auto-lightgbm-LimitChase,Stop Loss (-25),CLOSED,0.7668183710688284,0.309,False,NSE-1768981508577-676,original
2026-01-21 13:15:23,2026-01-21 14:46:00,BSE,BSE_AUTO_0266,SENSEX2612282200CE,CE,BUY,20,350.35,278.2,-1443.0,Auto-lightgbm-LimitChase,Stop Loss (-50),CLOSED,0.6,0.309,False,BSE-1768981523597-773,target_stop
2026-01-21 13:15:32,2026-01-21 13:15:34,NSE,NSE_AUTO_0159,NIFTY26JAN25200CE,CE,BUY,65,244.42,209.25,-2286.05,Auto-lightgbm-LimitChase,Stop Loss (-25),CLOSED,0.7668183710688284,0.309,False,NSE-1768981532549-677,original
2026-01-21 13:15:36,2026-01-21 13:15:40,NSE,NSE_AUTO_0160,NIFTY26JAN25200CE,CE,BUY,65,245.17,208.35,-2393.3,Auto-lightgbm-LimitChase,Stop Loss (-25),CLOSED,0.776576431315271,0.309,False,NSE-1768981536152-678,original
2026-01-21 13:16:11,2026-01-21 13:16:15,NSE,NSE_AUTO_0161,NIFTY26JAN25200CE,CE,BUY,65,242.47,198.3,-2871.05,Auto-lightgbm-LimitChase,Stop Loss (-25),CLOSED,0.8033435955205226,0.309,False,NSE-1768981571436-679,original
2026-01-21 13:16:30,2026-01-21 13:16:32,NSE,NSE_AUTO_0162,NIFTY26JAN25200CE,CE,BUY,65,243.42,197.1,-3010.8,Auto-lightgbm-LimitChase,Stop Loss (-25),CLOSED,0.7869212987367726,0.309,False,NSE-1768981590248-680,original
2026-01-21 13:16:33,2026-01-21 13:16:38,NSE,NSE_AUTO_0163,NIFTY26JAN25200CE,CE,BUY,65,240.82,196.5,-2880.8,Auto-lightgbm-LimitChase,Stop Loss (-25),CLOSED,0.8174596906377141,0.309,False,NSE-1768981593740-681,original
2026-01-21 13:16:57,2026-01-21 13:17:01,NSE,NSE_AUTO_0164,NIFTY26JAN25200CE,CE,BUY,65,240.62,196.35,-2877.55,Auto-lightgbm-LimitChase,Stop Loss (-25),CLOSED,0.748467616881581,0.309,False,NSE-1768981617451-682,original
2026-01-21 13:17:16,2026-01-21 13:17:18,NSE,NSE_AUTO_0165,NIFTY26JAN25200CE,CE,BUY,65,241.62,195.95,-2968.55,Auto-lightgbm-LimitChase,Stop Loss (-25),CLOSED,0.7515097648466942,0.309,False,NSE-1768981636806-683,original
2026-01-21 13:17:37,2026-01-21 14:46:00,BSE,BSE_AUTO_0267,SENSEX2612282200CE,CE,BUY,20,350.35,278.2,-1443.0,Auto-lightgbm-LimitChase,Stop Loss (-50),CLOSED,0.6004489568055854,0.309,False,BSE-1768981657463-779,target_stop
2026-01-21 13:18:11,2026-01-21 13:18:11,NSE,NSE_AUTO_0166,NIFTY26JAN25200CE,CE,BUY,65,242.72,203.85,-2526.55,Auto-lightgbm-LimitChase,Stop Loss (-25),CLOSED,0.7522422954989668,0.309,False,NSE-1768981686908-684,original
2026-01-21 13:18:22,2026-01-21 13:18:23,NSE,NSE_AUTO_0167,NIFTY26JAN25200CE,CE,BUY,65,242.67,206.95,-2321.8,Auto-lightgbm-LimitChase,Stop Loss (-25),CLOSED,0.7414235086790842,0.309,False,NSE-1768981702889-685,original
2026-01-21 13:18:55,2026-01-21 13:18:57,NSE,NSE_AUTO_0168,NIFTY26JAN25200CE,CE,BUY,65,234.97,209.9,-1629.55,Auto-lightgbm-LimitChase,Stop Loss (-25),CLOSED,0.7411076386083877,0.309,False,NSE-1768981735077-686,original
2026-01-21 13:19:09,2026-01-21 13:19:15,NSE,NSE_AUTO_0169,NIFTY26JAN25200CE,CE,BUY,65,232.82,206.7,-1697.8,Auto-lightgbm-LimitChase,Stop Loss (-25),CLOSED,0.741580604023422,0.309,False,NSE-1768981742534-687,original
2026-01-21 13:19:27,2026-01-21 13:19:38,NSE,NSE_AUTO_0170,NIFTY26JAN25200CE,CE,BUY,65,228.57,200.05,-1853.8,Auto-lightgbm-LimitChase,Stop Loss (-25),CLOSED,0.7573941558465236,0.309,False,NSE-1768981767952-688,original
2026-01-21 13:20:00,2026-01-21 13:20:01,NSE,NSE_AUTO_0171,NIFTY26JAN25200CE,CE,BUY,65,233.92,200.1,-2198.3,Auto-lightgbm-LimitChase,Stop Loss (-25),CLOSED,0.9006936018543593,0.309,False,NSE-1768981800882-691,original
2026-01-21 13:20:10,2026-01-21 13:20:12,NSE,NSE_AUTO_0172,NIFTY26JAN25200CE,CE,BUY,65,231.22,203.55,-1798.55,Auto-lightgbm-LimitChase,Stop Loss (-25),CLOSED,0.8653059190037732,0.309,False,NSE-1768981808392-692,original
2026-01-21 13:20:17,2026-01-21 13:20:18,NSE,NSE_AUTO_0173,NIFTY26JAN25150CE,CE,BUY,65,262.92,235.6,-1775.8,Auto-lightgbm-LimitChase,Stop Loss (-25),CLOSED,0.6858377797401889,0.309,False,NSE-1768981817786-693,original
2026-01-21 13:20:24,2026-01-21 14:46:00,BSE,BSE_AUTO_0268,SENSEX2612282100CE,CE,BUY,20,404.3,328.6,-1514.0,Auto-lightgbm-LimitChase,Stop Loss (-50),CLOSED,0.6002380072852156,0.309,False,BSE-1768981824665-787,target_stop
2026-01-21 13:20:52,2026-01-21 13:20:52,NSE,NSE_AUTO_0174,NIFTY26JAN25200CE,CE,BUY,65,235.32,204.0,-2035.8,Auto-lightgbm-LimitChase,Stop Loss (-25),CLOSED,0.8757488918190136,0.309,False,NSE-1768981852742-694,original
2026-01-21 13:20:56,2026-01-21 13:20:58,NSE,NSE_AUTO_0175,NIFTY26JAN25200CE,CE,BUY,65,232.37,204.95,-1782.3,Auto-lightgbm-LimitChase,Stop Loss (-25),CLOSED,0.8723455274869468,0.309,False,NSE-1768981856334-695,original
2026-01-21 13:21:07,2026-01-21 13:21:16,NSE,NSE_AUTO_0176,NIFTY26JAN25200CE,CE,BUY,65,235.42,197.5,-2464.8,Auto-lightgbm-LimitChase,Stop Loss (-25),CLOSED,0.8577888998727413,0.309,False,NSE-1768981867200-696,original
2026-01-21 13:21:45,2026-01-21 13:21:46,NSE,NSE_AUTO_0177,NIFTY26JAN25150CE,CE,BUY,65,256.12,228.4,-1801.8,Auto-lightgbm-LimitChase,Stop Loss (-25),CLOSED,0.6497147967769006,0.309,False,NSE-1768981905329-697,original
2026-01-21 13:21:48,2026-01-21 13:21:52,NSE,NSE_AUTO_0178,NIFTY26JAN25150CE,CE,BUY,65,255.42,226.25,-1896.05,Auto-lightgbm-LimitChase,Stop Loss (-25),CLOSED,0.667987154675208,0.309,False,NSE-1768981908923-698,original
2026-01-21 13:21:52,2026-01-21 13:21:58,NSE,NSE_AUTO_0179,NIFTY26JAN25150CE,CE,BUY,65,253.42,227.05,-1714.05,Auto-lightgbm-LimitChase,Stop Loss (-25),CLOSED,0.660401741374595,0.309,False,NSE-1768981912626-699,original
2026-01-21 13:21:59,2026-01-21 13:22:10,NSE,NSE_AUTO_0180,NIFTY26JAN25150CE,CE,BUY,65,254.47,227.35,-1762.8,Auto-lightgbm-LimitChase,Stop Loss (-25),CLOSED,0.6193008634906615,0.309,False,NSE-1768981919953-700,original
2026-01-21 13:22:15,2026-01-21 14:47:00,BSE,BSE_AUTO_0269,SENSEX2612282400PE,PE,BUY,20,436.8,384.25,-1051.0,Auto-lightgbm-LimitChase,Stop Loss (-50),CLOSED,0.6468406543070034,0.309,False,BSE-1768981935923-792,target_stop
2026-01-21 13:22:22,2026-01-21 13:22:27,NSE,NSE_AUTO_0181,NIFTY26JAN25150CE,CE,BUY,65,244.52,217.7,-1743.3,Auto-lightgbm-LimitChase,Stop Loss (-25),CLOSED,0.633749877618233,0.309,False,NSE-1768981942255-702,original
2026-01-21 13:22:29,2026-01-21 14:47:00,BSE,BSE_AUTO_0270,SENSEX2612282400PE,PE,BUY,20,436.8,384.25,-1051.0,Auto-lightgbm-LimitChase,Stop Loss (-50),CLOSED,0.6160001362315347,0.309,False,BSE-1768981949235-793,target_stop
2026-01-21 13:22:45,2026-01-21 13:27:40,NSE,NSE_AUTO_0182,NIFTY26JAN25100CE,CE,BUY,65,259.17,267.8,560.95,Auto-lightgbm-LimitChase,Signal Flip (BUY → SELL),CLOSED,0.625401663547182,0.309,False,NSE-1768981965871-703,original
2026-01-21 13:23:16,2026-01-21 14:47:00,BSE,BSE_AUTO_0271,SENSEX2612282400PE,PE,BUY,20,436.8,384.25,-1051.0,Auto-lightgbm-LimitChase,Stop Loss (-50),CLOSED,0.7124365932127871,0.309,False,BSE-1768981996681-794,target_stop
2026-01-21 13:25:12,2026-01-21 14:47:00,BSE,BSE_AUTO_0272,SENSEX2612282400PE,PE,BUY,20,436.8,384.25,-1051.0,Auto-lightgbm-LimitChase,Stop Loss (-50),CLOSED,0.621070037733947,0.309,False,BSE-1768982112646-803,target_stop
2026-01-21 13:25:46,2026-01-21 14:47:00,BSE,BSE_AUTO_0273,SENSEX2612282400PE,PE,BUY,20,436.8,384.25,-1051.0,Auto-lightgbm-LimitChase,Stop Loss (-50),CLOSED,0.6389185369033481,0.309,False,BSE-1768982146612-804,target_stop
2026-01-21 13:26:14,2026-01-21 14:47:00,BSE,BSE_AUTO_0274,SENSEX2612282400PE,PE,BUY,20,436.8,384.25,-1051.0,Auto-lightgbm-LimitChase,Stop Loss (-50),CLOSED,0.7747286040133747,0.309,False,BSE-1768982174062-805,target_stop
2026-01-21 13:31:21,2026-01-21 13:33:21,NSE,NSE_AUTO_0183,NIFTY26JAN25300PE,PE,BUY,65,183.37,210.3,1750.45,Auto-lightgbm-LimitChase,Target Hit (+25),CLOSED,0.6063985577970307,0.309,False,NSE-1768982481364-728,original
2026-01-21 13:34:29,2026-01-21 14:47:00,BSE,BSE_AUTO_0275,SENSEX2612282300PE,PE,BUY,20,383.0,332.75,-1005.0,Auto-lightgbm-LimitChase,Stop Loss (-50),CLOSED,0.6598840943890184,0.309,False,BSE-1768982669320-825,target_stop
2026-01-21 13:34:53,2026-01-21 14:47:00,BSE,BSE_AUTO_0276,SENSEX2612282300PE,PE,BUY,20,383.0,332.75,-1005.0,Auto-lightgbm-LimitChase,Stop Loss (-50),CLOSED,0.6707578321406873,0.309,False,BSE-1768982693059-827,target_stop
2026-01-21 13:35:25,2026-01-21 13:35:28,NSE,NSE_AUTO_0184,NIFTY26JAN25100CE,CE,BUY,65,268.12,232.8,-2295.8,Auto-lightgbm-LimitChase,Stop Loss (-25),CLOSED,0.8035708821749034,0.309,False,NSE-1768982725108-741,original
2026-01-21 13:35:36,2026-01-21 14:47:00,BSE,BSE_AUTO_0277,SENSEX2612282300PE,PE,BUY,20,383.0,332.75,-1005.0,Auto-lightgbm-LimitChase,Stop Loss (-50),CLOSED,0.6495007938207232,0.309,False,BSE-1768982736289-828,target_stop
2026-01-21 13:37:35,2026-01-21 13:47:53,NSE,NSE_AUTO_0185,NIFTY26JAN25100CE,CE,BUY,65,255.47,228.85,-1730.3,Auto-lightgbm-LimitChase,Stop Loss (-25),CLOSED,0.6927957876039017,0.309,False,NSE-1768982855108-742,original
2026-01-21 13:43:30,2026-01-21 13:51:18,NSE,NSE_AUTO_0186,NIFTY26JAN25100CE,CE,BUY,65,253.67,228.35,-1645.8,Auto-lightgbm-LimitChase,Stop Loss (-25),CLOSED,0.6583851680011518,0.309,False,NSE-1768983210296-763,original
2026-01-21 13:49:09,2026-01-21 13:53:13,NSE,NSE_AUTO_0187,NIFTY26JAN25100CE,CE,BUY,65,248.57,222.95,-1665.3,Auto-lightgbm-LimitChase,Stop Loss (-25),CLOSED,0.603492033452384,0.309,False,NSE-1768983544914-784,original
2026-01-21 13:49:21,2026-01-21 14:47:00,BSE,BSE_AUTO_0278,SENSEX2612282300PE,PE,BUY,20,383.0,332.75,-1005.0,Auto-lightgbm-LimitChase,Stop Loss (-50),CLOSED,0.7137394107879301,0.309,False,BSE-1768983561652-853,target_stop
2026-01-21 13:51:23,2026-01-21 14:46:00,BSE,BSE_AUTO_0279,SENSEX2612282000CE,CE,BUY,20,465.0,383.65,-1627.0,Auto-lightgbm-LimitChase,Stop Loss (-50),CLOSED,0.6318984299266133,0.309,False,BSE-1768983683489-859,target_stop
2026-01-21 13:54:40,2026-01-21 14:46:00,BSE,BSE_AUTO_0280,SENSEX2612281800CE,CE,BUY,20,596.75,516.95,-1596.0,Auto-lightgbm-LimitChase,Stop Loss (-50),CLOSED,0.7064710544648664,0.309,False,BSE-1768983880458-862,target_stop
2026-01-21 13:54:52,2026-01-21 14:46:00,BSE,BSE_AUTO_0281,SENSEX2612281900CE,CE,BUY,20,529.45,446.35,-1662.0,Auto-lightgbm-LimitChase,Stop Loss (-50),CLOSED,0.6706089588408902,0.309,False,BSE-1768983892619-863,target_stop
2026-01-21 13:55:37,2026-01-21 14:46:00,BSE,BSE_AUTO_0282,SENSEX2612281900CE,CE,BUY,20,529.45,446.35,-1662.0,Auto-lightgbm-LimitChase,Stop Loss (-50),CLOSED,0.6520499375644269,0.309,False,BSE-1768983937339-864,target_stop
2026-01-21 13:57:16,2026-01-21 13:59:16,NSE,NSE_AUTO_0188,NIFTY26JAN25100CE,CE,BUY,65,238.62,212.45,-1701.05,Auto-lightgbm-LimitChase,Stop Loss (-25),CLOSED,0.6109480831749258,0.309,False,NSE-1768984036253-809,original
2026-01-21 13:58:30,2026-01-21 14:46:00,BSE,BSE_AUTO_0283,SENSEX2612281900CE,CE,BUY,20,529.45,446.35,-1662.0,Auto-lightgbm-LimitChase,Stop Loss (-50),CLOSED,0.6126166079561656,0.309,False,BSE-1768984110637-875,target_stop
2026-01-21 13:59:20,2026-01-21 13:59:22,NSE,NSE_AUTO_0189,NIFTY26JAN25100CE,CE,BUY,65,246.67,216.25,-1977.3,Auto-lightgbm-LimitChase,Stop Loss (-25),CLOSED,0.6204750474919778,0.309,False,NSE-1768984160933-813,original
2026-01-21 14:00:11,2026-01-21 14:00:31,NSE,NSE_AUTO_0190,NIFTY26JAN25100CE,CE,BUY,65,236.27,210.95,-1645.8,Auto-lightgbm-LimitChase,Stop Loss (-25),CLOSED,0.6511546696702881,0.309,False,NSE-1768984208916-814,original
2026-01-21 14:00:14,2026-01-21 14:46:00,BSE,BSE_AUTO_0284,SENSEX2612281800CE,CE,BUY,20,596.75,516.95,-1596.0,Auto-lightgbm-LimitChase,Stop Loss (-50),CLOSED,0.6543704359948092,0.309,False,BSE-1768984214900-881,target_stop
2026-01-21 14:00:34,2026-01-21 14:46:00,BSE,BSE_AUTO_0285,SENSEX2612281800CE,CE,BUY,20,596.75,516.95,-1596.0,Auto-lightgbm-LimitChase,Stop Loss (-50),CLOSED,0.6543704359948092,0.309,False,BSE-1768984234542-883,target_stop
2026-01-21 14:01:29,2026-01-21 14:01:35,NSE,NSE_AUTO_0191,NIFTY26JAN25100CE,CE,BUY,65,243.47,214.65,-1873.3,Auto-lightgbm-LimitChase,Stop Loss (-25),CLOSED,0.6073476186556128,0.309,False,NSE-1768984289889-818,original
2026-01-21 14:01:41,2026-01-21 14:01:46,NSE,NSE_AUTO_0192,NIFTY26JAN25100CE,CE,BUY,65,242.72,214.4,-1840.8,Auto-lightgbm-LimitChase,Stop Loss (-25),CLOSED,0.6615033909356057,0.309,False,NSE-1768984301151-819,original
2026-01-21 14:01:55,2026-01-21 14:47:00,BSE,BSE_AUTO_0286,SENSEX2612282300PE,PE,BUY,20,383.0,332.75,-1005.0,Auto-lightgbm-LimitChase,Stop Loss (-50),CLOSED,0.6406340185965754,0.309,False,BSE-1768984315803-887,target_stop
2026-01-21 14:02:09,2026-01-21 14:47:00,BSE,BSE_AUTO_0287,SENSEX2612282300PE,PE,BUY,20,383.0,332.75,-1005.0,Auto-lightgbm-LimitChase,Stop Loss (-50),CLOSED,0.6406562523000515,0.309,False,BSE-1768984328143-888,target_stop
2026-01-21 14:02:20,2026-01-21 14:47:00,BSE,BSE_AUTO_0288,SENSEX2612282300PE,PE,BUY,20,383.0,332.75,-1005.0,Auto-lightgbm-LimitChase,Stop Loss (-50),CLOSED,0.6501706584841849,0.309,False,BSE-1768984340699-889,target_stop
2026-01-21 14:02:40,2026-01-21 14:46:00,BSE,BSE_AUTO_0289,SENSEX2612281800CE,CE,BUY,20,596.75,516.95,-1596.0,Auto-lightgbm-LimitChase,Stop Loss (-50),CLOSED,0.633921862696543,0.309,False,BSE-1768984359947-890,target_stop
2026-01-21 14:03:09,2026-01-21 14:03:24,NSE,NSE_AUTO_0193,NIFTY26JAN25100CE,CE,BUY,65,232.72,207.45,-1642.55,Auto-lightgbm-LimitChase,Stop Loss (-25),CLOSED,0.6045303495066736,0.309,False,NSE-1768984386015-821,original
2026-01-21 14:03:27,2026-01-21 14:10:38,NSE,NSE_AUTO_0194,NIFTY26JAN25100CE,CE,BUY,65,228.72,203.35,-1649.05,Auto-lightgbm-LimitChase,Stop Loss (-25),CLOSED,0.6242184734428022,0.309,False,NSE-1768984407759-823,original
2026-01-21 14:03:41,2026-01-21 14:46:00,BSE,BSE_AUTO_0290,SENSEX2612281800CE,CE,BUY,20,596.75,516.95,-1596.0,Auto-lightgbm-LimitChase,Stop Loss (-50),CLOSED,0.6391727597930368,0.309,False,BSE-1768984421731-891,target_stop
2026-01-21 14:03:48,2026-01-21 14:46:00,BSE,BSE_AUTO_0291,SENSEX2612281800CE,CE,BUY,20,596.75,516.95,-1596.0,Auto-lightgbm-LimitChase,Stop Loss (-50),CLOSED,0.6254668978933575,0.309,False,BSE-1768984428946-892,target_stop
2026-01-21 14:08:18,2026-01-21 14:46:00,BSE,BSE_AUTO_0292,SENSEX2612281700CE,CE,BUY,20,672.05,585.6,-1729.0,Auto-lightgbm-LimitChase,Stop Loss (-50),CLOSED,0.7340828362878591,0.309,False,BSE-1768984698916-900,target_stop
2026-01-21 14:08:41,2026-01-21 14:13:59,NSE,NSE_AUTO_0195,NIFTY26JAN25050CE,CE,BUY,65,251.87,241.9,-648.05,Auto-lightgbm-LimitChase,Signal Flip (BUY → SELL),CLOSED,0.6275534267034611,0.309,False,NSE-1768984721679-841,original
2026-01-21 14:11:41,2026-01-21 14:49:00,BSE,BSE_AUTO_0293,SENSEX2612282100PE,PE,BUY,20,288.4,230.2,-1164.0,Auto-lightgbm-LimitChase,Stop Loss (-50),CLOSED,0.6146231289591539,0.309,False,BSE-1768984901060-912,target_stop
2026-01-21 14:14:10,2026-01-21 14:17:46,NSE,NSE_AUTO_0196,NIFTY26JAN25250PE,PE,BUY,65,203.27,177.75,-1658.8,Auto-lightgbm-LimitChase,Stop Loss (-25),CLOSED,0.687485650525973,0.309,False,NSE-1768985050131-856,original
2026-01-21 14:16:55,2026-01-21 14:49:00,BSE,BSE_AUTO_0294,SENSEX2612282100PE,PE,BUY,20,288.4,230.2,-1164.0,Auto-lightgbm-LimitChase,Stop Loss (-50),CLOSED,0.6395459170304759,0.309,False,BSE-1768985215463-927,target_stop
2026-01-21 14:17:49,2026-01-21 14:17:58,NSE,NSE_AUTO_0197,NIFTY26JAN25250PE,PE,BUY,65,198.22,171.4,-1743.3,Auto-lightgbm-LimitChase,Stop Loss (-25),CLOSED,0.6988138574634435,0.309,False,NSE-1768985269004-868,original
2026-01-21 14:18:09,2026-01-21 14:49:00,BSE,BSE_AUTO_0295,SENSEX2612282100PE,PE,BUY,20,288.4,230.2,-1164.0,Auto-lightgbm-LimitChase,Stop Loss (-50),CLOSED,0.6292664140781672,0.309,False,BSE-1768985287289-930,target_stop
2026-01-21 14:18:21,2026-01-21 14:29:37,NSE,NSE_AUTO_0198,NIFTY26JAN25250PE,PE,BUY,65,197.17,171.4,-1675.05,Auto-lightgbm-LimitChase,Stop Loss (-25),CLOSED,0.7071845139858587,0.309,False,NSE-1768985301810-869,original
2026-01-21 14:20:34,2026-01-21 14:46:00,BSE,BSE_AUTO_0296,SENSEX2612281700CE,CE,BUY,20,672.05,585.6,-1729.0,Auto-lightgbm-LimitChase,Stop Loss (-50),CLOSED,0.6150560846652954,0.309,False,BSE-1768985434665-936,target_stop
2026-01-21 14:23:27,2026-01-21 14:29:37,NSE,NSE_AUTO_0199,NIFTY26JAN25250PE,PE,BUY,65,207.37,171.4,-2338.05,Auto-lightgbm-LimitChase,Stop Loss (-25),CLOSED,0.698981639454983,0.309,False,NSE-1768985607570-888,original
2026-01-21 14:24:29,2026-01-21 14:46:00,BSE,BSE_AUTO_0297,SENSEX2612281700CE,CE,BUY,20,672.05,585.6,-1729.0,Auto-lightgbm-LimitChase,Stop Loss (-50),CLOSED,0.602978192025065,0.309,False,BSE-1768985669431-948,target_stop
2026-01-21 14:30:13,2026-01-21 14:46:00,BSE,BSE_AUTO_0298,SENSEX2612281800CE,CE,BUY,20,596.75,516.95,-1596.0,Auto-lightgbm-LimitChase,Stop Loss (-50),CLOSED,0.6753046931431512,0.309,False,BSE-1768986013228-974,target_stop
2026-01-21 14:30:16,2026-01-21 14:46:00,BSE,BSE_AUTO_0299,SENSEX2612281800CE,CE,BUY,20,596.75,516.95,-1596.0,Auto-lightgbm-LimitChase,Stop Loss (-50),CLOSED,0.6659951213058473,0.309,False,BSE-1768986016782-975,target_stop
2026-01-21 14:30:23,2026-01-21 14:46:00,BSE,BSE_AUTO_0300,SENSEX2612281800CE,CE,BUY,20,596.75,516.95,-1596.0,Auto-lightgbm-LimitChase,Stop Loss (-50),CLOSED,0.6712567787043354,0.309,False,BSE-1768986023789-976,target_stop
2026-01-21 14:30:27,2026-01-21 14:46:00,BSE,BSE_AUTO_0301,SENSEX2612281800CE,CE,BUY,20,596.75,516.95,-1596.0,Auto-lightgbm-LimitChase,Stop Loss (-50),CLOSED,0.6910098933612312,0.309,False,BSE-1768986027401-977,target_stop
2026-01-21 14:30:40,2026-01-21 14:40:22,NSE,NSE_AUTO_0200,NIFTY26JAN25250PE,PE,BUY,65,187.22,213.35,1698.45,Auto-lightgbm-LimitChase,Target Hit (+25),CLOSED,0.7231889091346981,0.309,False,NSE-1768986040631-900,original
2026-01-21 14:31:13,2026-01-21 14:46:00,BSE,BSE_AUTO_0302,SENSEX2612281800CE,CE,BUY,20,596.75,516.95,-1596.0,Auto-lightgbm-LimitChase,Stop Loss (-50),CLOSED,0.6120712654773713,0.309,False,BSE-1768986065040-978,target_stop
2026-01-21 14:31:33,2026-01-21 14:46:00,BSE,BSE_AUTO_0303,SENSEX2612281800CE,CE,BUY,20,596.75,516.95,-1596.0,Auto-lightgbm-LimitChase,Stop Loss (-50),CLOSED,0.6562003627942118,0.309,False,BSE-1768986093860-979,target_stop
2026-01-21 14:31:50,2026-01-21 14:46:00,BSE,BSE_AUTO_0304,SENSEX2612281800CE,CE,BUY,20,596.75,516.95,-1596.0,Auto-lightgbm-LimitChase,Stop Loss (-50),CLOSED,0.6048358981626035,0.309,False,BSE-1768986110311-980,target_stop
2026-01-21 14:32:17,2026-01-21 14:46:00,BSE,BSE_AUTO_0305,SENSEX2612281800CE,CE,BUY,20,596.75,516.95,-1596.0,Auto-lightgbm-LimitChase,Stop Loss (-50),CLOSED,0.6427501607705756,0.309,False,BSE-1768986137692-981,target_stop
2026-01-21 14:34:48,2026-01-21 14:46:00,BSE,BSE_AUTO_0306,SENSEX2612281800CE,CE,BUY,20,596.75,516.95,-1596.0,Auto-lightgbm-LimitChase,Stop Loss (-50),CLOSED,0.6020418525994313,0.309,False,BSE-1768986288922-986,target_stop
2026-01-21 14:35:53,2026-01-21 15:04:32,NSE,NSE_AUTO_0201,NIFTY26JAN25250PE,PE,BUY,65,202.02,192.75,-602.55,Auto-lightgbm-LimitChase,Signal Flip (SELL → BUY),CLOSED,0.6277106704212092,0.309,False,NSE-1768986352966-917,original
2026-01-21 14:40:53,2026-01-21 15:04:11,NSE,NSE_AUTO_0202,NIFTY26JAN25250PE,PE,BUY,65,210.07,182.85,-1769.3,Auto-lightgbm-LimitChase,Stop Loss (-25),CLOSED,0.7168014538949997,0.309,False,NSE-1768986653381-932,original
2026-01-21 14:41:53,2026-01-21 14:46:00,BSE,BSE_AUTO_0307,SENSEX2612281600CE,CE,BUY,20,748.2,652.15,-1921.0,Auto-lightgbm-LimitChase,Stop Loss (-50),CLOSED,0.6059359123488783,0.309,False,BSE-1768986713394-1008,target_stop
2026-01-21 14:42:19,2026-01-21 14:46:00,BSE,BSE_AUTO_0308,SENSEX2612281600CE,CE,BUY,20,748.2,652.15,-1921.0,Auto-lightgbm-LimitChase,Stop Loss (-50),CLOSED,0.6197265312518623,0.309,False,BSE-1768986739231-1009,target_stop
2026-01-21 14:42:36,2026-01-21 14:46:00,BSE,BSE_AUTO_0309,SENSEX2612281700CE,CE,BUY,20,672.05,585.6,-1729.0,Auto-lightgbm-LimitChase,Stop Loss (-50),CLOSED,0.7186168284969255,0.309,False,BSE-1768986756027-1010,target_stop
2026-01-21 14:43:46,2026-01-21 14:46:00,BSE,BSE_AUTO_0310,SENSEX2612281700CE,CE,BUY,20,672.05,585.6,-1729.0,Auto-lightgbm-LimitChase,Stop Loss (-50),CLOSED,0.6364249361616016,0.309,False,BSE-1768986826715-1016,target_stop
2026-01-21 14:44:37,2026-01-21 14:46:00,BSE,BSE_AUTO_0311,SENSEX2612281700CE,CE,BUY,20,672.05,585.6,-1729.0,Auto-lightgbm-LimitChase,Stop Loss (-50),CLOSED,0.6853149602232462,0.309,False,BSE-1768986877222-1021,target_stop
2026-01-21 14:46:02,2026-01-21 14:47:00,BSE,BSE_AUTO_0312,SENSEX2612282200PE,PE,BUY,20,365.3,287.9,-1548.0,Auto-lightgbm-LimitChase,Stop Loss (-50),CLOSED,0.6775961410128442,0.309,False,BSE-1768986962255-1026,target_stop
2026-01-21 14:46:31,2026-01-21 14:47:00,BSE,BSE_AUTO_0313,SENSEX2612282200PE,PE,BUY,20,365.3,287.9,-1548.0,Auto-lightgbm-LimitChase,Stop Loss (-50),CLOSED,0.6718677897619275,0.309,False,BSE-1768986991440-1027,target_stop
2026-01-21 14:52:01,2026-01-21 14:56:00,BSE,BSE_AUTO_0314,SENSEX2612281700CE,CE,BUY,20,595.2,684.75,1791.0,Auto-lightgbm-LimitChase,Target Hit (+50),CLOSED,0.6542843738487378,0.309,False,BSE-1768987320967-1042,target_stop
2026-01-21 14:56:16,2026-01-21 14:58:00,BSE,BSE_AUTO_0315,SENSEX2612281700CE,CE,BUY,20,684.75,580.0,-2095.0,Auto-lightgbm-LimitChase,Stop Loss (-50),CLOSED,0.6770760670213372,0.309,False,BSE-1768987576582-1065,target_stop
2026-01-21 15:13:59,2026-01-21 15:22:00,BSE,BSE_AUTO_0316,SENSEX2612281600CE,CE,BUY,20,660.5,602.9,-1152.0,Auto-lightgbm-LimitChase,Stop Loss (-50),CLOSED,0.6855839812737908,0.309,False,BSE-1768988639301-1118,target_stop
2026-01-21 15:16:35,2026-01-21 15:30:00,BSE,BSE_AUTO_0317,SENSEX2612282100PE,PE,BUY,20,285.6,349.7,1282.0,Auto-lightgbm-LimitChase,Target Hit (+50),CLOSED,0.6775733649135135,0.309,False,BSE-1768988795313-1129,target_stop
2026-01-21 15:16:39,2026-01-21 15:30:00,BSE,BSE_AUTO_0318,SENSEX2612282200PE,PE,BUY,20,334.1,408.1,1480.0,Auto-lightgbm-LimitChase,Target Hit (+50),CLOSED,0.6962124515332149,0.309,False,BSE-1768988799256-1130,target_stop
2026-01-21 15:16:43,2026-01-21 15:30:00,BSE,BSE_AUTO_0319,SENSEX2612282200PE,PE,BUY,20,334.1,408.1,1480.0,Auto-lightgbm-LimitChase,Target Hit (+50),CLOSED,0.7719149236866047,0.309,False,BSE-1768988803299-1131,target_stop
2026-01-21 15:17:10,2026-01-21 15:30:00,BSE,BSE_AUTO_0320,SENSEX2612282200PE,PE,BUY,20,334.1,408.1,1480.0,Auto-lightgbm-LimitChase,Target Hit (+50),CLOSED,0.6738921175205845,0.309,False,BSE-1768988823328-1132,target_stop
2026-01-21 15:17:10,2026-01-21 15:30:00,BSE,BSE_AUTO_0321,SENSEX2612282200PE,PE,BUY,20,334.1,408.1,1480.0,Auto-lightgbm-LimitChase,Target Hit (+50),CLOSED,0.674415012876939,0.309,False,BSE-1768988830688-1133,target_stop
2026-01-21 15:17:38,2026-01-21 15:30:00,BSE,BSE_AUTO_0322,SENSEX2612282200PE,PE,BUY,20,334.1,408.1,1480.0,Auto-lightgbm-LimitChase,Target Hit (+50),CLOSED,0.6664010625544687,0.309,False,BSE-1768988858668-1135,target_stop
2026-01-21 15:17:50,2026-01-21 15:30:00,BSE,BSE_AUTO_0323,SENSEX2612282200PE,PE,BUY,20,334.1,408.1,1480.0,Auto-lightgbm-LimitChase,Target Hit (+50),CLOSED,0.7058015061684693,0.309,False,BSE-1768988870108-1136,target_stop
2026-01-21 15:18:09,2026-01-21 15:30:00,BSE,BSE_AUTO_0324,SENSEX2612282200PE,PE,BUY,20,334.1,408.1,1480.0,Auto-lightgbm-LimitChase,Target Hit (+50),CLOSED,0.7333906812431957,0.309,False,BSE-1768988886797-1137,target_stop
