entry_timestamp,exit_timestamp,exchange,position_id,symbol,type,side,quantity,entry_price,exit_price,pnl,entry_reason,exit_reason,status,confidence,kelly_fraction,constraint_violation,signal_id,pnl_source
2026-01-27 09:20:10,2026-01-27 14:45:00,BSE,BSE_AUTO_0001,SENSEX26JAN81500CE,CE,BUY,20,636.0,702.7,1334.0,Auto-lightgbm-LimitChase,Target Hit (+50),CLOSED,0.7530097365379333,0.309,False,BSE-1769485805066-8,target_stop
2026-01-27 09:20:24,2026-01-27 14:45:00,BSE,BSE_AUTO_0002,SENSEX26JAN81500CE,CE,BUY,20,636.0,702.7,1334.0,Auto-lightgbm-LimitChase,Target Hit (+50),CLOSED,0.7067033052444458,0.309,False,BSE-1769485824642-9,target_stop
2026-01-27 09:20:44,2026-01-27 14:45:00,BSE,BSE_AUTO_0003,SENSEX26JAN81500CE,CE,BUY,20,636.0,702.7,1334.0,Auto-lightgbm-LimitChase,Target Hit (+50),CLOSED,0.7098084092140198,0.309,False,BSE-1769485844591-10,target_stop
2026-01-27 09:21:11,2026-01-27 14:45:00,BSE,BSE_AUTO_0004,SENSEX26JAN81400CE,CE,BUY,20,695.1,774.8,1594.0,Auto-lightgbm-LimitChase,Target Hit (+50),CLOSED,0.7914777994155884,0.309,False,BSE-1769485868179-11,target_stop
2026-01-27 09:21:28,2026-01-27 14:45:00,BSE,BSE_AUTO_0005,SENSEX26JAN81500CE,CE,BUY,20,636.0,702.7,1334.0,Auto-lightgbm-LimitChase,Target Hit (+50),CLOSED,0.7268924713134766,0.309,False,BSE-1769485888802-12,target_stop
2026-01-27 09:21:46,2026-01-27 14:45:00,BSE,BSE_AUTO_0006,SENSEX26JAN81500CE,CE,BUY,20,636.0,702.7,1334.0,Auto-lightgbm-LimitChase,Target Hit (+50),CLOSED,0.691046416759491,0.309,False,BSE-1769485906731-13,target_stop
2026-01-27 09:22:09,2026-01-27 14:45:00,BSE,BSE_AUTO_0007,SENSEX26JAN81500CE,CE,BUY,20,636.0,702.7,1334.0,Auto-lightgbm-LimitChase,Target Hit (+50),CLOSED,0.7330289483070374,0.309,False,BSE-1769485929724-14,target_stop
2026-01-27 09:22:26,2026-01-27 14:45:00,BSE,BSE_AUTO_0008,SENSEX26JAN81500CE,CE,BUY,20,636.0,702.7,1334.0,Auto-lightgbm-LimitChase,Target Hit (+50),CLOSED,0.7330289483070374,0.309,False,BSE-1769485946649-15,target_stop
2026-01-27 09:22:45,2026-01-27 14:45:00,BSE,BSE_AUTO_0009,SENSEX26JAN81400CE,CE,BUY,20,695.1,774.8,1594.0,Auto-lightgbm-LimitChase,Target Hit (+50),CLOSED,0.7962267398834229,0.309,False,BSE-1769485965383-16,target_stop
2026-01-27 09:23:09,2026-01-27 14:45:00,BSE,BSE_AUTO_0010,SENSEX26JAN81400CE,CE,BUY,20,695.1,774.8,1594.0,Auto-lightgbm-LimitChase,Target Hit (+50),CLOSED,0.7538249492645264,0.309,False,BSE-1769485984258-17,target_stop
2026-01-27 09:23:40,2026-01-27 14:45:00,BSE,BSE_AUTO_0011,SENSEX26JAN81400CE,CE,BUY,20,695.1,774.8,1594.0,Auto-lightgbm-LimitChase,Target Hit (+50),CLOSED,0.7532086372375488,0.309,False,BSE-1769486020176-18,target_stop
2026-01-27 09:23:54,2026-01-27 14:45:00,BSE,BSE_AUTO_0012,SENSEX26JAN81300CE,CE,BUY,20,759.0,837.1,1562.0,Auto-lightgbm-LimitChase,Target Hit (+50),CLOSED,0.7288838028907776,0.309,False,BSE-1769486034857-19,target_stop
2026-01-27 09:24:16,2026-01-27 14:45:00,BSE,BSE_AUTO_0013,SENSEX26JAN81300CE,CE,BUY,20,759.0,837.1,1562.0,Auto-lightgbm-LimitChase,Target Hit (+50),CLOSED,0.7262788414955139,0.309,False,BSE-1769486056528-20,target_stop
2026-01-27 09:24:41,2026-01-27 14:45:00,BSE,BSE_AUTO_0014,SENSEX26JAN81300CE,CE,BUY,20,759.0,837.1,1562.0,Auto-lightgbm-LimitChase,Target Hit (+50),CLOSED,0.6996451020240784,0.309,False,BSE-1769486081798-21,target_stop
2026-01-27 09:25:10,2026-01-27 14:45:00,BSE,BSE_AUTO_0015,SENSEX26JAN81300CE,CE,BUY,20,759.0,837.1,1562.0,Auto-lightgbm-LimitChase,Target Hit (+50),CLOSED,0.7337880730628967,0.309,False,BSE-1769486102042-22,target_stop
2026-01-27 09:25:21,2026-01-27 14:45:00,BSE,BSE_AUTO_0016,SENSEX26JAN81300CE,CE,BUY,20,759.0,837.1,1562.0,Auto-lightgbm-LimitChase,Target Hit (+50),CLOSED,0.7372112274169922,0.309,False,BSE-1769486121534-23,target_stop
2026-01-27 09:25:49,2026-01-27 14:45:00,BSE,BSE_AUTO_0017,SENSEX26JAN81300CE,CE,BUY,20,759.0,837.1,1562.0,Auto-lightgbm-LimitChase,Target Hit (+50),CLOSED,0.7142583131790161,0.309,False,BSE-1769486149168-24,target_stop
2026-01-27 09:26:09,2026-01-27 14:45:00,BSE,BSE_AUTO_0018,SENSEX26JAN81300CE,CE,BUY,20,759.0,837.1,1562.0,Auto-lightgbm-LimitChase,Target Hit (+50),CLOSED,0.676575779914856,0.309,False,BSE-1769486162912-25,target_stop
2026-01-27 09:26:22,2026-01-27 14:45:00,BSE,BSE_AUTO_0019,SENSEX26JAN81300CE,CE,BUY,20,759.0,837.1,1562.0,Auto-lightgbm-LimitChase,Target Hit (+50),CLOSED,0.676575779914856,0.309,False,BSE-1769486182146-26,target_stop
2026-01-27 09:26:39,2026-01-27 14:45:00,BSE,BSE_AUTO_0020,SENSEX26JAN81200CE,CE,BUY,20,826.3,897.6,1426.0,Auto-lightgbm-LimitChase,Target Hit (+50),CLOSED,0.660671591758728,0.309,False,BSE-1769486199058-27,target_stop
2026-01-27 09:27:09,2026-01-27 14:45:00,BSE,BSE_AUTO_0021,SENSEX26JAN81200CE,CE,BUY,20,826.3,897.6,1426.0,Auto-lightgbm-LimitChase,Target Hit (+50),CLOSED,0.6050794124603271,0.309,False,BSE-1769486223608-28,target_stop
2026-01-27 09:27:23,2026-01-27 14:45:00,BSE,BSE_AUTO_0022,SENSEX26JAN81100CE,CE,BUY,20,898.15,975.7,1551.0,Auto-lightgbm-LimitChase,Target Hit (+50),CLOSED,0.6150214076042175,0.309,False,BSE-1769486243885-29,target_stop
2026-01-27 09:30:15,2026-01-27 14:45:00,BSE,BSE_AUTO_0023,SENSEX26JAN81300CE,CE,BUY,20,759.0,837.1,1562.0,Auto-lightgbm-LimitChase,Target Hit (+50),CLOSED,0.6881174445152283,0.309,False,BSE-1769486415455-36,target_stop
2026-01-27 09:30:32,2026-01-27 14:45:00,BSE,BSE_AUTO_0024,SENSEX26JAN81200CE,CE,BUY,20,826.3,897.6,1426.0,Auto-lightgbm-LimitChase,Target Hit (+50),CLOSED,0.6046530604362488,0.309,False,BSE-1769486432653-37,target_stop
2026-01-27 09:30:56,2026-01-27 14:45:00,BSE,BSE_AUTO_0025,SENSEX26JAN81200CE,CE,BUY,20,826.3,897.6,1426.0,Auto-lightgbm-LimitChase,Target Hit (+50),CLOSED,0.637354850769043,0.309,False,BSE-1769486456349-38,target_stop
2026-01-27 09:31:32,2026-01-27 14:45:00,BSE,BSE_AUTO_0026,SENSEX26JAN81200CE,CE,BUY,20,826.3,897.6,1426.0,Auto-lightgbm-LimitChase,Target Hit (+50),CLOSED,0.6101822853088379,0.309,False,BSE-1769486492325-39,target_stop
2026-01-27 09:32:10,2026-01-27 14:48:00,BSE,BSE_AUTO_0027,SENSEX26JAN81000CE,CE,BUY,20,953.85,839.35,-2290.0,Auto-lightgbm-LimitChase,Stop Loss (-50),CLOSED,0.6252607107162476,0.309,False,BSE-1769486530488-40,target_stop
2026-01-27 09:33:27,2026-01-27 14:48:00,BSE,BSE_AUTO_0028,SENSEX26JAN81000CE,CE,BUY,20,953.85,839.35,-2290.0,Auto-lightgbm-LimitChase,Stop Loss (-50),CLOSED,0.6738990545272827,0.309,False,BSE-1769486607227-44,target_stop
2026-01-27 09:34:09,2026-01-27 14:48:00,BSE,BSE_AUTO_0029,SENSEX26JAN81000CE,CE,BUY,20,953.85,839.35,-2290.0,Auto-lightgbm-LimitChase,Stop Loss (-50),CLOSED,0.6728653311729431,0.309,False,BSE-1769486648142-45,target_stop
2026-01-27 09:35:26,2026-01-27 14:45:00,NSE,NSE_AUTO_0001,NIFTY26JAN25050PE,PE,BUY,65,92.0,53.3,-2515.5,Auto-lightgbm-LimitChase,Stop Loss (-25),CLOSED,0.6,0.309,False,NSE-1769486726232-51,target_stop
2026-01-27 09:35:42,2026-01-27 14:48:00,BSE,BSE_AUTO_0030,SENSEX26JAN81000CE,CE,BUY,20,953.85,839.35,-2290.0,Auto-lightgbm-LimitChase,Stop Loss (-50),CLOSED,0.6063206791877747,0.309,False,BSE-1769486742936-49,target_stop
2026-01-27 09:35:57,2026-01-27 14:48:00,BSE,BSE_AUTO_0031,SENSEX26JAN81000CE,CE,BUY,20,953.85,839.35,-2290.0,Auto-lightgbm-LimitChase,Stop Loss (-50),CLOSED,0.6245459318161011,0.309,False,BSE-1769486757883-50,target_stop
2026-01-27 09:36:59,2026-01-27 09:37:01,BSE,BSE_AUTO_0032,SENSEX26JAN80900CE,CE,BUY,20,768.67,873.75,2101.6,Auto-lightgbm-LimitChase,Target Hit (+50),CLOSED,0.6495843529701233,0.309,False,BSE-1769486819439-52,original
2026-01-27 09:37:09,2026-01-27 09:37:09,BSE,BSE_AUTO_0033,SENSEX26JAN80900CE,CE,BUY,20,762.27,873.75,2229.6,Auto-lightgbm-LimitChase,Target Hit (+50),CLOSED,0.6307414174079895,0.309,False,BSE-1769486823239-53,original
2026-01-27 09:37:09,2026-01-27 14:45:00,NSE,NSE_AUTO_0002,NIFTY26JAN25050PE,PE,BUY,65,92.0,53.3,-2515.5,Auto-lightgbm-LimitChase,Stop Loss (-25),CLOSED,0.6,0.309,False,NSE-1769486827227-52,target_stop
2026-01-27 09:37:31,2026-01-27 14:45:00,NSE,NSE_AUTO_0003,NIFTY26JAN25050PE,PE,BUY,65,92.0,53.3,-2515.5,Auto-lightgbm-LimitChase,Stop Loss (-25),CLOSED,0.6,0.309,False,NSE-1769486851829-53,target_stop
2026-01-27 09:37:44,2026-01-27 09:37:49,BSE,BSE_AUTO_0034,SENSEX26JAN80900CE,CE,BUY,20,759.3199999999999,922.95,3272.6,Auto-lightgbm-LimitChase,Target Hit (+50),CLOSED,0.600679337978363,0.309,False,BSE-1769486864922-55,original
2026-01-27 09:37:54,2026-01-27 14:45:00,NSE,NSE_AUTO_0004,NIFTY26JAN25050PE,PE,BUY,65,92.0,53.3,-2515.5,Auto-lightgbm-LimitChase,Stop Loss (-25),CLOSED,0.6,0.309,False,NSE-1769486874313-55,target_stop
2026-01-27 09:38:10,2026-01-27 14:45:00,NSE,NSE_AUTO_0005,NIFTY26JAN25050PE,PE,BUY,65,92.0,53.3,-2515.5,Auto-lightgbm-LimitChase,Stop Loss (-25),CLOSED,0.6,0.309,False,NSE-1769486888755-56,target_stop
2026-01-27 09:38:15,2026-01-27 14:45:00,NSE,NSE_AUTO_0006,NIFTY26JAN25050PE,PE,BUY,65,92.0,53.3,-2515.5,Auto-lightgbm-LimitChase,Stop Loss (-25),CLOSED,0.6,0.309,False,NSE-1769486895796-57,target_stop
2026-01-27 09:38:22,2026-01-27 09:45:42,BSE,BSE_AUTO_0035,SENSEX26JAN80900CE,CE,BUY,20,760.02,845.4,1707.6,Auto-lightgbm-LimitChase,Target Hit (+50),CLOSED,0.6303237676620483,0.309,False,BSE-1769486902744-57,original
2026-01-27 09:38:33,2026-01-27 14:45:00,NSE,NSE_AUTO_0007,NIFTY26JAN25050PE,PE,BUY,65,92.0,53.3,-2515.5,Auto-lightgbm-LimitChase,Stop Loss (-25),CLOSED,0.6,0.309,False,NSE-1769486913389-58,target_stop
2026-01-27 09:38:36,2026-01-27 14:45:00,NSE,NSE_AUTO_0008,NIFTY26JAN25050PE,PE,BUY,65,92.0,53.3,-2515.5,Auto-lightgbm-LimitChase,Stop Loss (-25),CLOSED,0.6,0.309,False,NSE-1769486916862-59,target_stop
2026-01-27 09:39:10,2026-01-27 14:45:00,NSE,NSE_AUTO_0009,NIFTY26JAN25050PE,PE,BUY,65,92.0,53.3,-2515.5,Auto-lightgbm-LimitChase,Stop Loss (-25),CLOSED,0.6,0.309,False,NSE-1769486943262-60,target_stop
2026-01-27 09:39:55,2026-01-27 14:45:00,NSE,NSE_AUTO_0010,NIFTY26JAN25050PE,PE,BUY,65,92.0,53.3,-2515.5,Auto-lightgbm-LimitChase,Stop Loss (-25),CLOSED,0.6,0.309,False,NSE-1769486995350-61,target_stop
2026-01-27 09:44:17,2026-01-27 14:48:00,BSE,BSE_AUTO_0036,SENSEX26JAN81000CE,CE,BUY,20,953.85,839.35,-2290.0,Auto-lightgbm-LimitChase,Stop Loss (-50),CLOSED,0.6024166345596313,0.309,False,BSE-1769487257220-68,target_stop
2026-01-27 09:45:55,2026-01-27 14:45:00,BSE,BSE_AUTO_0037,SENSEX26JAN81100CE,CE,BUY,20,898.15,975.7,1551.0,Auto-lightgbm-LimitChase,Target Hit (+50),CLOSED,0.6418034434318542,0.309,False,BSE-1769487355371-72,target_stop
2026-01-27 09:46:32,2026-01-27 14:45:00,NSE,NSE_AUTO_0011,NIFTY26JAN24900CE,CE,BUY,65,228.0,263.5,2307.5,Auto-lightgbm-LimitChase,Target Hit (+25),CLOSED,0.6,0.309,False,NSE-1769487392080-76,target_stop
2026-01-27 09:46:39,2026-01-27 14:45:00,NSE,NSE_AUTO_0012,NIFTY26JAN24900CE,CE,BUY,65,228.0,263.5,2307.5,Auto-lightgbm-LimitChase,Target Hit (+25),CLOSED,0.6,0.309,False,NSE-1769487398996-77,target_stop
2026-01-27 09:46:50,2026-01-27 14:45:00,NSE,NSE_AUTO_0013,NIFTY26JAN24900CE,CE,BUY,65,228.0,263.5,2307.5,Auto-lightgbm-LimitChase,Target Hit (+25),CLOSED,0.6,0.309,False,NSE-1769487410208-78,target_stop
2026-01-27 09:46:56,2026-01-27 14:45:00,NSE,NSE_AUTO_0014,NIFTY26JAN24900CE,CE,BUY,65,228.0,263.5,2307.5,Auto-lightgbm-LimitChase,Target Hit (+25),CLOSED,0.6,0.309,False,NSE-1769487416596-79,target_stop
2026-01-27 09:47:14,2026-01-27 14:45:00,NSE,NSE_AUTO_0015,NIFTY26JAN24900CE,CE,BUY,65,228.0,263.5,2307.5,Auto-lightgbm-LimitChase,Target Hit (+25),CLOSED,0.6,0.309,False,NSE-1769487434030-80,target_stop
2026-01-27 09:47:38,2026-01-27 14:45:00,NSE,NSE_AUTO_0016,NIFTY26JAN24900CE,CE,BUY,65,228.0,263.5,2307.5,Auto-lightgbm-LimitChase,Target Hit (+25),CLOSED,0.6,0.309,False,NSE-1769487458434-81,target_stop
2026-01-27 09:47:41,2026-01-27 14:45:00,NSE,NSE_AUTO_0017,NIFTY26JAN24900CE,CE,BUY,65,228.0,263.5,2307.5,Auto-lightgbm-LimitChase,Target Hit (+25),CLOSED,0.6,0.309,False,NSE-1769487461907-82,target_stop
2026-01-27 09:47:58,2026-01-27 14:45:00,NSE,NSE_AUTO_0018,NIFTY26JAN24900CE,CE,BUY,65,228.0,263.5,2307.5,Auto-lightgbm-LimitChase,Target Hit (+25),CLOSED,0.6,0.309,False,NSE-1769487478281-83,target_stop
2026-01-27 09:48:01,2026-01-27 14:45:00,NSE,NSE_AUTO_0019,NIFTY26JAN24900CE,CE,BUY,65,228.0,263.5,2307.5,Auto-lightgbm-LimitChase,Target Hit (+25),CLOSED,0.6,0.309,False,NSE-1769487481844-84,target_stop
2026-01-27 09:48:13,2026-01-27 14:45:00,NSE,NSE_AUTO_0020,NIFTY26JAN24900CE,CE,BUY,65,228.0,263.5,2307.5,Auto-lightgbm-LimitChase,Target Hit (+25),CLOSED,0.6,0.309,False,NSE-1769487493649-85,target_stop
2026-01-27 09:48:21,2026-01-27 14:45:00,NSE,NSE_AUTO_0021,NIFTY26JAN24900CE,CE,BUY,65,228.0,263.5,2307.5,Auto-lightgbm-LimitChase,Target Hit (+25),CLOSED,0.6,0.309,False,NSE-1769487501813-86,target_stop
2026-01-27 09:48:52,2026-01-27 14:45:00,NSE,NSE_AUTO_0022,NIFTY26JAN24900CE,CE,BUY,65,228.0,263.5,2307.5,Auto-lightgbm-LimitChase,Target Hit (+25),CLOSED,0.6,0.309,False,NSE-1769487532583-87,target_stop
2026-01-27 09:49:17,2026-01-27 14:45:00,NSE,NSE_AUTO_0023,NIFTY26JAN24950CE,CE,BUY,65,191.0,220.1,1891.5,Auto-lightgbm-LimitChase,Target Hit (+25),CLOSED,0.6,0.309,False,NSE-1769487557441-88,target_stop
2026-01-27 09:49:35,2026-01-27 14:45:00,BSE,BSE_AUTO_0038,SENSEX26JAN81200CE,CE,BUY,20,826.3,897.6,1426.0,Auto-lightgbm-LimitChase,Target Hit (+50),CLOSED,0.7482867479324341,0.309,False,BSE-1769487575356-80,target_stop
2026-01-27 09:50:17,2026-01-27 14:45:00,NSE,NSE_AUTO_0024,NIFTY26JAN24950CE,CE,BUY,65,191.0,220.1,1891.5,Auto-lightgbm-LimitChase,Target Hit (+25),CLOSED,0.6,0.309,False,NSE-1769487617119-89,target_stop
2026-01-27 09:50:27,2026-01-27 14:45:00,NSE,NSE_AUTO_0025,NIFTY26JAN25000CE,CE,BUY,65,157.0,183.6,1729.0,Auto-lightgbm-LimitChase,Target Hit (+25),CLOSED,0.6,0.309,False,NSE-1769487627845-90,target_stop
2026-01-27 09:50:36,2026-01-27 14:45:00,BSE,BSE_AUTO_0039,SENSEX26JAN81300CE,CE,BUY,20,759.0,837.1,1562.0,Auto-lightgbm-LimitChase,Target Hit (+50),CLOSED,0.6529029607772827,0.309,False,BSE-1769487636265-83,target_stop
2026-01-27 09:50:43,2026-01-27 14:45:00,NSE,NSE_AUTO_0026,NIFTY26JAN25000CE,CE,BUY,65,157.0,183.6,1729.0,Auto-lightgbm-LimitChase,Target Hit (+25),CLOSED,0.6,0.309,False,NSE-1769487643629-91,target_stop
2026-01-27 09:51:09,2026-01-27 14:45:00,BSE,BSE_AUTO_0040,SENSEX26JAN81400CE,CE,BUY,20,695.1,774.8,1594.0,Auto-lightgbm-LimitChase,Target Hit (+50),CLOSED,0.7040131092071533,0.309,False,BSE-1769487669047-84,target_stop
2026-01-27 09:51:12,2026-01-27 14:45:00,NSE,NSE_AUTO_0027,NIFTY26JAN25000CE,CE,BUY,65,157.0,183.6,1729.0,Auto-lightgbm-LimitChase,Target Hit (+25),CLOSED,0.6,0.309,False,NSE-1769487672606-92,target_stop
2026-01-27 09:51:31,2026-01-27 14:45:00,NSE,NSE_AUTO_0028,NIFTY26JAN25000CE,CE,BUY,65,157.0,183.6,1729.0,Auto-lightgbm-LimitChase,Target Hit (+25),CLOSED,0.6,0.309,False,NSE-1769487691960-93,target_stop
2026-01-27 09:51:35,2026-01-27 14:45:00,NSE,NSE_AUTO_0029,NIFTY26JAN25000CE,CE,BUY,65,157.0,183.6,1729.0,Auto-lightgbm-LimitChase,Target Hit (+25),CLOSED,0.6,0.309,False,NSE-1769487695649-94,target_stop
2026-01-27 09:51:47,2026-01-27 14:45:00,NSE,NSE_AUTO_0030,NIFTY26JAN25000CE,CE,BUY,65,157.0,183.6,1729.0,Auto-lightgbm-LimitChase,Target Hit (+25),CLOSED,0.6,0.309,False,NSE-1769487707825-95,target_stop
2026-01-27 09:51:57,2026-01-27 14:45:00,NSE,NSE_AUTO_0031,NIFTY26JAN25000CE,CE,BUY,65,157.0,183.6,1729.0,Auto-lightgbm-LimitChase,Target Hit (+25),CLOSED,0.6,0.309,False,NSE-1769487717216-96,target_stop
2026-01-27 09:52:00,2026-01-27 14:45:00,NSE,NSE_AUTO_0032,NIFTY26JAN25000CE,CE,BUY,65,157.0,183.6,1729.0,Auto-lightgbm-LimitChase,Target Hit (+25),CLOSED,0.6,0.309,False,NSE-1769487720650-97,target_stop
2026-01-27 09:52:09,2026-01-27 14:45:00,NSE,NSE_AUTO_0033,NIFTY26JAN25000CE,CE,BUY,65,157.0,183.6,1729.0,Auto-lightgbm-LimitChase,Target Hit (+25),CLOSED,0.6,0.309,False,NSE-1769487724170-98,target_stop
2026-01-27 09:52:20,2026-01-27 14:45:00,BSE,BSE_AUTO_0041,SENSEX26JAN81400CE,CE,BUY,20,695.1,774.8,1594.0,Auto-lightgbm-LimitChase,Target Hit (+50),CLOSED,0.7607012987136841,0.309,False,BSE-1769487740080-85,target_stop
2026-01-27 09:52:40,2026-01-27 14:45:00,BSE,BSE_AUTO_0042,SENSEX26JAN81400CE,CE,BUY,20,695.1,774.8,1594.0,Auto-lightgbm-LimitChase,Target Hit (+50),CLOSED,0.7917275071144104,0.309,False,BSE-1769487760103-86,target_stop
2026-01-27 09:53:03,2026-01-27 14:45:00,NSE,NSE_AUTO_0034,NIFTY26JAN25000CE,CE,BUY,65,157.0,183.6,1729.0,Auto-lightgbm-LimitChase,Target Hit (+25),CLOSED,0.6,0.309,False,NSE-1769487783153-99,target_stop
2026-01-27 09:53:13,2026-01-27 14:45:00,NSE,NSE_AUTO_0035,NIFTY26JAN25000CE,CE,BUY,65,157.0,183.6,1729.0,Auto-lightgbm-LimitChase,Target Hit (+25),CLOSED,0.6,0.309,False,NSE-1769487786701-100,target_stop
2026-01-27 09:53:13,2026-01-27 14:45:00,NSE,NSE_AUTO_0036,NIFTY26JAN25000CE,CE,BUY,65,157.0,183.6,1729.0,Auto-lightgbm-LimitChase,Target Hit (+25),CLOSED,0.6,0.309,False,NSE-1769487790385-101,target_stop
2026-01-27 09:53:46,2026-01-27 14:45:00,NSE,NSE_AUTO_0037,NIFTY26JAN25000CE,CE,BUY,65,157.0,183.6,1729.0,Auto-lightgbm-LimitChase,Target Hit (+25),CLOSED,0.6,0.309,False,NSE-1769487826108-102,target_stop
2026-01-27 09:53:53,2026-01-27 14:45:00,BSE,BSE_AUTO_0043,SENSEX26JAN81400CE,CE,BUY,20,695.1,774.8,1594.0,Auto-lightgbm-LimitChase,Target Hit (+50),CLOSED,0.7609141111373902,0.309,False,BSE-1769487833820-87,target_stop
2026-01-27 09:54:12,2026-01-27 14:45:00,NSE,NSE_AUTO_0038,NIFTY26JAN25000CE,CE,BUY,65,157.0,183.6,1729.0,Auto-lightgbm-LimitChase,Target Hit (+25),CLOSED,0.6,0.309,False,NSE-1769487852191-103,target_stop
2026-01-27 09:54:27,2026-01-27 14:45:00,NSE,NSE_AUTO_0039,NIFTY26JAN25000CE,CE,BUY,65,157.0,183.6,1729.0,Auto-lightgbm-LimitChase,Target Hit (+25),CLOSED,0.6,0.309,False,NSE-1769487867534-104,target_stop
2026-01-27 09:54:35,2026-01-27 14:45:00,NSE,NSE_AUTO_0040,NIFTY26JAN25000CE,CE,BUY,65,157.0,183.6,1729.0,Auto-lightgbm-LimitChase,Target Hit (+25),CLOSED,0.6,0.309,False,NSE-1769487875027-105,target_stop
2026-01-27 09:54:49,2026-01-27 14:45:00,BSE,BSE_AUTO_0044,SENSEX26JAN81400CE,CE,BUY,20,695.1,774.8,1594.0,Auto-lightgbm-LimitChase,Target Hit (+50),CLOSED,0.825485372543335,0.309,False,BSE-1769487889261-88,target_stop
2026-01-27 09:55:35,2026-01-27 14:45:00,BSE,BSE_AUTO_0045,SENSEX26JAN81600CE,CE,BUY,20,580.0,641.3,1226.0,Auto-lightgbm-LimitChase,Target Hit (+50),CLOSED,0.8631429314613343,0.309,False,BSE-1769487934596-89,target_stop
2026-01-27 09:56:31,2026-01-27 14:45:00,BSE,BSE_AUTO_0046,SENSEX26JAN81600CE,CE,BUY,20,580.0,641.3,1226.0,Auto-lightgbm-LimitChase,Target Hit (+50),CLOSED,0.8925277829170227,0.309,False,BSE-1769487991419-92,target_stop
2026-01-27 09:56:34,2026-01-27 14:45:00,BSE,BSE_AUTO_0047,SENSEX26JAN81600CE,CE,BUY,20,580.0,641.3,1226.0,Auto-lightgbm-LimitChase,Target Hit (+50),CLOSED,0.8620741605758667,0.309,False,BSE-1769487994810-93,target_stop
2026-01-27 09:56:38,2026-01-27 14:45:00,BSE,BSE_AUTO_0048,SENSEX26JAN81600CE,CE,BUY,20,580.0,641.3,1226.0,Auto-lightgbm-LimitChase,Target Hit (+50),CLOSED,0.8685460329055786,0.309,False,BSE-1769487998292-94,target_stop
2026-01-27 09:57:11,2026-01-27 14:45:00,BSE,BSE_AUTO_0049,SENSEX26JAN81600CE,CE,BUY,20,580.0,641.3,1226.0,Auto-lightgbm-LimitChase,Target Hit (+50),CLOSED,0.8491307139396668,0.309,False,BSE-1769488031266-95,target_stop
2026-01-27 09:57:38,2026-01-27 14:45:00,BSE,BSE_AUTO_0050,SENSEX26JAN81600CE,CE,BUY,20,580.0,641.3,1226.0,Auto-lightgbm-LimitChase,Target Hit (+50),CLOSED,0.8616363048553467,0.309,False,BSE-1769488057943-96,target_stop
2026-01-27 09:57:58,2026-01-27 14:45:00,BSE,BSE_AUTO_0051,SENSEX26JAN81600CE,CE,BUY,20,580.0,641.3,1226.0,Auto-lightgbm-LimitChase,Target Hit (+50),CLOSED,0.7913160562515259,0.309,False,BSE-1769488078480-97,target_stop
2026-01-27 09:58:09,2026-01-27 14:45:00,BSE,BSE_AUTO_0052,SENSEX26JAN81600CE,CE,BUY,20,580.0,641.3,1226.0,Auto-lightgbm-LimitChase,Target Hit (+50),CLOSED,0.7751174211502075,0.309,False,BSE-1769488085849-98,target_stop
2026-01-27 09:58:40,2026-01-27 14:48:00,NSE,NSE_AUTO_0041,NIFTY26JAN25050CE,CE,BUY,65,127.0,101.65,-1647.75,Auto-lightgbm-LimitChase,Stop Loss (-25),CLOSED,0.6,0.309,False,NSE-1769488120787-115,target_stop
2026-01-27 09:58:53,2026-01-27 14:45:00,BSE,BSE_AUTO_0053,SENSEX26JAN81500CE,CE,BUY,20,636.0,702.7,1334.0,Auto-lightgbm-LimitChase,Target Hit (+50),CLOSED,0.739047908782959,0.309,False,BSE-1769488133680-101,target_stop
2026-01-27 09:59:00,2026-01-27 14:45:00,BSE,BSE_AUTO_0054,SENSEX26JAN81500CE,CE,BUY,20,636.0,702.7,1334.0,Auto-lightgbm-LimitChase,Target Hit (+50),CLOSED,0.737021291255951,0.309,False,BSE-1769488140548-102,target_stop
2026-01-27 09:59:16,2026-01-27 14:45:00,BSE,BSE_AUTO_0055,SENSEX26JAN81600CE,CE,BUY,20,580.0,641.3,1226.0,Auto-lightgbm-LimitChase,Target Hit (+50),CLOSED,0.7588721752166748,0.309,False,BSE-1769488156964-104,target_stop
2026-01-27 09:59:49,2026-01-27 14:45:00,BSE,BSE_AUTO_0056,SENSEX26JAN81600CE,CE,BUY,20,580.0,641.3,1226.0,Auto-lightgbm-LimitChase,Target Hit (+50),CLOSED,0.7864721655845642,0.309,False,BSE-1769488188988-105,target_stop
2026-01-27 10:00:09,2026-01-27 14:45:00,BSE,BSE_AUTO_0057,SENSEX26JAN81600CE,CE,BUY,20,580.0,641.3,1226.0,Auto-lightgbm-LimitChase,Target Hit (+50),CLOSED,0.7700465559959412,0.309,False,BSE-1769488206468-106,target_stop
2026-01-27 10:00:13,2026-01-27 14:45:00,BSE,BSE_AUTO_0058,SENSEX26JAN81600CE,CE,BUY,20,580.0,641.3,1226.0,Auto-lightgbm-LimitChase,Target Hit (+50),CLOSED,0.7781340718269348,0.309,False,BSE-1769488213420-107,target_stop
2026-01-27 10:00:48,2026-01-27 14:45:00,BSE,BSE_AUTO_0059,SENSEX26JAN81600CE,CE,BUY,20,580.0,641.3,1226.0,Auto-lightgbm-LimitChase,Target Hit (+50),CLOSED,0.7611358404159546,0.309,False,BSE-1769488248158-108,target_stop
2026-01-27 10:00:57,2026-01-27 14:45:00,BSE,BSE_AUTO_0060,SENSEX26JAN81600CE,CE,BUY,20,580.0,641.3,1226.0,Auto-lightgbm-LimitChase,Target Hit (+50),CLOSED,0.7619266152381897,0.309,False,BSE-1769488257340-109,target_stop
2026-01-27 10:01:09,2026-01-27 14:45:00,BSE,BSE_AUTO_0061,SENSEX26JAN81600CE,CE,BUY,20,580.0,641.3,1226.0,Auto-lightgbm-LimitChase,Target Hit (+50),CLOSED,0.763133192062378,0.309,False,BSE-1769488267003-110,target_stop
2026-01-27 10:02:25,2026-01-27 14:45:00,BSE,BSE_AUTO_0062,SENSEX26JAN81600CE,CE,BUY,20,580.0,641.3,1226.0,Auto-lightgbm-LimitChase,Target Hit (+50),CLOSED,0.7457656502723694,0.309,False,BSE-1769488345838-116,target_stop
2026-01-27 10:02:51,2026-01-27 14:45:00,BSE,BSE_AUTO_0063,SENSEX26JAN81600CE,CE,BUY,20,580.0,641.3,1226.0,Auto-lightgbm-LimitChase,Target Hit (+50),CLOSED,0.773735249042511,0.309,False,BSE-1769488371623-117,target_stop
2026-01-27 10:03:45,2026-01-27 14:48:00,NSE,NSE_AUTO_0042,NIFTY26JAN25050CE,CE,BUY,65,127.0,101.65,-1647.75,Auto-lightgbm-LimitChase,Stop Loss (-25),CLOSED,0.6,0.309,False,NSE-1769488425513-127,target_stop
2026-01-27 10:05:33,2026-01-27 14:45:00,BSE,BSE_AUTO_0064,SENSEX26JAN81600CE,CE,BUY,20,580.0,641.3,1226.0,Auto-lightgbm-LimitChase,Target Hit (+50),CLOSED,0.6823681235313416,0.309,False,BSE-1769488533139-127,target_stop
2026-01-27 10:06:31,2026-01-27 14:45:00,BSE,BSE_AUTO_0065,SENSEX26JAN81600CE,CE,BUY,20,580.0,641.3,1226.0,Auto-lightgbm-LimitChase,Target Hit (+50),CLOSED,0.6861189842224121,0.309,False,BSE-1769488591831-131,target_stop
2026-01-27 10:06:59,2026-01-27 14:45:00,BSE,BSE_AUTO_0066,SENSEX26JAN81600CE,CE,BUY,20,580.0,641.3,1226.0,Auto-lightgbm-LimitChase,Target Hit (+50),CLOSED,0.6538185715675354,0.309,False,BSE-1769488619721-132,target_stop
2026-01-27 10:07:18,2026-01-27 14:45:00,BSE,BSE_AUTO_0067,SENSEX26JAN81500CE,CE,BUY,20,636.0,702.7,1334.0,Auto-lightgbm-LimitChase,Target Hit (+50),CLOSED,0.7363273739814759,0.309,False,BSE-1769488638846-133,target_stop
2026-01-27 10:07:29,2026-01-27 14:45:00,BSE,BSE_AUTO_0068,SENSEX26JAN81500CE,CE,BUY,20,636.0,702.7,1334.0,Auto-lightgbm-LimitChase,Target Hit (+50),CLOSED,0.7389368057250977,0.309,False,BSE-1769488649216-134,target_stop
2026-01-27 10:08:33,2026-01-27 14:45:00,NSE,NSE_AUTO_0043,NIFTY26JAN25000CE,CE,BUY,65,157.0,183.6,1729.0,Auto-lightgbm-LimitChase,Target Hit (+25),CLOSED,0.6,0.309,False,NSE-1769488713191-138,target_stop
2026-01-27 10:08:46,2026-01-27 14:45:00,BSE,BSE_AUTO_0069,SENSEX26JAN81500CE,CE,BUY,20,636.0,702.7,1334.0,Auto-lightgbm-LimitChase,Target Hit (+50),CLOSED,0.73851158618927,0.309,False,BSE-1769488726644-135,target_stop
2026-01-27 10:08:57,2026-01-27 14:45:00,BSE,BSE_AUTO_0070,SENSEX26JAN81500CE,CE,BUY,20,636.0,702.7,1334.0,Auto-lightgbm-LimitChase,Target Hit (+50),CLOSED,0.7337819576263428,0.309,False,BSE-1769488737138-136,target_stop
2026-01-27 10:09:22,2026-01-27 14:45:00,BSE,BSE_AUTO_0071,SENSEX26JAN81500CE,CE,BUY,20,636.0,702.7,1334.0,Auto-lightgbm-LimitChase,Target Hit (+50),CLOSED,0.7493616580963135,0.309,False,BSE-1769488762692-138,target_stop
2026-01-27 10:09:42,2026-01-27 14:45:00,BSE,BSE_AUTO_0072,SENSEX26JAN81500CE,CE,BUY,20,636.0,702.7,1334.0,Auto-lightgbm-LimitChase,Target Hit (+50),CLOSED,0.7458391427993775,0.309,False,BSE-1769488782541-139,target_stop
2026-01-27 10:10:10,2026-01-27 14:45:00,BSE,BSE_AUTO_0073,SENSEX26JAN81500CE,CE,BUY,20,636.0,702.7,1334.0,Auto-lightgbm-LimitChase,Target Hit (+50),CLOSED,0.6856091260910034,0.309,False,BSE-1769488810244-140,target_stop
2026-01-27 10:10:20,2026-01-27 14:45:00,BSE,BSE_AUTO_0074,SENSEX26JAN81500CE,CE,BUY,20,636.0,702.7,1334.0,Auto-lightgbm-LimitChase,Target Hit (+50),CLOSED,0.6779682874679566,0.309,False,BSE-1769488820184-141,target_stop
2026-01-27 10:11:00,2026-01-27 14:45:00,BSE,BSE_AUTO_0075,SENSEX26JAN81500CE,CE,BUY,20,636.0,702.7,1334.0,Auto-lightgbm-LimitChase,Target Hit (+50),CLOSED,0.6945463657379151,0.309,False,BSE-1769488860653-144,target_stop
2026-01-27 10:13:09,2026-01-27 14:45:00,BSE,BSE_AUTO_0076,SENSEX26JAN81600CE,CE,BUY,20,580.0,641.3,1226.0,Auto-lightgbm-LimitChase,Target Hit (+50),CLOSED,0.6658077239990234,0.309,False,BSE-1769488984654-148,target_stop
2026-01-27 10:13:18,2026-01-27 14:45:00,BSE,BSE_AUTO_0077,SENSEX26JAN81600CE,CE,BUY,20,580.0,641.3,1226.0,Auto-lightgbm-LimitChase,Target Hit (+50),CLOSED,0.6732056140899658,0.309,False,BSE-1769488998924-149,target_stop
2026-01-27 10:13:30,2026-01-27 14:45:00,BSE,BSE_AUTO_0078,SENSEX26JAN81600CE,CE,BUY,20,580.0,641.3,1226.0,Auto-lightgbm-LimitChase,Target Hit (+50),CLOSED,0.6667884588241577,0.309,False,BSE-1769489010213-150,target_stop
2026-01-27 10:13:33,2026-01-27 14:45:00,BSE,BSE_AUTO_0079,SENSEX26JAN81600CE,CE,BUY,20,580.0,641.3,1226.0,Auto-lightgbm-LimitChase,Target Hit (+50),CLOSED,0.6701744794845581,0.309,False,BSE-1769489013758-151,target_stop
2026-01-27 10:13:59,2026-01-27 14:45:00,BSE,BSE_AUTO_0080,SENSEX26JAN81600CE,CE,BUY,20,580.0,641.3,1226.0,Auto-lightgbm-LimitChase,Target Hit (+50),CLOSED,0.6371594071388245,0.309,False,BSE-1769489039766-152,target_stop
2026-01-27 10:18:09,2026-01-27 14:45:00,BSE,BSE_AUTO_0081,SENSEX26JAN81500CE,CE,BUY,20,636.0,702.7,1334.0,Auto-lightgbm-LimitChase,Target Hit (+50),CLOSED,0.8054718017578125,0.309,False,BSE-1769489284264-156,target_stop
2026-01-27 10:19:14,2026-01-27 14:45:00,BSE,BSE_AUTO_0082,SENSEX26JAN81400CE,CE,BUY,20,695.1,774.8,1594.0,Auto-lightgbm-LimitChase,Target Hit (+50),CLOSED,0.7161089420318604,0.309,False,BSE-1769489354308-158,target_stop
2026-01-27 10:20:30,2026-01-27 14:45:00,BSE,BSE_AUTO_0083,SENSEX26JAN81400CE,CE,BUY,20,695.1,774.8,1594.0,Auto-lightgbm-LimitChase,Target Hit (+50),CLOSED,0.7130348324775696,0.309,False,BSE-1769489430056-159,target_stop
2026-01-27 10:20:37,2026-01-27 14:45:00,BSE,BSE_AUTO_0084,SENSEX26JAN81400CE,CE,BUY,20,695.1,774.8,1594.0,Auto-lightgbm-LimitChase,Target Hit (+50),CLOSED,0.7141443133354187,0.309,False,BSE-1769489437000-160,target_stop
2026-01-27 10:20:56,2026-01-27 14:45:00,BSE,BSE_AUTO_0085,SENSEX26JAN81400CE,CE,BUY,20,695.1,774.8,1594.0,Auto-lightgbm-LimitChase,Target Hit (+50),CLOSED,0.7828250765800476,0.309,False,BSE-1769489456857-161,target_stop
2026-01-27 10:21:00,2026-01-27 14:45:00,BSE,BSE_AUTO_0086,SENSEX26JAN81400CE,CE,BUY,20,695.1,774.8,1594.0,Auto-lightgbm-LimitChase,Target Hit (+50),CLOSED,0.7647231459617615,0.309,False,BSE-1769489460342-162,target_stop
2026-01-27 10:21:22,2026-01-27 14:45:00,BSE,BSE_AUTO_0087,SENSEX26JAN81400CE,CE,BUY,20,695.1,774.8,1594.0,Auto-lightgbm-LimitChase,Target Hit (+50),CLOSED,0.8010699987411499,0.309,False,BSE-1769489481985-163,target_stop
2026-01-27 10:21:41,2026-01-27 14:45:00,BSE,BSE_AUTO_0088,SENSEX26JAN81400CE,CE,BUY,20,695.1,774.8,1594.0,Auto-lightgbm-LimitChase,Target Hit (+50),CLOSED,0.7902955651283264,0.309,False,BSE-1769489501557-164,target_stop
2026-01-27 10:22:36,2026-01-27 14:45:00,NSE,NSE_AUTO_0044,NIFTY26JAN25200PE,PE,BUY,65,175.8,117.6,-3783.0,Auto-lightgbm-LimitChase,Stop Loss (-25),CLOSED,0.6,0.309,False,NSE-1769489556208-182,target_stop
2026-01-27 10:22:43,2026-01-27 14:45:00,NSE,NSE_AUTO_0045,NIFTY26JAN25200PE,PE,BUY,65,175.8,117.6,-3783.0,Auto-lightgbm-LimitChase,Stop Loss (-25),CLOSED,0.6,0.309,False,NSE-1769489563349-183,target_stop
2026-01-27 10:22:49,2026-01-27 14:45:00,NSE,NSE_AUTO_0046,NIFTY26JAN25200PE,PE,BUY,65,175.8,117.6,-3783.0,Auto-lightgbm-LimitChase,Stop Loss (-25),CLOSED,0.6,0.309,False,NSE-1769489569085-184,target_stop
2026-01-27 10:22:52,2026-01-27 14:45:00,NSE,NSE_AUTO_0047,NIFTY26JAN25200PE,PE,BUY,65,175.8,117.6,-3783.0,Auto-lightgbm-LimitChase,Stop Loss (-25),CLOSED,0.6,0.309,False,NSE-1769489572602-185,target_stop
2026-01-27 10:23:10,2026-01-27 14:45:00,BSE,BSE_AUTO_0089,SENSEX26JAN81400CE,CE,BUY,20,695.1,774.8,1594.0,Auto-lightgbm-LimitChase,Target Hit (+50),CLOSED,0.6258323788642883,0.309,False,BSE-1769489585646-168,target_stop
2026-01-27 10:23:10,2026-01-27 14:45:00,NSE,NSE_AUTO_0048,NIFTY26JAN25200PE,PE,BUY,65,175.8,117.6,-3783.0,Auto-lightgbm-LimitChase,Stop Loss (-25),CLOSED,0.6,0.309,False,NSE-1769489589155-186,target_stop
2026-01-27 10:23:20,2026-01-27 14:45:00,BSE,BSE_AUTO_0090,SENSEX26JAN81400CE,CE,BUY,20,695.1,774.8,1594.0,Auto-lightgbm-LimitChase,Target Hit (+50),CLOSED,0.6120917201042175,0.309,False,BSE-1769489599984-169,target_stop
2026-01-27 10:23:57,2026-01-27 14:45:00,NSE,NSE_AUTO_0049,NIFTY26JAN25200PE,PE,BUY,65,175.8,117.6,-3783.0,Auto-lightgbm-LimitChase,Stop Loss (-25),CLOSED,0.6,0.309,False,NSE-1769489637919-187,target_stop
2026-01-27 10:24:01,2026-01-27 14:45:00,NSE,NSE_AUTO_0050,NIFTY26JAN25250PE,PE,BUY,65,211.1,150.85,-3916.25,Auto-lightgbm-LimitChase,Stop Loss (-25),CLOSED,0.6,0.309,False,NSE-1769489641420-188,target_stop
2026-01-27 10:24:12,2026-01-27 14:45:00,BSE,BSE_AUTO_0091,SENSEX26JAN81500CE,CE,BUY,20,636.0,702.7,1334.0,Auto-lightgbm-LimitChase,Target Hit (+50),CLOSED,0.6617380380630493,0.309,False,BSE-1769489652029-171,target_stop
2026-01-27 10:24:22,2026-01-27 14:45:00,BSE,BSE_AUTO_0092,SENSEX26JAN81500CE,CE,BUY,20,636.0,702.7,1334.0,Auto-lightgbm-LimitChase,Target Hit (+50),CLOSED,0.6799089312553406,0.309,False,BSE-1769489662780-172,target_stop
2026-01-27 10:24:31,2026-01-27 14:45:00,BSE,BSE_AUTO_0093,SENSEX26JAN81500CE,CE,BUY,20,636.0,702.7,1334.0,Auto-lightgbm-LimitChase,Target Hit (+50),CLOSED,0.6533330082893372,0.309,False,BSE-1769489671928-173,target_stop
2026-01-27 10:25:32,2026-01-27 14:45:00,BSE,BSE_AUTO_0094,SENSEX26JAN81500CE,CE,BUY,20,636.0,702.7,1334.0,Auto-lightgbm-LimitChase,Target Hit (+50),CLOSED,0.6500967741012573,0.309,False,BSE-1769489732534-174,target_stop
2026-01-27 10:25:36,2026-01-27 14:45:00,NSE,NSE_AUTO_0051,NIFTY26JAN25000CE,CE,BUY,65,157.0,183.6,1729.0,Auto-lightgbm-LimitChase,Target Hit (+25),CLOSED,0.6,0.309,False,NSE-1769489736158-192,target_stop
2026-01-27 10:25:39,2026-01-27 14:45:00,BSE,BSE_AUTO_0095,SENSEX26JAN81500CE,CE,BUY,20,636.0,702.7,1334.0,Auto-lightgbm-LimitChase,Target Hit (+50),CLOSED,0.6543446779251099,0.309,False,BSE-1769489739844-175,target_stop
2026-01-27 10:25:48,2026-01-27 14:45:00,BSE,BSE_AUTO_0096,SENSEX26JAN81500CE,CE,BUY,20,636.0,702.7,1334.0,Auto-lightgbm-LimitChase,Target Hit (+50),CLOSED,0.6719415187835693,0.309,False,BSE-1769489748906-176,target_stop
2026-01-27 10:26:02,2026-01-27 14:45:00,BSE,BSE_AUTO_0097,SENSEX26JAN81500CE,CE,BUY,20,636.0,702.7,1334.0,Auto-lightgbm-LimitChase,Target Hit (+50),CLOSED,0.6909071207046509,0.309,False,BSE-1769489762121-177,target_stop
2026-01-27 10:26:12,2026-01-27 14:45:00,BSE,BSE_AUTO_0098,SENSEX26JAN81500CE,CE,BUY,20,636.0,702.7,1334.0,Auto-lightgbm-LimitChase,Target Hit (+50),CLOSED,0.6944591999053955,0.309,False,BSE-1769489768664-178,target_stop
2026-01-27 10:26:16,2026-01-27 14:45:00,BSE,BSE_AUTO_0099,SENSEX26JAN81500CE,CE,BUY,20,636.0,702.7,1334.0,Auto-lightgbm-LimitChase,Target Hit (+50),CLOSED,0.6946308016777039,0.309,False,BSE-1769489776351-180,target_stop
2026-01-27 10:26:44,2026-01-27 14:45:00,BSE,BSE_AUTO_0100,SENSEX26JAN81500CE,CE,BUY,20,636.0,702.7,1334.0,Auto-lightgbm-LimitChase,Target Hit (+50),CLOSED,0.687920331954956,0.309,False,BSE-1769489804959-181,target_stop
2026-01-27 10:27:22,2026-01-27 14:45:00,BSE,BSE_AUTO_0101,SENSEX26JAN81500CE,CE,BUY,20,636.0,702.7,1334.0,Auto-lightgbm-LimitChase,Target Hit (+50),CLOSED,0.6916754245758057,0.309,False,BSE-1769489842345-182,target_stop
2026-01-27 10:28:18,2026-01-27 14:48:00,NSE,NSE_AUTO_0052,NIFTY26JAN25050CE,CE,BUY,65,127.0,101.65,-1647.75,Auto-lightgbm-LimitChase,Stop Loss (-25),CLOSED,0.6,0.309,False,NSE-1769489898829-197,target_stop
2026-01-27 10:30:34,2026-01-27 14:45:00,BSE,BSE_AUTO_0102,SENSEX26JAN81600CE,CE,BUY,20,580.0,641.3,1226.0,Auto-lightgbm-LimitChase,Target Hit (+50),CLOSED,0.8012573957443238,0.309,False,BSE-1769490034516-187,target_stop
2026-01-27 10:31:54,2026-01-27 14:50:00,NSE,NSE_AUTO_0053,NIFTY26JAN25100CE,CE,BUY,65,100.8,70.95,-1940.25,Auto-lightgbm-LimitChase,Stop Loss (-25),CLOSED,0.6,0.309,False,NSE-1769490114563-211,target_stop
2026-01-27 10:32:10,2026-01-27 14:48:00,NSE,NSE_AUTO_0054,NIFTY26JAN25050CE,CE,BUY,65,127.0,101.65,-1647.75,Auto-lightgbm-LimitChase,Stop Loss (-25),CLOSED,0.6,0.309,False,NSE-1769490121819-212,target_stop
2026-01-27 10:32:10,2026-01-27 14:45:00,BSE,BSE_AUTO_0103,SENSEX26JAN81700CE,CE,BUY,20,530.95,589.8,1177.0,Auto-lightgbm-LimitChase,Target Hit (+50),CLOSED,0.7894259333610535,0.309,False,BSE-1769490129131-188,target_stop
2026-01-27 10:32:17,2026-01-27 14:45:00,BSE,BSE_AUTO_0104,SENSEX26JAN81700CE,CE,BUY,20,530.95,589.8,1177.0,Auto-lightgbm-LimitChase,Target Hit (+50),CLOSED,0.8052942395210266,0.309,False,BSE-1769490137171-190,target_stop
2026-01-27 10:32:26,2026-01-27 14:48:00,NSE,NSE_AUTO_0055,NIFTY26JAN25050CE,CE,BUY,65,127.0,101.65,-1647.75,Auto-lightgbm-LimitChase,Stop Loss (-25),CLOSED,0.6,0.309,False,NSE-1769490146904-213,target_stop
2026-01-27 10:32:34,2026-01-27 14:48:00,NSE,NSE_AUTO_0056,NIFTY26JAN25050CE,CE,BUY,65,127.0,101.65,-1647.75,Auto-lightgbm-LimitChase,Stop Loss (-25),CLOSED,0.6,0.309,False,NSE-1769490154084-214,target_stop
2026-01-27 10:32:49,2026-01-27 14:48:00,NSE,NSE_AUTO_0057,NIFTY26JAN25050CE,CE,BUY,65,127.0,101.65,-1647.75,Auto-lightgbm-LimitChase,Stop Loss (-25),CLOSED,0.6,0.309,False,NSE-1769490169768-215,target_stop
2026-01-27 10:33:10,2026-01-27 14:45:00,BSE,BSE_AUTO_0105,SENSEX26JAN81700CE,CE,BUY,20,530.95,589.8,1177.0,Auto-lightgbm-LimitChase,Target Hit (+50),CLOSED,0.8313121438026428,0.309,False,BSE-1769490185940-191,target_stop
2026-01-27 10:33:10,2026-01-27 14:45:00,BSE,BSE_AUTO_0106,SENSEX26JAN81700CE,CE,BUY,20,530.95,589.8,1177.0,Auto-lightgbm-LimitChase,Target Hit (+50),CLOSED,0.8415189027786255,0.309,False,BSE-1769490189519-192,target_stop
2026-01-27 10:33:20,2026-01-27 14:45:00,BSE,BSE_AUTO_0107,SENSEX26JAN81700CE,CE,BUY,20,530.95,589.8,1177.0,Auto-lightgbm-LimitChase,Target Hit (+50),CLOSED,0.8324706196784973,0.309,False,BSE-1769490200033-194,target_stop
2026-01-27 10:33:39,2026-01-27 14:45:00,BSE,BSE_AUTO_0108,SENSEX26JAN81700CE,CE,BUY,20,530.95,589.8,1177.0,Auto-lightgbm-LimitChase,Target Hit (+50),CLOSED,0.8277142286300659,0.309,False,BSE-1769490219610-196,target_stop
2026-01-27 10:34:21,2026-01-27 14:45:00,BSE,BSE_AUTO_0109,SENSEX26JAN81700CE,CE,BUY,20,530.95,589.8,1177.0,Auto-lightgbm-LimitChase,Target Hit (+50),CLOSED,0.8286834001541138,0.309,False,BSE-1769490261227-197,target_stop
2026-01-27 10:34:25,2026-01-27 14:45:00,BSE,BSE_AUTO_0110,SENSEX26JAN81700CE,CE,BUY,20,530.95,589.8,1177.0,Auto-lightgbm-LimitChase,Target Hit (+50),CLOSED,0.8058110117912293,0.309,False,BSE-1769490265146-198,target_stop
2026-01-27 10:34:29,2026-01-27 14:45:00,BSE,BSE_AUTO_0111,SENSEX26JAN81700CE,CE,BUY,20,530.95,589.8,1177.0,Auto-lightgbm-LimitChase,Target Hit (+50),CLOSED,0.8258083701133728,0.309,False,BSE-1769490269025-199,target_stop
2026-01-27 10:34:36,2026-01-27 14:45:00,BSE,BSE_AUTO_0112,SENSEX26JAN81700CE,CE,BUY,20,530.95,589.8,1177.0,Auto-lightgbm-LimitChase,Target Hit (+50),CLOSED,0.8143292307853699,0.309,False,BSE-1769490276729-200,target_stop
2026-01-27 10:34:40,2026-01-27 14:45:00,BSE,BSE_AUTO_0113,SENSEX26JAN81700CE,CE,BUY,20,530.95,589.8,1177.0,Auto-lightgbm-LimitChase,Target Hit (+50),CLOSED,0.8307813048362732,0.309,False,BSE-1769490280915-201,target_stop
2026-01-27 10:34:44,2026-01-27 14:45:00,BSE,BSE_AUTO_0114,SENSEX26JAN81700CE,CE,BUY,20,530.95,589.8,1177.0,Auto-lightgbm-LimitChase,Target Hit (+50),CLOSED,0.8307197332382202,0.309,False,BSE-1769490284894-202,target_stop
2026-01-27 10:35:10,2026-01-27 14:48:00,NSE,NSE_AUTO_0058,NIFTY26JAN25050CE,CE,BUY,65,127.0,101.65,-1647.75,Auto-lightgbm-LimitChase,Stop Loss (-25),CLOSED,0.6,0.309,False,NSE-1769490305363-216,target_stop
2026-01-27 10:35:12,2026-01-27 14:45:00,BSE,BSE_AUTO_0115,SENSEX26JAN81700CE,CE,BUY,20,530.95,589.8,1177.0,Auto-lightgbm-LimitChase,Target Hit (+50),CLOSED,0.7969249725341797,0.309,False,BSE-1769490312042-203,target_stop
2026-01-27 10:35:20,2026-01-27 14:45:00,BSE,BSE_AUTO_0116,SENSEX26JAN81700CE,CE,BUY,20,530.95,589.8,1177.0,Auto-lightgbm-LimitChase,Target Hit (+50),CLOSED,0.8178482294082642,0.309,False,BSE-1769490320243-204,target_stop
2026-01-27 10:35:24,2026-01-27 14:45:00,BSE,BSE_AUTO_0117,SENSEX26JAN81700CE,CE,BUY,20,530.95,589.8,1177.0,Auto-lightgbm-LimitChase,Target Hit (+50),CLOSED,0.8222664833068848,0.309,False,BSE-1769490324298-205,target_stop
2026-01-27 10:35:32,2026-01-27 14:48:00,NSE,NSE_AUTO_0059,NIFTY26JAN25050CE,CE,BUY,65,127.0,101.65,-1647.75,Auto-lightgbm-LimitChase,Stop Loss (-25),CLOSED,0.6,0.309,False,NSE-1769490332075-217,target_stop
2026-01-27 10:35:38,2026-01-27 14:48:00,NSE,NSE_AUTO_0060,NIFTY26JAN25050CE,CE,BUY,65,127.0,101.65,-1647.75,Auto-lightgbm-LimitChase,Stop Loss (-25),CLOSED,0.6,0.309,False,NSE-1769490338196-218,target_stop
2026-01-27 10:35:43,2026-01-27 14:48:00,NSE,NSE_AUTO_0061,NIFTY26JAN25050CE,CE,BUY,65,127.0,101.65,-1647.75,Auto-lightgbm-LimitChase,Stop Loss (-25),CLOSED,0.6,0.309,False,NSE-1769490343134-219,target_stop
2026-01-27 10:35:46,2026-01-27 14:48:00,NSE,NSE_AUTO_0062,NIFTY26JAN25050CE,CE,BUY,65,127.0,101.65,-1647.75,Auto-lightgbm-LimitChase,Stop Loss (-25),CLOSED,0.6,0.309,False,NSE-1769490346515-220,target_stop
2026-01-27 10:35:57,2026-01-27 14:45:00,BSE,BSE_AUTO_0118,SENSEX26JAN81700CE,CE,BUY,20,530.95,589.8,1177.0,Auto-lightgbm-LimitChase,Target Hit (+50),CLOSED,0.8587941765785218,0.309,False,BSE-1769490357026-206,target_stop
2026-01-27 10:36:13,2026-01-27 14:48:00,NSE,NSE_AUTO_0063,NIFTY26JAN25050CE,CE,BUY,65,127.0,101.65,-1647.75,Auto-lightgbm-LimitChase,Stop Loss (-25),CLOSED,0.6,0.309,False,NSE-1769490372258-221,target_stop
2026-01-27 10:36:25,2026-01-27 14:45:00,BSE,BSE_AUTO_0119,SENSEX26JAN81600CE,CE,BUY,20,580.0,641.3,1226.0,Auto-lightgbm-LimitChase,Target Hit (+50),CLOSED,0.7371124267578125,0.309,False,BSE-1769490385229-207,target_stop
2026-01-27 10:36:28,2026-01-27 14:48:00,NSE,NSE_AUTO_0064,NIFTY26JAN25050CE,CE,BUY,65,127.0,101.65,-1647.75,Auto-lightgbm-LimitChase,Stop Loss (-25),CLOSED,0.6,0.309,False,NSE-1769490388748-222,target_stop
2026-01-27 10:36:39,2026-01-27 14:48:00,NSE,NSE_AUTO_0065,NIFTY26JAN25050CE,CE,BUY,65,127.0,101.65,-1647.75,Auto-lightgbm-LimitChase,Stop Loss (-25),CLOSED,0.6,0.309,False,NSE-1769490399339-223,target_stop
2026-01-27 10:36:48,2026-01-27 14:48:00,NSE,NSE_AUTO_0066,NIFTY26JAN25050CE,CE,BUY,65,127.0,101.65,-1647.75,Auto-lightgbm-LimitChase,Stop Loss (-25),CLOSED,0.6,0.309,False,NSE-1769490408439-224,target_stop
2026-01-27 10:36:58,2026-01-27 14:48:00,NSE,NSE_AUTO_0067,NIFTY26JAN25050CE,CE,BUY,65,127.0,101.65,-1647.75,Auto-lightgbm-LimitChase,Stop Loss (-25),CLOSED,0.6,0.309,False,NSE-1769490418068-225,target_stop
2026-01-27 10:37:09,2026-01-27 14:45:00,BSE,BSE_AUTO_0120,SENSEX26JAN81600CE,CE,BUY,20,580.0,641.3,1226.0,Auto-lightgbm-LimitChase,Target Hit (+50),CLOSED,0.7535058498382569,0.309,False,BSE-1769490425612-208,target_stop
2026-01-27 10:37:22,2026-01-27 14:48:00,NSE,NSE_AUTO_0068,NIFTY26JAN25050CE,CE,BUY,65,127.0,101.65,-1647.75,Auto-lightgbm-LimitChase,Stop Loss (-25),CLOSED,0.6,0.309,False,NSE-1769490442779-226,target_stop
2026-01-27 10:37:30,2026-01-27 14:48:00,NSE,NSE_AUTO_0069,NIFTY26JAN25050CE,CE,BUY,65,127.0,101.65,-1647.75,Auto-lightgbm-LimitChase,Stop Loss (-25),CLOSED,0.6,0.309,False,NSE-1769490450758-227,target_stop
2026-01-27 10:37:41,2026-01-27 14:48:00,NSE,NSE_AUTO_0070,NIFTY26JAN25050CE,CE,BUY,65,127.0,101.65,-1647.75,Auto-lightgbm-LimitChase,Stop Loss (-25),CLOSED,0.6,0.309,False,NSE-1769490461592-228,target_stop
2026-01-27 10:38:10,2026-01-27 14:48:00,NSE,NSE_AUTO_0071,NIFTY26JAN25050CE,CE,BUY,65,127.0,101.65,-1647.75,Auto-lightgbm-LimitChase,Stop Loss (-25),CLOSED,0.6,0.309,False,NSE-1769490484197-229,target_stop
2026-01-27 10:38:14,2026-01-27 14:45:00,BSE,BSE_AUTO_0121,SENSEX26JAN81600CE,CE,BUY,20,580.0,641.3,1226.0,Auto-lightgbm-LimitChase,Target Hit (+50),CLOSED,0.7892269730567932,0.309,False,BSE-1769490494295-209,target_stop
2026-01-27 10:38:25,2026-01-27 14:45:00,BSE,BSE_AUTO_0122,SENSEX26JAN81600CE,CE,BUY,20,580.0,641.3,1226.0,Auto-lightgbm-LimitChase,Target Hit (+50),CLOSED,0.7536924719810486,0.309,False,BSE-1769490505818-210,target_stop
2026-01-27 10:38:39,2026-01-27 14:45:00,BSE,BSE_AUTO_0123,SENSEX26JAN81600CE,CE,BUY,20,580.0,641.3,1226.0,Auto-lightgbm-LimitChase,Target Hit (+50),CLOSED,0.7568969368934632,0.309,False,BSE-1769490519536-211,target_stop
2026-01-27 10:38:52,2026-01-27 14:48:00,NSE,NSE_AUTO_0072,NIFTY26JAN25050CE,CE,BUY,65,127.0,101.65,-1647.75,Auto-lightgbm-LimitChase,Stop Loss (-25),CLOSED,0.6,0.309,False,NSE-1769490532207-231,target_stop
2026-01-27 10:39:12,2026-01-27 14:48:00,NSE,NSE_AUTO_0073,NIFTY26JAN25050CE,CE,BUY,65,127.0,101.65,-1647.75,Auto-lightgbm-LimitChase,Stop Loss (-25),CLOSED,0.6,0.309,False,NSE-1769490544061-232,target_stop
2026-01-27 10:39:12,2026-01-27 14:45:00,BSE,BSE_AUTO_0124,SENSEX26JAN81600CE,CE,BUY,20,580.0,641.3,1226.0,Auto-lightgbm-LimitChase,Target Hit (+50),CLOSED,0.769820773601532,0.309,False,BSE-1769490550555-212,target_stop
2026-01-27 10:39:14,2026-01-27 14:48:00,NSE,NSE_AUTO_0074,NIFTY26JAN25050CE,CE,BUY,65,127.0,101.65,-1647.75,Auto-lightgbm-LimitChase,Stop Loss (-25),CLOSED,0.6,0.309,False,NSE-1769490554762-233,target_stop
2026-01-27 10:39:27,2026-01-27 14:48:00,NSE,NSE_AUTO_0075,NIFTY26JAN25050CE,CE,BUY,65,127.0,101.65,-1647.75,Auto-lightgbm-LimitChase,Stop Loss (-25),CLOSED,0.6,0.309,False,NSE-1769490567425-234,target_stop
2026-01-27 10:39:37,2026-01-27 14:48:00,NSE,NSE_AUTO_0076,NIFTY26JAN25050CE,CE,BUY,65,127.0,101.65,-1647.75,Auto-lightgbm-LimitChase,Stop Loss (-25),CLOSED,0.6,0.309,False,NSE-1769490577333-235,target_stop
2026-01-27 10:39:43,2026-01-27 14:45:00,BSE,BSE_AUTO_0125,SENSEX26JAN81600CE,CE,BUY,20,580.0,641.3,1226.0,Auto-lightgbm-LimitChase,Target Hit (+50),CLOSED,0.7642843365669251,0.309,False,BSE-1769490583852-213,target_stop
2026-01-27 10:39:56,2026-01-27 14:45:00,BSE,BSE_AUTO_0126,SENSEX26JAN81600CE,CE,BUY,20,580.0,641.3,1226.0,Auto-lightgbm-LimitChase,Target Hit (+50),CLOSED,0.7771259188652039,0.309,False,BSE-1769490596630-214,target_stop
2026-01-27 10:40:10,2026-01-27 14:45:00,BSE,BSE_AUTO_0127,SENSEX26JAN81600CE,CE,BUY,20,580.0,641.3,1226.0,Auto-lightgbm-LimitChase,Target Hit (+50),CLOSED,0.7697129487991333,0.309,False,BSE-1769490609613-215,target_stop
2026-01-27 10:40:25,2026-01-27 14:45:00,BSE,BSE_AUTO_0128,SENSEX26JAN81600CE,CE,BUY,20,580.0,641.3,1226.0,Auto-lightgbm-LimitChase,Target Hit (+50),CLOSED,0.7562659621238709,0.309,False,BSE-1769490624997-216,target_stop
2026-01-27 10:40:47,2026-01-27 14:45:00,BSE,BSE_AUTO_0129,SENSEX26JAN81600CE,CE,BUY,20,580.0,641.3,1226.0,Auto-lightgbm-LimitChase,Target Hit (+50),CLOSED,0.7693048357963562,0.309,False,BSE-1769490647650-217,target_stop
2026-01-27 10:40:53,2026-01-27 14:48:00,NSE,NSE_AUTO_0077,NIFTY26JAN25050CE,CE,BUY,65,127.0,101.65,-1647.75,Auto-lightgbm-LimitChase,Stop Loss (-25),CLOSED,0.6,0.309,False,NSE-1769490653135-236,target_stop
2026-01-27 10:40:56,2026-01-27 14:48:00,NSE,NSE_AUTO_0078,NIFTY26JAN25050CE,CE,BUY,65,127.0,101.65,-1647.75,Auto-lightgbm-LimitChase,Stop Loss (-25),CLOSED,0.6,0.309,False,NSE-1769490656792-237,target_stop
2026-01-27 10:41:03,2026-01-27 14:45:00,BSE,BSE_AUTO_0130,SENSEX26JAN81500CE,CE,BUY,20,636.0,702.7,1334.0,Auto-lightgbm-LimitChase,Target Hit (+50),CLOSED,0.8035720825195313,0.309,False,BSE-1769490663051-218,target_stop
2026-01-27 10:41:14,2026-01-27 14:45:00,BSE,BSE_AUTO_0131,SENSEX26JAN81500CE,CE,BUY,20,636.0,702.7,1334.0,Auto-lightgbm-LimitChase,Target Hit (+50),CLOSED,0.7913580775260926,0.309,False,BSE-1769490666927-219,target_stop
2026-01-27 10:41:14,2026-01-27 14:45:00,BSE,BSE_AUTO_0132,SENSEX26JAN81500CE,CE,BUY,20,636.0,702.7,1334.0,Auto-lightgbm-LimitChase,Target Hit (+50),CLOSED,0.7960455060005188,0.309,False,BSE-1769490670560-220,target_stop
2026-01-27 10:41:14,2026-01-27 14:48:00,NSE,NSE_AUTO_0079,NIFTY26JAN25050CE,CE,BUY,65,127.0,101.65,-1647.75,Auto-lightgbm-LimitChase,Stop Loss (-25),CLOSED,0.6,0.309,False,NSE-1769490674071-238,target_stop
2026-01-27 10:41:30,2026-01-27 14:45:00,NSE,NSE_AUTO_0080,NIFTY26JAN25000CE,CE,BUY,65,157.0,183.6,1729.0,Auto-lightgbm-LimitChase,Target Hit (+25),CLOSED,0.6,0.309,False,NSE-1769490690414-240,target_stop
2026-01-27 10:41:34,2026-01-27 14:45:00,NSE,NSE_AUTO_0081,NIFTY26JAN25000CE,CE,BUY,65,157.0,183.6,1729.0,Auto-lightgbm-LimitChase,Target Hit (+25),CLOSED,0.6,0.309,False,NSE-1769490693997-241,target_stop
2026-01-27 10:42:13,2026-01-27 14:45:00,BSE,BSE_AUTO_0133,SENSEX26JAN81500CE,CE,BUY,20,636.0,702.7,1334.0,Auto-lightgbm-LimitChase,Target Hit (+50),CLOSED,0.8381949901580811,0.309,False,BSE-1769490733031-221,target_stop
2026-01-27 10:42:34,2026-01-27 14:45:00,NSE,NSE_AUTO_0082,NIFTY26JAN25000CE,CE,BUY,65,157.0,183.6,1729.0,Auto-lightgbm-LimitChase,Target Hit (+25),CLOSED,0.6,0.309,False,NSE-1769490754355-242,target_stop
2026-01-27 10:42:45,2026-01-27 14:45:00,BSE,BSE_AUTO_0134,SENSEX26JAN81500CE,CE,BUY,20,636.0,702.7,1334.0,Auto-lightgbm-LimitChase,Target Hit (+50),CLOSED,0.7930082321166992,0.309,False,BSE-1769490765169-222,target_stop
2026-01-27 10:42:49,2026-01-27 14:45:00,BSE,BSE_AUTO_0135,SENSEX26JAN81500CE,CE,BUY,20,636.0,702.7,1334.0,Auto-lightgbm-LimitChase,Target Hit (+50),CLOSED,0.770972752571106,0.309,False,BSE-1769490769090-223,target_stop
2026-01-27 10:42:53,2026-01-27 14:45:00,BSE,BSE_AUTO_0136,SENSEX26JAN81500CE,CE,BUY,20,636.0,702.7,1334.0,Auto-lightgbm-LimitChase,Target Hit (+50),CLOSED,0.7711509704589844,0.309,False,BSE-1769490773650-224,target_stop
2026-01-27 10:42:57,2026-01-27 14:48:00,NSE,NSE_AUTO_0083,NIFTY26JAN25050CE,CE,BUY,65,127.0,101.65,-1647.75,Auto-lightgbm-LimitChase,Stop Loss (-25),CLOSED,0.6,0.309,False,NSE-1769490777121-243,target_stop
2026-01-27 10:43:09,2026-01-27 14:45:00,NSE,NSE_AUTO_0084,NIFTY26JAN25000CE,CE,BUY,65,157.0,183.6,1729.0,Auto-lightgbm-LimitChase,Target Hit (+25),CLOSED,0.6,0.309,False,NSE-1769490787867-244,target_stop
2026-01-27 10:43:30,2026-01-27 14:45:00,NSE,NSE_AUTO_0085,NIFTY26JAN25200PE,PE,BUY,65,175.8,117.6,-3783.0,Auto-lightgbm-LimitChase,Stop Loss (-25),CLOSED,0.6,0.309,False,NSE-1769490809999-245,target_stop
2026-01-27 10:43:36,2026-01-27 14:45:00,BSE,BSE_AUTO_0137,SENSEX26JAN81500CE,CE,BUY,20,636.0,702.7,1334.0,Auto-lightgbm-LimitChase,Target Hit (+50),CLOSED,0.7732145428657532,0.309,False,BSE-1769490816406-225,target_stop
2026-01-27 10:43:51,2026-01-27 14:45:00,NSE,NSE_AUTO_0086,NIFTY26JAN25200PE,PE,BUY,65,175.8,117.6,-3783.0,Auto-lightgbm-LimitChase,Stop Loss (-25),CLOSED,0.6,0.309,False,NSE-1769490831016-246,target_stop
2026-01-27 10:44:09,2026-01-27 14:45:00,NSE,NSE_AUTO_0087,NIFTY26JAN25200PE,PE,BUY,65,175.8,117.6,-3783.0,Auto-lightgbm-LimitChase,Stop Loss (-25),CLOSED,0.6,0.309,False,NSE-1769490846525-247,target_stop
2026-01-27 10:44:19,2026-01-27 14:45:00,NSE,NSE_AUTO_0088,NIFTY26JAN25200PE,PE,BUY,65,175.8,117.6,-3783.0,Auto-lightgbm-LimitChase,Stop Loss (-25),CLOSED,0.6,0.309,False,NSE-1769490859406-248,target_stop
2026-01-27 10:44:23,2026-01-27 14:45:00,NSE,NSE_AUTO_0089,NIFTY26JAN25200PE,PE,BUY,65,175.8,117.6,-3783.0,Auto-lightgbm-LimitChase,Stop Loss (-25),CLOSED,0.6,0.309,False,NSE-1769490862997-249,target_stop
2026-01-27 10:44:38,2026-01-27 14:45:00,BSE,BSE_AUTO_0138,SENSEX26JAN81500CE,CE,BUY,20,636.0,702.7,1334.0,Auto-lightgbm-LimitChase,Target Hit (+50),CLOSED,0.745455527305603,0.309,False,BSE-1769490878577-226,target_stop
2026-01-27 10:44:47,2026-01-27 14:45:00,BSE,BSE_AUTO_0139,SENSEX26JAN81500CE,CE,BUY,20,636.0,702.7,1334.0,Auto-lightgbm-LimitChase,Target Hit (+50),CLOSED,0.7453830480575562,0.309,False,BSE-1769490887624-227,target_stop
2026-01-27 10:44:54,2026-01-27 14:45:00,BSE,BSE_AUTO_0140,SENSEX26JAN81500CE,CE,BUY,20,636.0,702.7,1334.0,Auto-lightgbm-LimitChase,Target Hit (+50),CLOSED,0.7512724041938782,0.309,False,BSE-1769490894675-228,target_stop
2026-01-27 10:45:11,2026-01-27 14:45:00,NSE,NSE_AUTO_0090,NIFTY26JAN25200PE,PE,BUY,65,175.8,117.6,-3783.0,Auto-lightgbm-LimitChase,Stop Loss (-25),CLOSED,0.6,0.309,False,NSE-1769490911357-250,target_stop
2026-01-27 10:45:26,2026-01-27 14:45:00,BSE,BSE_AUTO_0141,SENSEX26JAN81500CE,CE,BUY,20,636.0,702.7,1334.0,Auto-lightgbm-LimitChase,Target Hit (+50),CLOSED,0.7497878909111023,0.309,False,BSE-1769490926701-229,target_stop
2026-01-27 10:45:34,2026-01-27 14:45:00,BSE,BSE_AUTO_0142,SENSEX26JAN81500CE,CE,BUY,20,636.0,702.7,1334.0,Auto-lightgbm-LimitChase,Target Hit (+50),CLOSED,0.7471161127090454,0.309,False,BSE-1769490934100-230,target_stop
2026-01-27 10:45:58,2026-01-27 14:45:00,BSE,BSE_AUTO_0143,SENSEX26JAN81500CE,CE,BUY,20,636.0,702.7,1334.0,Auto-lightgbm-LimitChase,Target Hit (+50),CLOSED,0.7892491459846497,0.309,False,BSE-1769490958568-231,target_stop
2026-01-27 10:47:12,2026-01-27 14:45:00,NSE,NSE_AUTO_0091,NIFTY26JAN25250PE,PE,BUY,65,211.1,150.85,-3916.25,Auto-lightgbm-LimitChase,Stop Loss (-25),CLOSED,0.6,0.309,False,NSE-1769491032716-251,target_stop
2026-01-27 10:47:34,2026-01-27 14:45:00,NSE,NSE_AUTO_0092,NIFTY26JAN25200PE,PE,BUY,65,175.8,117.6,-3783.0,Auto-lightgbm-LimitChase,Stop Loss (-25),CLOSED,0.6,0.309,False,NSE-1769491054819-252,target_stop
2026-01-27 10:48:28,2026-01-27 14:45:00,NSE,NSE_AUTO_0093,NIFTY26JAN25200PE,PE,BUY,65,175.8,117.6,-3783.0,Auto-lightgbm-LimitChase,Stop Loss (-25),CLOSED,0.6,0.309,False,NSE-1769491108445-253,target_stop
2026-01-27 10:48:36,2026-01-27 14:45:00,NSE,NSE_AUTO_0094,NIFTY26JAN25200PE,PE,BUY,65,175.8,117.6,-3783.0,Auto-lightgbm-LimitChase,Stop Loss (-25),CLOSED,0.6,0.309,False,NSE-1769491116431-254,target_stop
2026-01-27 10:48:42,2026-01-27 14:45:00,NSE,NSE_AUTO_0095,NIFTY26JAN25200PE,PE,BUY,65,175.8,117.6,-3783.0,Auto-lightgbm-LimitChase,Stop Loss (-25),CLOSED,0.6,0.309,False,NSE-1769491122512-255,target_stop
2026-01-27 10:48:46,2026-01-27 14:45:00,NSE,NSE_AUTO_0096,NIFTY26JAN25200PE,PE,BUY,65,175.8,117.6,-3783.0,Auto-lightgbm-LimitChase,Stop Loss (-25),CLOSED,0.6,0.309,False,NSE-1769491126142-256,target_stop
2026-01-27 10:48:49,2026-01-27 14:45:00,NSE,NSE_AUTO_0097,NIFTY26JAN25200PE,PE,BUY,65,175.8,117.6,-3783.0,Auto-lightgbm-LimitChase,Stop Loss (-25),CLOSED,0.6,0.309,False,NSE-1769491129780-257,target_stop
2026-01-27 10:49:10,2026-01-27 14:45:00,NSE,NSE_AUTO_0098,NIFTY26JAN25200PE,PE,BUY,65,175.8,117.6,-3783.0,Auto-lightgbm-LimitChase,Stop Loss (-25),CLOSED,0.6,0.309,False,NSE-1769491142171-258,target_stop
2026-01-27 10:49:10,2026-01-27 14:45:00,NSE,NSE_AUTO_0099,NIFTY26JAN25200PE,PE,BUY,65,175.8,117.6,-3783.0,Auto-lightgbm-LimitChase,Stop Loss (-25),CLOSED,0.6,0.309,False,NSE-1769491149488-259,target_stop
2026-01-27 10:50:18,2026-01-27 14:45:00,BSE,BSE_AUTO_0144,SENSEX26JAN81500CE,CE,BUY,20,636.0,702.7,1334.0,Auto-lightgbm-LimitChase,Target Hit (+50),CLOSED,0.6050992012023926,0.309,False,BSE-1769491218159-239,target_stop
2026-01-27 10:53:25,2026-01-27 14:45:00,NSE,NSE_AUTO_0100,NIFTY26JAN25200PE,PE,BUY,65,175.8,117.6,-3783.0,Auto-lightgbm-LimitChase,Stop Loss (-25),CLOSED,0.6,0.309,False,NSE-1769491405872-265,target_stop
2026-01-27 10:53:35,2026-01-27 14:45:00,NSE,NSE_AUTO_0101,NIFTY26JAN25200PE,PE,BUY,65,175.8,117.6,-3783.0,Auto-lightgbm-LimitChase,Stop Loss (-25),CLOSED,0.6,0.309,False,NSE-1769491415887-266,target_stop
2026-01-27 10:53:42,2026-01-27 14:45:00,NSE,NSE_AUTO_0102,NIFTY26JAN25150PE,PE,BUY,65,143.85,90.5,-3467.75,Auto-lightgbm-LimitChase,Stop Loss (-25),CLOSED,0.6,0.309,False,NSE-1769491422830-267,target_stop
2026-01-27 10:54:14,2026-01-27 14:45:00,BSE,BSE_AUTO_0145,SENSEX26JAN81300CE,CE,BUY,20,759.0,837.1,1562.0,Auto-lightgbm-LimitChase,Target Hit (+50),CLOSED,0.6805951595306396,0.309,False,BSE-1769491454054-246,target_stop
2026-01-27 10:54:21,2026-01-27 14:45:00,BSE,BSE_AUTO_0146,SENSEX26JAN81300CE,CE,BUY,20,759.0,837.1,1562.0,Auto-lightgbm-LimitChase,Target Hit (+50),CLOSED,0.6805951595306396,0.309,False,BSE-1769491461465-247,target_stop
2026-01-27 10:54:31,2026-01-27 14:45:00,NSE,NSE_AUTO_0103,NIFTY26JAN25150PE,PE,BUY,65,143.85,90.5,-3467.75,Auto-lightgbm-LimitChase,Stop Loss (-25),CLOSED,0.6,0.309,False,NSE-1769491471018-268,target_stop
2026-01-27 10:54:34,2026-01-27 14:45:00,BSE,BSE_AUTO_0147,SENSEX26JAN81300CE,CE,BUY,20,759.0,837.1,1562.0,Auto-lightgbm-LimitChase,Target Hit (+50),CLOSED,0.6298948526382446,0.309,False,BSE-1769491474536-248,target_stop
2026-01-27 10:54:42,2026-01-27 14:45:00,NSE,NSE_AUTO_0104,NIFTY26JAN25150PE,PE,BUY,65,143.85,90.5,-3467.75,Auto-lightgbm-LimitChase,Stop Loss (-25),CLOSED,0.6,0.309,False,NSE-1769491482130-269,target_stop
2026-01-27 10:54:48,2026-01-27 14:45:00,BSE,BSE_AUTO_0148,SENSEX26JAN81300CE,CE,BUY,20,759.0,837.1,1562.0,Auto-lightgbm-LimitChase,Target Hit (+50),CLOSED,0.6517519354820251,0.309,False,BSE-1769491488253-249,target_stop
2026-01-27 10:55:15,2026-01-27 14:45:00,BSE,BSE_AUTO_0149,SENSEX26JAN81300CE,CE,BUY,20,759.0,837.1,1562.0,Auto-lightgbm-LimitChase,Target Hit (+50),CLOSED,0.6115086674690247,0.309,False,BSE-1769491515116-250,target_stop
2026-01-27 10:55:25,2026-01-27 14:45:00,NSE,NSE_AUTO_0105,NIFTY26JAN25150PE,PE,BUY,65,143.85,90.5,-3467.75,Auto-lightgbm-LimitChase,Stop Loss (-25),CLOSED,0.6,0.309,False,NSE-1769491525155-270,target_stop
2026-01-27 10:55:32,2026-01-27 14:45:00,NSE,NSE_AUTO_0106,NIFTY26JAN25150PE,PE,BUY,65,143.85,90.5,-3467.75,Auto-lightgbm-LimitChase,Stop Loss (-25),CLOSED,0.6,0.309,False,NSE-1769491532614-271,target_stop
2026-01-27 10:55:39,2026-01-27 14:45:00,BSE,BSE_AUTO_0150,SENSEX26JAN81200CE,CE,BUY,20,826.3,897.6,1426.0,Auto-lightgbm-LimitChase,Target Hit (+50),CLOSED,0.6724761128425598,0.309,False,BSE-1769491539541-251,target_stop
2026-01-27 10:55:59,2026-01-27 14:45:00,BSE,BSE_AUTO_0151,SENSEX26JAN81200CE,CE,BUY,20,826.3,897.6,1426.0,Auto-lightgbm-LimitChase,Target Hit (+50),CLOSED,0.6674938201904297,0.309,False,BSE-1769491559440-252,target_stop
2026-01-27 10:56:10,2026-01-27 14:45:00,NSE,NSE_AUTO_0107,NIFTY26JAN25150PE,PE,BUY,65,143.85,90.5,-3467.75,Auto-lightgbm-LimitChase,Stop Loss (-25),CLOSED,0.6,0.309,False,NSE-1769491569274-273,target_stop
2026-01-27 10:56:18,2026-01-27 14:45:00,NSE,NSE_AUTO_0108,NIFTY26JAN25150PE,PE,BUY,65,143.85,90.5,-3467.75,Auto-lightgbm-LimitChase,Stop Loss (-25),CLOSED,0.6,0.309,False,NSE-1769491578755-274,target_stop
2026-01-27 10:56:28,2026-01-27 14:45:00,NSE,NSE_AUTO_0109,NIFTY26JAN25150PE,PE,BUY,65,143.85,90.5,-3467.75,Auto-lightgbm-LimitChase,Stop Loss (-25),CLOSED,0.6,0.309,False,NSE-1769491588227-275,target_stop
2026-01-27 10:56:35,2026-01-27 14:45:00,BSE,BSE_AUTO_0152,SENSEX26JAN81200CE,CE,BUY,20,826.3,897.6,1426.0,Auto-lightgbm-LimitChase,Target Hit (+50),CLOSED,0.6350682377815247,0.309,False,BSE-1769491595517-253,target_stop
2026-01-27 10:56:41,2026-01-27 14:45:00,NSE,NSE_AUTO_0110,NIFTY26JAN25150PE,PE,BUY,65,143.85,90.5,-3467.75,Auto-lightgbm-LimitChase,Stop Loss (-25),CLOSED,0.6,0.309,False,NSE-1769491601646-276,target_stop
2026-01-27 10:56:48,2026-01-27 14:45:00,BSE,BSE_AUTO_0153,SENSEX26JAN81200CE,CE,BUY,20,826.3,897.6,1426.0,Auto-lightgbm-LimitChase,Target Hit (+50),CLOSED,0.6527177691459656,0.309,False,BSE-1769491608641-254,target_stop
2026-01-27 10:57:02,2026-01-27 14:45:00,NSE,NSE_AUTO_0111,NIFTY26JAN25150PE,PE,BUY,65,143.85,90.5,-3467.75,Auto-lightgbm-LimitChase,Stop Loss (-25),CLOSED,0.6,0.309,False,NSE-1769491621667-278,target_stop
2026-01-27 10:57:05,2026-01-27 14:45:00,BSE,BSE_AUTO_0154,SENSEX26JAN81200CE,CE,BUY,20,826.3,897.6,1426.0,Auto-lightgbm-LimitChase,Target Hit (+50),CLOSED,0.6596572399139404,0.309,False,BSE-1769491625328-255,target_stop
2026-01-27 10:57:16,2026-01-27 14:45:00,NSE,NSE_AUTO_0112,NIFTY26JAN25150PE,PE,BUY,65,143.85,90.5,-3467.75,Auto-lightgbm-LimitChase,Stop Loss (-25),CLOSED,0.6,0.309,False,NSE-1769491628786-279,target_stop
2026-01-27 10:57:18,2026-01-27 14:45:00,BSE,BSE_AUTO_0155,SENSEX26JAN81200CE,CE,BUY,20,826.3,897.6,1426.0,Auto-lightgbm-LimitChase,Target Hit (+50),CLOSED,0.6708695888519287,0.309,False,BSE-1769491638340-256,target_stop
2026-01-27 10:57:29,2026-01-27 14:45:00,BSE,BSE_AUTO_0156,SENSEX26JAN81200CE,CE,BUY,20,826.3,897.6,1426.0,Auto-lightgbm-LimitChase,Target Hit (+50),CLOSED,0.6736332774162292,0.309,False,BSE-1769491649046-257,target_stop
2026-01-27 10:57:45,2026-01-27 14:45:00,NSE,NSE_AUTO_0113,NIFTY26JAN25100PE,PE,BUY,65,116.4,70.2,-3003.0,Auto-lightgbm-LimitChase,Stop Loss (-25),CLOSED,0.6,0.309,False,NSE-1769491665154-280,target_stop
2026-01-27 10:58:10,2026-01-27 14:45:00,BSE,BSE_AUTO_0157,SENSEX26JAN81200CE,CE,BUY,20,826.3,897.6,1426.0,Auto-lightgbm-LimitChase,Target Hit (+50),CLOSED,0.6659449338912964,0.309,False,BSE-1769491690716-258,target_stop
2026-01-27 10:58:21,2026-01-27 14:45:00,BSE,BSE_AUTO_0158,SENSEX26JAN81200CE,CE,BUY,20,826.3,897.6,1426.0,Auto-lightgbm-LimitChase,Target Hit (+50),CLOSED,0.7154659032821655,0.309,False,BSE-1769491701007-259,target_stop
2026-01-27 10:58:55,2026-01-27 14:45:00,BSE,BSE_AUTO_0159,SENSEX26JAN81200CE,CE,BUY,20,826.3,897.6,1426.0,Auto-lightgbm-LimitChase,Target Hit (+50),CLOSED,0.679466187953949,0.309,False,BSE-1769491735557-260,target_stop
2026-01-27 10:58:59,2026-01-27 14:45:00,BSE,BSE_AUTO_0160,SENSEX26JAN81200CE,CE,BUY,20,826.3,897.6,1426.0,Auto-lightgbm-LimitChase,Target Hit (+50),CLOSED,0.6904964447021484,0.309,False,BSE-1769491739097-261,target_stop
2026-01-27 10:59:10,2026-01-27 14:45:00,BSE,BSE_AUTO_0161,SENSEX26JAN81200CE,CE,BUY,20,826.3,897.6,1426.0,Auto-lightgbm-LimitChase,Target Hit (+50),CLOSED,0.6669152975082397,0.309,False,BSE-1769491749461-262,target_stop
2026-01-27 10:59:16,2026-01-27 14:45:00,BSE,BSE_AUTO_0162,SENSEX26JAN81200CE,CE,BUY,20,826.3,897.6,1426.0,Auto-lightgbm-LimitChase,Target Hit (+50),CLOSED,0.687122642993927,0.309,False,BSE-1769491756602-263,target_stop
2026-01-27 10:59:30,2026-01-27 14:45:00,BSE,BSE_AUTO_0163,SENSEX26JAN81200CE,CE,BUY,20,826.3,897.6,1426.0,Auto-lightgbm-LimitChase,Target Hit (+50),CLOSED,0.6900873780250549,0.309,False,BSE-1769491770338-264,target_stop
2026-01-27 10:59:42,2026-01-27 14:45:00,BSE,BSE_AUTO_0164,SENSEX26JAN81200CE,CE,BUY,20,826.3,897.6,1426.0,Auto-lightgbm-LimitChase,Target Hit (+50),CLOSED,0.6911251544952393,0.309,False,BSE-1769491781972-265,target_stop
2026-01-27 10:59:49,2026-01-27 14:45:00,BSE,BSE_AUTO_0165,SENSEX26JAN81200CE,CE,BUY,20,826.3,897.6,1426.0,Auto-lightgbm-LimitChase,Target Hit (+50),CLOSED,0.6880995631217957,0.309,False,BSE-1769491789255-266,target_stop
2026-01-27 10:59:59,2026-01-27 14:45:00,NSE,NSE_AUTO_0114,NIFTY26JAN25100PE,PE,BUY,65,116.4,70.2,-3003.0,Auto-lightgbm-LimitChase,Stop Loss (-25),CLOSED,0.6,0.309,False,NSE-1769491799102-290,target_stop
2026-01-27 11:00:10,2026-01-27 14:45:00,NSE,NSE_AUTO_0115,NIFTY26JAN25100PE,PE,BUY,65,116.4,70.2,-3003.0,Auto-lightgbm-LimitChase,Stop Loss (-25),CLOSED,0.6,0.309,False,NSE-1769491802833-291,target_stop
2026-01-27 11:00:12,2026-01-27 14:45:00,BSE,BSE_AUTO_0166,SENSEX26JAN81200CE,CE,BUY,20,826.3,897.6,1426.0,Auto-lightgbm-LimitChase,Target Hit (+50),CLOSED,0.6764841675758362,0.309,False,BSE-1769491812640-267,target_stop
2026-01-27 11:00:20,2026-01-27 14:45:00,BSE,BSE_AUTO_0167,SENSEX26JAN81200CE,CE,BUY,20,826.3,897.6,1426.0,Auto-lightgbm-LimitChase,Target Hit (+50),CLOSED,0.6764841675758362,0.309,False,BSE-1769491820005-268,target_stop
2026-01-27 11:00:38,2026-01-27 14:45:00,BSE,BSE_AUTO_0168,SENSEX26JAN81200CE,CE,BUY,20,826.3,897.6,1426.0,Auto-lightgbm-LimitChase,Target Hit (+50),CLOSED,0.6556995511054993,0.309,False,BSE-1769491838214-269,target_stop
2026-01-27 11:00:44,2026-01-27 14:45:00,NSE,NSE_AUTO_0116,NIFTY26JAN25100PE,PE,BUY,65,116.4,70.2,-3003.0,Auto-lightgbm-LimitChase,Stop Loss (-25),CLOSED,0.6,0.309,False,NSE-1769491844417-293,target_stop
2026-01-27 11:01:10,2026-01-27 14:45:00,NSE,NSE_AUTO_0117,NIFTY26JAN25100PE,PE,BUY,65,116.4,70.2,-3003.0,Auto-lightgbm-LimitChase,Stop Loss (-25),CLOSED,0.6,0.309,False,NSE-1769491864174-295,target_stop
2026-01-27 11:01:11,2026-01-27 14:45:00,BSE,BSE_AUTO_0169,SENSEX26JAN81200CE,CE,BUY,20,826.3,897.6,1426.0,Auto-lightgbm-LimitChase,Target Hit (+50),CLOSED,0.6979637742042542,0.309,False,BSE-1769491871471-270,target_stop
2026-01-27 11:01:35,2026-01-27 14:45:00,BSE,BSE_AUTO_0170,SENSEX26JAN81200CE,CE,BUY,20,826.3,897.6,1426.0,Auto-lightgbm-LimitChase,Target Hit (+50),CLOSED,0.6946097016334534,0.309,False,BSE-1769491895189-271,target_stop
2026-01-27 11:01:42,2026-01-27 14:45:00,NSE,NSE_AUTO_0118,NIFTY26JAN25150PE,PE,BUY,65,143.85,90.5,-3467.75,Auto-lightgbm-LimitChase,Stop Loss (-25),CLOSED,0.6,0.309,False,NSE-1769491902192-296,target_stop
2026-01-27 11:02:11,2026-01-27 14:45:00,NSE,NSE_AUTO_0119,NIFTY26JAN25150PE,PE,BUY,65,143.85,90.5,-3467.75,Auto-lightgbm-LimitChase,Stop Loss (-25),CLOSED,0.6,0.309,False,NSE-1769491928938-297,target_stop
2026-01-27 11:03:10,2026-01-27 14:45:00,BSE,BSE_AUTO_0171,SENSEX26JAN81200CE,CE,BUY,20,826.3,897.6,1426.0,Auto-lightgbm-LimitChase,Target Hit (+50),CLOSED,0.603735625743866,0.309,False,BSE-1769491990258-272,target_stop
2026-01-27 11:03:48,2026-01-27 14:45:00,BSE,BSE_AUTO_0172,SENSEX26JAN81100CE,CE,BUY,20,898.15,975.7,1551.0,Auto-lightgbm-LimitChase,Target Hit (+50),CLOSED,0.6043192148208618,0.309,False,BSE-1769492028134-277,target_stop
2026-01-27 11:04:40,2026-01-27 14:45:00,NSE,NSE_AUTO_0120,NIFTY26JAN25100PE,PE,BUY,65,116.4,70.2,-3003.0,Auto-lightgbm-LimitChase,Stop Loss (-25),CLOSED,0.6,0.309,False,NSE-1769492080416-302,target_stop
2026-01-27 11:08:52,2026-01-27 14:45:00,BSE,BSE_AUTO_0173,SENSEX26JAN81100CE,CE,BUY,20,898.15,975.7,1551.0,Auto-lightgbm-LimitChase,Target Hit (+50),CLOSED,0.6088820695877075,0.309,False,BSE-1769492332786-288,target_stop
2026-01-27 11:09:37,2026-01-27 14:45:00,NSE,NSE_AUTO_0121,NIFTY26JAN25100PE,PE,BUY,65,116.4,70.2,-3003.0,Auto-lightgbm-LimitChase,Stop Loss (-25),CLOSED,0.6,0.309,False,NSE-1769492377720-319,target_stop
2026-01-27 11:10:06,2026-01-27 14:45:00,BSE,BSE_AUTO_0174,SENSEX26JAN81100CE,CE,BUY,20,898.15,975.7,1551.0,Auto-lightgbm-LimitChase,Target Hit (+50),CLOSED,0.6349262595176697,0.309,False,BSE-1769492403152-290,target_stop
2026-01-27 11:11:41,2026-01-27 14:45:00,BSE,BSE_AUTO_0175,SENSEX26JAN81100CE,CE,BUY,20,898.15,975.7,1551.0,Auto-lightgbm-LimitChase,Target Hit (+50),CLOSED,0.6659294962882996,0.309,False,BSE-1769492501352-295,target_stop
2026-01-27 11:11:56,2026-01-27 14:45:00,BSE,BSE_AUTO_0176,SENSEX26JAN81100CE,CE,BUY,20,898.15,975.7,1551.0,Auto-lightgbm-LimitChase,Target Hit (+50),CLOSED,0.6748396754264832,0.309,False,BSE-1769492516615-296,target_stop
2026-01-27 11:12:14,2026-01-27 14:48:00,BSE,BSE_AUTO_0177,SENSEX26JAN81000CE,CE,BUY,20,953.85,839.35,-2290.0,Auto-lightgbm-LimitChase,Stop Loss (-50),CLOSED,0.6919714212417603,0.309,False,BSE-1769492534749-297,target_stop
2026-01-27 11:12:24,2026-01-27 14:45:00,BSE,BSE_AUTO_0178,SENSEX26JAN81100CE,CE,BUY,20,898.15,975.7,1551.0,Auto-lightgbm-LimitChase,Target Hit (+50),CLOSED,0.6551193594932556,0.309,False,BSE-1769492544312-298,target_stop
2026-01-27 11:12:34,2026-01-27 14:45:00,BSE,BSE_AUTO_0179,SENSEX26JAN81100CE,CE,BUY,20,898.15,975.7,1551.0,Auto-lightgbm-LimitChase,Target Hit (+50),CLOSED,0.6670246720314026,0.309,False,BSE-1769492554731-299,target_stop
2026-01-27 11:13:10,2026-01-27 14:45:00,BSE,BSE_AUTO_0180,SENSEX26JAN81100CE,CE,BUY,20,898.15,975.7,1551.0,Auto-lightgbm-LimitChase,Target Hit (+50),CLOSED,0.686725914478302,0.309,False,BSE-1769492588287-300,target_stop
2026-01-27 11:13:42,2026-01-27 14:45:00,BSE,BSE_AUTO_0181,SENSEX26JAN81100CE,CE,BUY,20,898.15,975.7,1551.0,Auto-lightgbm-LimitChase,Target Hit (+50),CLOSED,0.6669344305992126,0.309,False,BSE-1769492621993-301,target_stop
2026-01-27 11:14:28,2026-01-27 14:45:00,BSE,BSE_AUTO_0182,SENSEX26JAN81100CE,CE,BUY,20,898.15,975.7,1551.0,Auto-lightgbm-LimitChase,Target Hit (+50),CLOSED,0.6258319020271301,0.309,False,BSE-1769492668089-302,target_stop
2026-01-27 11:14:53,2026-01-27 14:45:00,BSE,BSE_AUTO_0183,SENSEX26JAN81100CE,CE,BUY,20,898.15,975.7,1551.0,Auto-lightgbm-LimitChase,Target Hit (+50),CLOSED,0.649595320224762,0.309,False,BSE-1769492693075-304,target_stop
2026-01-27 11:15:11,2026-01-27 14:45:00,BSE,BSE_AUTO_0184,SENSEX26JAN81100CE,CE,BUY,20,898.15,975.7,1551.0,Auto-lightgbm-LimitChase,Target Hit (+50),CLOSED,0.6442718505859375,0.309,False,BSE-1769492707290-305,target_stop
2026-01-27 11:15:23,2026-01-27 14:45:00,NSE,NSE_AUTO_0122,NIFTY26JAN25100PE,PE,BUY,65,116.4,70.2,-3003.0,Auto-lightgbm-LimitChase,Stop Loss (-25),CLOSED,0.6,0.309,False,NSE-1769492723601-334,target_stop
2026-01-27 11:16:31,2026-01-27 14:45:00,BSE,BSE_AUTO_0185,SENSEX26JAN81100CE,CE,BUY,20,898.15,975.7,1551.0,Auto-lightgbm-LimitChase,Target Hit (+50),CLOSED,0.7196469306945801,0.309,False,BSE-1769492791877-306,target_stop
2026-01-27 11:17:20,2026-01-27 14:45:00,BSE,BSE_AUTO_0186,SENSEX26JAN81100CE,CE,BUY,20,898.15,975.7,1551.0,Auto-lightgbm-LimitChase,Target Hit (+50),CLOSED,0.6947526335716248,0.309,False,BSE-1769492840836-307,target_stop
2026-01-27 11:17:24,2026-01-27 14:45:00,BSE,BSE_AUTO_0187,SENSEX26JAN81100CE,CE,BUY,20,898.15,975.7,1551.0,Auto-lightgbm-LimitChase,Target Hit (+50),CLOSED,0.7028685212135315,0.309,False,BSE-1769492844407-308,target_stop
2026-01-27 11:17:35,2026-01-27 14:45:00,BSE,BSE_AUTO_0188,SENSEX26JAN81100CE,CE,BUY,20,898.15,975.7,1551.0,Auto-lightgbm-LimitChase,Target Hit (+50),CLOSED,0.7040421962738037,0.309,False,BSE-1769492855058-309,target_stop
2026-01-27 11:17:55,2026-01-27 14:45:00,BSE,BSE_AUTO_0189,SENSEX26JAN81100CE,CE,BUY,20,898.15,975.7,1551.0,Auto-lightgbm-LimitChase,Target Hit (+50),CLOSED,0.7060241103172302,0.309,False,BSE-1769492875848-310,target_stop
2026-01-27 11:18:10,2026-01-27 14:45:00,BSE,BSE_AUTO_0190,SENSEX26JAN81100CE,CE,BUY,20,898.15,975.7,1551.0,Auto-lightgbm-LimitChase,Target Hit (+50),CLOSED,0.6940574049949646,0.309,False,BSE-1769492889639-311,target_stop
2026-01-27 11:18:22,2026-01-27 14:45:00,BSE,BSE_AUTO_0191,SENSEX26JAN81100CE,CE,BUY,20,898.15,975.7,1551.0,Auto-lightgbm-LimitChase,Target Hit (+50),CLOSED,0.7188422083854675,0.309,False,BSE-1769492902216-312,target_stop
2026-01-27 11:18:25,2026-01-27 14:45:00,BSE,BSE_AUTO_0192,SENSEX26JAN81100CE,CE,BUY,20,898.15,975.7,1551.0,Auto-lightgbm-LimitChase,Target Hit (+50),CLOSED,0.7112993597984314,0.309,False,BSE-1769492905686-313,target_stop
2026-01-27 11:18:40,2026-01-27 14:45:00,BSE,BSE_AUTO_0193,SENSEX26JAN81100CE,CE,BUY,20,898.15,975.7,1551.0,Auto-lightgbm-LimitChase,Target Hit (+50),CLOSED,0.7152699828147888,0.309,False,BSE-1769492920611-314,target_stop
2026-01-27 11:18:47,2026-01-27 14:45:00,BSE,BSE_AUTO_0194,SENSEX26JAN81100CE,CE,BUY,20,898.15,975.7,1551.0,Auto-lightgbm-LimitChase,Target Hit (+50),CLOSED,0.6921872496604919,0.309,False,BSE-1769492927531-315,target_stop
2026-01-27 11:19:00,2026-01-27 14:45:00,BSE,BSE_AUTO_0195,SENSEX26JAN81100CE,CE,BUY,20,898.15,975.7,1551.0,Auto-lightgbm-LimitChase,Target Hit (+50),CLOSED,0.651887834072113,0.309,False,BSE-1769492940303-316,target_stop
2026-01-27 11:19:34,2026-01-27 14:45:00,NSE,NSE_AUTO_0123,NIFTY26JAN25100PE,PE,BUY,65,116.4,70.2,-3003.0,Auto-lightgbm-LimitChase,Stop Loss (-25),CLOSED,0.6,0.309,False,NSE-1769492974358-352,target_stop
2026-01-27 11:19:48,2026-01-27 14:45:00,BSE,BSE_AUTO_0196,SENSEX26JAN81100CE,CE,BUY,20,898.15,975.7,1551.0,Auto-lightgbm-LimitChase,Target Hit (+50),CLOSED,0.6626684665679932,0.309,False,BSE-1769492988780-317,target_stop
2026-01-27 11:19:52,2026-01-27 14:45:00,BSE,BSE_AUTO_0197,SENSEX26JAN81100CE,CE,BUY,20,898.15,975.7,1551.0,Auto-lightgbm-LimitChase,Target Hit (+50),CLOSED,0.6827097535133362,0.309,False,BSE-1769492992387-318,target_stop
2026-01-27 11:19:55,2026-01-27 14:45:00,BSE,BSE_AUTO_0198,SENSEX26JAN81100CE,CE,BUY,20,898.15,975.7,1551.0,Auto-lightgbm-LimitChase,Target Hit (+50),CLOSED,0.655747652053833,0.309,False,BSE-1769492995928-319,target_stop
2026-01-27 11:20:23,2026-01-27 14:45:00,BSE,BSE_AUTO_0199,SENSEX26JAN81100CE,CE,BUY,20,898.15,975.7,1551.0,Auto-lightgbm-LimitChase,Target Hit (+50),CLOSED,0.6849924325942993,0.309,False,BSE-1769493023607-320,target_stop
2026-01-27 11:20:56,2026-01-27 14:45:00,BSE,BSE_AUTO_0200,SENSEX26JAN81100CE,CE,BUY,20,898.15,975.7,1551.0,Auto-lightgbm-LimitChase,Target Hit (+50),CLOSED,0.6693048477172852,0.309,False,BSE-1769493056932-321,target_stop
2026-01-27 11:21:10,2026-01-27 14:45:00,BSE,BSE_AUTO_0201,SENSEX26JAN81100CE,CE,BUY,20,898.15,975.7,1551.0,Auto-lightgbm-LimitChase,Target Hit (+50),CLOSED,0.6937885880470276,0.309,False,BSE-1769493070298-322,target_stop
2026-01-27 11:21:31,2026-01-27 14:45:00,BSE,BSE_AUTO_0202,SENSEX26JAN81200CE,CE,BUY,20,826.3,897.6,1426.0,Auto-lightgbm-LimitChase,Target Hit (+50),CLOSED,0.6126141548156738,0.309,False,BSE-1769493091551-323,target_stop
2026-01-27 11:22:33,2026-01-27 14:45:00,BSE,BSE_AUTO_0203,SENSEX26JAN81200CE,CE,BUY,20,826.3,897.6,1426.0,Auto-lightgbm-LimitChase,Target Hit (+50),CLOSED,0.6080162525177002,0.309,False,BSE-1769493153537-326,target_stop
2026-01-27 11:23:18,2026-01-27 14:45:00,BSE,BSE_AUTO_0204,SENSEX26JAN81200CE,CE,BUY,20,826.3,897.6,1426.0,Auto-lightgbm-LimitChase,Target Hit (+50),CLOSED,0.6024582982063293,0.309,False,BSE-1769493198463-329,target_stop
2026-01-27 11:24:33,2026-01-27 14:45:00,BSE,BSE_AUTO_0205,SENSEX26JAN81200CE,CE,BUY,20,826.3,897.6,1426.0,Auto-lightgbm-LimitChase,Target Hit (+50),CLOSED,0.8629350304603577,0.309,False,BSE-1769493273326-331,target_stop
2026-01-27 11:27:10,2026-01-27 14:45:00,BSE,BSE_AUTO_0206,SENSEX26JAN81200CE,CE,BUY,20,826.3,897.6,1426.0,Auto-lightgbm-LimitChase,Target Hit (+50),CLOSED,0.6763777732849121,0.309,False,BSE-1769493427713-339,target_stop
2026-01-27 11:28:48,2026-01-27 14:45:00,BSE,BSE_AUTO_0207,SENSEX26JAN81200CE,CE,BUY,20,826.3,897.6,1426.0,Auto-lightgbm-LimitChase,Target Hit (+50),CLOSED,0.6949521899223328,0.309,False,BSE-1769493528873-344,target_stop
2026-01-27 11:28:52,2026-01-27 14:45:00,BSE,BSE_AUTO_0208,SENSEX26JAN81200CE,CE,BUY,20,826.3,897.6,1426.0,Auto-lightgbm-LimitChase,Target Hit (+50),CLOSED,0.6693022847175598,0.309,False,BSE-1769493532518-345,target_stop
2026-01-27 11:29:14,2026-01-27 14:45:00,BSE,BSE_AUTO_0209,SENSEX26JAN81300CE,CE,BUY,20,759.0,837.1,1562.0,Auto-lightgbm-LimitChase,Target Hit (+50),CLOSED,0.6543622016906738,0.309,False,BSE-1769493553969-347,target_stop
2026-01-27 11:29:19,2026-01-27 14:45:00,NSE,NSE_AUTO_0124,NIFTY26JAN24950CE,CE,BUY,65,191.0,220.1,1891.5,Auto-lightgbm-LimitChase,Target Hit (+25),CLOSED,0.6,0.309,False,NSE-1769493559727-375,target_stop
2026-01-27 11:30:39,2026-01-27 14:45:00,NSE,NSE_AUTO_0125,NIFTY26JAN24950CE,CE,BUY,65,191.0,220.1,1891.5,Auto-lightgbm-LimitChase,Target Hit (+25),CLOSED,0.6,0.309,False,NSE-1769493638932-381,target_stop
2026-01-27 11:30:49,2026-01-27 14:45:00,NSE,NSE_AUTO_0126,NIFTY26JAN24950CE,CE,BUY,65,191.0,220.1,1891.5,Auto-lightgbm-LimitChase,Target Hit (+25),CLOSED,0.6,0.309,False,NSE-1769493649325-382,target_stop
2026-01-27 11:31:10,2026-01-27 14:45:00,BSE,BSE_AUTO_0210,SENSEX26JAN81300CE,CE,BUY,20,759.0,837.1,1562.0,Auto-lightgbm-LimitChase,Target Hit (+50),CLOSED,0.6821672916412354,0.309,False,BSE-1769493669734-350,target_stop
2026-01-27 11:32:30,2026-01-27 14:45:00,BSE,BSE_AUTO_0211,SENSEX26JAN81300CE,CE,BUY,20,759.0,837.1,1562.0,Auto-lightgbm-LimitChase,Target Hit (+50),CLOSED,0.7810929656028748,0.309,False,BSE-1769493750138-351,target_stop
2026-01-27 11:36:18,2026-01-27 14:45:00,NSE,NSE_AUTO_0127,NIFTY26JAN24950CE,CE,BUY,65,191.0,220.1,1891.5,Auto-lightgbm-LimitChase,Target Hit (+25),CLOSED,0.6,0.309,False,NSE-1769493978508-397,target_stop
2026-01-27 11:37:41,2026-01-27 14:45:00,BSE,BSE_AUTO_0212,SENSEX26JAN81200CE,CE,BUY,20,826.3,897.6,1426.0,Auto-lightgbm-LimitChase,Target Hit (+50),CLOSED,0.8591492414474488,0.309,False,BSE-1769494061245-361,target_stop
2026-01-27 11:39:37,2026-01-27 14:45:00,BSE,BSE_AUTO_0213,SENSEX26JAN81200CE,CE,BUY,20,826.3,897.6,1426.0,Auto-lightgbm-LimitChase,Target Hit (+50),CLOSED,0.9066853761672974,0.309,False,BSE-1769494177050-368,target_stop
2026-01-27 11:40:11,2026-01-27 14:45:00,NSE,NSE_AUTO_0128,NIFTY26JAN24950CE,CE,BUY,65,191.0,220.1,1891.5,Auto-lightgbm-LimitChase,Target Hit (+25),CLOSED,0.6,0.309,False,NSE-1769494207526-405,target_stop
2026-01-27 11:40:17,2026-01-27 14:45:00,BSE,BSE_AUTO_0214,SENSEX26JAN81300CE,CE,BUY,20,759.0,837.1,1562.0,Auto-lightgbm-LimitChase,Target Hit (+50),CLOSED,0.889283561706543,0.309,False,BSE-1769494217502-369,target_stop
2026-01-27 11:40:21,2026-01-27 14:45:00,NSE,NSE_AUTO_0129,NIFTY26JAN24950CE,CE,BUY,65,191.0,220.1,1891.5,Auto-lightgbm-LimitChase,Target Hit (+25),CLOSED,0.6,0.309,False,NSE-1769494221517-406,target_stop
2026-01-27 11:40:25,2026-01-27 14:45:00,BSE,BSE_AUTO_0215,SENSEX26JAN81300CE,CE,BUY,20,759.0,837.1,1562.0,Auto-lightgbm-LimitChase,Target Hit (+50),CLOSED,0.9097731351852416,0.309,False,BSE-1769494225399-370,target_stop
2026-01-27 11:40:56,2026-01-27 14:45:00,BSE,BSE_AUTO_0216,SENSEX26JAN81300CE,CE,BUY,20,759.0,837.1,1562.0,Auto-lightgbm-LimitChase,Target Hit (+50),CLOSED,0.9075199604034424,0.309,False,BSE-1769494256173-371,target_stop
2026-01-27 11:42:09,2026-01-27 14:45:00,BSE,BSE_AUTO_0217,SENSEX26JAN81300CE,CE,BUY,20,759.0,837.1,1562.0,Auto-lightgbm-LimitChase,Target Hit (+50),CLOSED,0.901388132572174,0.309,False,BSE-1769494323000-372,target_stop
2026-01-27 11:42:15,2026-01-27 14:45:00,BSE,BSE_AUTO_0218,SENSEX26JAN81300CE,CE,BUY,20,759.0,837.1,1562.0,Auto-lightgbm-LimitChase,Target Hit (+50),CLOSED,0.8829580783843994,0.309,False,BSE-1769494335322-373,target_stop
2026-01-27 11:43:09,2026-01-27 14:45:00,BSE,BSE_AUTO_0219,SENSEX26JAN81300CE,CE,BUY,20,759.0,837.1,1562.0,Auto-lightgbm-LimitChase,Target Hit (+50),CLOSED,0.8871273040771485,0.309,False,BSE-1769494385934-374,target_stop
2026-01-27 11:43:21,2026-01-27 14:45:00,BSE,BSE_AUTO_0220,SENSEX26JAN81400CE,CE,BUY,20,695.1,774.8,1594.0,Auto-lightgbm-LimitChase,Target Hit (+50),CLOSED,0.7370588183403015,0.309,False,BSE-1769494400999-375,target_stop
2026-01-27 11:43:31,2026-01-27 14:45:00,BSE,BSE_AUTO_0221,SENSEX26JAN81400CE,CE,BUY,20,695.1,774.8,1594.0,Auto-lightgbm-LimitChase,Target Hit (+50),CLOSED,0.7362810969352722,0.309,False,BSE-1769494411735-376,target_stop
2026-01-27 11:44:14,2026-01-27 14:45:00,BSE,BSE_AUTO_0222,SENSEX26JAN81400CE,CE,BUY,20,695.1,774.8,1594.0,Auto-lightgbm-LimitChase,Target Hit (+50),CLOSED,0.7044826745986938,0.309,False,BSE-1769494454324-377,target_stop
2026-01-27 11:44:21,2026-01-27 14:45:00,NSE,NSE_AUTO_0130,NIFTY26JAN25000CE,CE,BUY,65,157.0,183.6,1729.0,Auto-lightgbm-LimitChase,Target Hit (+25),CLOSED,0.6,0.309,False,NSE-1769494461271-416,target_stop
2026-01-27 11:44:28,2026-01-27 14:45:00,BSE,BSE_AUTO_0223,SENSEX26JAN81300CE,CE,BUY,20,759.0,837.1,1562.0,Auto-lightgbm-LimitChase,Target Hit (+50),CLOSED,0.8518757462501526,0.309,False,BSE-1769494468257-378,target_stop
2026-01-27 11:44:33,2026-01-27 14:45:00,NSE,NSE_AUTO_0131,NIFTY26JAN24950CE,CE,BUY,65,191.0,220.1,1891.5,Auto-lightgbm-LimitChase,Target Hit (+25),CLOSED,0.6,0.309,False,NSE-1769494473900-417,target_stop
2026-01-27 11:44:52,2026-01-27 14:45:00,BSE,BSE_AUTO_0224,SENSEX26JAN81300CE,CE,BUY,20,759.0,837.1,1562.0,Auto-lightgbm-LimitChase,Target Hit (+50),CLOSED,0.8523504972457886,0.309,False,BSE-1769494492473-379,target_stop
2026-01-27 11:44:56,2026-01-27 14:45:00,NSE,NSE_AUTO_0132,NIFTY26JAN24950CE,CE,BUY,65,191.0,220.1,1891.5,Auto-lightgbm-LimitChase,Target Hit (+25),CLOSED,0.6,0.309,False,NSE-1769494496300-419,target_stop
2026-01-27 11:45:08,2026-01-27 14:45:00,BSE,BSE_AUTO_0225,SENSEX26JAN81300CE,CE,BUY,20,759.0,837.1,1562.0,Auto-lightgbm-LimitChase,Target Hit (+50),CLOSED,0.8496684074401856,0.309,False,BSE-1769494503555-380,target_stop
2026-01-27 11:45:35,2026-01-27 14:45:00,NSE,NSE_AUTO_0133,NIFTY26JAN24950CE,CE,BUY,65,191.0,220.1,1891.5,Auto-lightgbm-LimitChase,Target Hit (+25),CLOSED,0.6,0.309,False,NSE-1769494535218-420,target_stop
2026-01-27 11:45:42,2026-01-27 14:45:00,BSE,BSE_AUTO_0226,SENSEX26JAN81300CE,CE,BUY,20,759.0,837.1,1562.0,Auto-lightgbm-LimitChase,Target Hit (+50),CLOSED,0.8571460485458374,0.309,False,BSE-1769494542621-382,target_stop
2026-01-27 11:45:46,2026-01-27 14:45:00,NSE,NSE_AUTO_0134,NIFTY26JAN24950CE,CE,BUY,65,191.0,220.1,1891.5,Auto-lightgbm-LimitChase,Target Hit (+25),CLOSED,0.6,0.309,False,NSE-1769494546297-421,target_stop
2026-01-27 11:45:49,2026-01-27 14:45:00,BSE,BSE_AUTO_0227,SENSEX26JAN81300CE,CE,BUY,20,759.0,837.1,1562.0,Auto-lightgbm-LimitChase,Target Hit (+50),CLOSED,0.8558559060096741,0.309,False,BSE-1769494549826-383,target_stop
2026-01-27 11:47:10,2026-01-27 14:45:00,NSE,NSE_AUTO_0135,NIFTY26JAN24950CE,CE,BUY,65,191.0,220.1,1891.5,Auto-lightgbm-LimitChase,Target Hit (+25),CLOSED,0.6,0.309,False,NSE-1769494622229-422,target_stop
2026-01-27 11:47:14,2026-01-27 14:45:00,BSE,BSE_AUTO_0228,SENSEX26JAN81300CE,CE,BUY,20,759.0,837.1,1562.0,Auto-lightgbm-LimitChase,Target Hit (+50),CLOSED,0.8407363533973694,0.309,False,BSE-1769494634130-384,target_stop
2026-01-27 11:47:17,2026-01-27 14:45:00,NSE,NSE_AUTO_0136,NIFTY26JAN24950CE,CE,BUY,65,191.0,220.1,1891.5,Auto-lightgbm-LimitChase,Target Hit (+25),CLOSED,0.6,0.309,False,NSE-1769494637640-423,target_stop
2026-01-27 11:47:33,2026-01-27 14:45:00,BSE,BSE_AUTO_0229,SENSEX26JAN81300CE,CE,BUY,20,759.0,837.1,1562.0,Auto-lightgbm-LimitChase,Target Hit (+50),CLOSED,0.8360032677650452,0.309,False,BSE-1769494653731-385,target_stop
2026-01-27 11:47:59,2026-01-27 14:45:00,BSE,BSE_AUTO_0230,SENSEX26JAN81300CE,CE,BUY,20,759.0,837.1,1562.0,Auto-lightgbm-LimitChase,Target Hit (+50),CLOSED,0.8298281669616699,0.309,False,BSE-1769494679188-386,target_stop
2026-01-27 11:48:09,2026-01-27 14:45:00,NSE,NSE_AUTO_0137,NIFTY26JAN24950CE,CE,BUY,65,191.0,220.1,1891.5,Auto-lightgbm-LimitChase,Target Hit (+25),CLOSED,0.6,0.309,False,NSE-1769494682826-424,target_stop
2026-01-27 11:48:12,2026-01-27 14:45:00,NSE,NSE_AUTO_0138,NIFTY26JAN24950CE,CE,BUY,65,191.0,220.1,1891.5,Auto-lightgbm-LimitChase,Target Hit (+25),CLOSED,0.6,0.309,False,NSE-1769494692046-425,target_stop
2026-01-27 11:48:15,2026-01-27 14:45:00,NSE,NSE_AUTO_0139,NIFTY26JAN24950CE,CE,BUY,65,191.0,220.1,1891.5,Auto-lightgbm-LimitChase,Target Hit (+25),CLOSED,0.6,0.309,False,NSE-1769494695460-426,target_stop
2026-01-27 11:48:26,2026-01-27 14:45:00,NSE,NSE_AUTO_0140,NIFTY26JAN24950CE,CE,BUY,65,191.0,220.1,1891.5,Auto-lightgbm-LimitChase,Target Hit (+25),CLOSED,0.6,0.309,False,NSE-1769494706139-427,target_stop
2026-01-27 11:48:51,2026-01-27 14:45:00,BSE,BSE_AUTO_0231,SENSEX26JAN81300CE,CE,BUY,20,759.0,837.1,1562.0,Auto-lightgbm-LimitChase,Target Hit (+50),CLOSED,0.7887779712677002,0.309,False,BSE-1769494731833-387,target_stop
2026-01-27 11:49:11,2026-01-27 14:45:00,NSE,NSE_AUTO_0141,NIFTY26JAN24950CE,CE,BUY,65,191.0,220.1,1891.5,Auto-lightgbm-LimitChase,Target Hit (+25),CLOSED,0.6,0.309,False,NSE-1769494745779-428,target_stop
2026-01-27 11:49:18,2026-01-27 14:45:00,BSE,BSE_AUTO_0232,SENSEX26JAN81300CE,CE,BUY,20,759.0,837.1,1562.0,Auto-lightgbm-LimitChase,Target Hit (+50),CLOSED,0.8342215061187744,0.309,False,BSE-1769494758870-388,target_stop
2026-01-27 11:49:26,2026-01-27 14:45:00,NSE,NSE_AUTO_0142,NIFTY26JAN25000CE,CE,BUY,65,157.0,183.6,1729.0,Auto-lightgbm-LimitChase,Target Hit (+25),CLOSED,0.6,0.309,False,NSE-1769494766350-429,target_stop
2026-01-27 11:49:43,2026-01-27 14:45:00,NSE,NSE_AUTO_0143,NIFTY26JAN24950CE,CE,BUY,65,191.0,220.1,1891.5,Auto-lightgbm-LimitChase,Target Hit (+25),CLOSED,0.6,0.309,False,NSE-1769494783080-430,target_stop
2026-01-27 11:49:56,2026-01-27 14:45:00,BSE,BSE_AUTO_0233,SENSEX26JAN81300CE,CE,BUY,20,759.0,837.1,1562.0,Auto-lightgbm-LimitChase,Target Hit (+50),CLOSED,0.843241834640503,0.309,False,BSE-1769494795992-389,target_stop
2026-01-27 11:50:10,2026-01-27 14:45:00,BSE,BSE_AUTO_0234,SENSEX26JAN81300CE,CE,BUY,20,759.0,837.1,1562.0,Auto-lightgbm-LimitChase,Target Hit (+50),CLOSED,0.8365901350975037,0.309,False,BSE-1769494803121-390,target_stop
2026-01-27 11:50:16,2026-01-27 14:45:00,BSE,BSE_AUTO_0235,SENSEX26JAN81300CE,CE,BUY,20,759.0,837.1,1562.0,Auto-lightgbm-LimitChase,Target Hit (+50),CLOSED,0.8335020184516907,0.309,False,BSE-1769494816222-391,target_stop
2026-01-27 11:50:29,2026-01-27 14:45:00,BSE,BSE_AUTO_0236,SENSEX26JAN81300CE,CE,BUY,20,759.0,837.1,1562.0,Auto-lightgbm-LimitChase,Target Hit (+50),CLOSED,0.8199708700180054,0.309,False,BSE-1769494829488-392,target_stop
2026-01-27 11:51:43,2026-01-27 14:45:00,BSE,BSE_AUTO_0237,SENSEX26JAN81400CE,CE,BUY,20,695.1,774.8,1594.0,Auto-lightgbm-LimitChase,Target Hit (+50),CLOSED,0.6902726888656616,0.309,False,BSE-1769494903310-394,target_stop
2026-01-27 11:52:48,2026-01-27 14:45:00,NSE,NSE_AUTO_0144,NIFTY26JAN25000CE,CE,BUY,65,157.0,183.6,1729.0,Auto-lightgbm-LimitChase,Target Hit (+25),CLOSED,0.6,0.309,False,NSE-1769494968468-437,target_stop
2026-01-27 11:53:57,2026-01-27 14:45:00,NSE,NSE_AUTO_0145,NIFTY26JAN25000CE,CE,BUY,65,157.0,183.6,1729.0,Auto-lightgbm-LimitChase,Target Hit (+25),CLOSED,0.6,0.309,False,NSE-1769495037861-442,target_stop
2026-01-27 11:54:46,2026-01-27 14:45:00,BSE,BSE_AUTO_0238,SENSEX26JAN81500CE,CE,BUY,20,636.0,702.7,1334.0,Auto-lightgbm-LimitChase,Target Hit (+50),CLOSED,0.7116241455078125,0.309,False,BSE-1769495086900-405,target_stop
2026-01-27 11:55:15,2026-01-27 14:45:00,BSE,BSE_AUTO_0239,SENSEX26JAN81500CE,CE,BUY,20,636.0,702.7,1334.0,Auto-lightgbm-LimitChase,Target Hit (+50),CLOSED,0.7046957612037659,0.309,False,BSE-1769495115185-406,target_stop
2026-01-27 11:55:22,2026-01-27 14:45:00,BSE,BSE_AUTO_0240,SENSEX26JAN81500CE,CE,BUY,20,636.0,702.7,1334.0,Auto-lightgbm-LimitChase,Target Hit (+50),CLOSED,0.7035154700279236,0.309,False,BSE-1769495122539-407,target_stop
2026-01-27 11:55:44,2026-01-27 14:45:00,BSE,BSE_AUTO_0241,SENSEX26JAN81600CE,CE,BUY,20,580.0,641.3,1226.0,Auto-lightgbm-LimitChase,Target Hit (+50),CLOSED,0.7018609642982483,0.309,False,BSE-1769495144909-408,target_stop
2026-01-27 11:55:48,2026-01-27 14:48:00,NSE,NSE_AUTO_0146,NIFTY26JAN25050CE,CE,BUY,65,127.0,101.65,-1647.75,Auto-lightgbm-LimitChase,Stop Loss (-25),CLOSED,0.6,0.309,False,NSE-1769495148482-448,target_stop
2026-01-27 11:55:52,2026-01-27 14:48:00,NSE,NSE_AUTO_0147,NIFTY26JAN25050CE,CE,BUY,65,127.0,101.65,-1647.75,Auto-lightgbm-LimitChase,Stop Loss (-25),CLOSED,0.6,0.309,False,NSE-1769495152084-449,target_stop
2026-01-27 11:56:15,2026-01-27 14:45:00,BSE,BSE_AUTO_0242,SENSEX26JAN81500CE,CE,BUY,20,636.0,702.7,1334.0,Auto-lightgbm-LimitChase,Target Hit (+50),CLOSED,0.7098209857940674,0.309,False,BSE-1769495159951-409,target_stop
2026-01-27 11:56:15,2026-01-27 14:48:00,NSE,NSE_AUTO_0148,NIFTY26JAN25050CE,CE,BUY,65,127.0,101.65,-1647.75,Auto-lightgbm-LimitChase,Stop Loss (-25),CLOSED,0.6,0.309,False,NSE-1769495165682-450,target_stop
2026-01-27 11:56:19,2026-01-27 14:48:00,NSE,NSE_AUTO_0149,NIFTY26JAN25050CE,CE,BUY,65,127.0,101.65,-1647.75,Auto-lightgbm-LimitChase,Stop Loss (-25),CLOSED,0.6,0.309,False,NSE-1769495179447-451,target_stop
2026-01-27 11:56:26,2026-01-27 14:45:00,BSE,BSE_AUTO_0243,SENSEX26JAN81600CE,CE,BUY,20,580.0,641.3,1226.0,Auto-lightgbm-LimitChase,Target Hit (+50),CLOSED,0.7180939316749573,0.309,False,BSE-1769495186461-410,target_stop
2026-01-27 11:56:51,2026-01-27 14:48:00,NSE,NSE_AUTO_0150,NIFTY26JAN25050CE,CE,BUY,65,127.0,101.65,-1647.75,Auto-lightgbm-LimitChase,Stop Loss (-25),CLOSED,0.6,0.309,False,NSE-1769495211636-452,target_stop
2026-01-27 11:56:58,2026-01-27 14:48:00,NSE,NSE_AUTO_0151,NIFTY26JAN25050CE,CE,BUY,65,127.0,101.65,-1647.75,Auto-lightgbm-LimitChase,Stop Loss (-25),CLOSED,0.6,0.309,False,NSE-1769495218843-454,target_stop
2026-01-27 11:57:09,2026-01-27 14:45:00,BSE,BSE_AUTO_0244,SENSEX26JAN81600CE,CE,BUY,20,580.0,641.3,1226.0,Auto-lightgbm-LimitChase,Target Hit (+50),CLOSED,0.8785769581794739,0.309,False,BSE-1769495229204-411,target_stop
2026-01-27 11:57:23,2026-01-27 14:45:00,BSE,BSE_AUTO_0245,SENSEX26JAN81600CE,CE,BUY,20,580.0,641.3,1226.0,Auto-lightgbm-LimitChase,Target Hit (+50),CLOSED,0.8421573281288147,0.309,False,BSE-1769495243426-412,target_stop
2026-01-27 11:57:33,2026-01-27 14:48:00,NSE,NSE_AUTO_0152,NIFTY26JAN25050CE,CE,BUY,65,127.0,101.65,-1647.75,Auto-lightgbm-LimitChase,Stop Loss (-25),CLOSED,0.6,0.309,False,NSE-1769495253243-455,target_stop
2026-01-27 11:57:49,2026-01-27 14:45:00,BSE,BSE_AUTO_0246,SENSEX26JAN81600CE,CE,BUY,20,580.0,641.3,1226.0,Auto-lightgbm-LimitChase,Target Hit (+50),CLOSED,0.8741512537002564,0.309,False,BSE-1769495268945-414,target_stop
2026-01-27 11:57:52,2026-01-27 14:45:00,BSE,BSE_AUTO_0247,SENSEX26JAN81600CE,CE,BUY,20,580.0,641.3,1226.0,Auto-lightgbm-LimitChase,Target Hit (+50),CLOSED,0.8584888815879822,0.309,False,BSE-1769495272530-415,target_stop
2026-01-27 11:58:09,2026-01-27 14:45:00,BSE,BSE_AUTO_0248,SENSEX26JAN81600CE,CE,BUY,20,580.0,641.3,1226.0,Auto-lightgbm-LimitChase,Target Hit (+50),CLOSED,0.9157868266105652,0.309,False,BSE-1769495283442-416,target_stop
2026-01-27 11:58:16,2026-01-27 14:48:00,NSE,NSE_AUTO_0153,NIFTY26JAN25050CE,CE,BUY,65,127.0,101.65,-1647.75,Auto-lightgbm-LimitChase,Stop Loss (-25),CLOSED,0.6,0.309,False,NSE-1769495296530-456,target_stop
2026-01-27 11:58:26,2026-01-27 14:45:00,BSE,BSE_AUTO_0249,SENSEX26JAN81600CE,CE,BUY,20,580.0,641.3,1226.0,Auto-lightgbm-LimitChase,Target Hit (+50),CLOSED,0.9142863392829896,0.309,False,BSE-1769495306313-417,target_stop
2026-01-27 11:58:33,2026-01-27 14:45:00,BSE,BSE_AUTO_0250,SENSEX26JAN81600CE,CE,BUY,20,580.0,641.3,1226.0,Auto-lightgbm-LimitChase,Target Hit (+50),CLOSED,0.9096607208251952,0.309,False,BSE-1769495313625-418,target_stop
2026-01-27 11:58:39,2026-01-27 14:48:00,NSE,NSE_AUTO_0154,NIFTY26JAN25050CE,CE,BUY,65,127.0,101.65,-1647.75,Auto-lightgbm-LimitChase,Stop Loss (-25),CLOSED,0.6,0.309,False,NSE-1769495318965-457,target_stop
2026-01-27 11:58:45,2026-01-27 14:48:00,NSE,NSE_AUTO_0155,NIFTY26JAN25050CE,CE,BUY,65,127.0,101.65,-1647.75,Auto-lightgbm-LimitChase,Stop Loss (-25),CLOSED,0.6,0.309,False,NSE-1769495325379-458,target_stop
2026-01-27 11:59:09,2026-01-27 14:48:00,NSE,NSE_AUTO_0156,NIFTY26JAN25050CE,CE,BUY,65,127.0,101.65,-1647.75,Auto-lightgbm-LimitChase,Stop Loss (-25),CLOSED,0.6,0.309,False,NSE-1769495346422-459,target_stop
2026-01-27 11:59:12,2026-01-27 14:45:00,BSE,BSE_AUTO_0251,SENSEX26JAN81600CE,CE,BUY,20,580.0,641.3,1226.0,Auto-lightgbm-LimitChase,Target Hit (+50),CLOSED,0.8556008577346802,0.309,False,BSE-1769495352707-419,target_stop
2026-01-27 11:59:26,2026-01-27 14:48:00,NSE,NSE_AUTO_0157,NIFTY26JAN25050CE,CE,BUY,65,127.0,101.65,-1647.75,Auto-lightgbm-LimitChase,Stop Loss (-25),CLOSED,0.6,0.309,False,NSE-1769495366025-460,target_stop
2026-01-27 11:59:33,2026-01-27 14:45:00,BSE,BSE_AUTO_0252,SENSEX26JAN81600CE,CE,BUY,20,580.0,641.3,1226.0,Auto-lightgbm-LimitChase,Target Hit (+50),CLOSED,0.724150025844574,0.309,False,BSE-1769495373506-421,target_stop
2026-01-27 11:59:51,2026-01-27 14:48:00,NSE,NSE_AUTO_0158,NIFTY26JAN25050CE,CE,BUY,65,127.0,101.65,-1647.75,Auto-lightgbm-LimitChase,Stop Loss (-25),CLOSED,0.6,0.309,False,NSE-1769495390968-462,target_stop
2026-01-27 12:00:11,2026-01-27 14:48:00,NSE,NSE_AUTO_0159,NIFTY26JAN25050CE,CE,BUY,65,127.0,101.65,-1647.75,Auto-lightgbm-LimitChase,Stop Loss (-25),CLOSED,0.6,0.309,False,NSE-1769495411529-463,target_stop
2026-01-27 12:00:15,2026-01-27 14:48:00,NSE,NSE_AUTO_0160,NIFTY26JAN25050CE,CE,BUY,65,127.0,101.65,-1647.75,Auto-lightgbm-LimitChase,Stop Loss (-25),CLOSED,0.6,0.309,False,NSE-1769495415143-464,target_stop
2026-01-27 12:00:22,2026-01-27 14:48:00,NSE,NSE_AUTO_0161,NIFTY26JAN25050CE,CE,BUY,65,127.0,101.65,-1647.75,Auto-lightgbm-LimitChase,Stop Loss (-25),CLOSED,0.6,0.309,False,NSE-1769495422154-465,target_stop
2026-01-27 12:00:26,2026-01-27 14:48:00,NSE,NSE_AUTO_0162,NIFTY26JAN25050CE,CE,BUY,65,127.0,101.65,-1647.75,Auto-lightgbm-LimitChase,Stop Loss (-25),CLOSED,0.6,0.309,False,NSE-1769495426037-466,target_stop
2026-01-27 12:00:33,2026-01-27 14:48:00,NSE,NSE_AUTO_0163,NIFTY26JAN25050CE,CE,BUY,65,127.0,101.65,-1647.75,Auto-lightgbm-LimitChase,Stop Loss (-25),CLOSED,0.6,0.309,False,NSE-1769495433147-467,target_stop
2026-01-27 12:01:09,2026-01-27 14:45:00,BSE,BSE_AUTO_0253,SENSEX26JAN81500CE,CE,BUY,20,636.0,702.7,1334.0,Auto-lightgbm-LimitChase,Target Hit (+50),CLOSED,0.7323173522949219,0.309,False,BSE-1769495465350-422,target_stop
2026-01-27 12:01:20,2026-01-27 14:45:00,NSE,NSE_AUTO_0164,NIFTY26JAN25000CE,CE,BUY,65,157.0,183.6,1729.0,Auto-lightgbm-LimitChase,Target Hit (+25),CLOSED,0.6,0.309,False,NSE-1769495480235-469,target_stop
2026-01-27 12:03:40,2026-01-27 14:45:00,BSE,BSE_AUTO_0254,SENSEX26JAN81400CE,CE,BUY,20,695.1,774.8,1594.0,Auto-lightgbm-LimitChase,Target Hit (+50),CLOSED,0.6940558552742004,0.309,False,BSE-1769495620647-432,target_stop
2026-01-27 12:03:53,2026-01-27 14:45:00,BSE,BSE_AUTO_0255,SENSEX26JAN81400CE,CE,BUY,20,695.1,774.8,1594.0,Auto-lightgbm-LimitChase,Target Hit (+50),CLOSED,0.6718555092811584,0.309,False,BSE-1769495633114-433,target_stop
2026-01-27 12:04:09,2026-01-27 14:45:00,BSE,BSE_AUTO_0256,SENSEX26JAN81400CE,CE,BUY,20,695.1,774.8,1594.0,Auto-lightgbm-LimitChase,Target Hit (+50),CLOSED,0.6535711884498596,0.309,False,BSE-1769495645894-434,target_stop
2026-01-27 12:06:23,2026-01-27 14:45:00,NSE,NSE_AUTO_0165,NIFTY26JAN25200PE,PE,BUY,65,175.8,117.6,-3783.0,Auto-lightgbm-LimitChase,Stop Loss (-25),CLOSED,0.6,0.309,False,NSE-1769495783102-487,target_stop
2026-01-27 12:06:45,2026-01-27 14:45:00,NSE,NSE_AUTO_0166,NIFTY26JAN25200PE,PE,BUY,65,175.8,117.6,-3783.0,Auto-lightgbm-LimitChase,Stop Loss (-25),CLOSED,0.6,0.309,False,NSE-1769495805453-490,target_stop
2026-01-27 12:07:53,2026-01-27 14:45:00,BSE,BSE_AUTO_0257,SENSEX26JAN81400CE,CE,BUY,20,695.1,774.8,1594.0,Auto-lightgbm-LimitChase,Target Hit (+50),CLOSED,0.6237090826034546,0.309,False,BSE-1769495873298-443,target_stop
2026-01-27 12:08:20,2026-01-27 14:45:00,BSE,BSE_AUTO_0258,SENSEX26JAN81400CE,CE,BUY,20,695.1,774.8,1594.0,Auto-lightgbm-LimitChase,Target Hit (+50),CLOSED,0.6667550802230835,0.309,False,BSE-1769495900052-444,target_stop
2026-01-27 12:08:40,2026-01-27 14:45:00,BSE,BSE_AUTO_0259,SENSEX26JAN81400CE,CE,BUY,20,695.1,774.8,1594.0,Auto-lightgbm-LimitChase,Target Hit (+50),CLOSED,0.6675840020179749,0.309,False,BSE-1769495920091-447,target_stop
2026-01-27 12:08:53,2026-01-27 14:45:00,BSE,BSE_AUTO_0260,SENSEX26JAN81400CE,CE,BUY,20,695.1,774.8,1594.0,Auto-lightgbm-LimitChase,Target Hit (+50),CLOSED,0.6542914509773254,0.309,False,BSE-1769495933757-449,target_stop
2026-01-27 12:09:10,2026-01-27 14:45:00,BSE,BSE_AUTO_0261,SENSEX26JAN81400CE,CE,BUY,20,695.1,774.8,1594.0,Auto-lightgbm-LimitChase,Target Hit (+50),CLOSED,0.6393222212791443,0.309,False,BSE-1769495943941-450,target_stop
2026-01-27 12:09:34,2026-01-27 14:45:00,BSE,BSE_AUTO_0262,SENSEX26JAN81400CE,CE,BUY,20,695.1,774.8,1594.0,Auto-lightgbm-LimitChase,Target Hit (+50),CLOSED,0.6749436259269714,0.309,False,BSE-1769495973832-451,target_stop
2026-01-27 12:10:42,2026-01-27 14:45:00,BSE,BSE_AUTO_0263,SENSEX26JAN81500CE,CE,BUY,20,636.0,702.7,1334.0,Auto-lightgbm-LimitChase,Target Hit (+50),CLOSED,0.6952933073043823,0.309,False,BSE-1769496042513-454,target_stop
2026-01-27 12:11:12,2026-01-27 14:45:00,NSE,NSE_AUTO_0167,NIFTY26JAN25200PE,PE,BUY,65,175.8,117.6,-3783.0,Auto-lightgbm-LimitChase,Stop Loss (-25),CLOSED,0.6,0.309,False,NSE-1769496072831-502,target_stop
2026-01-27 12:13:44,2026-01-27 14:45:00,NSE,NSE_AUTO_0168,NIFTY26JAN25200PE,PE,BUY,65,175.8,117.6,-3783.0,Auto-lightgbm-LimitChase,Stop Loss (-25),CLOSED,0.6,0.309,False,NSE-1769496224875-511,target_stop
2026-01-27 12:16:31,2026-01-27 14:45:00,BSE,BSE_AUTO_0264,SENSEX26JAN81500CE,CE,BUY,20,636.0,702.7,1334.0,Auto-lightgbm-LimitChase,Target Hit (+50),CLOSED,0.8801916480064392,0.309,False,BSE-1769496391465-466,target_stop
2026-01-27 12:18:40,2026-01-27 14:45:00,NSE,NSE_AUTO_0169,NIFTY26JAN25000CE,CE,BUY,65,157.0,183.6,1729.0,Auto-lightgbm-LimitChase,Target Hit (+25),CLOSED,0.6,0.309,False,NSE-1769496520040-529,target_stop
2026-01-27 12:19:38,2026-01-27 14:45:00,NSE,NSE_AUTO_0170,NIFTY26JAN25000CE,CE,BUY,65,157.0,183.6,1729.0,Auto-lightgbm-LimitChase,Target Hit (+25),CLOSED,0.6,0.309,False,NSE-1769496578097-532,target_stop
2026-01-27 12:21:31,2026-01-27 14:45:00,BSE,BSE_AUTO_0265,SENSEX26JAN81500CE,CE,BUY,20,636.0,702.7,1334.0,Auto-lightgbm-LimitChase,Target Hit (+50),CLOSED,0.9010316967964171,0.309,False,BSE-1769496691497-479,target_stop
2026-01-27 12:25:10,2026-01-27 14:48:00,NSE,NSE_AUTO_0171,NIFTY26JAN25050CE,CE,BUY,65,127.0,101.65,-1647.75,Auto-lightgbm-LimitChase,Stop Loss (-25),CLOSED,0.6,0.309,False,NSE-1769496905092-553,target_stop
2026-01-27 12:29:59,2026-01-27 14:45:00,NSE,NSE_AUTO_0172,NIFTY26JAN25000CE,CE,BUY,65,157.0,183.6,1729.0,Auto-lightgbm-LimitChase,Target Hit (+25),CLOSED,0.6,0.309,False,NSE-1769497199501-569,target_stop
2026-01-27 12:30:23,2026-01-27 14:45:00,BSE,BSE_AUTO_0266,SENSEX26JAN81500CE,CE,BUY,20,636.0,702.7,1334.0,Auto-lightgbm-LimitChase,Target Hit (+50),CLOSED,0.8540237784385681,0.309,False,BSE-1769497223133-505,target_stop
2026-01-27 12:30:38,2026-01-27 14:45:00,NSE,NSE_AUTO_0173,NIFTY26JAN25000CE,CE,BUY,65,157.0,183.6,1729.0,Auto-lightgbm-LimitChase,Target Hit (+25),CLOSED,0.6,0.309,False,NSE-1769497238751-571,target_stop
2026-01-27 12:31:06,2026-01-27 14:45:00,BSE,BSE_AUTO_0267,SENSEX26JAN81400CE,CE,BUY,20,695.1,774.8,1594.0,Auto-lightgbm-LimitChase,Target Hit (+50),CLOSED,0.7907136917114258,0.309,False,BSE-1769497266714-506,target_stop
2026-01-27 12:34:35,2026-01-27 14:45:00,NSE,NSE_AUTO_0174,NIFTY26JAN25000CE,CE,BUY,65,157.0,183.6,1729.0,Auto-lightgbm-LimitChase,Target Hit (+25),CLOSED,0.6,0.309,False,NSE-1769497475148-584,target_stop
2026-01-27 12:36:13,2026-01-27 14:45:00,BSE,BSE_AUTO_0268,SENSEX26JAN81500CE,CE,BUY,20,636.0,702.7,1334.0,Auto-lightgbm-LimitChase,Target Hit (+50),CLOSED,0.7603441476821899,0.309,False,BSE-1769497573619-527,target_stop
2026-01-27 12:37:10,2026-01-27 14:45:00,BSE,BSE_AUTO_0269,SENSEX26JAN81500CE,CE,BUY,20,636.0,702.7,1334.0,Auto-lightgbm-LimitChase,Target Hit (+50),CLOSED,0.7415946125984192,0.309,False,BSE-1769497623848-529,target_stop
2026-01-27 12:37:51,2026-01-27 14:45:00,BSE,BSE_AUTO_0270,SENSEX26JAN81500CE,CE,BUY,20,636.0,702.7,1334.0,Auto-lightgbm-LimitChase,Target Hit (+50),CLOSED,0.7476591467857361,0.309,False,BSE-1769497671154-531,target_stop
2026-01-27 12:37:54,2026-01-27 14:45:00,BSE,BSE_AUTO_0271,SENSEX26JAN81500CE,CE,BUY,20,636.0,702.7,1334.0,Auto-lightgbm-LimitChase,Target Hit (+50),CLOSED,0.6782839894294739,0.309,False,BSE-1769497674590-532,target_stop
2026-01-27 12:38:11,2026-01-27 14:45:00,BSE,BSE_AUTO_0272,SENSEX26JAN81500CE,CE,BUY,20,636.0,702.7,1334.0,Auto-lightgbm-LimitChase,Target Hit (+50),CLOSED,0.6512265205383301,0.309,False,BSE-1769497684734-533,target_stop
2026-01-27 12:38:12,2026-01-27 14:45:00,BSE,BSE_AUTO_0273,SENSEX26JAN81500CE,CE,BUY,20,636.0,702.7,1334.0,Auto-lightgbm-LimitChase,Target Hit (+50),CLOSED,0.6958397626876831,0.309,False,BSE-1769497691527-534,target_stop
2026-01-27 12:38:35,2026-01-27 14:45:00,BSE,BSE_AUTO_0274,SENSEX26JAN81500CE,CE,BUY,20,636.0,702.7,1334.0,Auto-lightgbm-LimitChase,Target Hit (+50),CLOSED,0.7081881165504456,0.309,False,BSE-1769497715344-535,target_stop
2026-01-27 12:38:38,2026-01-27 14:45:00,BSE,BSE_AUTO_0275,SENSEX26JAN81500CE,CE,BUY,20,636.0,702.7,1334.0,Auto-lightgbm-LimitChase,Target Hit (+50),CLOSED,0.6923238039016724,0.309,False,BSE-1769497718733-536,target_stop
2026-01-27 12:38:53,2026-01-27 14:45:00,NSE,NSE_AUTO_0175,NIFTY26JAN25000CE,CE,BUY,65,157.0,183.6,1729.0,Auto-lightgbm-LimitChase,Target Hit (+25),CLOSED,0.6,0.309,False,NSE-1769497733083-592,target_stop
2026-01-27 12:39:10,2026-01-27 14:45:00,BSE,BSE_AUTO_0276,SENSEX26JAN81500CE,CE,BUY,20,636.0,702.7,1334.0,Auto-lightgbm-LimitChase,Target Hit (+50),CLOSED,0.6960967183113098,0.309,False,BSE-1769497744339-537,target_stop
2026-01-27 12:39:43,2026-01-27 14:45:00,NSE,NSE_AUTO_0176,NIFTY26JAN25000CE,CE,BUY,65,157.0,183.6,1729.0,Auto-lightgbm-LimitChase,Target Hit (+25),CLOSED,0.6,0.309,False,NSE-1769497783433-594,target_stop
2026-01-27 12:39:52,2026-01-27 14:45:00,BSE,BSE_AUTO_0277,SENSEX26JAN81500CE,CE,BUY,20,636.0,702.7,1334.0,Auto-lightgbm-LimitChase,Target Hit (+50),CLOSED,0.6988646388053894,0.309,False,BSE-1769497792746-538,target_stop
2026-01-27 12:39:59,2026-01-27 14:45:00,BSE,BSE_AUTO_0278,SENSEX26JAN81500CE,CE,BUY,20,636.0,702.7,1334.0,Auto-lightgbm-LimitChase,Target Hit (+50),CLOSED,0.6976759433746338,0.309,False,BSE-1769497799837-539,target_stop
2026-01-27 12:40:10,2026-01-27 14:45:00,BSE,BSE_AUTO_0279,SENSEX26JAN81500CE,CE,BUY,20,636.0,702.7,1334.0,Auto-lightgbm-LimitChase,Target Hit (+50),CLOSED,0.6795088648796082,0.309,False,BSE-1769497807200-540,target_stop
2026-01-27 12:40:16,2026-01-27 14:45:00,NSE,NSE_AUTO_0177,NIFTY26JAN25000CE,CE,BUY,65,157.0,183.6,1729.0,Auto-lightgbm-LimitChase,Target Hit (+25),CLOSED,0.6,0.309,False,NSE-1769497816403-595,target_stop
2026-01-27 12:40:23,2026-01-27 14:45:00,BSE,BSE_AUTO_0280,SENSEX26JAN81500CE,CE,BUY,20,636.0,702.7,1334.0,Auto-lightgbm-LimitChase,Target Hit (+50),CLOSED,0.6865085959434509,0.309,False,BSE-1769497823637-541,target_stop
2026-01-27 12:40:36,2026-01-27 14:45:00,BSE,BSE_AUTO_0281,SENSEX26JAN81500CE,CE,BUY,20,636.0,702.7,1334.0,Auto-lightgbm-LimitChase,Target Hit (+50),CLOSED,0.6956042647361755,0.309,False,BSE-1769497836801-542,target_stop
2026-01-27 12:40:55,2026-01-27 14:45:00,NSE,NSE_AUTO_0178,NIFTY26JAN25000CE,CE,BUY,65,157.0,183.6,1729.0,Auto-lightgbm-LimitChase,Target Hit (+25),CLOSED,0.6,0.309,False,NSE-1769497855693-598,target_stop
2026-01-27 12:41:11,2026-01-27 14:45:00,BSE,BSE_AUTO_0282,SENSEX26JAN81500CE,CE,BUY,20,636.0,702.7,1334.0,Auto-lightgbm-LimitChase,Target Hit (+50),CLOSED,0.638521671295166,0.309,False,BSE-1769497871723-543,target_stop
2026-01-27 12:45:41,2026-01-27 14:45:00,NSE,NSE_AUTO_0179,NIFTY26JAN25200PE,PE,BUY,65,175.8,117.6,-3783.0,Auto-lightgbm-LimitChase,Stop Loss (-25),CLOSED,0.6,0.309,False,NSE-1769498141322-611,target_stop
2026-01-27 12:50:45,2026-01-27 14:45:00,BSE,BSE_AUTO_0283,SENSEX26JAN81400CE,CE,BUY,20,695.1,774.8,1594.0,Auto-lightgbm-LimitChase,Target Hit (+50),CLOSED,0.6075462102890015,0.309,False,BSE-1769498445638-577,target_stop
2026-01-27 12:50:51,2026-01-27 14:45:00,NSE,NSE_AUTO_0180,NIFTY26JAN25200PE,PE,BUY,65,175.8,117.6,-3783.0,Auto-lightgbm-LimitChase,Stop Loss (-25),CLOSED,0.6,0.309,False,NSE-1769498451594-626,target_stop
2026-01-27 12:56:11,2026-01-27 14:45:00,NSE,NSE_AUTO_0181,NIFTY26JAN25200PE,PE,BUY,65,175.8,117.6,-3783.0,Auto-lightgbm-LimitChase,Stop Loss (-25),CLOSED,0.6,0.309,False,NSE-1769498771892-642,target_stop
2026-01-27 12:57:26,2026-01-27 14:45:00,BSE,BSE_AUTO_0284,SENSEX26JAN81300CE,CE,BUY,20,759.0,837.1,1562.0,Auto-lightgbm-LimitChase,Target Hit (+50),CLOSED,0.6076726913452148,0.309,False,BSE-1769498846580-592,target_stop
2026-01-27 13:02:58,2026-01-27 14:45:00,NSE,NSE_AUTO_0182,NIFTY26JAN25150PE,PE,BUY,65,143.85,90.5,-3467.75,Auto-lightgbm-LimitChase,Stop Loss (-25),CLOSED,0.6,0.309,False,NSE-1769499178697-658,target_stop
2026-01-27 13:04:13,2026-01-27 14:45:00,BSE,BSE_AUTO_0285,SENSEX26JAN81300CE,CE,BUY,20,759.0,837.1,1562.0,Auto-lightgbm-LimitChase,Target Hit (+50),CLOSED,0.6109946966171265,0.309,False,BSE-1769499253681-607,target_stop
2026-01-27 13:20:20,2026-01-27 14:45:00,NSE,NSE_AUTO_0183,NIFTY26JAN25200PE,PE,BUY,65,175.8,117.6,-3783.0,Auto-lightgbm-LimitChase,Stop Loss (-25),CLOSED,0.6,0.309,False,NSE-1769500220338-719,target_stop
2026-01-27 13:23:39,2026-01-27 14:45:00,BSE,BSE_AUTO_0286,SENSEX26JAN81300CE,CE,BUY,20,759.0,837.1,1562.0,Auto-lightgbm-LimitChase,Target Hit (+50),CLOSED,0.6298856735229492,0.309,False,BSE-1769500419318-649,target_stop
2026-01-27 13:23:43,2026-01-27 14:45:00,BSE,BSE_AUTO_0287,SENSEX26JAN81300CE,CE,BUY,20,759.0,837.1,1562.0,Auto-lightgbm-LimitChase,Target Hit (+50),CLOSED,0.6206748485565186,0.309,False,BSE-1769500423415-650,target_stop
2026-01-27 13:23:48,2026-01-27 14:45:00,BSE,BSE_AUTO_0288,SENSEX26JAN81300CE,CE,BUY,20,759.0,837.1,1562.0,Auto-lightgbm-LimitChase,Target Hit (+50),CLOSED,0.6218917369842529,0.309,False,BSE-1769500428333-651,target_stop
2026-01-27 13:24:25,2026-01-27 14:45:00,BSE,BSE_AUTO_0289,SENSEX26JAN81400CE,CE,BUY,20,695.1,774.8,1594.0,Auto-lightgbm-LimitChase,Target Hit (+50),CLOSED,0.6007500886917114,0.309,False,BSE-1769500465060-652,target_stop
2026-01-27 13:29:19,2026-01-27 14:45:00,BSE,BSE_AUTO_0290,SENSEX26JAN81400CE,CE,BUY,20,695.1,774.8,1594.0,Auto-lightgbm-LimitChase,Target Hit (+50),CLOSED,0.6329725384712219,0.309,False,BSE-1769500759425-675,target_stop
2026-01-27 13:29:32,2026-01-27 14:45:00,BSE,BSE_AUTO_0291,SENSEX26JAN81400CE,CE,BUY,20,695.1,774.8,1594.0,Auto-lightgbm-LimitChase,Target Hit (+50),CLOSED,0.6406295299530029,0.309,False,BSE-1769500772562-676,target_stop
2026-01-27 13:29:36,2026-01-27 14:45:00,BSE,BSE_AUTO_0292,SENSEX26JAN81400CE,CE,BUY,20,695.1,774.8,1594.0,Auto-lightgbm-LimitChase,Target Hit (+50),CLOSED,0.6247445344924927,0.309,False,BSE-1769500776055-677,target_stop
2026-01-27 13:29:57,2026-01-27 14:45:00,BSE,BSE_AUTO_0293,SENSEX26JAN81400CE,CE,BUY,20,695.1,774.8,1594.0,Auto-lightgbm-LimitChase,Target Hit (+50),CLOSED,0.6587568521499634,0.309,False,BSE-1769500797822-678,target_stop
2026-01-27 13:31:57,2026-01-27 14:45:00,BSE,BSE_AUTO_0294,SENSEX26JAN81400CE,CE,BUY,20,695.1,774.8,1594.0,Auto-lightgbm-LimitChase,Target Hit (+50),CLOSED,0.6228752732276917,0.309,False,BSE-1769500917602-680,target_stop
2026-01-27 13:32:09,2026-01-27 14:45:00,BSE,BSE_AUTO_0295,SENSEX26JAN81400CE,CE,BUY,20,695.1,774.8,1594.0,Auto-lightgbm-LimitChase,Target Hit (+50),CLOSED,0.6030177474021912,0.309,False,BSE-1769500926331-681,target_stop
2026-01-27 13:32:13,2026-01-27 14:45:00,BSE,BSE_AUTO_0296,SENSEX26JAN81400CE,CE,BUY,20,695.1,774.8,1594.0,Auto-lightgbm-LimitChase,Target Hit (+50),CLOSED,0.6235055923461914,0.309,False,BSE-1769500933750-682,target_stop
2026-01-27 13:32:17,2026-01-27 14:45:00,BSE,BSE_AUTO_0297,SENSEX26JAN81400CE,CE,BUY,20,695.1,774.8,1594.0,Auto-lightgbm-LimitChase,Target Hit (+50),CLOSED,0.6249717473983765,0.309,False,BSE-1769500937348-683,target_stop
2026-01-27 13:32:27,2026-01-27 14:45:00,BSE,BSE_AUTO_0298,SENSEX26JAN81400CE,CE,BUY,20,695.1,774.8,1594.0,Auto-lightgbm-LimitChase,Target Hit (+50),CLOSED,0.6266947984695435,0.309,False,BSE-1769500947053-684,target_stop
2026-01-27 13:33:49,2026-01-27 14:45:00,BSE,BSE_AUTO_0299,SENSEX26JAN81400CE,CE,BUY,20,695.1,774.8,1594.0,Auto-lightgbm-LimitChase,Target Hit (+50),CLOSED,0.7340306639671326,0.309,False,BSE-1769501029814-687,target_stop
2026-01-27 13:38:27,2026-01-27 14:45:00,NSE,NSE_AUTO_0184,NIFTY26JAN25200PE,PE,BUY,65,175.8,117.6,-3783.0,Auto-lightgbm-LimitChase,Stop Loss (-25),CLOSED,0.6,0.309,False,NSE-1769501307850-775,target_stop
2026-01-27 13:38:37,2026-01-27 14:45:00,BSE,BSE_AUTO_0300,SENSEX26JAN81400CE,CE,BUY,20,695.1,774.8,1594.0,Auto-lightgbm-LimitChase,Target Hit (+50),CLOSED,0.6412489414215088,0.309,False,BSE-1769501317588-698,target_stop
2026-01-27 13:39:21,2026-01-27 14:45:00,NSE,NSE_AUTO_0185,NIFTY26JAN25200PE,PE,BUY,65,175.8,117.6,-3783.0,Auto-lightgbm-LimitChase,Stop Loss (-25),CLOSED,0.6,0.309,False,NSE-1769501361057-780,target_stop
2026-01-27 13:39:31,2026-01-27 14:45:00,NSE,NSE_AUTO_0186,NIFTY26JAN25200PE,PE,BUY,65,175.8,117.6,-3783.0,Auto-lightgbm-LimitChase,Stop Loss (-25),CLOSED,0.6,0.309,False,NSE-1769501371605-781,target_stop
2026-01-27 13:40:10,2026-01-27 14:45:00,BSE,BSE_AUTO_0301,SENSEX26JAN81400CE,CE,BUY,20,695.1,774.8,1594.0,Auto-lightgbm-LimitChase,Target Hit (+50),CLOSED,0.633041262626648,0.309,False,BSE-1769501407499-699,target_stop
2026-01-27 13:40:18,2026-01-27 14:45:00,NSE,NSE_AUTO_0187,NIFTY26JAN25200PE,PE,BUY,65,175.8,117.6,-3783.0,Auto-lightgbm-LimitChase,Stop Loss (-25),CLOSED,0.6,0.309,False,NSE-1769501418878-782,target_stop
2026-01-27 13:40:22,2026-01-27 14:45:00,BSE,BSE_AUTO_0302,SENSEX26JAN81400CE,CE,BUY,20,695.1,774.8,1594.0,Auto-lightgbm-LimitChase,Target Hit (+50),CLOSED,0.6324529051780701,0.309,False,BSE-1769501422638-700,target_stop
2026-01-27 13:40:26,2026-01-27 14:45:00,NSE,NSE_AUTO_0188,NIFTY26JAN25200PE,PE,BUY,65,175.8,117.6,-3783.0,Auto-lightgbm-LimitChase,Stop Loss (-25),CLOSED,0.6,0.309,False,NSE-1769501426133-783,target_stop
2026-01-27 13:40:33,2026-01-27 14:45:00,BSE,BSE_AUTO_0303,SENSEX26JAN81400CE,CE,BUY,20,695.1,774.8,1594.0,Auto-lightgbm-LimitChase,Target Hit (+50),CLOSED,0.6318935751914978,0.309,False,BSE-1769501433148-701,target_stop
2026-01-27 13:40:36,2026-01-27 14:45:00,BSE,BSE_AUTO_0304,SENSEX26JAN81400CE,CE,BUY,20,695.1,774.8,1594.0,Auto-lightgbm-LimitChase,Target Hit (+50),CLOSED,0.6356381773948669,0.309,False,BSE-1769501436625-702,target_stop
2026-01-27 13:40:55,2026-01-27 14:45:00,BSE,BSE_AUTO_0305,SENSEX26JAN81400CE,CE,BUY,20,695.1,774.8,1594.0,Auto-lightgbm-LimitChase,Target Hit (+50),CLOSED,0.6265909075737,0.309,False,BSE-1769501455741-703,target_stop
2026-01-27 13:40:59,2026-01-27 14:45:00,BSE,BSE_AUTO_0306,SENSEX26JAN81400CE,CE,BUY,20,695.1,774.8,1594.0,Auto-lightgbm-LimitChase,Target Hit (+50),CLOSED,0.6490569710731506,0.309,False,BSE-1769501459494-704,target_stop
2026-01-27 13:41:03,2026-01-27 14:45:00,BSE,BSE_AUTO_0307,SENSEX26JAN81400CE,CE,BUY,20,695.1,774.8,1594.0,Auto-lightgbm-LimitChase,Target Hit (+50),CLOSED,0.6943384408950806,0.309,False,BSE-1769501463057-705,target_stop
2026-01-27 13:41:12,2026-01-27 14:45:00,BSE,BSE_AUTO_0308,SENSEX26JAN81500CE,CE,BUY,20,636.0,702.7,1334.0,Auto-lightgbm-LimitChase,Target Hit (+50),CLOSED,0.6938701272010803,0.309,False,BSE-1769501470239-706,target_stop
2026-01-27 13:41:31,2026-01-27 14:45:00,NSE,NSE_AUTO_0189,NIFTY26JAN25000CE,CE,BUY,65,157.0,183.6,1729.0,Auto-lightgbm-LimitChase,Target Hit (+25),CLOSED,0.6,0.309,False,NSE-1769501491921-784,target_stop
2026-01-27 13:41:42,2026-01-27 14:45:00,BSE,BSE_AUTO_0309,SENSEX26JAN81500CE,CE,BUY,20,636.0,702.7,1334.0,Auto-lightgbm-LimitChase,Target Hit (+50),CLOSED,0.6651257276535034,0.309,False,BSE-1769501502694-707,target_stop
2026-01-27 13:41:46,2026-01-27 14:45:00,NSE,NSE_AUTO_0190,NIFTY26JAN25000CE,CE,BUY,65,157.0,183.6,1729.0,Auto-lightgbm-LimitChase,Target Hit (+25),CLOSED,0.6,0.309,False,NSE-1769501506430-786,target_stop
2026-01-27 13:42:10,2026-01-27 14:48:00,NSE,NSE_AUTO_0191,NIFTY26JAN25050CE,CE,BUY,65,127.0,101.65,-1647.75,Auto-lightgbm-LimitChase,Stop Loss (-25),CLOSED,0.6,0.309,False,NSE-1769501526066-787,target_stop
2026-01-27 13:42:10,2026-01-27 14:45:00,BSE,BSE_AUTO_0310,SENSEX26JAN81500CE,CE,BUY,20,636.0,702.7,1334.0,Auto-lightgbm-LimitChase,Target Hit (+50),CLOSED,0.8891713261604309,0.309,False,BSE-1769501529614-708,target_stop
2026-01-27 13:42:13,2026-01-27 14:45:00,NSE,NSE_AUTO_0192,NIFTY26JAN25000CE,CE,BUY,65,157.0,183.6,1729.0,Auto-lightgbm-LimitChase,Target Hit (+25),CLOSED,0.6,0.309,False,NSE-1769501533202-788,target_stop
2026-01-27 13:42:16,2026-01-27 14:45:00,NSE,NSE_AUTO_0193,NIFTY26JAN25000CE,CE,BUY,65,157.0,183.6,1729.0,Auto-lightgbm-LimitChase,Target Hit (+25),CLOSED,0.6,0.309,False,NSE-1769501536738-789,target_stop
2026-01-27 13:42:22,2026-01-27 14:45:00,BSE,BSE_AUTO_0311,SENSEX26JAN81500CE,CE,BUY,20,636.0,702.7,1334.0,Auto-lightgbm-LimitChase,Target Hit (+50),CLOSED,0.8851868152618408,0.309,False,BSE-1769501542926-709,target_stop
2026-01-27 13:42:37,2026-01-27 14:45:00,BSE,BSE_AUTO_0312,SENSEX26JAN81500CE,CE,BUY,20,636.0,702.7,1334.0,Auto-lightgbm-LimitChase,Target Hit (+50),CLOSED,0.8899468421936035,0.309,False,BSE-1769501557296-710,target_stop
2026-01-27 13:42:52,2026-01-27 14:45:00,NSE,NSE_AUTO_0194,NIFTY26JAN25000CE,CE,BUY,65,157.0,183.6,1729.0,Auto-lightgbm-LimitChase,Target Hit (+25),CLOSED,0.6,0.309,False,NSE-1769501572525-790,target_stop
2026-01-27 13:43:00,2026-01-27 14:45:00,BSE,BSE_AUTO_0313,SENSEX26JAN81500CE,CE,BUY,20,636.0,702.7,1334.0,Auto-lightgbm-LimitChase,Target Hit (+50),CLOSED,0.8978775382041931,0.309,False,BSE-1769501580097-711,target_stop
2026-01-27 13:43:10,2026-01-27 14:45:00,NSE,NSE_AUTO_0195,NIFTY26JAN25000CE,CE,BUY,65,157.0,183.6,1729.0,Auto-lightgbm-LimitChase,Target Hit (+25),CLOSED,0.6,0.309,False,NSE-1769501583639-791,target_stop
2026-01-27 13:43:10,2026-01-27 14:45:00,BSE,BSE_AUTO_0314,SENSEX26JAN81400CE,CE,BUY,20,695.1,774.8,1594.0,Auto-lightgbm-LimitChase,Target Hit (+50),CLOSED,0.8681116938591004,0.309,False,BSE-1769501587100-712,target_stop
2026-01-27 13:43:10,2026-01-27 14:45:00,NSE,NSE_AUTO_0196,NIFTY26JAN25000CE,CE,BUY,65,157.0,183.6,1729.0,Auto-lightgbm-LimitChase,Target Hit (+25),CLOSED,0.6,0.309,False,NSE-1769501590512-792,target_stop
2026-01-27 13:43:19,2026-01-27 14:45:00,BSE,BSE_AUTO_0315,SENSEX26JAN81400CE,CE,BUY,20,695.1,774.8,1594.0,Auto-lightgbm-LimitChase,Target Hit (+50),CLOSED,0.890404486656189,0.309,False,BSE-1769501599309-713,target_stop
2026-01-27 13:43:22,2026-01-27 14:45:00,NSE,NSE_AUTO_0197,NIFTY26JAN25000CE,CE,BUY,65,157.0,183.6,1729.0,Auto-lightgbm-LimitChase,Target Hit (+25),CLOSED,0.6,0.309,False,NSE-1769501602724-793,target_stop
2026-01-27 13:43:35,2026-01-27 14:45:00,NSE,NSE_AUTO_0198,NIFTY26JAN25000CE,CE,BUY,65,157.0,183.6,1729.0,Auto-lightgbm-LimitChase,Target Hit (+25),CLOSED,0.6,0.309,False,NSE-1769501615043-795,target_stop
2026-01-27 13:43:44,2026-01-27 14:45:00,NSE,NSE_AUTO_0199,NIFTY26JAN25000CE,CE,BUY,65,157.0,183.6,1729.0,Auto-lightgbm-LimitChase,Target Hit (+25),CLOSED,0.6,0.309,False,NSE-1769501623985-796,target_stop
2026-01-27 13:43:54,2026-01-27 14:45:00,NSE,NSE_AUTO_0200,NIFTY26JAN25000CE,CE,BUY,65,157.0,183.6,1729.0,Auto-lightgbm-LimitChase,Target Hit (+25),CLOSED,0.6,0.309,False,NSE-1769501634025-797,target_stop
2026-01-27 13:44:01,2026-01-27 14:48:00,NSE,NSE_AUTO_0201,NIFTY26JAN25050CE,CE,BUY,65,127.0,101.65,-1647.75,Auto-lightgbm-LimitChase,Stop Loss (-25),CLOSED,0.6,0.309,False,NSE-1769501641642-798,target_stop
2026-01-27 13:44:10,2026-01-27 14:48:00,NSE,NSE_AUTO_0202,NIFTY26JAN25050CE,CE,BUY,65,127.0,101.65,-1647.75,Auto-lightgbm-LimitChase,Stop Loss (-25),CLOSED,0.6,0.309,False,NSE-1769501645502-799,target_stop
2026-01-27 13:44:19,2026-01-27 14:45:00,NSE,NSE_AUTO_0203,NIFTY26JAN25000CE,CE,BUY,65,157.0,183.6,1729.0,Auto-lightgbm-LimitChase,Target Hit (+25),CLOSED,0.6,0.309,False,NSE-1769501659158-800,target_stop
2026-01-27 13:44:42,2026-01-27 14:45:00,BSE,BSE_AUTO_0316,SENSEX26JAN81500CE,CE,BUY,20,636.0,702.7,1334.0,Auto-lightgbm-LimitChase,Target Hit (+50),CLOSED,0.8497834444046021,0.309,False,BSE-1769501682324-714,target_stop
2026-01-27 13:44:55,2026-01-27 14:45:00,BSE,BSE_AUTO_0317,SENSEX26JAN81500CE,CE,BUY,20,636.0,702.7,1334.0,Auto-lightgbm-LimitChase,Target Hit (+50),CLOSED,0.8273248314857483,0.309,False,BSE-1769501695898-715,target_stop
2026-01-27 13:44:59,2026-01-27 14:45:00,NSE,NSE_AUTO_0204,NIFTY26JAN25000CE,CE,BUY,65,157.0,183.6,1729.0,Auto-lightgbm-LimitChase,Target Hit (+25),CLOSED,0.6,0.309,False,NSE-1769501699686-801,target_stop
2026-01-27 13:45:10,2026-01-27 14:45:00,NSE,NSE_AUTO_0205,NIFTY26JAN25000CE,CE,BUY,65,157.0,183.6,1729.0,Auto-lightgbm-LimitChase,Target Hit (+25),CLOSED,0.6,0.309,False,NSE-1769501706311-802,target_stop
2026-01-27 13:45:16,2026-01-27 14:48:00,NSE,NSE_AUTO_0206,NIFTY26JAN25050CE,CE,BUY,65,127.0,101.65,-1647.75,Auto-lightgbm-LimitChase,Stop Loss (-25),CLOSED,0.6,0.309,False,NSE-1769501716659-803,target_stop
2026-01-27 13:45:24,2026-01-27 14:45:00,NSE,NSE_AUTO_0207,NIFTY26JAN25000CE,CE,BUY,65,157.0,183.6,1729.0,Auto-lightgbm-LimitChase,Target Hit (+25),CLOSED,0.6,0.309,False,NSE-1769501724282-804,target_stop
2026-01-27 13:45:28,2026-01-27 14:45:00,NSE,NSE_AUTO_0208,NIFTY26JAN25000CE,CE,BUY,65,157.0,183.6,1729.0,Auto-lightgbm-LimitChase,Target Hit (+25),CLOSED,0.6,0.309,False,NSE-1769501728027-805,target_stop
2026-01-27 13:45:38,2026-01-27 14:45:00,BSE,BSE_AUTO_0318,SENSEX26JAN81500CE,CE,BUY,20,636.0,702.7,1334.0,Auto-lightgbm-LimitChase,Target Hit (+50),CLOSED,0.8235877990722656,0.309,False,BSE-1769501738282-716,target_stop
2026-01-27 13:46:00,2026-01-27 14:45:00,NSE,NSE_AUTO_0209,NIFTY26JAN25000CE,CE,BUY,65,157.0,183.6,1729.0,Auto-lightgbm-LimitChase,Target Hit (+25),CLOSED,0.6,0.309,False,NSE-1769501760356-807,target_stop
2026-01-27 13:46:04,2026-01-27 14:45:00,BSE,BSE_AUTO_0319,SENSEX26JAN81500CE,CE,BUY,20,636.0,702.7,1334.0,Auto-lightgbm-LimitChase,Target Hit (+50),CLOSED,0.7886247277259827,0.309,False,BSE-1769501764004-717,target_stop
2026-01-27 13:46:12,2026-01-27 14:45:00,NSE,NSE_AUTO_0210,NIFTY26JAN25000CE,CE,BUY,65,157.0,183.6,1729.0,Auto-lightgbm-LimitChase,Target Hit (+25),CLOSED,0.6,0.309,False,NSE-1769501771327-808,target_stop
2026-01-27 13:46:23,2026-01-27 14:45:00,BSE,BSE_AUTO_0320,SENSEX26JAN81400CE,CE,BUY,20,695.1,774.8,1594.0,Auto-lightgbm-LimitChase,Target Hit (+50),CLOSED,0.7082309365272522,0.309,False,BSE-1769501783504-718,target_stop
2026-01-27 13:46:37,2026-01-27 14:45:00,NSE,NSE_AUTO_0211,NIFTY26JAN25000CE,CE,BUY,65,157.0,183.6,1729.0,Auto-lightgbm-LimitChase,Target Hit (+25),CLOSED,0.6,0.309,False,NSE-1769501797087-809,target_stop
2026-01-27 13:46:52,2026-01-27 14:45:00,BSE,BSE_AUTO_0321,SENSEX26JAN81400CE,CE,BUY,20,695.1,774.8,1594.0,Auto-lightgbm-LimitChase,Target Hit (+50),CLOSED,0.7653926253318787,0.309,False,BSE-1769501812049-720,target_stop
2026-01-27 13:46:59,2026-01-27 14:45:00,BSE,BSE_AUTO_0322,SENSEX26JAN81400CE,CE,BUY,20,695.1,774.8,1594.0,Auto-lightgbm-LimitChase,Target Hit (+50),CLOSED,0.7486117124557495,0.309,False,BSE-1769501819450-721,target_stop
2026-01-27 13:47:15,2026-01-27 14:45:00,NSE,NSE_AUTO_0212,NIFTY26JAN25000CE,CE,BUY,65,157.0,183.6,1729.0,Auto-lightgbm-LimitChase,Target Hit (+25),CLOSED,0.6,0.309,False,NSE-1769501835861-810,target_stop
2026-01-27 13:47:19,2026-01-27 14:45:00,BSE,BSE_AUTO_0323,SENSEX26JAN81400CE,CE,BUY,20,695.1,774.8,1594.0,Auto-lightgbm-LimitChase,Target Hit (+50),CLOSED,0.7439691662788391,0.309,False,BSE-1769501839518-722,target_stop
2026-01-27 13:47:23,2026-01-27 14:45:00,NSE,NSE_AUTO_0213,NIFTY26JAN25000CE,CE,BUY,65,157.0,183.6,1729.0,Auto-lightgbm-LimitChase,Target Hit (+25),CLOSED,0.6,0.309,False,NSE-1769501842987-811,target_stop
2026-01-27 13:47:58,2026-01-27 14:45:00,BSE,BSE_AUTO_0324,SENSEX26JAN81400CE,CE,BUY,20,695.1,774.8,1594.0,Auto-lightgbm-LimitChase,Target Hit (+50),CLOSED,0.7163135051727295,0.309,False,BSE-1769501878238-723,target_stop
2026-01-27 13:49:17,2026-01-27 14:45:00,BSE,BSE_AUTO_0325,SENSEX26JAN81400CE,CE,BUY,20,695.1,774.8,1594.0,Auto-lightgbm-LimitChase,Target Hit (+50),CLOSED,0.6985754013061524,0.309,False,BSE-1769501957739-724,target_stop
2026-01-27 13:49:39,2026-01-27 14:45:00,BSE,BSE_AUTO_0326,SENSEX26JAN81400CE,CE,BUY,20,695.1,774.8,1594.0,Auto-lightgbm-LimitChase,Target Hit (+50),CLOSED,0.7026175498962403,0.309,False,BSE-1769501979751-725,target_stop
2026-01-27 13:49:43,2026-01-27 14:45:00,BSE,BSE_AUTO_0327,SENSEX26JAN81400CE,CE,BUY,20,695.1,774.8,1594.0,Auto-lightgbm-LimitChase,Target Hit (+50),CLOSED,0.6929661870002747,0.309,False,BSE-1769501983544-726,target_stop
2026-01-27 13:50:14,2026-01-27 14:45:00,NSE,NSE_AUTO_0214,NIFTY26JAN24950CE,CE,BUY,65,191.0,220.1,1891.5,Auto-lightgbm-LimitChase,Target Hit (+25),CLOSED,0.6,0.309,False,NSE-1769502014804-827,target_stop
2026-01-27 13:51:14,2026-01-27 14:45:00,NSE,NSE_AUTO_0215,NIFTY26JAN25150PE,PE,BUY,65,143.85,90.5,-3467.75,Auto-lightgbm-LimitChase,Stop Loss (-25),CLOSED,0.6,0.309,False,NSE-1769502074637-830,target_stop
2026-01-27 13:51:28,2026-01-27 14:45:00,BSE,BSE_AUTO_0328,SENSEX26JAN81200CE,CE,BUY,20,826.3,897.6,1426.0,Auto-lightgbm-LimitChase,Target Hit (+50),CLOSED,0.6546093821525574,0.309,False,BSE-1769502088680-734,target_stop
2026-01-27 13:53:39,2026-01-27 14:45:00,BSE,BSE_AUTO_0329,SENSEX26JAN81300CE,CE,BUY,20,759.0,837.1,1562.0,Auto-lightgbm-LimitChase,Target Hit (+50),CLOSED,0.6594991683959961,0.309,False,BSE-1769502219020-742,target_stop
2026-01-27 13:56:12,2026-01-27 14:45:00,NSE,NSE_AUTO_0216,NIFTY26JAN25150PE,PE,BUY,65,143.85,90.5,-3467.75,Auto-lightgbm-LimitChase,Stop Loss (-25),CLOSED,0.6,0.309,False,NSE-1769502372280-847,target_stop
2026-01-27 13:58:41,2026-01-27 14:45:00,BSE,BSE_AUTO_0330,SENSEX26JAN81300CE,CE,BUY,20,759.0,837.1,1562.0,Auto-lightgbm-LimitChase,Target Hit (+50),CLOSED,0.6022849082946777,0.309,False,BSE-1769502521837-755,target_stop
2026-01-27 14:01:29,2026-01-27 14:45:00,NSE,NSE_AUTO_0217,NIFTY26JAN25150PE,PE,BUY,65,143.85,90.5,-3467.75,Auto-lightgbm-LimitChase,Stop Loss (-25),CLOSED,0.6,0.309,False,NSE-1769502689239-862,target_stop
2026-01-27 14:04:37,2026-01-27 14:45:00,BSE,BSE_AUTO_0331,SENSEX26JAN81200CE,CE,BUY,20,826.3,897.6,1426.0,Auto-lightgbm-LimitChase,Target Hit (+50),CLOSED,0.6773726344108582,0.309,False,BSE-1769502877824-776,target_stop
2026-01-27 14:05:42,2026-01-27 14:45:00,BSE,BSE_AUTO_0332,SENSEX26JAN81200CE,CE,BUY,20,826.3,897.6,1426.0,Auto-lightgbm-LimitChase,Target Hit (+50),CLOSED,0.6575273275375366,0.309,False,BSE-1769502942352-779,target_stop
2026-01-27 14:07:44,2026-01-27 14:45:00,BSE,BSE_AUTO_0333,SENSEX26JAN81200CE,CE,BUY,20,826.3,897.6,1426.0,Auto-lightgbm-LimitChase,Target Hit (+50),CLOSED,0.6357835531234741,0.309,False,BSE-1769503064832-785,target_stop
2026-01-27 14:10:14,2026-01-27 14:45:00,NSE,NSE_AUTO_0218,NIFTY26JAN25150PE,PE,BUY,65,143.85,90.5,-3467.75,Auto-lightgbm-LimitChase,Stop Loss (-25),CLOSED,0.6,0.309,False,NSE-1769503214408-880,target_stop
2026-01-27 14:12:40,2026-01-27 14:45:00,BSE,BSE_AUTO_0334,SENSEX26JAN81300CE,CE,BUY,20,759.0,837.1,1562.0,Auto-lightgbm-LimitChase,Target Hit (+50),CLOSED,0.6962267756462097,0.309,False,BSE-1769503360429-795,target_stop
2026-01-27 14:17:31,2026-01-27 14:45:00,BSE,BSE_AUTO_0335,SENSEX26JAN81100CE,CE,BUY,20,898.15,975.7,1551.0,Auto-lightgbm-LimitChase,Target Hit (+50),CLOSED,0.7036262154579163,0.309,False,BSE-1769503651575-811,target_stop
2026-01-27 14:17:57,2026-01-27 14:45:00,NSE,NSE_AUTO_0219,NIFTY26JAN25100PE,PE,BUY,65,116.4,70.2,-3003.0,Auto-lightgbm-LimitChase,Stop Loss (-25),CLOSED,0.6,0.309,False,NSE-1769503677674-899,target_stop
2026-01-27 14:18:45,2026-01-27 14:45:00,NSE,NSE_AUTO_0220,NIFTY26JAN25100PE,PE,BUY,65,116.4,70.2,-3003.0,Auto-lightgbm-LimitChase,Stop Loss (-25),CLOSED,0.6,0.309,False,NSE-1769503725010-902,target_stop
2026-01-27 14:19:17,2026-01-27 14:45:00,BSE,BSE_AUTO_0336,SENSEX26JAN81200CE,CE,BUY,20,826.3,897.6,1426.0,Auto-lightgbm-LimitChase,Target Hit (+50),CLOSED,0.7715069055557251,0.309,False,BSE-1769503756972-814,target_stop
2026-01-27 14:19:33,2026-01-27 14:45:00,NSE,NSE_AUTO_0221,NIFTY26JAN25150PE,PE,BUY,65,143.85,90.5,-3467.75,Auto-lightgbm-LimitChase,Stop Loss (-25),CLOSED,0.6,0.309,False,NSE-1769503773852-903,target_stop
2026-01-27 14:24:13,2026-01-27 14:45:00,BSE,BSE_AUTO_0337,SENSEX26JAN81300CE,CE,BUY,20,759.0,837.1,1562.0,Auto-lightgbm-LimitChase,Target Hit (+50),CLOSED,0.6618470549583435,0.309,False,BSE-1769504053172-826,target_stop
2026-01-27 14:30:08,2026-01-27 14:45:00,BSE,BSE_AUTO_0338,SENSEX26JAN81200CE,CE,BUY,20,826.3,897.6,1426.0,Auto-lightgbm-LimitChase,Target Hit (+50),CLOSED,0.6122914552688599,0.309,False,BSE-1769504405331-841,target_stop
2026-01-27 14:32:32,2026-01-27 14:45:00,NSE,NSE_AUTO_0222,NIFTY26JAN25150PE,PE,BUY,65,143.85,90.5,-3467.75,Auto-lightgbm-LimitChase,Stop Loss (-25),CLOSED,0.6,0.309,False,NSE-1769504552128-938,target_stop
2026-01-27 14:37:15,2026-01-27 14:45:00,BSE,BSE_AUTO_0339,SENSEX26JAN81200CE,CE,BUY,20,826.3,897.6,1426.0,Auto-lightgbm-LimitChase,Target Hit (+50),CLOSED,0.7191177606582642,0.309,False,BSE-1769504835243-853,target_stop
2026-01-27 14:37:46,2026-01-27 14:45:00,NSE,NSE_AUTO_0223,NIFTY26JAN25100PE,PE,BUY,65,116.4,70.2,-3003.0,Auto-lightgbm-LimitChase,Stop Loss (-25),CLOSED,0.6,0.309,False,NSE-1769504866837-953,target_stop
2026-01-27 14:38:22,2026-01-27 14:45:00,BSE,BSE_AUTO_0340,SENSEX26JAN81200CE,CE,BUY,20,826.3,897.6,1426.0,Auto-lightgbm-LimitChase,Target Hit (+50),CLOSED,0.7069300413131714,0.309,False,BSE-1769504902355-857,target_stop
2026-01-27 14:38:35,2026-01-27 14:45:00,BSE,BSE_AUTO_0341,SENSEX26JAN81200CE,CE,BUY,20,826.3,897.6,1426.0,Auto-lightgbm-LimitChase,Target Hit (+50),CLOSED,0.7072389721870422,0.309,False,BSE-1769504915043-858,target_stop
2026-01-27 14:38:38,2026-01-27 14:45:00,BSE,BSE_AUTO_0342,SENSEX26JAN81200CE,CE,BUY,20,826.3,897.6,1426.0,Auto-lightgbm-LimitChase,Target Hit (+50),CLOSED,0.6870075464248657,0.309,False,BSE-1769504918552-859,target_stop
2026-01-27 14:38:48,2026-01-27 14:45:00,BSE,BSE_AUTO_0343,SENSEX26JAN81200CE,CE,BUY,20,826.3,897.6,1426.0,Auto-lightgbm-LimitChase,Target Hit (+50),CLOSED,0.6943842768669128,0.309,False,BSE-1769504928192-860,target_stop
2026-01-27 14:39:25,2026-01-27 14:45:00,BSE,BSE_AUTO_0344,SENSEX26JAN81200CE,CE,BUY,20,826.3,897.6,1426.0,Auto-lightgbm-LimitChase,Target Hit (+50),CLOSED,0.6946389675140381,0.309,False,BSE-1769504965330-861,target_stop
2026-01-27 14:39:28,2026-01-27 14:45:00,BSE,BSE_AUTO_0345,SENSEX26JAN81200CE,CE,BUY,20,826.3,897.6,1426.0,Auto-lightgbm-LimitChase,Target Hit (+50),CLOSED,0.6981848478317261,0.309,False,BSE-1769504968914-862,target_stop
2026-01-27 14:39:37,2026-01-27 14:45:00,BSE,BSE_AUTO_0346,SENSEX26JAN81200CE,CE,BUY,20,826.3,897.6,1426.0,Auto-lightgbm-LimitChase,Target Hit (+50),CLOSED,0.7007235288619995,0.309,False,BSE-1769504977879-863,target_stop
2026-01-27 14:39:51,2026-01-27 14:45:00,BSE,BSE_AUTO_0347,SENSEX26JAN81200CE,CE,BUY,20,826.3,897.6,1426.0,Auto-lightgbm-LimitChase,Target Hit (+50),CLOSED,0.7082859873771667,0.309,False,BSE-1769504990971-864,target_stop
2026-01-27 14:40:05,2026-01-27 14:45:00,BSE,BSE_AUTO_0348,SENSEX26JAN81200CE,CE,BUY,20,826.3,897.6,1426.0,Auto-lightgbm-LimitChase,Target Hit (+50),CLOSED,0.7102327346801758,0.309,False,BSE-1769505005187-865,target_stop
2026-01-27 14:40:31,2026-01-27 14:45:00,BSE,BSE_AUTO_0349,SENSEX26JAN81200CE,CE,BUY,20,826.3,897.6,1426.0,Auto-lightgbm-LimitChase,Target Hit (+50),CLOSED,0.7087470889091492,0.309,False,BSE-1769505031070-866,target_stop
2026-01-27 14:41:25,2026-01-27 14:45:00,BSE,BSE_AUTO_0350,SENSEX26JAN81200CE,CE,BUY,20,826.3,897.6,1426.0,Auto-lightgbm-LimitChase,Target Hit (+50),CLOSED,0.6924159526824951,0.309,False,BSE-1769505085729-867,target_stop
2026-01-27 14:41:38,2026-01-27 14:45:00,BSE,BSE_AUTO_0351,SENSEX26JAN81200CE,CE,BUY,20,826.3,897.6,1426.0,Auto-lightgbm-LimitChase,Target Hit (+50),CLOSED,0.6917973160743713,0.309,False,BSE-1769505098251-868,target_stop
2026-01-27 14:44:50,2026-01-27 14:45:00,NSE,NSE_AUTO_0224,NIFTY26JAN24950CE,CE,BUY,65,191.0,220.1,1891.5,Auto-lightgbm-LimitChase,Target Hit (+25),CLOSED,0.6,0.309,False,NSE-1769505290647-979,target_stop
2026-01-27 14:45:48,2026-01-27 14:47:00,NSE,NSE_AUTO_0225,NIFTY26JAN24950CE,CE,BUY,65,220.1,184.55,-2310.75,Auto-lightgbm-LimitChase,Stop Loss (-25),CLOSED,0.6,0.309,False,NSE-1769505347989-980,target_stop
2026-01-27 14:46:04,2026-01-27 14:47:00,NSE,NSE_AUTO_0226,NIFTY26JAN24950CE,CE,BUY,65,220.1,184.55,-2310.75,Auto-lightgbm-LimitChase,Stop Loss (-25),CLOSED,0.6,0.309,False,NSE-1769505364901-981,target_stop
2026-01-27 14:46:46,2026-01-27 14:47:00,NSE,NSE_AUTO_0227,NIFTY26JAN24950CE,CE,BUY,65,220.1,184.55,-2310.75,Auto-lightgbm-LimitChase,Stop Loss (-25),CLOSED,0.6,0.309,False,NSE-1769505406747-982,target_stop
2026-01-27 14:46:55,2026-01-27 14:47:00,BSE,BSE_AUTO_0352,SENSEX26JAN81200CE,CE,BUY,20,940.85,803.65,-2744.0,Auto-lightgbm-LimitChase,Stop Loss (-50),CLOSED,0.7298320531845093,0.309,False,BSE-1769505415393-887,target_stop
2026-01-27 14:47:10,2026-01-27 14:48:00,NSE,NSE_AUTO_0228,NIFTY26JAN24950CE,CE,BUY,65,184.55,158.1,-1719.25,Auto-lightgbm-LimitChase,Stop Loss (-25),CLOSED,0.6,0.309,False,NSE-1769505426214-983,target_stop
2026-01-27 14:48:11,2026-01-27 14:52:00,BSE,BSE_AUTO_0353,SENSEX26JAN81200CE,CE,BUY,20,713.75,615.3,-1969.0,Auto-lightgbm-LimitChase,Stop Loss (-50),CLOSED,0.7144976854324341,0.309,False,BSE-1769505484453-888,target_stop
2026-01-27 14:48:12,2026-01-27 14:52:00,BSE,BSE_AUTO_0354,SENSEX26JAN81200CE,CE,BUY,20,713.75,615.3,-1969.0,Auto-lightgbm-LimitChase,Stop Loss (-50),CLOSED,0.739621102809906,0.309,False,BSE-1769505492643-889,target_stop
2026-01-27 14:48:30,2026-01-27 14:52:00,BSE,BSE_AUTO_0355,SENSEX26JAN81200CE,CE,BUY,20,713.75,615.3,-1969.0,Auto-lightgbm-LimitChase,Stop Loss (-50),CLOSED,0.7541072964668274,0.309,False,BSE-1769505510280-891,target_stop
2026-01-27 14:49:01,2026-01-27 14:51:00,BSE,BSE_AUTO_0356,SENSEX26JAN81200CE,CE,BUY,20,750.25,670.0,-1605.0,Auto-lightgbm-LimitChase,Stop Loss (-50),CLOSED,0.7136393189430237,0.309,False,BSE-1769505541237-892,target_stop
2026-01-27 14:51:17,2026-01-27 14:52:00,NSE,NSE_AUTO_0229,NIFTY26JAN24950CE,CE,BUY,65,147.9,115.8,-2086.5,Auto-lightgbm-LimitChase,Stop Loss (-25),CLOSED,0.6,0.309,False,NSE-1769505677927-992,target_stop
2026-01-27 14:51:38,2026-01-27 14:52:00,NSE,NSE_AUTO_0230,NIFTY26JAN25000CE,CE,BUY,65,120.2,90.95,-1901.25,Auto-lightgbm-LimitChase,Stop Loss (-25),CLOSED,0.6,0.309,False,NSE-1769505698176-993,target_stop
2026-01-27 14:51:55,2026-01-27 14:52:00,NSE,NSE_AUTO_0231,NIFTY26JAN25000CE,CE,BUY,65,120.2,90.95,-1901.25,Auto-lightgbm-LimitChase,Stop Loss (-25),CLOSED,0.6,0.309,False,NSE-1769505715363-994,target_stop
2026-01-27 14:52:10,2026-01-27 14:57:00,NSE,NSE_AUTO_0232,NIFTY26JAN25000CE,CE,BUY,65,90.95,122.25,2034.5,Auto-lightgbm-LimitChase,Target Hit (+25),CLOSED,0.6,0.309,False,NSE-1769505730194-995,target_stop
2026-01-27 14:52:32,2026-01-27 15:07:00,BSE,BSE_AUTO_0357,SENSEX26JAN81400CE,CE,BUY,20,512.0,588.2,1524.0,Auto-lightgbm-LimitChase,Target Hit (+50),CLOSED,0.8534547328948975,0.309,False,BSE-1769505752681-902,target_stop
2026-01-27 14:52:36,2026-01-27 15:07:00,BSE,BSE_AUTO_0358,SENSEX26JAN81400CE,CE,BUY,20,512.0,588.2,1524.0,Auto-lightgbm-LimitChase,Target Hit (+50),CLOSED,0.8479580521583557,0.309,False,BSE-1769505756213-903,target_stop
2026-01-27 14:52:56,2026-01-27 15:07:00,BSE,BSE_AUTO_0359,SENSEX26JAN81400CE,CE,BUY,20,512.0,588.2,1524.0,Auto-lightgbm-LimitChase,Target Hit (+50),CLOSED,0.8318631291389466,0.309,False,BSE-1769505776262-905,target_stop
2026-01-27 14:53:00,2026-01-27 15:00:00,NSE,NSE_AUTO_0233,NIFTY26JAN25000CE,CE,BUY,65,103.95,147.0,2798.25,Auto-lightgbm-LimitChase,Target Hit (+25),CLOSED,0.6,0.309,False,NSE-1769505780458-998,target_stop
2026-01-27 14:53:14,2026-01-27 15:07:00,BSE,BSE_AUTO_0360,SENSEX26JAN81400CE,CE,BUY,20,512.0,588.2,1524.0,Auto-lightgbm-LimitChase,Target Hit (+50),CLOSED,0.8269155859947205,0.309,False,BSE-1769505794126-906,target_stop
2026-01-27 14:54:10,2026-01-27 14:57:00,NSE,NSE_AUTO_0234,NIFTY26JAN25000CE,CE,BUY,65,92.95,122.25,1904.5,Auto-lightgbm-LimitChase,Target Hit (+25),CLOSED,0.6,0.309,False,NSE-1769505849942-1000,target_stop
2026-01-27 14:54:19,2026-01-27 14:57:00,NSE,NSE_AUTO_0235,NIFTY26JAN25000CE,CE,BUY,65,92.95,122.25,1904.5,Auto-lightgbm-LimitChase,Target Hit (+25),CLOSED,0.6,0.309,False,NSE-1769505858949-1001,target_stop
2026-01-27 14:54:29,2026-01-27 14:57:00,NSE,NSE_AUTO_0236,NIFTY26JAN25000CE,CE,BUY,65,92.95,122.25,1904.5,Auto-lightgbm-LimitChase,Target Hit (+25),CLOSED,0.6,0.309,False,NSE-1769505869244-1002,target_stop
2026-01-27 14:54:41,2026-01-27 15:07:00,BSE,BSE_AUTO_0361,SENSEX26JAN81400CE,CE,BUY,20,512.0,588.2,1524.0,Auto-lightgbm-LimitChase,Target Hit (+50),CLOSED,0.8321755766868592,0.309,False,BSE-1769505881796-907,target_stop
2026-01-27 14:55:12,2026-01-27 15:04:00,BSE,BSE_AUTO_0362,SENSEX26JAN81400CE,CE,BUY,20,491.3,547.2,1118.0,Auto-lightgbm-LimitChase,Target Hit (+50),CLOSED,0.8382933378219605,0.309,False,BSE-1769505907424-908,target_stop
2026-01-27 14:55:17,2026-01-27 15:04:00,BSE,BSE_AUTO_0363,SENSEX26JAN81400CE,CE,BUY,20,491.3,547.2,1118.0,Auto-lightgbm-LimitChase,Target Hit (+50),CLOSED,0.8371451139450073,0.309,False,BSE-1769505917135-909,target_stop
2026-01-27 14:55:21,2026-01-27 15:04:00,BSE,BSE_AUTO_0364,SENSEX26JAN81400CE,CE,BUY,20,491.3,547.2,1118.0,Auto-lightgbm-LimitChase,Target Hit (+50),CLOSED,0.8454111456871033,0.309,False,BSE-1769505921032-910,target_stop
2026-01-27 14:55:26,2026-01-27 15:04:00,BSE,BSE_AUTO_0365,SENSEX26JAN81400CE,CE,BUY,20,491.3,547.2,1118.0,Auto-lightgbm-LimitChase,Target Hit (+50),CLOSED,0.8318064451217652,0.309,False,BSE-1769505925179-911,target_stop
2026-01-27 14:55:31,2026-01-27 14:57:00,NSE,NSE_AUTO_0237,NIFTY26JAN25000CE,CE,BUY,65,92.95,122.25,1904.5,Auto-lightgbm-LimitChase,Target Hit (+25),CLOSED,0.6,0.309,False,NSE-1769505931314-1003,target_stop
2026-01-27 14:55:36,2026-01-27 14:57:00,NSE,NSE_AUTO_0238,NIFTY26JAN25000CE,CE,BUY,65,92.95,122.25,1904.5,Auto-lightgbm-LimitChase,Target Hit (+25),CLOSED,0.6,0.309,False,NSE-1769505936849-1004,target_stop
2026-01-27 14:55:52,2026-01-27 15:04:00,BSE,BSE_AUTO_0366,SENSEX26JAN81400CE,CE,BUY,20,491.3,547.2,1118.0,Auto-lightgbm-LimitChase,Target Hit (+50),CLOSED,0.8377601146697998,0.309,False,BSE-1769505952736-912,target_stop
2026-01-27 14:56:00,2026-01-27 15:04:00,BSE,BSE_AUTO_0367,SENSEX26JAN81400CE,CE,BUY,20,491.3,547.2,1118.0,Auto-lightgbm-LimitChase,Target Hit (+50),CLOSED,0.8474893212318421,0.309,False,BSE-1769505960332-913,target_stop
2026-01-27 14:56:17,2026-01-27 15:04:00,BSE,BSE_AUTO_0368,SENSEX26JAN81400CE,CE,BUY,20,491.3,547.2,1118.0,Auto-lightgbm-LimitChase,Target Hit (+50),CLOSED,0.8643417000770569,0.309,False,BSE-1769505977417-915,target_stop
2026-01-27 14:56:20,2026-01-27 14:57:00,NSE,NSE_AUTO_0239,NIFTY26JAN25000CE,CE,BUY,65,80.0,122.25,2746.25,Auto-lightgbm-LimitChase,Target Hit (+25),CLOSED,0.6,0.309,False,NSE-1769505980842-1005,target_stop
2026-01-27 14:56:28,2026-01-27 14:57:00,NSE,NSE_AUTO_0240,NIFTY26JAN25000CE,CE,BUY,65,80.0,122.25,2746.25,Auto-lightgbm-LimitChase,Target Hit (+25),CLOSED,0.6,0.309,False,NSE-1769505988507-1006,target_stop
2026-01-27 14:56:38,2026-01-27 14:57:00,NSE,NSE_AUTO_0241,NIFTY26JAN25000CE,CE,BUY,65,80.0,122.25,2746.25,Auto-lightgbm-LimitChase,Target Hit (+25),CLOSED,0.6,0.309,False,NSE-1769505998729-1007,target_stop
2026-01-27 14:56:58,2026-01-27 15:04:00,BSE,BSE_AUTO_0369,SENSEX26JAN81400CE,CE,BUY,20,491.3,547.2,1118.0,Auto-lightgbm-LimitChase,Target Hit (+50),CLOSED,0.8527394771575928,0.309,False,BSE-1769506018284-916,target_stop
2026-01-27 14:57:12,2026-01-27 14:58:00,NSE,NSE_AUTO_0242,NIFTY26JAN25000CE,CE,BUY,65,122.25,90.55,-2060.5,Auto-lightgbm-LimitChase,Stop Loss (-25),CLOSED,0.6,0.309,False,NSE-1769506032615-1008,target_stop
2026-01-27 14:57:33,2026-01-27 15:04:00,BSE,BSE_AUTO_0370,SENSEX26JAN81400CE,CE,BUY,20,491.3,547.2,1118.0,Auto-lightgbm-LimitChase,Target Hit (+50),CLOSED,0.8506534934043884,0.309,False,BSE-1769506053892-917,target_stop
2026-01-27 14:57:49,2026-01-27 15:04:00,BSE,BSE_AUTO_0371,SENSEX26JAN81400CE,CE,BUY,20,491.3,547.2,1118.0,Auto-lightgbm-LimitChase,Target Hit (+50),CLOSED,0.8276333451271057,0.309,False,BSE-1769506069787-919,target_stop
2026-01-27 14:58:10,2026-01-27 15:00:00,NSE,NSE_AUTO_0243,NIFTY26JAN25000CE,CE,BUY,65,90.55,147.0,3669.25,Auto-lightgbm-LimitChase,Target Hit (+25),CLOSED,0.6,0.309,False,NSE-1769506090308-1010,target_stop
2026-01-27 14:58:21,2026-01-27 15:00:00,NSE,NSE_AUTO_0244,NIFTY26JAN25000CE,CE,BUY,65,90.55,147.0,3669.25,Auto-lightgbm-LimitChase,Target Hit (+25),CLOSED,0.6,0.309,False,NSE-1769506101836-1011,target_stop
2026-01-27 14:58:25,2026-01-27 15:00:00,NSE,NSE_AUTO_0245,NIFTY26JAN25000CE,CE,BUY,65,90.55,147.0,3669.25,Auto-lightgbm-LimitChase,Target Hit (+25),CLOSED,0.6,0.309,False,NSE-1769506105589-1012,target_stop
2026-01-27 14:58:29,2026-01-27 15:00:00,NSE,NSE_AUTO_0246,NIFTY26JAN25000CE,CE,BUY,65,90.55,147.0,3669.25,Auto-lightgbm-LimitChase,Target Hit (+25),CLOSED,0.6,0.309,False,NSE-1769506108999-1013,target_stop
2026-01-27 14:58:36,2026-01-27 15:00:00,NSE,NSE_AUTO_0247,NIFTY26JAN25000CE,CE,BUY,65,90.55,147.0,3669.25,Auto-lightgbm-LimitChase,Target Hit (+25),CLOSED,0.6,0.309,False,NSE-1769506116329-1014,target_stop
2026-01-27 14:59:02,2026-01-27 15:07:00,BSE,BSE_AUTO_0372,SENSEX26JAN81400CE,CE,BUY,20,523.0,588.2,1304.0,Auto-lightgbm-LimitChase,Target Hit (+50),CLOSED,0.8225765466690064,0.309,False,BSE-1769506142506-920,target_stop
2026-01-27 14:59:18,2026-01-27 15:00:00,NSE,NSE_AUTO_0248,NIFTY26JAN25000CE,CE,BUY,65,87.6,147.0,3861.0,Auto-lightgbm-LimitChase,Target Hit (+25),CLOSED,0.6,0.309,False,NSE-1769506158375-1016,target_stop
2026-01-27 14:59:21,2026-01-27 15:07:00,BSE,BSE_AUTO_0373,SENSEX26JAN81400CE,CE,BUY,20,523.0,588.2,1304.0,Auto-lightgbm-LimitChase,Target Hit (+50),CLOSED,0.8056885838508606,0.309,False,BSE-1769506161828-921,target_stop
2026-01-27 14:59:29,2026-01-27 15:00:00,NSE,NSE_AUTO_0249,NIFTY26JAN25000CE,CE,BUY,65,87.6,147.0,3861.0,Auto-lightgbm-LimitChase,Target Hit (+25),CLOSED,0.6,0.309,False,NSE-1769506169223-1017,target_stop
2026-01-27 14:59:32,2026-01-27 15:00:00,NSE,NSE_AUTO_0250,NIFTY26JAN25000CE,CE,BUY,65,87.6,147.0,3861.0,Auto-lightgbm-LimitChase,Target Hit (+25),CLOSED,0.6,0.309,False,NSE-1769506172945-1018,target_stop
2026-01-27 14:59:52,2026-01-27 15:07:00,BSE,BSE_AUTO_0374,SENSEX26JAN81400CE,CE,BUY,20,523.0,588.2,1304.0,Auto-lightgbm-LimitChase,Target Hit (+50),CLOSED,0.8034916758537293,0.309,False,BSE-1769506192299-922,target_stop
2026-01-27 14:59:57,2026-01-27 15:00:00,NSE,NSE_AUTO_0251,NIFTY26JAN25000CE,CE,BUY,65,87.6,147.0,3861.0,Auto-lightgbm-LimitChase,Target Hit (+25),CLOSED,0.6,0.309,False,NSE-1769506197711-1019,target_stop
2026-01-27 15:00:07,2026-01-27 15:02:00,NSE,NSE_AUTO_0252,NIFTY26JAN25000CE,CE,BUY,65,147.0,104.4,-2769.0,Auto-lightgbm-LimitChase,Stop Loss (-25),CLOSED,0.6,0.309,False,NSE-1769506203166-1020,target_stop
2026-01-27 15:00:10,2026-01-27 15:02:00,NSE,NSE_AUTO_0253,NIFTY26JAN25000CE,CE,BUY,65,147.0,104.4,-2769.0,Auto-lightgbm-LimitChase,Stop Loss (-25),CLOSED,0.6,0.309,False,NSE-1769506207149-1021,target_stop
2026-01-27 15:00:14,2026-01-27 15:04:00,BSE,BSE_AUTO_0375,SENSEX26JAN81400CE,CE,BUY,20,490.4,547.2,1136.0,Auto-lightgbm-LimitChase,Target Hit (+50),CLOSED,0.8212677478790283,0.309,False,BSE-1769506214302-923,target_stop
2026-01-27 15:00:22,2026-01-27 15:02:00,NSE,NSE_AUTO_0254,NIFTY26JAN25000CE,CE,BUY,65,147.0,104.4,-2769.0,Auto-lightgbm-LimitChase,Stop Loss (-25),CLOSED,0.6,0.309,False,NSE-1769506222340-1022,target_stop
2026-01-27 15:00:30,2026-01-27 15:04:00,BSE,BSE_AUTO_0376,SENSEX26JAN81400CE,CE,BUY,20,490.4,547.2,1136.0,Auto-lightgbm-LimitChase,Target Hit (+50),CLOSED,0.8682383537292481,0.309,False,BSE-1769506230243-924,target_stop
2026-01-27 15:00:37,2026-01-27 15:02:00,NSE,NSE_AUTO_0255,NIFTY26JAN25000CE,CE,BUY,65,147.0,104.4,-2769.0,Auto-lightgbm-LimitChase,Stop Loss (-25),CLOSED,0.6,0.309,False,NSE-1769506237148-1023,target_stop
2026-01-27 15:01:24,2026-01-27 15:04:00,BSE,BSE_AUTO_0377,SENSEX26JAN81400CE,CE,BUY,20,490.4,547.2,1136.0,Auto-lightgbm-LimitChase,Target Hit (+50),CLOSED,0.8521059393882752,0.309,False,BSE-1769506284327-925,target_stop
2026-01-27 15:01:33,2026-01-27 15:02:00,NSE,NSE_AUTO_0256,NIFTY26JAN25000CE,CE,BUY,65,130.1,104.4,-1670.5,Auto-lightgbm-LimitChase,Stop Loss (-25),CLOSED,0.6,0.309,False,NSE-1769506293335-1026,target_stop
2026-01-27 15:02:23,2026-01-27 15:09:00,NSE,NSE_AUTO_0257,NIFTY26JAN25000CE,CE,BUY,65,104.4,147.05,2772.25,Auto-lightgbm-LimitChase,Target Hit (+25),CLOSED,0.6,0.309,False,NSE-1769506343156-1027,target_stop
2026-01-27 15:02:59,2026-01-27 15:05:00,BSE,BSE_AUTO_0378,SENSEX26JAN81500CE,CE,BUY,20,448.4,501.0,1052.0,Auto-lightgbm-LimitChase,Target Hit (+50),CLOSED,0.8591002464294434,0.309,False,BSE-1769506379248-928,target_stop
2026-01-27 15:04:42,2026-01-27 15:09:00,NSE,NSE_AUTO_0258,NIFTY26JAN25050CE,CE,BUY,65,72.35,115.25,2788.5,Auto-lightgbm-LimitChase,Target Hit (+25),CLOSED,0.6,0.309,False,NSE-1769506482644-1034,target_stop
2026-01-27 15:06:05,2026-01-27 15:09:00,NSE,NSE_AUTO_0259,NIFTY26JAN25050CE,CE,BUY,65,74.35,115.25,2658.5,Auto-lightgbm-LimitChase,Target Hit (+25),CLOSED,0.6,0.309,False,NSE-1769506565238-1038,target_stop
2026-01-27 15:06:20,2026-01-27 15:07:00,BSE,BSE_AUTO_0379,SENSEX26JAN81500CE,CE,BUY,20,475.65,535.5,1197.0,Auto-lightgbm-LimitChase,Target Hit (+50),CLOSED,0.7190972208976746,0.309,False,BSE-1769506580802-940,target_stop
2026-01-27 15:07:28,2026-01-27 15:09:00,NSE,NSE_AUTO_0260,NIFTY26JAN25050CE,CE,BUY,65,74.35,115.25,2658.5,Auto-lightgbm-LimitChase,Target Hit (+25),CLOSED,0.6,0.309,False,NSE-1769506648627-1044,target_stop
2026-01-27 15:08:15,2026-01-27 15:09:00,BSE,BSE_AUTO_0380,SENSEX26JAN81500CE,CE,BUY,20,565.8,624.7,1178.0,Auto-lightgbm-LimitChase,Target Hit (+50),CLOSED,0.7203086256980896,0.309,False,BSE-1769506695171-944,target_stop
2026-01-27 15:08:28,2026-01-27 15:11:00,NSE,NSE_AUTO_0261,NIFTY26JAN25050CE,CE,BUY,65,92.45,119.8,1777.75,Auto-lightgbm-LimitChase,Target Hit (+25),CLOSED,0.6,0.309,False,NSE-1769506708211-1048,target_stop
2026-01-27 15:09:47,2026-01-27 15:14:00,NSE,NSE_AUTO_0262,NIFTY26JAN25050CE,CE,BUY,65,115.25,155.1,2590.25,Auto-lightgbm-LimitChase,Target Hit (+25),CLOSED,0.6,0.309,False,NSE-1769506787322-1049,target_stop
2026-01-27 15:12:13,2026-01-27 15:14:00,BSE,BSE_AUTO_0381,SENSEX26JAN81500CE,CE,BUY,20,646.1,738.55,1849.0,Auto-lightgbm-LimitChase,Target Hit (+50),CLOSED,0.8561203122138977,0.309,False,BSE-1769506933237-949,target_stop
2026-01-27 15:12:20,2026-01-27 15:14:00,BSE,BSE_AUTO_0382,SENSEX26JAN81500CE,CE,BUY,20,646.1,738.55,1849.0,Auto-lightgbm-LimitChase,Target Hit (+50),CLOSED,0.8297022223472595,0.309,False,BSE-1769506940841-950,target_stop
2026-01-27 15:12:57,2026-01-27 15:14:00,NSE,NSE_AUTO_0263,NIFTY26JAN25000CE,CE,BUY,65,153.2,194.7,2697.5,Auto-lightgbm-LimitChase,Target Hit (+25),CLOSED,0.6,0.309,False,NSE-1769506977291-1058,target_stop
2026-01-27 15:13:09,2026-01-27 15:14:00,NSE,NSE_AUTO_0264,NIFTY26JAN25000CE,CE,BUY,65,153.2,194.7,2697.5,Auto-lightgbm-LimitChase,Target Hit (+25),CLOSED,0.6,0.309,False,NSE-1769506984437-1059,target_stop
2026-01-27 15:13:10,2026-01-27 15:14:00,BSE,BSE_AUTO_0383,SENSEX26JAN81400CE,CE,BUY,20,708.1,805.75,1953.0,Auto-lightgbm-LimitChase,Target Hit (+50),CLOSED,0.790360176563263,0.309,False,BSE-1769506990509-952,target_stop
2026-01-27 15:13:21,2026-01-27 15:14:00,BSE,BSE_AUTO_0384,SENSEX26JAN81400CE,CE,BUY,20,708.1,805.75,1953.0,Auto-lightgbm-LimitChase,Target Hit (+50),CLOSED,0.7935605883598328,0.309,False,BSE-1769507001794-954,target_stop
2026-01-27 15:13:27,2026-01-27 15:14:00,NSE,NSE_AUTO_0265,NIFTY26JAN25000CE,CE,BUY,65,153.2,194.7,2697.5,Auto-lightgbm-LimitChase,Target Hit (+25),CLOSED,0.6,0.309,False,NSE-1769507007382-1060,target_stop
2026-01-27 15:13:34,2026-01-27 15:14:00,BSE,BSE_AUTO_0385,SENSEX26JAN81400CE,CE,BUY,20,708.1,805.75,1953.0,Auto-lightgbm-LimitChase,Target Hit (+50),CLOSED,0.7998645544052124,0.309,False,BSE-1769507014896-955,target_stop
2026-01-27 15:13:38,2026-01-27 15:14:00,NSE,NSE_AUTO_0266,NIFTY26JAN25000CE,CE,BUY,65,153.2,194.7,2697.5,Auto-lightgbm-LimitChase,Target Hit (+25),CLOSED,0.6,0.309,False,NSE-1769507018629-1062,target_stop
2026-01-27 15:13:42,2026-01-27 15:14:00,NSE,NSE_AUTO_0267,NIFTY26JAN25000CE,CE,BUY,65,153.2,194.7,2697.5,Auto-lightgbm-LimitChase,Target Hit (+25),CLOSED,0.6,0.309,False,NSE-1769507022300-1063,target_stop
2026-01-27 15:13:57,2026-01-27 15:14:00,NSE,NSE_AUTO_0268,NIFTY26JAN25000CE,CE,BUY,65,153.2,194.7,2697.5,Auto-lightgbm-LimitChase,Target Hit (+25),CLOSED,0.6,0.309,False,NSE-1769507037387-1064,target_stop
2026-01-27 15:16:42,2026-01-27 15:27:00,BSE,BSE_AUTO_0386,SENSEX26JAN81500CE,CE,BUY,20,760.65,684.85,-1516.0,Auto-lightgbm-LimitChase,Stop Loss (-50),CLOSED,0.8630602598190308,0.309,False,BSE-1769507202352-961,target_stop
2026-01-27 15:17:09,2026-01-27 15:30:00,BSE,BSE_AUTO_0387,SENSEX26JAN81500CE,CE,BUY,20,731.15,671.25,-1198.0,Auto-lightgbm-LimitChase,Stop Loss (-50),CLOSED,0.894380533695221,0.309,False,BSE-1769507229317-962,target_stop
2026-01-27 15:17:18,2026-01-27 15:30:00,BSE,BSE_AUTO_0388,SENSEX26JAN81500CE,CE,BUY,20,731.15,671.25,-1198.0,Auto-lightgbm-LimitChase,Stop Loss (-50),CLOSED,0.8867000579833985,0.309,False,BSE-1769507238192-963,target_stop
2026-01-27 15:17:34,2026-01-27 15:30:00,BSE,BSE_AUTO_0389,SENSEX26JAN81500CE,CE,BUY,20,731.15,671.25,-1198.0,Auto-lightgbm-LimitChase,Stop Loss (-50),CLOSED,0.8796296954154968,0.309,False,BSE-1769507254795-965,target_stop
2026-01-27 15:18:10,2026-01-27 15:27:00,BSE,BSE_AUTO_0390,SENSEX26JAN81500CE,CE,BUY,20,771.35,684.85,-1730.0,Auto-lightgbm-LimitChase,Stop Loss (-50),CLOSED,0.8884109497070313,0.309,False,BSE-1769507285523-966,target_stop
2026-01-27 15:19:00,2026-01-27 15:27:00,BSE,BSE_AUTO_0391,SENSEX26JAN81600CE,CE,BUY,20,713.35,622.6,-1815.0,Auto-lightgbm-LimitChase,Stop Loss (-50),CLOSED,0.8058688282966614,0.309,False,BSE-1769507340507-967,target_stop
2026-01-27 15:19:09,2026-01-27 15:27:00,BSE,BSE_AUTO_0392,SENSEX26JAN81600CE,CE,BUY,20,713.35,622.6,-1815.0,Auto-lightgbm-LimitChase,Stop Loss (-50),CLOSED,0.7991630673408509,0.309,False,BSE-1769507344281-968,target_stop
2026-01-27 15:19:11,2026-01-27 15:27:00,BSE,BSE_AUTO_0393,SENSEX26JAN81600CE,CE,BUY,20,713.35,622.6,-1815.0,Auto-lightgbm-LimitChase,Stop Loss (-50),CLOSED,0.8264608025550843,0.309,False,BSE-1769507351419-969,target_stop
2026-01-27 15:19:14,2026-01-27 15:27:00,BSE,BSE_AUTO_0394,SENSEX26JAN81600CE,CE,BUY,20,713.35,622.6,-1815.0,Auto-lightgbm-LimitChase,Stop Loss (-50),CLOSED,0.8167800545692444,0.309,False,BSE-1769507354842-970,target_stop
2026-01-27 15:19:54,2026-01-27 15:27:00,BSE,BSE_AUTO_0395,SENSEX26JAN81600CE,CE,BUY,20,713.35,622.6,-1815.0,Auto-lightgbm-LimitChase,Stop Loss (-50),CLOSED,0.8271223545074463,0.309,False,BSE-1769507394023-971,target_stop
