entry_timestamp,exit_timestamp,exchange,position_id,symbol,type,side,quantity,entry_price,exit_price,pnl,entry_reason,exit_reason,status,confidence,kelly_fraction,constraint_violation,signal_id,pnl_source
2026-02-02 09:16:10,2026-02-02 09:16:30,BSE,BSE_AUTO_0127,SENSEX2620580600CE,CE,BUY,20,715.37,778.45,1261.6,Auto-lightgbm-LimitChase,Target Hit (+50),CLOSED,0.7569175419279673,0.309,False,BSE-1770003970304-4082,original
2026-02-02 09:17:09,2026-02-02 09:17:09,BSE,BSE_AUTO_0128,SENSEX2620580500CE,CE,BUY,20,743.62,826.45,1656.6,Auto-lightgbm-LimitChase,Target Hit (+50),CLOSED,0.8117829562171299,0.309,False,BSE-1770004025088-4085,original
2026-02-02 09:17:45,2026-02-02 09:17:48,BSE,BSE_AUTO_0129,SENSEX2620580400CE,CE,BUY,20,792.3199999999999,929.5,2743.6,Auto-lightgbm-LimitChase,Target Hit (+50),CLOSED,0.7817364947748352,0.309,False,BSE-1770004065483-4086,original
2026-02-02 09:18:09,2026-02-02 11:22:51,BSE,BSE_AUTO_0130,SENSEX2620579900CE,CE,BUY,20,1248.22,953.35,-5897.4,Auto-lightgbm-LimitChase,Stop Loss (-50),CLOSED,0.8245637307654303,0.309,False,BSE-1770004082654-4087,original
2026-02-02 09:21:29,2026-02-02 09:21:32,NSE,NSE_AUTO_0194,NIFTY2620324700CE,CE,BUY,65,201.07,234.05,2143.7,Auto-lightgbm-LimitChase,Target Hit (+25),CLOSED,0.788687315898881,0.309,False,NSE-1770004289896-4467,original
2026-02-02 09:21:57,2026-02-02 09:21:57,NSE,NSE_AUTO_0195,NIFTY2620324700CE,CE,BUY,65,201.07,242.75,2709.2,Auto-lightgbm-LimitChase,Target Hit (+25),CLOSED,0.788687315898881,0.309,False,NSE-1770004317140-4468,original
2026-02-02 09:22:09,2026-02-02 09:22:12,NSE,NSE_AUTO_0196,NIFTY2620324700CE,CE,BUY,65,201.07,246.2,2933.45,Auto-lightgbm-LimitChase,Target Hit (+25),CLOSED,0.788687315898881,0.309,False,NSE-1770004326090-4469,original
2026-02-02 09:22:12,2026-02-02 09:22:17,NSE,NSE_AUTO_0197,NIFTY2620324700CE,CE,BUY,65,201.07,251.65,3287.7,Auto-lightgbm-LimitChase,Target Hit (+25),CLOSED,0.788687315898881,0.309,False,NSE-1770004332934-4470,original
2026-02-02 09:22:32,2026-02-02 09:22:32,NSE,NSE_AUTO_0198,NIFTY2620324700CE,CE,BUY,65,201.07,257.2,3648.45,Auto-lightgbm-LimitChase,Target Hit (+25),CLOSED,0.7644864087708116,0.309,False,NSE-1770004352580-4471,original
2026-02-02 09:22:41,2026-02-02 09:22:42,NSE,NSE_AUTO_0199,NIFTY2620324700CE,CE,BUY,65,201.07,260.6,3869.45,Auto-lightgbm-LimitChase,Target Hit (+25),CLOSED,0.7644864087708116,0.309,False,NSE-1770004361618-4472,original
2026-02-02 09:22:50,2026-02-02 09:22:52,NSE,NSE_AUTO_0200,NIFTY2620324700CE,CE,BUY,65,201.07,256.0,3570.45,Auto-lightgbm-LimitChase,Target Hit (+25),CLOSED,0.7644864087708116,0.309,False,NSE-1770004370041-4473,original
2026-02-02 09:23:09,2026-02-02 09:23:09,BSE,BSE_AUTO_0131,SENSEX2620580400CE,CE,BUY,20,792.3199999999999,1032.45,4802.6,Auto-lightgbm-LimitChase,Target Hit (+50),CLOSED,0.7128043374407862,0.309,False,BSE-1770004383497-4107,original
2026-02-02 09:23:10,2026-02-02 09:23:13,NSE,NSE_AUTO_0201,NIFTY2620324700CE,CE,BUY,65,201.07,257.95,3697.2,Auto-lightgbm-LimitChase,Target Hit (+25),CLOSED,0.7644864087708116,0.309,False,NSE-1770004390588-4474,original
2026-02-02 09:23:16,2026-02-02 09:23:18,NSE,NSE_AUTO_0202,NIFTY2620324700CE,CE,BUY,65,201.07,257.6,3674.45,Auto-lightgbm-LimitChase,Target Hit (+25),CLOSED,0.7632733181525457,0.309,False,NSE-1770004396570-4475,original
2026-02-02 09:23:20,2026-02-02 09:23:23,NSE,NSE_AUTO_0203,NIFTY2620324700CE,CE,BUY,65,201.07,256.9,3628.95,Auto-lightgbm-LimitChase,Target Hit (+25),CLOSED,0.7632733181525457,0.309,False,NSE-1770004400088-4476,original
2026-02-02 09:25:11,2026-02-02 09:25:13,NSE,NSE_AUTO_0204,NIFTY2620324700CE,CE,BUY,65,201.07,259.9,3823.95,Auto-lightgbm-LimitChase,Target Hit (+25),CLOSED,0.7259435549805728,0.309,False,NSE-1770004510213-4477,original
2026-02-02 09:25:27,2026-02-02 09:25:28,NSE,NSE_AUTO_0205,NIFTY2620324700CE,CE,BUY,65,201.07,254.4,3466.45,Auto-lightgbm-LimitChase,Target Hit (+25),CLOSED,0.7259435549805728,0.309,False,NSE-1770004527278-4478,original
2026-02-02 09:25:56,2026-02-02 09:25:59,NSE,NSE_AUTO_0206,NIFTY2620324700CE,CE,BUY,65,201.07,249.15,3125.2,Auto-lightgbm-LimitChase,Target Hit (+25),CLOSED,0.7259435549805728,0.309,False,NSE-1770004556470-4479,original
2026-02-02 09:25:59,2026-02-02 09:26:04,NSE,NSE_AUTO_0207,NIFTY2620324700CE,CE,BUY,65,201.07,251.7,3290.95,Auto-lightgbm-LimitChase,Target Hit (+25),CLOSED,0.7259435549805728,0.309,False,NSE-1770004559892-4480,original
2026-02-02 09:26:13,2026-02-02 09:26:14,NSE,NSE_AUTO_0208,NIFTY2620324700CE,CE,BUY,65,201.07,254.35,3463.2,Auto-lightgbm-LimitChase,Target Hit (+25),CLOSED,0.7284348674265176,0.309,False,NSE-1770004571468-4481,original
2026-02-02 09:26:50,2026-02-02 09:26:54,NSE,NSE_AUTO_0209,NIFTY2620324700CE,CE,BUY,65,184.47,257.55,4750.2,Auto-lightgbm-LimitChase,Target Hit (+25),CLOSED,0.8110888589812136,0.309,False,NSE-1770004610958-4482,original
2026-02-02 09:27:22,2026-02-02 09:27:24,NSE,NSE_AUTO_0210,NIFTY2620324650CE,CE,BUY,65,218.07,281.8,4142.45,Auto-lightgbm-LimitChase,Target Hit (+25),CLOSED,0.7833895656764265,0.309,False,NSE-1770004642919-4483,original
2026-02-02 09:27:55,2026-02-02 09:27:59,NSE,NSE_AUTO_0211,NIFTY2620324700CE,CE,BUY,65,209.62,242.0,2104.7,Auto-lightgbm-LimitChase,Target Hit (+25),CLOSED,0.7207355778822502,0.309,False,NSE-1770004675158-4484,original
2026-02-02 09:28:11,2026-02-02 09:28:14,BSE,BSE_AUTO_0132,SENSEX2620580400CE,CE,BUY,20,870.7199999999999,985.0,2285.6,Auto-lightgbm-LimitChase,Target Hit (+50),CLOSED,0.8462532093930406,0.309,False,BSE-1770004691478-4138,original
2026-02-02 09:29:09,2026-02-02 09:29:11,NSE,NSE_AUTO_0212,NIFTY2620324700CE,CE,BUY,65,223.32,258.05,2257.45,Auto-lightgbm-LimitChase,Target Hit (+25),CLOSED,0.6552614756604851,0.309,False,NSE-1770004748410-4486,original
2026-02-02 09:29:48,2026-02-02 09:29:51,NSE,NSE_AUTO_0213,NIFTY2620324700CE,CE,BUY,65,214.72,254.65,2595.45,Auto-lightgbm-LimitChase,Target Hit (+25),CLOSED,0.6164951953137078,0.309,False,NSE-1770004788088-4487,original
2026-02-02 09:30:15,2026-02-02 09:30:16,NSE,NSE_AUTO_0214,NIFTY2620324700CE,CE,BUY,65,208.57,255.6,3056.95,Auto-lightgbm-LimitChase,Target Hit (+25),CLOSED,0.63685076228402,0.309,False,NSE-1770004815420-4488,original
2026-02-02 09:30:19,2026-02-02 09:30:22,NSE,NSE_AUTO_0215,NIFTY2620324700CE,CE,BUY,65,208.72,257.65,3180.45,Auto-lightgbm-LimitChase,Target Hit (+25),CLOSED,0.636995098507908,0.309,False,NSE-1770004819238-4489,original
2026-02-02 09:30:22,2026-02-02 09:30:27,NSE,NSE_AUTO_0216,NIFTY2620324650CE,CE,BUY,65,236.07,293.1,3706.95,Auto-lightgbm-LimitChase,Target Hit (+25),CLOSED,0.6283987479007523,0.309,False,NSE-1770004822633-4490,original
2026-02-02 09:31:14,2026-02-02 14:45:00,NSE,NSE_AUTO_0217,NIFTY2620324900PE,PE,BUY,65,101.2,266.35,10734.75,Auto-lightgbm-LimitChase,Target Hit (+25),CLOSED,0.6001887866313681,0.309,False,NSE-1770004873984-4493,target_stop
2026-02-02 09:32:37,2026-02-02 09:32:38,NSE,NSE_AUTO_0218,NIFTY2620324750CE,CE,BUY,65,212.07,252.15,2605.2,Auto-lightgbm-LimitChase,Target Hit (+25),CLOSED,0.6671025559590619,0.309,False,NSE-1770004957603-4498,original
2026-02-02 09:33:11,2026-02-02 09:33:13,NSE,NSE_AUTO_0219,NIFTY2620324750CE,CE,BUY,65,207.07,253.15,2995.2,Auto-lightgbm-LimitChase,Target Hit (+25),CLOSED,0.6688577039080232,0.309,False,NSE-1770004989735-4500,original
2026-02-02 09:33:20,2026-02-02 09:33:23,NSE,NSE_AUTO_0220,NIFTY2620324750CE,CE,BUY,65,213.02,253.25,2614.95,Auto-lightgbm-LimitChase,Target Hit (+25),CLOSED,0.6137704351241312,0.309,False,NSE-1770005000374-4501,original
2026-02-02 09:34:30,2026-02-02 09:37:59,NSE,NSE_AUTO_0221,NIFTY2620324750CE,CE,BUY,65,224.07,224.65,37.7,Auto-lightgbm-LimitChase,Signal Flip (BUY → SELL),CLOSED,0.6578157549192319,0.309,False,NSE-1770005070535-4504,original
2026-02-02 09:38:42,2026-02-02 09:38:46,NSE,NSE_AUTO_0222,NIFTY2620324750CE,CE,BUY,65,223.67,249.05,1649.7,Auto-lightgbm-LimitChase,Target Hit (+25),CLOSED,0.6927668640150226,0.309,False,NSE-1770005321975-4519,original
2026-02-02 09:39:01,2026-02-02 09:39:10,NSE,NSE_AUTO_0223,NIFTY2620324750CE,CE,BUY,65,219.12,246.05,1750.45,Auto-lightgbm-LimitChase,Target Hit (+25),CLOSED,0.6931134681259429,0.309,False,NSE-1770005341105-4520,original
2026-02-02 09:39:10,2026-02-02 09:39:13,NSE,NSE_AUTO_0224,NIFTY2620324750CE,CE,BUY,65,215.37,246.95,2052.7,Auto-lightgbm-LimitChase,Target Hit (+25),CLOSED,0.7102131907050667,0.309,False,NSE-1770005348197-4521,original
2026-02-02 09:39:19,2026-02-02 09:39:24,NSE,NSE_AUTO_0225,NIFTY2620324750CE,CE,BUY,65,214.07,242.35,1838.2,Auto-lightgbm-LimitChase,Target Hit (+25),CLOSED,0.7106383177463396,0.309,False,NSE-1770005359050-4522,original
2026-02-02 09:39:37,2026-02-02 09:39:39,NSE,NSE_AUTO_0226,NIFTY2620324750CE,CE,BUY,65,212.52,240.4,1812.2,Auto-lightgbm-LimitChase,Target Hit (+25),CLOSED,0.7105572772057737,0.309,False,NSE-1770005377771-4523,original
2026-02-02 09:42:59,2026-02-02 09:44:27,NSE,NSE_AUTO_0227,NIFTY2620324800CE,CE,BUY,65,223.17,196.85,-1710.8,Auto-lightgbm-LimitChase,Stop Loss (-25),CLOSED,0.6203288261660721,0.309,False,NSE-1770005579512-4529,original
2026-02-02 09:44:38,2026-02-02 09:44:43,NSE,NSE_AUTO_0228,NIFTY2620324800CE,CE,BUY,65,224.67,195.75,-1879.8,Auto-lightgbm-LimitChase,Stop Loss (-25),CLOSED,0.6839022226037468,0.309,False,NSE-1770005678603-4532,original
2026-02-02 09:44:55,2026-02-02 09:44:58,NSE,NSE_AUTO_0229,NIFTY2620324800CE,CE,BUY,65,219.27,192.6,-1733.55,Auto-lightgbm-LimitChase,Stop Loss (-25),CLOSED,0.6774015984353646,0.309,False,NSE-1770005695454-4533,original
2026-02-02 09:45:09,2026-02-02 09:45:09,NSE,NSE_AUTO_0230,NIFTY2620324800CE,CE,BUY,65,221.92,190.25,-2058.55,Auto-lightgbm-LimitChase,Stop Loss (-25),CLOSED,0.6774015984353646,0.309,False,NSE-1770005706297-4534,original
2026-02-02 09:45:32,2026-02-02 09:46:11,NSE,NSE_AUTO_0231,NIFTY2620324800CE,CE,BUY,65,220.72,194.55,-1701.05,Auto-lightgbm-LimitChase,Stop Loss (-25),CLOSED,0.6868311529939254,0.309,False,NSE-1770005732880-4535,original
2026-02-02 09:45:58,2026-02-02 09:47:33,BSE,BSE_AUTO_0133,SENSEX2620580900CE,CE,BUY,20,795.62,725.2,-1408.4,Auto-lightgbm-LimitChase,Stop Loss (-50),CLOSED,0.7156063877882963,0.309,False,BSE-1770005758345-4191,original
2026-02-02 09:46:27,2026-02-02 09:59:10,NSE,NSE_AUTO_0232,NIFTY2620324800CE,CE,BUY,65,206.32,180.4,-1684.8,Auto-lightgbm-LimitChase,Stop Loss (-25),CLOSED,0.7603245504524226,0.309,False,NSE-1770005787087-4540,original
2026-02-02 09:51:26,2026-02-02 09:54:56,BSE,BSE_AUTO_0134,SENSEX2620580800CE,CE,BUY,20,839.92,892.4,1049.6,Auto-lightgbm-LimitChase,Target Hit (+50),CLOSED,0.8147984726214462,0.309,False,BSE-1770006086293-4215,original
2026-02-02 09:51:31,2026-02-02 09:59:14,NSE,NSE_AUTO_0233,NIFTY2620324800CE,CE,BUY,65,204.02,177.0,-1756.3,Auto-lightgbm-LimitChase,Stop Loss (-25),CLOSED,0.7775548551874767,0.309,False,NSE-1770006091803-4550,original
2026-02-02 09:56:29,2026-02-02 09:56:41,BSE,BSE_AUTO_0135,SENSEX2620580800CE,CE,BUY,20,795.67,849.25,1071.6,Auto-lightgbm-LimitChase,Target Hit (+50),CLOSED,0.839951167823535,0.309,False,BSE-1770006389834-4230,original
2026-02-02 09:59:14,2026-02-02 09:59:54,NSE,NSE_AUTO_0234,NIFTY2620324800CE,CE,BUY,65,198.17,169.5,-1863.55,Auto-lightgbm-LimitChase,Stop Loss (-25),CLOSED,0.7231757219768605,0.309,False,NSE-1770006554046-4575,original
2026-02-02 10:00:10,2026-02-02 10:00:10,NSE,NSE_AUTO_0235,NIFTY2620324800CE,CE,BUY,65,208.72,169.9,-2523.3,Auto-lightgbm-LimitChase,Stop Loss (-25),CLOSED,0.7557869146694408,0.309,False,NSE-1770006607780-4580,original
2026-02-02 10:00:38,2026-02-02 10:00:40,NSE,NSE_AUTO_0236,NIFTY2620324800CE,CE,BUY,65,209.07,159.15,-3244.8,Auto-lightgbm-LimitChase,Stop Loss (-25),CLOSED,0.7242462740793638,0.309,False,NSE-1770006638271-4581,original
2026-02-02 10:00:41,2026-02-02 10:00:45,NSE,NSE_AUTO_0237,NIFTY2620324800CE,CE,BUY,65,206.87,158.9,-3118.05,Auto-lightgbm-LimitChase,Stop Loss (-25),CLOSED,0.7242462740793638,0.309,False,NSE-1770006641634-4582,original
2026-02-02 10:01:10,2026-02-02 10:01:11,NSE,NSE_AUTO_0238,NIFTY2620324800CE,CE,BUY,65,205.57,159.95,-2965.3,Auto-lightgbm-LimitChase,Stop Loss (-25),CLOSED,0.8021126406552269,0.309,False,NSE-1770006670956-4584,original
2026-02-02 10:01:14,2026-02-02 10:01:16,NSE,NSE_AUTO_0239,NIFTY2620324800CE,CE,BUY,65,200.32,156.95,-2819.05,Auto-lightgbm-LimitChase,Stop Loss (-25),CLOSED,0.7786875273941207,0.309,False,NSE-1770006674418-4585,original
2026-02-02 10:01:17,2026-02-02 10:01:21,NSE,NSE_AUTO_0240,NIFTY2620324800CE,CE,BUY,65,201.22,156.2,-2926.3,Auto-lightgbm-LimitChase,Stop Loss (-25),CLOSED,0.7786875273941207,0.309,False,NSE-1770006677846-4586,original
2026-02-02 10:01:39,2026-02-02 10:01:41,NSE,NSE_AUTO_0241,NIFTY2620324800CE,CE,BUY,65,203.37,165.85,-2438.8,Auto-lightgbm-LimitChase,Stop Loss (-25),CLOSED,0.7531146416528425,0.309,False,NSE-1770006698990-4587,original
2026-02-02 10:01:57,2026-02-02 10:02:01,NSE,NSE_AUTO_0242,NIFTY2620324800CE,CE,BUY,65,201.02,169.0,-2081.3,Auto-lightgbm-LimitChase,Stop Loss (-25),CLOSED,0.7600535766402348,0.309,False,NSE-1770006717273-4588,original
2026-02-02 10:02:10,2026-02-02 10:02:10,NSE,NSE_AUTO_0243,NIFTY2620324800CE,CE,BUY,65,197.42,169.2,-1834.3,Auto-lightgbm-LimitChase,Stop Loss (-25),CLOSED,0.7605550921408195,0.309,False,NSE-1770006724141-4589,original
2026-02-02 10:02:21,2026-02-02 10:02:23,NSE,NSE_AUTO_0244,NIFTY2620324800CE,CE,BUY,65,195.32,169.7,-1665.3,Auto-lightgbm-LimitChase,Stop Loss (-25),CLOSED,0.7600807516468261,0.309,False,NSE-1770006741754-4590,original
2026-02-02 10:02:25,2026-02-02 10:02:28,NSE,NSE_AUTO_0245,NIFTY2620324800CE,CE,BUY,65,193.87,166.5,-1779.05,Auto-lightgbm-LimitChase,Stop Loss (-25),CLOSED,0.7669752421083178,0.309,False,NSE-1770006745192-4591,original
2026-02-02 10:02:38,2026-02-02 10:02:43,NSE,NSE_AUTO_0246,NIFTY2620324800CE,CE,BUY,65,193.12,162.05,-2019.55,Auto-lightgbm-LimitChase,Stop Loss (-25),CLOSED,0.7476279138185771,0.309,False,NSE-1770006758801-4592,original
2026-02-02 10:02:45,2026-02-02 10:02:48,NSE,NSE_AUTO_0247,NIFTY2620324800CE,CE,BUY,65,194.92,164.3,-1990.3,Auto-lightgbm-LimitChase,Stop Loss (-25),CLOSED,0.764824431060223,0.309,False,NSE-1770006765632-4593,original
2026-02-02 10:02:53,2026-02-02 10:02:54,BSE,BSE_AUTO_0136,SENSEX2620580800CE,CE,BUY,20,812.2199999999999,705.8,-2128.4,Auto-lightgbm-LimitChase,Stop Loss (-50),CLOSED,0.719790898935924,0.309,False,BSE-1770006773017-4245,original
2026-02-02 10:03:18,2026-02-02 10:03:18,NSE,NSE_AUTO_0248,NIFTY2620324800CE,CE,BUY,65,208.72,158.65,-3254.55,Auto-lightgbm-LimitChase,Stop Loss (-25),CLOSED,0.7835310934956106,0.309,False,NSE-1770006798713-4594,original
2026-02-02 10:03:43,2026-02-02 10:03:44,NSE,NSE_AUTO_0249,NIFTY2620324800CE,CE,BUY,65,211.62,160.3,-3335.8,Auto-lightgbm-LimitChase,Stop Loss (-25),CLOSED,0.8354742326952677,0.309,False,NSE-1770006823135-4595,original
2026-02-02 10:04:15,2026-02-02 10:04:19,NSE,NSE_AUTO_0250,NIFTY2620324800CE,CE,BUY,65,204.92,151.2,-3491.8,Auto-lightgbm-LimitChase,Stop Loss (-25),CLOSED,0.6916269025879327,0.309,False,NSE-1770006855736-4596,original
2026-02-02 10:04:32,2026-02-02 10:04:34,NSE,NSE_AUTO_0251,NIFTY2620324800CE,CE,BUY,65,217.27,148.45,-4473.3,Auto-lightgbm-LimitChase,Stop Loss (-25),CLOSED,0.7068728397079778,0.309,False,NSE-1770006872508-4597,original
2026-02-02 10:04:58,2026-02-02 10:04:59,NSE,NSE_AUTO_0252,NIFTY2620324800CE,CE,BUY,65,210.52,143.35,-4366.05,Auto-lightgbm-LimitChase,Stop Loss (-25),CLOSED,0.7222208802120446,0.309,False,NSE-1770006898570-4598,original
2026-02-02 10:05:10,2026-02-02 10:05:14,NSE,NSE_AUTO_0253,NIFTY2620324800CE,CE,BUY,65,211.57,144.95,-4330.3,Auto-lightgbm-LimitChase,Stop Loss (-25),CLOSED,0.7205157652664583,0.309,False,NSE-1770006909166-4599,original
2026-02-02 10:05:21,2026-02-02 10:05:24,NSE,NSE_AUTO_0254,NIFTY2620324800CE,CE,BUY,65,208.07,139.0,-4489.55,Auto-lightgbm-LimitChase,Stop Loss (-25),CLOSED,0.7222208802120446,0.309,False,NSE-1770006921707-4600,original
2026-02-02 10:05:38,2026-02-02 10:05:40,NSE,NSE_AUTO_0255,NIFTY2620324800CE,CE,BUY,65,209.57,141.5,-4424.55,Auto-lightgbm-LimitChase,Stop Loss (-25),CLOSED,0.7031741193774361,0.309,False,NSE-1770006938102-4601,original
2026-02-02 10:05:56,2026-02-02 10:06:00,NSE,NSE_AUTO_0256,NIFTY2620324850CE,CE,BUY,65,187.72,115.0,-4726.8,Auto-lightgbm-LimitChase,Stop Loss (-25),CLOSED,0.7794633317190132,0.309,False,NSE-1770006956484-4602,original
2026-02-02 10:06:29,2026-02-02 10:06:30,NSE,NSE_AUTO_0257,NIFTY2620324850CE,CE,BUY,65,191.87,117.3,-4847.05,Auto-lightgbm-LimitChase,Stop Loss (-25),CLOSED,0.7842985642749769,0.309,False,NSE-1770006989280-4604,original
2026-02-02 10:06:32,2026-02-02 10:06:35,NSE,NSE_AUTO_0258,NIFTY2620324850CE,CE,BUY,65,189.57,115.9,-4788.55,Auto-lightgbm-LimitChase,Stop Loss (-25),CLOSED,0.7817106689732259,0.309,False,NSE-1770006992883-4605,original
2026-02-02 10:06:54,2026-02-02 10:06:55,NSE,NSE_AUTO_0259,NIFTY2620324850CE,CE,BUY,65,184.52,116.9,-4395.3,Auto-lightgbm-LimitChase,Stop Loss (-25),CLOSED,0.9022810461738692,0.309,False,NSE-1770007014687-4606,original
2026-02-02 10:07:25,2026-02-02 10:07:25,NSE,NSE_AUTO_0260,NIFTY2620324850CE,CE,BUY,65,186.57,114.4,-4691.05,Auto-lightgbm-LimitChase,Stop Loss (-25),CLOSED,0.8762770757598227,0.309,False,NSE-1770007044437-4607,original
2026-02-02 10:07:28,2026-02-02 10:07:30,NSE,NSE_AUTO_0261,NIFTY2620324850CE,CE,BUY,65,183.82,114.0,-4538.3,Auto-lightgbm-LimitChase,Stop Loss (-25),CLOSED,0.8762770757598227,0.309,False,NSE-1770007048097-4608,original
2026-02-02 10:07:59,2026-02-02 10:08:09,NSE,NSE_AUTO_0262,NIFTY2620324800CE,CE,BUY,65,209.92,138.3,-4655.3,Auto-lightgbm-LimitChase,Stop Loss (-25),CLOSED,0.7310708462672831,0.309,False,NSE-1770007079717-4609,original
2026-02-02 10:08:09,2026-02-02 10:08:10,BSE,BSE_AUTO_0137,SENSEX2620580900CE,CE,BUY,20,778.2199999999999,576.65,-4031.4,Auto-lightgbm-LimitChase,Stop Loss (-50),CLOSED,0.7679456177009559,0.309,False,BSE-1770007088979-4262,original
2026-02-02 10:08:12,2026-02-02 10:08:13,NSE,NSE_AUTO_0263,NIFTY2620324800CE,CE,BUY,65,206.77,139.95,-4343.3,Auto-lightgbm-LimitChase,Stop Loss (-25),CLOSED,0.7310708462672831,0.309,False,NSE-1770007092469-4610,original
2026-02-02 10:08:22,2026-02-02 10:08:23,NSE,NSE_AUTO_0264,NIFTY2620324850CE,CE,BUY,65,178.67,114.9,-4145.05,Auto-lightgbm-LimitChase,Stop Loss (-25),CLOSED,0.9033562107974336,0.309,False,NSE-1770007102109-4611,original
2026-02-02 10:08:25,2026-02-02 10:08:28,NSE,NSE_AUTO_0265,NIFTY2620324800CE,CE,BUY,65,208.87,136.85,-4681.3,Auto-lightgbm-LimitChase,Stop Loss (-25),CLOSED,0.7310708462672831,0.309,False,NSE-1770007105628-4612,original
2026-02-02 10:09:12,2026-02-02 10:09:13,NSE,NSE_AUTO_0266,NIFTY2620324800CE,CE,BUY,65,210.02,140.4,-4525.3,Auto-lightgbm-LimitChase,Stop Loss (-25),CLOSED,0.7254235591523727,0.309,False,NSE-1770007152278-4613,original
2026-02-02 10:09:15,2026-02-02 10:09:18,NSE,NSE_AUTO_0267,NIFTY2620324850CE,CE,BUY,65,181.57,114.6,-4353.05,Auto-lightgbm-LimitChase,Stop Loss (-25),CLOSED,0.8848737194299499,0.309,False,NSE-1770007155943-4614,original
2026-02-02 10:09:37,2026-02-02 10:09:38,NSE,NSE_AUTO_0268,NIFTY2620324800CE,CE,BUY,65,206.82,138.5,-4440.8,Auto-lightgbm-LimitChase,Stop Loss (-25),CLOSED,0.7715678362247732,0.309,False,NSE-1770007177495-4615,original
2026-02-02 10:10:15,2026-02-02 10:10:19,NSE,NSE_AUTO_0269,NIFTY2620324800CE,CE,BUY,65,185.27,136.4,-3176.55,Auto-lightgbm-LimitChase,Stop Loss (-25),CLOSED,0.6702241681098676,0.309,False,NSE-1770007215513-4616,original
2026-02-02 10:10:44,2026-02-02 10:10:49,NSE,NSE_AUTO_0270,NIFTY2620324750CE,CE,BUY,65,210.92,170.0,-2659.8,Auto-lightgbm-LimitChase,Stop Loss (-25),CLOSED,0.6949966526836538,0.309,False,NSE-1770007244445-4617,original
2026-02-02 10:11:25,2026-02-02 10:11:29,NSE,NSE_AUTO_0271,NIFTY2620324750CE,CE,BUY,65,204.77,176.25,-1853.8,Auto-lightgbm-LimitChase,Stop Loss (-25),CLOSED,0.6945011693980854,0.309,False,NSE-1770007285212-4618,original
2026-02-02 10:11:36,2026-02-02 10:11:55,NSE,NSE_AUTO_0272,NIFTY2620324750CE,CE,BUY,65,204.52,177.75,-1740.05,Auto-lightgbm-LimitChase,Stop Loss (-25),CLOSED,0.6945011693980854,0.309,False,NSE-1770007296241-4619,original
2026-02-02 10:12:09,2026-02-02 10:13:20,NSE,NSE_AUTO_0273,NIFTY2620324750CE,CE,BUY,65,198.27,170.15,-1827.8,Auto-lightgbm-LimitChase,Stop Loss (-25),CLOSED,0.7725629537222656,0.309,False,NSE-1770007323663-4621,original
2026-02-02 10:13:21,2026-02-02 10:13:25,NSE,NSE_AUTO_0274,NIFTY2620324750CE,CE,BUY,65,196.32,168.9,-1782.3,Auto-lightgbm-LimitChase,Stop Loss (-25),CLOSED,0.7424103525843107,0.309,False,NSE-1770007400943-4625,original
2026-02-02 10:13:32,2026-02-02 10:13:38,BSE,BSE_AUTO_0138,SENSEX2620580700CE,CE,BUY,20,778.17,680.4,-1955.4,Auto-lightgbm-LimitChase,Stop Loss (-50),CLOSED,0.7495523208383481,0.309,False,BSE-1770007412778-4281,original
2026-02-02 10:13:48,2026-02-02 10:13:51,NSE,NSE_AUTO_0275,NIFTY2620324750CE,CE,BUY,65,197.42,169.6,-1808.3,Auto-lightgbm-LimitChase,Stop Loss (-25),CLOSED,0.7673358429889385,0.309,False,NSE-1770007428639-4626,original
2026-02-02 10:14:23,2026-02-02 10:16:45,NSE,NSE_AUTO_0276,NIFTY2620324750CE,CE,BUY,65,192.42,167.1,-1645.8,Auto-lightgbm-LimitChase,Stop Loss (-25),CLOSED,0.7673358429889385,0.309,False,NSE-1770007463036-4627,original
2026-02-02 10:17:52,2026-02-02 10:32:00,NSE,NSE_AUTO_0277,NIFTY2620324700CE,CE,BUY,65,199.27,224.7,1652.95,Auto-lightgbm-LimitChase,Target Hit (+25),CLOSED,0.7018596414904973,0.309,False,NSE-1770007672047-4636,original
2026-02-02 10:18:27,2026-02-02 10:19:28,BSE,BSE_AUTO_0139,SENSEX2620580600CE,CE,BUY,20,737.92,788.9,1019.6,Auto-lightgbm-LimitChase,Target Hit (+50),CLOSED,0.7429810214219321,0.309,False,BSE-1770007707571-4294,original
2026-02-02 10:23:09,2026-02-02 10:36:19,NSE,NSE_AUTO_0278,NIFTY2620324700CE,CE,BUY,65,207.82,233.0,1636.7,Auto-lightgbm-LimitChase,Target Hit (+25),CLOSED,0.638403117549133,0.309,False,NSE-1770007981793-4650,original
2026-02-02 10:29:20,2026-02-02 10:31:54,BSE,BSE_AUTO_0140,SENSEX2620580600CE,CE,BUY,20,749.42,799.95,1010.6,Auto-lightgbm-LimitChase,Target Hit (+50),CLOSED,0.7030101053349085,0.309,False,BSE-1770008360439-4325,original
2026-02-02 10:32:09,2026-02-02 10:33:16,NSE,NSE_AUTO_0279,NIFTY2620324700CE,CE,BUY,65,203.27,230.45,1766.7,Auto-lightgbm-LimitChase,Target Hit (+25),CLOSED,0.6014391390304619,0.309,False,NSE-1770008524447-4682,original
2026-02-02 10:34:59,2026-02-02 10:34:59,BSE,BSE_AUTO_0141,SENSEX2620580600CE,CE,BUY,20,719.92,820.0,2001.6,Auto-lightgbm-LimitChase,Target Hit (+50),CLOSED,0.7045479931049277,0.309,False,BSE-1770008698947-4341,original
2026-02-02 10:37:45,2026-02-02 10:37:59,NSE,NSE_AUTO_0280,NIFTY2620324700CE,CE,BUY,65,198.02,223.6,1662.7,Auto-lightgbm-LimitChase,Target Hit (+25),CLOSED,0.6057308754810244,0.309,False,NSE-1770008865843-4698,original
2026-02-02 10:38:19,2026-02-02 10:40:21,NSE,NSE_AUTO_0281,NIFTY2620324700CE,CE,BUY,65,205.27,231.0,1672.45,Auto-lightgbm-LimitChase,Target Hit (+25),CLOSED,0.6049517163622116,0.309,False,NSE-1770008898983-4700,original
2026-02-02 10:40:58,2026-02-02 10:52:32,NSE,NSE_AUTO_0282,NIFTY2620324750CE,CE,BUY,65,174.92,200.7,1675.7,Auto-lightgbm-LimitChase,Target Hit (+25),CLOSED,0.7733250338035986,0.309,False,NSE-1770009058064-4711,original
2026-02-02 10:46:16,2026-02-02 10:54:09,NSE,NSE_AUTO_0283,NIFTY2620324750CE,CE,BUY,65,189.62,163.35,-1707.55,Auto-lightgbm-LimitChase,Stop Loss (-25),CLOSED,0.82193040070087,0.309,False,NSE-1770009371142-4731,original
2026-02-02 10:48:29,2026-02-02 10:53:31,BSE,BSE_AUTO_0142,SENSEX2620580800CE,CE,BUY,20,692.92,638.2,-1094.4,Auto-lightgbm-LimitChase,Stop Loss (-50),CLOSED,0.7068314253521664,0.309,False,BSE-1770009509267-4397,original
2026-02-02 10:52:52,2026-02-02 10:53:38,NSE,NSE_AUTO_0284,NIFTY2620324750CE,CE,BUY,65,195.02,168.8,-1704.3,Auto-lightgbm-LimitChase,Stop Loss (-25),CLOSED,0.6879655878248861,0.309,False,NSE-1770009772425-4752,original
2026-02-02 10:54:09,2026-02-02 10:54:10,NSE,NSE_AUTO_0285,NIFTY2620324750CE,CE,BUY,65,192.07,163.65,-1847.3,Auto-lightgbm-LimitChase,Stop Loss (-25),CLOSED,0.6880141597850447,0.309,False,NSE-1770009847023-4757,original
2026-02-02 10:54:25,2026-02-02 10:54:26,BSE,BSE_AUTO_0143,SENSEX2620580800CE,CE,BUY,20,687.27,610.15,-1542.4,Auto-lightgbm-LimitChase,Stop Loss (-50),CLOSED,0.70180537999184,0.309,False,BSE-1770009865570-4409,original
2026-02-02 10:54:31,2026-02-02 10:54:35,NSE,NSE_AUTO_0286,NIFTY2620324750CE,CE,BUY,65,189.92,164.2,-1671.8,Auto-lightgbm-LimitChase,Stop Loss (-25),CLOSED,0.7235659240964699,0.309,False,NSE-1770009871053-4758,original
2026-02-02 10:55:11,2026-02-02 10:55:15,NSE,NSE_AUTO_0287,NIFTY2620324750CE,CE,BUY,65,192.52,152.6,-2594.8,Auto-lightgbm-LimitChase,Stop Loss (-25),CLOSED,0.6767463888342414,0.309,False,NSE-1770009911435-4759,original
2026-02-02 10:55:57,2026-02-02 10:56:09,NSE,NSE_AUTO_0288,NIFTY2620324750CE,CE,BUY,65,181.47,148.55,-2139.8,Auto-lightgbm-LimitChase,Stop Loss (-25),CLOSED,0.6714359163327559,0.309,False,NSE-1770009957890-4760,original
2026-02-02 10:56:13,2026-02-02 10:56:13,NSE,NSE_AUTO_0289,NIFTY2620324750CE,CE,BUY,65,177.86999999999998,146.9,-2013.05,Auto-lightgbm-LimitChase,Stop Loss (-25),CLOSED,0.6328168246927955,0.309,False,NSE-1770009973204-4761,original
2026-02-02 10:56:17,2026-02-02 10:56:18,NSE,NSE_AUTO_0290,NIFTY2620324750CE,CE,BUY,65,180.37,146.45,-2204.8,Auto-lightgbm-LimitChase,Stop Loss (-25),CLOSED,0.6706884915728394,0.309,False,NSE-1770009976939-4762,original
2026-02-02 10:56:52,2026-02-02 10:56:53,NSE,NSE_AUTO_0291,NIFTY2620324750CE,CE,BUY,65,181.82,145.8,-2341.3,Auto-lightgbm-LimitChase,Stop Loss (-25),CLOSED,0.6106930694184931,0.309,False,NSE-1770010012502-4763,original
2026-02-02 10:57:09,2026-02-02 10:57:09,NSE,NSE_AUTO_0292,NIFTY2620324750CE,CE,BUY,65,180.27,145.05,-2289.3,Auto-lightgbm-LimitChase,Stop Loss (-25),CLOSED,0.6109872655530213,0.309,False,NSE-1770010025216-4764,original
2026-02-02 10:57:12,2026-02-02 10:57:14,NSE,NSE_AUTO_0293,NIFTY2620324750CE,CE,BUY,65,179.17,147.8,-2039.05,Auto-lightgbm-LimitChase,Stop Loss (-25),CLOSED,0.6109872655530213,0.309,False,NSE-1770010032148-4765,original
2026-02-02 10:57:28,2026-02-02 10:57:29,NSE,NSE_AUTO_0294,NIFTY2620324750CE,CE,BUY,65,181.67,143.9,-2455.05,Auto-lightgbm-LimitChase,Stop Loss (-25),CLOSED,0.6118452734597313,0.309,False,NSE-1770010048343-4766,original
2026-02-02 10:58:52,2026-02-02 10:58:55,NSE,NSE_AUTO_0295,NIFTY2620324750CE,CE,BUY,65,180.52,136.8,-2841.8,Auto-lightgbm-LimitChase,Stop Loss (-25),CLOSED,0.6022826398955353,0.309,False,NSE-1770010132932-4768,original
2026-02-02 10:59:09,2026-02-02 10:59:09,NSE,NSE_AUTO_0296,NIFTY2620324750CE,CE,BUY,65,178.61999999999998,137.25,-2689.05,Auto-lightgbm-LimitChase,Stop Loss (-25),CLOSED,0.6023631616772191,0.309,False,NSE-1770010143508-4769,original
2026-02-02 10:59:16,2026-02-02 10:59:17,NSE,NSE_AUTO_0297,NIFTY2620324750CE,CE,BUY,65,175.01999999999998,139.5,-2308.8,Auto-lightgbm-LimitChase,Stop Loss (-25),CLOSED,0.6030821789174725,0.309,False,NSE-1770010156205-4770,original
2026-02-02 10:59:25,2026-02-02 10:59:27,NSE,NSE_AUTO_0298,NIFTY2620324750CE,CE,BUY,65,174.51999999999998,138.7,-2328.3,Auto-lightgbm-LimitChase,Stop Loss (-25),CLOSED,0.6426051056937682,0.309,False,NSE-1770010165648-4771,original
2026-02-02 10:59:50,2026-02-02 10:59:52,NSE,NSE_AUTO_0299,NIFTY2620324750CE,CE,BUY,65,180.57,137.25,-2815.8,Auto-lightgbm-LimitChase,Stop Loss (-25),CLOSED,0.6299651370822605,0.309,False,NSE-1770010190640-4772,original
2026-02-02 10:59:54,2026-02-02 10:59:57,NSE,NSE_AUTO_0300,NIFTY2620324750CE,CE,BUY,65,179.92,137.5,-2757.3,Auto-lightgbm-LimitChase,Stop Loss (-25),CLOSED,0.6299651370822605,0.309,False,NSE-1770010194280-4773,original
2026-02-02 11:00:09,2026-02-02 11:00:09,NSE,NSE_AUTO_0301,NIFTY2620324750CE,CE,BUY,65,177.76999999999998,136.2,-2702.05,Auto-lightgbm-LimitChase,Stop Loss (-25),CLOSED,0.6696959521320747,0.309,False,NSE-1770010203610-4774,original
2026-02-02 11:00:10,2026-02-02 11:00:14,NSE,NSE_AUTO_0302,NIFTY2620324750CE,CE,BUY,65,182.92,134.1,-3173.3,Auto-lightgbm-LimitChase,Stop Loss (-25),CLOSED,0.6299651370822605,0.309,False,NSE-1770010210488-4775,original
2026-02-02 11:00:21,2026-02-02 11:00:24,NSE,NSE_AUTO_0303,NIFTY2620324750CE,CE,BUY,65,182.67,133.75,-3179.8,Auto-lightgbm-LimitChase,Stop Loss (-25),CLOSED,0.6307516018692103,0.309,False,NSE-1770010221929-4776,original
2026-02-02 11:00:45,2026-02-02 11:00:49,NSE,NSE_AUTO_0304,NIFTY2620324750CE,CE,BUY,65,183.07,133.15,-3244.8,Auto-lightgbm-LimitChase,Stop Loss (-25),CLOSED,0.6299651370822605,0.309,False,NSE-1770010245360-4777,original
2026-02-02 11:01:02,2026-02-02 11:01:11,NSE,NSE_AUTO_0305,NIFTY2620324750CE,CE,BUY,65,188.92,132.9,-3641.3,Auto-lightgbm-LimitChase,Stop Loss (-25),CLOSED,0.6294139823719715,0.309,False,NSE-1770010262054-4778,original
2026-02-02 11:01:12,2026-02-02 11:01:15,NSE,NSE_AUTO_0306,NIFTY2620324750CE,CE,BUY,65,188.27,130.9,-3729.05,Auto-lightgbm-LimitChase,Stop Loss (-25),CLOSED,0.6987515469857002,0.309,False,NSE-1770010272417-4779,original
2026-02-02 11:01:39,2026-02-02 11:01:40,NSE,NSE_AUTO_0307,NIFTY2620324750CE,CE,BUY,65,179.17,131.15,-3121.3,Auto-lightgbm-LimitChase,Stop Loss (-25),CLOSED,0.6583504829151742,0.309,False,NSE-1770010299392-4780,original
2026-02-02 11:02:00,2026-02-02 11:02:00,NSE,NSE_AUTO_0308,NIFTY2620324750CE,CE,BUY,65,179.17,119.8,-3859.05,Auto-lightgbm-LimitChase,Stop Loss (-25),CLOSED,0.6809595165864161,0.309,False,NSE-1770010320631-4781,original
2026-02-02 11:02:09,2026-02-02 11:02:09,NSE,NSE_AUTO_0309,NIFTY2620324750CE,CE,BUY,65,179.11999999999998,124.0,-3582.8,Auto-lightgbm-LimitChase,Stop Loss (-25),CLOSED,0.6809595165864161,0.309,False,NSE-1770010324708-4782,original
2026-02-02 11:02:09,2026-02-02 11:02:12,NSE,NSE_AUTO_0310,NIFTY2620324750CE,CE,BUY,65,179.97,125.35,-3550.3,Auto-lightgbm-LimitChase,Stop Loss (-25),CLOSED,0.6829976314601558,0.309,False,NSE-1770010328146-4783,original
2026-02-02 11:02:28,2026-02-02 11:02:32,NSE,NSE_AUTO_0311,NIFTY2620324750CE,CE,BUY,65,181.42,127.0,-3537.3,Auto-lightgbm-LimitChase,Stop Loss (-25),CLOSED,0.7169844948405112,0.309,False,NSE-1770010348489-4784,original
2026-02-02 11:02:34,2026-02-02 11:02:37,NSE,NSE_AUTO_0312,NIFTY2620324750CE,CE,BUY,65,182.92,130.75,-3391.05,Auto-lightgbm-LimitChase,Stop Loss (-25),CLOSED,0.6829976314601558,0.309,False,NSE-1770010354431-4785,original
2026-02-02 11:02:55,2026-02-02 11:02:58,NSE,NSE_AUTO_0313,NIFTY2620324750CE,CE,BUY,65,189.52,131.3,-3784.3,Auto-lightgbm-LimitChase,Stop Loss (-25),CLOSED,0.6829976314601558,0.309,False,NSE-1770010375296-4787,original
2026-02-02 11:03:11,2026-02-02 11:03:13,NSE,NSE_AUTO_0314,NIFTY2620324750CE,CE,BUY,65,185.77,129.0,-3690.05,Auto-lightgbm-LimitChase,Stop Loss (-25),CLOSED,0.6960291783477477,0.309,False,NSE-1770010391360-4788,original
2026-02-02 11:03:14,2026-02-02 11:03:18,NSE,NSE_AUTO_0315,NIFTY2620324750CE,CE,BUY,65,184.27,129.0,-3592.55,Auto-lightgbm-LimitChase,Stop Loss (-25),CLOSED,0.6951609578819812,0.309,False,NSE-1770010394802-4789,original
2026-02-02 11:03:30,2026-02-02 11:03:33,NSE,NSE_AUTO_0316,NIFTY2620324750CE,CE,BUY,65,184.42,127.55,-3696.55,Auto-lightgbm-LimitChase,Stop Loss (-25),CLOSED,0.6960291783477477,0.309,False,NSE-1770010410880-4790,original
2026-02-02 11:03:47,2026-02-02 11:03:48,NSE,NSE_AUTO_0317,NIFTY2620324750CE,CE,BUY,65,186.52,129.85,-3683.55,Auto-lightgbm-LimitChase,Stop Loss (-25),CLOSED,0.6491289383324647,0.309,False,NSE-1770010427139-4791,original
2026-02-02 11:03:50,2026-02-02 11:03:53,NSE,NSE_AUTO_0318,NIFTY2620324750CE,CE,BUY,65,179.36999999999998,127.55,-3368.3,Auto-lightgbm-LimitChase,Stop Loss (-25),CLOSED,0.6491289383324647,0.309,False,NSE-1770010430920-4792,original
2026-02-02 11:04:29,2026-02-02 11:04:34,NSE,NSE_AUTO_0319,NIFTY2620324750CE,CE,BUY,65,179.57,124.3,-3592.55,Auto-lightgbm-LimitChase,Stop Loss (-25),CLOSED,0.7690684716588928,0.309,False,NSE-1770010469041-4793,original
2026-02-02 11:04:42,2026-02-02 11:04:44,NSE,NSE_AUTO_0320,NIFTY2620324750CE,CE,BUY,65,179.26999999999998,122.7,-3677.05,Auto-lightgbm-LimitChase,Stop Loss (-25),CLOSED,0.7814342632759567,0.309,False,NSE-1770010482265-4794,original
2026-02-02 11:04:55,2026-02-02 11:04:59,NSE,NSE_AUTO_0321,NIFTY2620324750CE,CE,BUY,65,180.32,123.75,-3677.05,Auto-lightgbm-LimitChase,Stop Loss (-25),CLOSED,0.754884479506641,0.309,False,NSE-1770010495762-4795,original
2026-02-02 11:04:59,2026-02-02 11:05:09,NSE,NSE_AUTO_0322,NIFTY2620324750CE,CE,BUY,65,178.42,124.25,-3521.05,Auto-lightgbm-LimitChase,Stop Loss (-25),CLOSED,0.7814342632759567,0.309,False,NSE-1770010499348-4796,original
2026-02-02 11:05:27,2026-02-02 11:05:29,NSE,NSE_AUTO_0323,NIFTY2620324750CE,CE,BUY,65,164.72,124.0,-2646.8,Auto-lightgbm-LimitChase,Stop Loss (-25),CLOSED,0.739919582201621,0.309,False,NSE-1770010527544-4797,original
2026-02-02 11:05:43,2026-02-02 11:05:44,NSE,NSE_AUTO_0324,NIFTY2620324750CE,CE,BUY,65,163.26999999999998,124.75,-2503.8,Auto-lightgbm-LimitChase,Stop Loss (-25),CLOSED,0.7094302044763013,0.309,False,NSE-1770010543780-4798,original
2026-02-02 11:05:47,2026-02-02 11:05:49,NSE,NSE_AUTO_0325,NIFTY2620324700CE,CE,BUY,65,194.87,152.2,-2773.55,Auto-lightgbm-LimitChase,Stop Loss (-25),CLOSED,0.606214960298299,0.309,False,NSE-1770010547220-4799,original
2026-02-02 11:08:52,2026-02-02 11:08:56,NSE,NSE_AUTO_0326,NIFTY2620324700CE,CE,BUY,65,177.82,141.9,-2334.8,Auto-lightgbm-LimitChase,Stop Loss (-25),CLOSED,0.6136056070084137,0.309,False,NSE-1770010732398-4805,original
2026-02-02 11:09:19,2026-02-02 11:09:21,NSE,NSE_AUTO_0327,NIFTY2620324700CE,CE,BUY,65,171.67,131.35,-2620.8,Auto-lightgbm-LimitChase,Stop Loss (-25),CLOSED,0.6589018772061505,0.309,False,NSE-1770010759771-4806,original
2026-02-02 11:10:20,2026-02-02 11:10:22,NSE,NSE_AUTO_0328,NIFTY2620324650CE,CE,BUY,65,200.12,165.65,-2240.55,Auto-lightgbm-LimitChase,Stop Loss (-25),CLOSED,0.7551614716340868,0.309,False,NSE-1770010820804-4807,original
2026-02-02 11:10:37,2026-02-02 11:10:37,NSE,NSE_AUTO_0329,NIFTY2620324650CE,CE,BUY,65,197.27,168.85,-1847.3,Auto-lightgbm-LimitChase,Stop Loss (-25),CLOSED,0.6315400368534372,0.309,False,NSE-1770010837476-4808,original
2026-02-02 11:10:56,2026-02-02 11:10:57,NSE,NSE_AUTO_0330,NIFTY2620324650CE,CE,BUY,65,199.02,170.0,-1886.3,Auto-lightgbm-LimitChase,Stop Loss (-25),CLOSED,0.6747444383729703,0.309,False,NSE-1770010856290-4809,original
2026-02-02 11:10:59,2026-02-02 11:11:02,NSE,NSE_AUTO_0331,NIFTY2620324650CE,CE,BUY,65,199.82,171.7,-1827.8,Auto-lightgbm-LimitChase,Stop Loss (-25),CLOSED,0.6747444383729703,0.309,False,NSE-1770010859760-4810,original
2026-02-02 11:11:14,2026-02-02 11:11:17,NSE,NSE_AUTO_0332,NIFTY2620324650CE,CE,BUY,65,196.52,170.65,-1681.55,Auto-lightgbm-LimitChase,Stop Loss (-25),CLOSED,0.6157378819654871,0.309,False,NSE-1770010873631-4811,original
2026-02-02 11:11:24,2026-02-02 11:11:28,NSE,NSE_AUTO_0333,NIFTY2620324650CE,CE,BUY,65,198.22,168.6,-1925.3,Auto-lightgbm-LimitChase,Stop Loss (-25),CLOSED,0.6112155170909893,0.309,False,NSE-1770010884119-4813,original
2026-02-02 11:11:34,2026-02-02 11:11:38,NSE,NSE_AUTO_0334,NIFTY2620324650CE,CE,BUY,65,196.57,169.0,-1792.05,Auto-lightgbm-LimitChase,Stop Loss (-25),CLOSED,0.7263586021567979,0.309,False,NSE-1770010894901-4815,original
2026-02-02 11:11:38,2026-02-02 11:11:43,NSE,NSE_AUTO_0335,NIFTY2620324650CE,CE,BUY,65,196.57,169.5,-1759.55,Auto-lightgbm-LimitChase,Stop Loss (-25),CLOSED,0.7263586021567979,0.309,False,NSE-1770010898380-4816,original
2026-02-02 11:12:46,2026-02-02 11:19:12,NSE,NSE_AUTO_0336,NIFTY2620324650CE,CE,BUY,65,190.27,163.85,-1717.3,Auto-lightgbm-LimitChase,Stop Loss (-25),CLOSED,0.7179796267005847,0.309,False,NSE-1770010966544-4817,original
2026-02-02 11:14:28,2026-02-02 11:18:40,BSE,BSE_AUTO_0144,SENSEX2620580500CE,CE,BUY,20,670.92,619.95,-1019.4,Auto-lightgbm-LimitChase,Stop Loss (-50),CLOSED,0.7348391368805078,0.309,False,BSE-1770011068307-4465,original
2026-02-02 11:18:10,2026-02-02 11:23:35,NSE,NSE_AUTO_0337,NIFTY2620324650CE,CE,BUY,65,178.76999999999998,153.2,-1662.05,Auto-lightgbm-LimitChase,Stop Loss (-25),CLOSED,0.8142084765952152,0.309,False,NSE-1770011284880-4828,original
2026-02-02 11:19:40,2026-02-02 11:22:45,BSE,BSE_AUTO_0145,SENSEX2620580300CE,CE,BUY,20,755.62,699.0,-1132.4,Auto-lightgbm-LimitChase,Stop Loss (-50),CLOSED,0.8042389226521522,0.309,False,BSE-1770011380091-4478,original
2026-02-02 11:22:52,2026-02-02 11:22:56,BSE,BSE_AUTO_0146,SENSEX2620580300CE,CE,BUY,20,752.7199999999999,698.2,-1090.4,Auto-lightgbm-LimitChase,Stop Loss (-50),CLOSED,0.7534573797594482,0.309,False,BSE-1770011572544-4485,original
2026-02-02 11:22:57,2026-02-02 11:23:10,BSE,BSE_AUTO_0147,SENSEX2620580300CE,CE,BUY,20,749.37,691.6,-1155.4,Auto-lightgbm-LimitChase,Stop Loss (-50),CLOSED,0.7309668473393481,0.309,False,BSE-1770011577590-4486,original
2026-02-02 11:23:34,2026-02-02 11:23:42,BSE,BSE_AUTO_0148,SENSEX2620580300CE,CE,BUY,20,735.52,678.3,-1144.4,Auto-lightgbm-LimitChase,Stop Loss (-50),CLOSED,0.810774216014016,0.309,False,BSE-1770011614269-4487,original
2026-02-02 11:23:38,2026-02-02 11:32:30,NSE,NSE_AUTO_0338,NIFTY2620324600CE,CE,BUY,65,200.22,228.7,1851.2,Auto-lightgbm-LimitChase,Target Hit (+25),CLOSED,0.8587131879546842,0.309,False,NSE-1770011617963-4843,original
2026-02-02 11:23:57,2026-02-02 11:23:59,BSE,BSE_AUTO_0149,SENSEX2620580300CE,CE,BUY,20,746.17,679.3,-1337.4,Auto-lightgbm-LimitChase,Stop Loss (-50),CLOSED,0.7815181050508798,0.309,False,BSE-1770011637560-4488,original
2026-02-02 11:24:13,2026-02-02 11:24:16,BSE,BSE_AUTO_0150,SENSEX2620580300CE,CE,BUY,20,747.02,677.1,-1398.4,Auto-lightgbm-LimitChase,Stop Loss (-50),CLOSED,0.7517125847177676,0.309,False,BSE-1770011652984-4489,original
2026-02-02 11:24:32,2026-02-02 11:24:32,BSE,BSE_AUTO_0151,SENSEX2620580300CE,CE,BUY,20,757.4699999999999,679.95,-1550.4,Auto-lightgbm-LimitChase,Stop Loss (-50),CLOSED,0.753351360547344,0.309,False,BSE-1770011672050-4490,original
2026-02-02 11:24:52,2026-02-02 11:24:54,BSE,BSE_AUTO_0152,SENSEX2620580300CE,CE,BUY,20,755.17,677.2,-1559.4,Auto-lightgbm-LimitChase,Stop Loss (-50),CLOSED,0.8083012091966874,0.309,False,BSE-1770011692834-4491,original
2026-02-02 11:25:10,2026-02-02 11:25:11,BSE,BSE_AUTO_0153,SENSEX2620580300CE,CE,BUY,20,752.8199999999999,672.2,-1612.4,Auto-lightgbm-LimitChase,Stop Loss (-50),CLOSED,0.7886571474972661,0.309,False,BSE-1770011705648-4492,original
2026-02-02 11:25:18,2026-02-02 11:25:22,BSE,BSE_AUTO_0154,SENSEX2620580300CE,CE,BUY,20,753.2199999999999,673.6,-1592.4,Auto-lightgbm-LimitChase,Stop Loss (-50),CLOSED,0.786973601935887,0.309,False,BSE-1770011718447-4493,original
2026-02-02 11:26:02,2026-02-02 11:26:12,BSE,BSE_AUTO_0155,SENSEX2620580400CE,CE,BUY,20,704.77,646.35,-1168.4,Auto-lightgbm-LimitChase,Stop Loss (-50),CLOSED,0.7655353973684961,0.309,False,BSE-1770011762041-4494,original
2026-02-02 11:26:13,2026-02-02 11:26:13,BSE,BSE_AUTO_0156,SENSEX2620580400CE,CE,BUY,20,708.17,655.0,-1063.4,Auto-lightgbm-LimitChase,Stop Loss (-50),CLOSED,0.7714039890877495,0.309,False,BSE-1770011772949-4495,original
2026-02-02 11:26:40,2026-02-02 11:32:28,BSE,BSE_AUTO_0157,SENSEX2620580400CE,CE,BUY,20,694.8199999999999,748.25,1068.6,Auto-lightgbm-LimitChase,Target Hit (+50),CLOSED,0.7373464443766333,0.309,False,BSE-1770011800200-4496,original
2026-02-02 11:29:09,2026-02-02 11:32:20,NSE,NSE_AUTO_0339,NIFTY2620324600CE,CE,BUY,65,198.62,223.7,1630.2,Auto-lightgbm-LimitChase,Target Hit (+25),CLOSED,0.8927264404588846,0.309,False,NSE-1770011949242-4860,original
2026-02-02 11:31:47,2026-02-02 11:31:49,BSE,BSE_AUTO_0158,SENSEX2620580300CE,CE,BUY,20,728.67,780.65,1039.6,Auto-lightgbm-LimitChase,Target Hit (+50),CLOSED,0.7589065386719362,0.309,False,BSE-1770012107802-4511,original
2026-02-02 11:32:31,2026-02-02 11:32:34,BSE,BSE_AUTO_0159,SENSEX2620580300CE,CE,BUY,20,739.77,812.6,1456.6,Auto-lightgbm-LimitChase,Target Hit (+50),CLOSED,0.7739494365973423,0.309,False,BSE-1770012150971-4516,original
2026-02-02 11:32:34,2026-02-02 11:32:39,BSE,BSE_AUTO_0160,SENSEX2620580300CE,CE,BUY,20,738.12,815.45,1546.6,Auto-lightgbm-LimitChase,Target Hit (+50),CLOSED,0.8003875685945486,0.309,False,BSE-1770012154393-4517,original
2026-02-02 11:32:41,2026-02-02 11:32:45,BSE,BSE_AUTO_0161,SENSEX2620580300CE,CE,BUY,20,733.9699999999999,825.0,1820.6,Auto-lightgbm-LimitChase,Target Hit (+50),CLOSED,0.8157954628970212,0.309,False,BSE-1770012161220-4518,original
2026-02-02 11:32:58,2026-02-02 11:33:09,BSE,BSE_AUTO_0162,SENSEX2620580300CE,CE,BUY,20,734.42,843.8,2187.6,Auto-lightgbm-LimitChase,Target Hit (+50),CLOSED,0.8206624606913958,0.309,False,BSE-1770012178160-4520,original
2026-02-02 11:33:09,2026-02-02 11:33:09,NSE,NSE_AUTO_0340,NIFTY2620324600CE,CE,BUY,65,198.72,238.9,2611.7,Auto-lightgbm-LimitChase,Target Hit (+25),CLOSED,0.8499971507777603,0.309,False,NSE-1770012181593-4871,original
2026-02-02 11:33:13,2026-02-02 11:33:17,NSE,NSE_AUTO_0341,NIFTY2620324600CE,CE,BUY,65,194.92,248.15,3459.95,Auto-lightgbm-LimitChase,Target Hit (+25),CLOSED,0.8772302751858988,0.309,False,NSE-1770012193824-4872,original
2026-02-02 11:33:20,2026-02-02 11:33:25,BSE,BSE_AUTO_0163,SENSEX2620580300CE,CE,BUY,20,717.2199999999999,878.75,3230.6,Auto-lightgbm-LimitChase,Target Hit (+50),CLOSED,0.8242539075736572,0.309,False,BSE-1770012200699-4521,original
2026-02-02 11:33:30,2026-02-02 11:33:32,NSE,NSE_AUTO_0342,NIFTY2620324600CE,CE,BUY,65,196.47,256.5,3901.95,Auto-lightgbm-LimitChase,Target Hit (+25),CLOSED,0.8653161971810062,0.309,False,NSE-1770012210010-4874,original
2026-02-02 11:33:37,2026-02-02 11:33:42,NSE,NSE_AUTO_0343,NIFTY2620324600CE,CE,BUY,65,197.92,263.0,4230.2,Auto-lightgbm-LimitChase,Target Hit (+25),CLOSED,0.8648474089774232,0.309,False,NSE-1770012217866-4875,original
2026-02-02 11:33:47,2026-02-02 11:33:53,BSE,BSE_AUTO_0164,SENSEX2620580300CE,CE,BUY,20,724.52,896.3,3435.6,Auto-lightgbm-LimitChase,Target Hit (+50),CLOSED,0.8094983858256072,0.309,False,BSE-1770012227627-4522,original
2026-02-02 11:33:56,2026-02-02 11:33:58,BSE,BSE_AUTO_0165,SENSEX2620580300CE,CE,BUY,20,723.0699999999999,884.25,3223.6,Auto-lightgbm-LimitChase,Target Hit (+50),CLOSED,0.8079617852437592,0.309,False,BSE-1770012235998-4524,original
2026-02-02 11:34:09,2026-02-02 11:34:09,BSE,BSE_AUTO_0166,SENSEX2620580300CE,CE,BUY,20,715.92,882.6,3333.6,Auto-lightgbm-LimitChase,Target Hit (+50),CLOSED,0.7962692203472918,0.309,False,BSE-1770012245455-4525,original
2026-02-02 11:34:18,2026-02-02 11:34:23,NSE,NSE_AUTO_0344,NIFTY2620324600CE,CE,BUY,65,189.07,265.0,4935.45,Auto-lightgbm-LimitChase,Target Hit (+25),CLOSED,0.8577090110498836,0.309,False,NSE-1770012258617-4877,original
2026-02-02 11:34:32,2026-02-02 11:34:33,NSE,NSE_AUTO_0345,NIFTY2620324600CE,CE,BUY,65,187.57,267.3,5182.45,Auto-lightgbm-LimitChase,Target Hit (+25),CLOSED,0.8599717203546317,0.309,False,NSE-1770012272353-4879,original
2026-02-02 11:34:35,2026-02-02 11:34:38,NSE,NSE_AUTO_0346,NIFTY2620324600CE,CE,BUY,65,186.72,262.7,4938.7,Auto-lightgbm-LimitChase,Target Hit (+25),CLOSED,0.8629849324257904,0.309,False,NSE-1770012275811-4880,original
2026-02-02 11:35:14,2026-02-02 11:42:13,BSE,BSE_AUTO_0167,SENSEX2620580200CE,CE,BUY,20,746.4699999999999,845.25,1975.6,Auto-lightgbm-LimitChase,Target Hit (+50),CLOSED,0.7980529101224838,0.309,False,BSE-1770012314488-4526,original
2026-02-02 11:35:17,2026-02-02 11:35:18,NSE,NSE_AUTO_0347,NIFTY2620324600CE,CE,BUY,65,179.11999999999998,261.1,5328.7,Auto-lightgbm-LimitChase,Target Hit (+25),CLOSED,0.8536021089369692,0.309,False,NSE-1770012317908-4881,original
2026-02-02 11:35:53,2026-02-02 11:35:53,NSE,NSE_AUTO_0348,NIFTY2620324600CE,CE,BUY,65,183.02,267.05,5461.95,Auto-lightgbm-LimitChase,Target Hit (+25),CLOSED,0.8641270515404956,0.309,False,NSE-1770012353647-4882,original
2026-02-02 11:36:11,2026-02-02 11:36:11,NSE,NSE_AUTO_0349,NIFTY2620324600CE,CE,BUY,65,182.57,267.0,5487.95,Auto-lightgbm-LimitChase,Target Hit (+25),CLOSED,0.8509738533057438,0.309,False,NSE-1770012364617-4883,original
2026-02-02 11:36:23,2026-02-02 11:36:24,NSE,NSE_AUTO_0350,NIFTY2620324600CE,CE,BUY,65,180.22,261.0,5250.7,Auto-lightgbm-LimitChase,Target Hit (+25),CLOSED,0.8509738533057438,0.309,False,NSE-1770012383360-4884,original
2026-02-02 11:36:53,2026-02-02 11:36:54,NSE,NSE_AUTO_0351,NIFTY2620324600CE,CE,BUY,65,178.86999999999998,248.1,4499.95,Auto-lightgbm-LimitChase,Target Hit (+25),CLOSED,0.8443680712251435,0.309,False,NSE-1770012413895-4885,original
2026-02-02 11:37:18,2026-02-02 11:37:20,NSE,NSE_AUTO_0352,NIFTY2620324600CE,CE,BUY,65,180.07,253.9,4798.95,Auto-lightgbm-LimitChase,Target Hit (+25),CLOSED,0.8561738775376712,0.309,False,NSE-1770012438287-4886,original
2026-02-02 11:37:27,2026-02-02 11:37:30,NSE,NSE_AUTO_0353,NIFTY2620324600CE,CE,BUY,65,182.92,258.0,4880.2,Auto-lightgbm-LimitChase,Target Hit (+25),CLOSED,0.8232838982954941,0.309,False,NSE-1770012447745-4887,original
2026-02-02 11:38:18,2026-02-02 11:38:20,NSE,NSE_AUTO_0354,NIFTY2620324600CE,CE,BUY,65,196.57,258.8,4044.95,Auto-lightgbm-LimitChase,Target Hit (+25),CLOSED,0.7973576626752577,0.309,False,NSE-1770012498878-4888,original
2026-02-02 11:38:22,2026-02-02 11:38:25,NSE,NSE_AUTO_0355,NIFTY2620324600CE,CE,BUY,65,196.77,263.2,4317.95,Auto-lightgbm-LimitChase,Target Hit (+25),CLOSED,0.7765083907002923,0.309,False,NSE-1770012502331-4889,original
2026-02-02 11:38:34,2026-02-02 11:38:35,NSE,NSE_AUTO_0356,NIFTY2620324600CE,CE,BUY,65,195.17,263.0,4408.95,Auto-lightgbm-LimitChase,Target Hit (+25),CLOSED,0.7504492101632741,0.309,False,NSE-1770012514617-4890,original
2026-02-02 11:38:52,2026-02-02 11:38:55,NSE,NSE_AUTO_0357,NIFTY2620324600CE,CE,BUY,65,195.47,266.35,4607.2,Auto-lightgbm-LimitChase,Target Hit (+25),CLOSED,0.7601865169084047,0.309,False,NSE-1770012532311-4891,original
2026-02-02 11:39:10,2026-02-02 11:39:11,NSE,NSE_AUTO_0358,NIFTY2620324600CE,CE,BUY,65,196.77,269.25,4711.2,Auto-lightgbm-LimitChase,Target Hit (+25),CLOSED,0.7506081213482244,0.309,False,NSE-1770012550772-4893,original
2026-02-02 11:39:19,2026-02-02 11:39:21,NSE,NSE_AUTO_0359,NIFTY2620324600CE,CE,BUY,65,197.72,267.4,4529.2,Auto-lightgbm-LimitChase,Target Hit (+25),CLOSED,0.7507057967484972,0.309,False,NSE-1770012559833-4894,original
2026-02-02 11:39:23,2026-02-02 11:39:26,NSE,NSE_AUTO_0360,NIFTY2620324600CE,CE,BUY,65,196.02,267.4,4639.7,Auto-lightgbm-LimitChase,Target Hit (+25),CLOSED,0.7733874820769371,0.309,False,NSE-1770012563391-4895,original
2026-02-02 11:39:26,2026-02-02 11:39:31,NSE,NSE_AUTO_0361,NIFTY2620324600CE,CE,BUY,65,194.47,267.65,4756.7,Auto-lightgbm-LimitChase,Target Hit (+25),CLOSED,0.7504492101632741,0.309,False,NSE-1770012566896-4896,original
2026-02-02 11:39:46,2026-02-02 11:39:51,NSE,NSE_AUTO_0362,NIFTY2620324600CE,CE,BUY,65,195.37,284.0,5760.95,Auto-lightgbm-LimitChase,Target Hit (+25),CLOSED,0.8152227487859893,0.309,False,NSE-1770012586583-4897,original
2026-02-02 11:39:53,2026-02-02 11:39:56,NSE,NSE_AUTO_0363,NIFTY2620324600CE,CE,BUY,65,192.32,295.0,6674.2,Auto-lightgbm-LimitChase,Target Hit (+25),CLOSED,0.8141852048157918,0.309,False,NSE-1770012593687-4898,original
2026-02-02 11:40:09,2026-02-02 11:40:09,NSE,NSE_AUTO_0364,NIFTY2620324600CE,CE,BUY,65,192.42,290.05,6345.95,Auto-lightgbm-LimitChase,Target Hit (+25),CLOSED,0.8152227487859893,0.309,False,NSE-1770012604320-4899,original
2026-02-02 11:40:19,2026-02-02 11:40:22,NSE,NSE_AUTO_0365,NIFTY2620324600CE,CE,BUY,65,193.82,277.45,5435.95,Auto-lightgbm-LimitChase,Target Hit (+25),CLOSED,0.8030781755088086,0.309,False,NSE-1770012619668-4900,original
2026-02-02 11:40:35,2026-02-02 11:40:49,BSE,BSE_AUTO_0168,SENSEX2620580300CE,CE,BUY,20,720.77,926.25,4109.6,Auto-lightgbm-LimitChase,Target Hit (+50),CLOSED,0.7485218380178869,0.309,False,BSE-1770012635440-4545,original
2026-02-02 11:40:53,2026-02-02 11:40:58,NSE,NSE_AUTO_0366,NIFTY2620324600CE,CE,BUY,65,196.37,275.0,5110.95,Auto-lightgbm-LimitChase,Target Hit (+25),CLOSED,0.8360792024008815,0.309,False,NSE-1770012653474-4901,original
2026-02-02 11:41:09,2026-02-02 11:41:13,NSE,NSE_AUTO_0367,NIFTY2620324600CE,CE,BUY,65,196.12,276.1,5198.7,Auto-lightgbm-LimitChase,Target Hit (+25),CLOSED,0.8186968334772082,0.309,False,NSE-1770012667798-4902,original
2026-02-02 11:41:20,2026-02-02 11:41:23,NSE,NSE_AUTO_0368,NIFTY2620324600CE,CE,BUY,65,196.32,285.6,5803.2,Auto-lightgbm-LimitChase,Target Hit (+25),CLOSED,0.8186968334772082,0.309,False,NSE-1770012680802-4904,original
2026-02-02 11:41:52,2026-02-02 11:41:53,NSE,NSE_AUTO_0369,NIFTY2620324650CE,CE,BUY,65,176.92,249.2,4698.2,Auto-lightgbm-LimitChase,Target Hit (+25),CLOSED,0.8034048394263313,0.309,False,NSE-1770012712871-4905,original
2026-02-02 11:42:21,2026-02-02 11:42:24,BSE,BSE_AUTO_0169,SENSEX2620580400CE,CE,BUY,20,715.87,912.0,3922.6,Auto-lightgbm-LimitChase,Target Hit (+50),CLOSED,0.7929265844681328,0.309,False,BSE-1770012741020-4550,original
2026-02-02 11:42:47,2026-02-02 11:42:49,NSE,NSE_AUTO_0370,NIFTY2620324650CE,CE,BUY,65,177.07,267.3,5864.95,Auto-lightgbm-LimitChase,Target Hit (+25),CLOSED,0.8155211857770608,0.309,False,NSE-1770012767580-4906,original
2026-02-02 11:42:50,2026-02-02 11:42:54,NSE,NSE_AUTO_0371,NIFTY2620324650CE,CE,BUY,65,178.76999999999998,268.05,5803.2,Auto-lightgbm-LimitChase,Target Hit (+25),CLOSED,0.8177340535304679,0.309,False,NSE-1770012770948-4907,original
2026-02-02 11:42:57,2026-02-02 11:43:47,BSE,BSE_AUTO_0170,SENSEX2620580400CE,CE,BUY,20,704.92,920.85,4318.6,Auto-lightgbm-LimitChase,Target Hit (+50),CLOSED,0.8102606745404151,0.309,False,BSE-1770012777105-4551,original
2026-02-02 11:43:10,2026-02-02 11:43:14,NSE,NSE_AUTO_0372,NIFTY2620324650CE,CE,BUY,65,181.22,270.1,5777.2,Auto-lightgbm-LimitChase,Target Hit (+25),CLOSED,0.8125904899625692,0.309,False,NSE-1770012789984-4908,original
2026-02-02 11:43:32,2026-02-02 11:43:34,NSE,NSE_AUTO_0373,NIFTY2620324650CE,CE,BUY,65,182.67,266.4,5442.45,Auto-lightgbm-LimitChase,Target Hit (+25),CLOSED,0.8193633040493863,0.309,False,NSE-1770012812732-4909,original
2026-02-02 11:43:49,2026-02-02 11:43:49,NSE,NSE_AUTO_0374,NIFTY2620324650CE,CE,BUY,65,183.62,257.25,4785.95,Auto-lightgbm-LimitChase,Target Hit (+25),CLOSED,0.8209094139859492,0.309,False,NSE-1770012829439-4910,original
2026-02-02 11:43:53,2026-02-02 11:43:54,NSE,NSE_AUTO_0375,NIFTY2620324650CE,CE,BUY,65,188.17,257.9,4532.45,Auto-lightgbm-LimitChase,Target Hit (+25),CLOSED,0.8195665450889411,0.309,False,NSE-1770012832951-4911,original
2026-02-02 11:44:09,2026-02-02 11:44:09,NSE,NSE_AUTO_0376,NIFTY2620324700CE,CE,BUY,65,161.51999999999998,223.1,4002.7,Auto-lightgbm-LimitChase,Target Hit (+25),CLOSED,0.8560988908643238,0.309,False,NSE-1770012843149-4912,original
2026-02-02 11:44:55,2026-02-02 11:44:56,NSE,NSE_AUTO_0377,NIFTY2620324700CE,CE,BUY,65,176.97,230.25,3463.2,Auto-lightgbm-LimitChase,Target Hit (+25),CLOSED,0.841103945025696,0.309,False,NSE-1770012895574-4913,original
2026-02-02 11:44:59,2026-02-02 11:45:01,NSE,NSE_AUTO_0378,NIFTY2620324700CE,CE,BUY,65,180.47,232.45,3378.7,Auto-lightgbm-LimitChase,Target Hit (+25),CLOSED,0.8417669862471392,0.309,False,NSE-1770012898943-4914,original
2026-02-02 11:45:09,2026-02-02 11:45:10,BSE,BSE_AUTO_0171,SENSEX2620580600CE,CE,BUY,20,702.77,818.4,2312.6,Auto-lightgbm-LimitChase,Target Hit (+50),CLOSED,0.7038523608463443,0.309,False,BSE-1770012902388-4557,original
2026-02-02 11:45:11,2026-02-02 11:45:16,NSE,NSE_AUTO_0379,NIFTY2620324700CE,CE,BUY,65,188.72,231.85,2803.45,Auto-lightgbm-LimitChase,Target Hit (+25),CLOSED,0.8418234588765288,0.309,False,NSE-1770012911896-4915,original
2026-02-02 11:46:11,2026-02-02 11:46:12,NSE,NSE_AUTO_0380,NIFTY2620324700CE,CE,BUY,65,192.62,241.2,3157.7,Auto-lightgbm-LimitChase,Target Hit (+25),CLOSED,0.8570086390129695,0.309,False,NSE-1770012966080-4916,original
2026-02-02 11:46:13,2026-02-02 11:46:16,NSE,NSE_AUTO_0381,NIFTY2620324700CE,CE,BUY,65,190.67,239.8,3193.45,Auto-lightgbm-LimitChase,Target Hit (+25),CLOSED,0.8520772351954944,0.309,False,NSE-1770012973279-4917,original
2026-02-02 11:46:42,2026-02-02 11:46:47,NSE,NSE_AUTO_0382,NIFTY2620324750CE,CE,BUY,65,165.11999999999998,206.8,2709.2,Auto-lightgbm-LimitChase,Target Hit (+25),CLOSED,0.95,0.309,False,NSE-1770013002589-4919,original
2026-02-02 11:46:49,2026-02-02 11:46:52,NSE,NSE_AUTO_0383,NIFTY2620324700CE,CE,BUY,65,188.82,240.0,3326.7,Auto-lightgbm-LimitChase,Target Hit (+25),CLOSED,0.95,0.309,False,NSE-1770013009875-4920,original
2026-02-02 11:47:34,2026-02-02 11:47:37,NSE,NSE_AUTO_0384,NIFTY2620324700CE,CE,BUY,65,194.62,236.1,2696.2,Auto-lightgbm-LimitChase,Target Hit (+25),CLOSED,0.95,0.309,False,NSE-1770013054609-4921,original
2026-02-02 11:47:38,2026-02-02 11:47:42,NSE,NSE_AUTO_0385,NIFTY2620324700CE,CE,BUY,65,193.27,232.65,2559.7,Auto-lightgbm-LimitChase,Target Hit (+25),CLOSED,0.95,0.309,False,NSE-1770013058114-4922,original
2026-02-02 11:48:09,2026-02-02 11:48:09,NSE,NSE_AUTO_0386,NIFTY2620324700CE,CE,BUY,65,184.72,230.6,2982.2,Auto-lightgbm-LimitChase,Target Hit (+25),CLOSED,0.95,0.309,False,NSE-1770013081654-4923,original
2026-02-02 11:48:27,2026-02-02 11:48:28,BSE,BSE_AUTO_0172,SENSEX2620580600CE,CE,BUY,20,683.5699999999999,813.8,2604.6,Auto-lightgbm-LimitChase,Target Hit (+50),CLOSED,0.7462190189010318,0.309,False,BSE-1770013107892-4562,original
2026-02-02 11:48:31,2026-02-02 11:48:34,BSE,BSE_AUTO_0173,SENSEX2620580600CE,CE,BUY,20,681.2199999999999,817.85,2732.6,Auto-lightgbm-LimitChase,Target Hit (+50),CLOSED,0.7420821767208506,0.309,False,BSE-1770013111413-4563,original
2026-02-02 11:48:47,2026-02-02 11:48:51,BSE,BSE_AUTO_0174,SENSEX2620580600CE,CE,BUY,20,694.27,811.35,2341.6,Auto-lightgbm-LimitChase,Target Hit (+50),CLOSED,0.7091307640106902,0.309,False,BSE-1770013127806-4565,original
2026-02-02 11:48:58,2026-02-02 11:49:00,NSE,NSE_AUTO_0387,NIFTY2620324700CE,CE,BUY,65,188.22,224.55,2361.45,Auto-lightgbm-LimitChase,Target Hit (+25),CLOSED,0.95,0.309,False,NSE-1770013138522-4924,original
2026-02-02 11:50:27,2026-02-02 11:50:27,NSE,NSE_AUTO_0388,NIFTY2620324700CE,CE,BUY,65,192.82,227.55,2257.45,Auto-lightgbm-LimitChase,Target Hit (+25),CLOSED,0.8878565237014221,0.309,False,NSE-1770013227335-4925,original
2026-02-02 11:50:34,2026-02-02 11:50:38,NSE,NSE_AUTO_0389,NIFTY2620324700CE,CE,BUY,65,192.12,226.75,2250.95,Auto-lightgbm-LimitChase,Target Hit (+25),CLOSED,0.90494780346111,0.309,False,NSE-1770013234162-4926,original
2026-02-02 11:50:44,2026-02-02 11:50:45,BSE,BSE_AUTO_0175,SENSEX2620580600CE,CE,BUY,20,710.27,812.1,2036.6,Auto-lightgbm-LimitChase,Target Hit (+50),CLOSED,0.7358945844723439,0.309,False,BSE-1770013244284-4566,original
2026-02-02 11:50:50,2026-02-02 11:50:53,NSE,NSE_AUTO_0390,NIFTY2620324700CE,CE,BUY,65,195.87,227.6,2062.45,Auto-lightgbm-LimitChase,Target Hit (+25),CLOSED,0.912213640750328,0.309,False,NSE-1770013249967-4928,original
2026-02-02 11:51:24,2026-02-02 11:52:25,NSE,NSE_AUTO_0391,NIFTY2620324750CE,CE,BUY,65,173.26999999999998,201.1,1808.95,Auto-lightgbm-LimitChase,Target Hit (+25),CLOSED,0.9296631731637682,0.309,False,NSE-1770013284808-4929,original
2026-02-02 11:52:47,2026-02-02 11:52:50,NSE,NSE_AUTO_0392,NIFTY2620324700CE,CE,BUY,65,200.47,231.4,2010.45,Auto-lightgbm-LimitChase,Target Hit (+25),CLOSED,0.9364159851273643,0.309,False,NSE-1770013367394-4932,original
2026-02-02 11:52:50,2026-02-02 11:54:11,NSE,NSE_AUTO_0393,NIFTY2620324750CE,CE,BUY,65,173.22,200.6,1779.7,Auto-lightgbm-LimitChase,Target Hit (+25),CLOSED,0.95,0.309,False,NSE-1770013370806-4933,original
2026-02-02 11:53:45,2026-02-02 11:53:53,BSE,BSE_AUTO_0176,SENSEX2620580700CE,CE,BUY,20,707.27,758.45,1023.6,Auto-lightgbm-LimitChase,Target Hit (+50),CLOSED,0.8455983642053537,0.309,False,BSE-1770013425000-4578,original
2026-02-02 11:54:09,2026-02-02 11:54:10,BSE,BSE_AUTO_0177,SENSEX2620580700CE,CE,BUY,20,715.2199999999999,773.75,1170.6,Auto-lightgbm-LimitChase,Target Hit (+50),CLOSED,0.855333655696744,0.309,False,BSE-1770013445611-4580,original
2026-02-02 11:54:11,2026-02-02 12:14:49,NSE,NSE_AUTO_0394,NIFTY2620324750CE,CE,BUY,65,189.42,226.5,2410.2,Auto-lightgbm-LimitChase,Target Hit (+25),CLOSED,0.95,0.309,False,NSE-1770013451746-4935,original
2026-02-02 11:54:25,2026-02-02 12:14:41,BSE,BSE_AUTO_0178,SENSEX2620580700CE,CE,BUY,20,745.3199999999999,806.9,1231.6,Auto-lightgbm-LimitChase,Target Hit (+50),CLOSED,0.8352539978778115,0.309,False,BSE-1770013465948-4581,original
2026-02-02 11:59:12,2026-02-02 12:14:49,NSE,NSE_AUTO_0395,NIFTY2620324750CE,CE,BUY,65,197.07,226.5,1912.95,Auto-lightgbm-LimitChase,Target Hit (+25),CLOSED,0.95,0.309,False,NSE-1770013751990-4954,original
2026-02-02 11:59:47,2026-02-02 12:14:41,BSE,BSE_AUTO_0179,SENSEX2620580800CE,CE,BUY,20,686.37,744.05,1153.6,Auto-lightgbm-LimitChase,Target Hit (+50),CLOSED,0.7518730891439274,0.309,False,BSE-1770013787784-4596,original
2026-02-02 12:06:10,2026-02-02 12:14:54,NSE,NSE_AUTO_0396,NIFTY2620324800CE,CE,BUY,65,166.82,192.45,1665.95,Auto-lightgbm-LimitChase,Target Hit (+25),CLOSED,0.95,0.309,False,NSE-1770014169463-4976,original
2026-02-02 12:14:47,2026-02-02 12:14:52,BSE,BSE_AUTO_0180,SENSEX2620580800CE,CE,BUY,20,673.5699999999999,788.85,2305.6,Auto-lightgbm-LimitChase,Target Hit (+50),CLOSED,0.7129991870937175,0.309,False,BSE-1770014687915-4651,original
2026-02-02 12:15:12,2026-02-02 12:15:14,NSE,NSE_AUTO_0397,NIFTY2620324750CE,CE,BUY,65,185.77,229.95,2871.7,Auto-lightgbm-LimitChase,Target Hit (+25),CLOSED,0.747852386699005,0.309,False,NSE-1770014712015-5006,original
2026-02-02 12:15:16,2026-02-02 12:15:19,NSE,NSE_AUTO_0398,NIFTY2620324750CE,CE,BUY,65,185.82,224.5,2514.2,Auto-lightgbm-LimitChase,Target Hit (+25),CLOSED,0.6958027095594567,0.309,False,NSE-1770014716473-5007,original
2026-02-02 12:15:20,2026-02-02 12:15:24,NSE,NSE_AUTO_0399,NIFTY2620324750CE,CE,BUY,65,186.72,229.7,2793.7,Auto-lightgbm-LimitChase,Target Hit (+25),CLOSED,0.747852386699005,0.309,False,NSE-1770014720114-5008,original
2026-02-02 12:15:27,2026-02-02 12:15:29,NSE,NSE_AUTO_0400,NIFTY2620324750CE,CE,BUY,65,189.72,229.1,2559.7,Auto-lightgbm-LimitChase,Target Hit (+25),CLOSED,0.747852386699005,0.309,False,NSE-1770014727518-5009,original
2026-02-02 12:15:37,2026-02-02 12:15:41,BSE,BSE_AUTO_0181,SENSEX2620580800CE,CE,BUY,20,684.92,787.7,2055.6,Auto-lightgbm-LimitChase,Target Hit (+50),CLOSED,0.8635934505941618,0.309,False,BSE-1770014737472-4652,original
2026-02-02 12:15:41,2026-02-02 12:15:46,BSE,BSE_AUTO_0182,SENSEX2620580800CE,CE,BUY,20,684.62,797.65,2260.6,Auto-lightgbm-LimitChase,Target Hit (+50),CLOSED,0.8759986277719953,0.309,False,BSE-1770014741624-4653,original
2026-02-02 12:15:52,2026-02-02 12:15:52,BSE,BSE_AUTO_0183,SENSEX2620580800CE,CE,BUY,20,679.17,771.1,1838.6,Auto-lightgbm-LimitChase,Target Hit (+50),CLOSED,0.8422216359589206,0.309,False,BSE-1770014752001-4654,original
2026-02-02 12:15:58,2026-02-02 12:16:00,NSE,NSE_AUTO_0401,NIFTY2620324750CE,CE,BUY,65,190.92,222.35,2042.95,Auto-lightgbm-LimitChase,Target Hit (+25),CLOSED,0.69555877476595,0.309,False,NSE-1770014758341-5010,original
2026-02-02 12:16:15,2026-02-02 12:16:20,BSE,BSE_AUTO_0184,SENSEX2620580800CE,CE,BUY,20,675.2199999999999,797.75,2450.6,Auto-lightgbm-LimitChase,Target Hit (+50),CLOSED,0.8574699587634581,0.309,False,BSE-1770014775351-4655,original
2026-02-02 12:16:23,2026-02-02 12:16:25,NSE,NSE_AUTO_0402,NIFTY2620324750CE,CE,BUY,65,185.17,223.3,2478.45,Auto-lightgbm-LimitChase,Target Hit (+25),CLOSED,0.69555877476595,0.309,False,NSE-1770014783631-5011,original
2026-02-02 12:16:27,2026-02-02 12:16:30,NSE,NSE_AUTO_0403,NIFTY2620324750CE,CE,BUY,65,186.32,223.55,2419.95,Auto-lightgbm-LimitChase,Target Hit (+25),CLOSED,0.7144538807049485,0.309,False,NSE-1770014787707-5012,original
2026-02-02 12:16:42,2026-02-02 12:16:47,BSE,BSE_AUTO_0185,SENSEX2620580800CE,CE,BUY,20,678.02,806.45,2568.6,Auto-lightgbm-LimitChase,Target Hit (+50),CLOSED,0.7396073711520191,0.309,False,BSE-1770014802442-4656,original
2026-02-02 12:17:17,2026-02-02 12:17:20,NSE,NSE_AUTO_0404,NIFTY2620324750CE,CE,BUY,65,198.02,232.05,2211.95,Auto-lightgbm-LimitChase,Target Hit (+25),CLOSED,0.7362563968562279,0.309,False,NSE-1770014837379-5013,original
2026-02-02 12:17:44,2026-02-02 12:17:46,NSE,NSE_AUTO_0405,NIFTY2620324750CE,CE,BUY,65,192.72,232.15,2562.95,Auto-lightgbm-LimitChase,Target Hit (+25),CLOSED,0.7160377407678628,0.309,False,NSE-1770014864309-5014,original
2026-02-02 12:17:51,2026-02-02 12:17:54,BSE,BSE_AUTO_0186,SENSEX2620580800CE,CE,BUY,20,699.52,813.2,2273.6,Auto-lightgbm-LimitChase,Target Hit (+50),CLOSED,0.7100972562041361,0.309,False,BSE-1770014871385-4659,original
2026-02-02 12:18:10,2026-02-02 12:18:11,NSE,NSE_AUTO_0406,NIFTY2620324750CE,CE,BUY,65,191.87,229.0,2413.45,Auto-lightgbm-LimitChase,Target Hit (+25),CLOSED,0.7151788094304804,0.309,False,NSE-1770014886823-5015,original
2026-02-02 12:18:38,2026-02-02 12:18:38,BSE,BSE_AUTO_0187,SENSEX2620580800CE,CE,BUY,20,672.9699999999999,789.2,2324.6,Auto-lightgbm-LimitChase,Target Hit (+50),CLOSED,0.7422710340978291,0.309,False,BSE-1770014918704-4662,original
2026-02-02 12:18:49,2026-02-02 12:18:49,BSE,BSE_AUTO_0188,SENSEX2620580800CE,CE,BUY,20,675.92,788.85,2258.6,Auto-lightgbm-LimitChase,Target Hit (+50),CLOSED,0.7017478175311636,0.309,False,BSE-1770014929255-4663,original
2026-02-02 12:19:10,2026-02-02 12:19:10,NSE,NSE_AUTO_0407,NIFTY2620324750CE,CE,BUY,65,190.37,219.85,1916.2,Auto-lightgbm-LimitChase,Target Hit (+25),CLOSED,0.7573534483913402,0.309,False,NSE-1770014943099-5016,original
2026-02-02 12:19:10,2026-02-02 12:19:12,BSE,BSE_AUTO_0189,SENSEX2620580800CE,CE,BUY,20,689.37,766.3,1538.6,Auto-lightgbm-LimitChase,Target Hit (+50),CLOSED,0.7458438577560188,0.309,False,BSE-1770014950388-4664,original
2026-02-02 12:19:13,2026-02-02 12:19:17,BSE,BSE_AUTO_0190,SENSEX2620580800CE,CE,BUY,20,688.62,763.7,1501.6,Auto-lightgbm-LimitChase,Target Hit (+50),CLOSED,0.7412686694882745,0.309,False,BSE-1770014953833-4665,original
2026-02-02 12:19:23,2026-02-02 12:23:25,NSE,NSE_AUTO_0408,NIFTY2620324750CE,CE,BUY,65,189.92,214.95,1626.95,Auto-lightgbm-LimitChase,Target Hit (+25),CLOSED,0.7573534483913402,0.309,False,NSE-1770014963450-5017,original
2026-02-02 12:20:12,2026-02-02 12:20:14,BSE,BSE_AUTO_0191,SENSEX2620580800CE,CE,BUY,20,679.17,737.5,1166.6,Auto-lightgbm-LimitChase,Target Hit (+50),CLOSED,0.7143302787865686,0.309,False,BSE-1770015012715-4667,original
2026-02-02 12:20:20,2026-02-02 12:20:25,BSE,BSE_AUTO_0192,SENSEX2620580800CE,CE,BUY,20,673.17,732.05,1177.6,Auto-lightgbm-LimitChase,Target Hit (+50),CLOSED,0.7143302787865686,0.309,False,BSE-1770015020010-4668,original
2026-02-02 12:23:43,2026-02-02 12:23:55,NSE,NSE_AUTO_0409,NIFTY2620324750CE,CE,BUY,65,189.52,215.8,1708.2,Auto-lightgbm-LimitChase,Target Hit (+25),CLOSED,0.7654630311543696,0.309,False,NSE-1770015223533-5033,original
2026-02-02 12:24:10,2026-02-02 12:26:52,NSE,NSE_AUTO_0410,NIFTY2620324750CE,CE,BUY,65,197.12,224.5,1779.7,Auto-lightgbm-LimitChase,Target Hit (+25),CLOSED,0.773234325239027,0.309,False,NSE-1770015248745-5034,original
2026-02-02 12:26:56,2026-02-02 12:31:13,NSE,NSE_AUTO_0411,NIFTY2620324800CE,CE,BUY,65,191.77,166.4,-1649.05,Auto-lightgbm-LimitChase,Stop Loss (-25),CLOSED,0.8522296811696434,0.309,False,NSE-1770015416729-5048,original
2026-02-02 12:30:55,2026-02-02 12:35:15,BSE,BSE_AUTO_0193,SENSEX2620580900CE,CE,BUY,20,698.8199999999999,639.0,-1196.4,Auto-lightgbm-LimitChase,Stop Loss (-50),CLOSED,0.7115851966269985,0.309,False,BSE-1770015655445-4702,original
2026-02-02 12:31:40,2026-02-02 12:36:34,NSE,NSE_AUTO_0412,NIFTY2620324800CE,CE,BUY,65,175.01999999999998,148.9,-1697.8,Auto-lightgbm-LimitChase,Stop Loss (-25),CLOSED,0.8591198846066587,0.309,False,NSE-1770015700904-5058,original
2026-02-02 12:35:42,2026-02-02 12:35:42,BSE,BSE_AUTO_0194,SENSEX2620580900CE,CE,BUY,20,694.0699999999999,631.05,-1260.4,Auto-lightgbm-LimitChase,Stop Loss (-50),CLOSED,0.8094033798531105,0.309,False,BSE-1770015942393-4711,original
2026-02-02 12:35:49,2026-02-02 12:35:54,BSE,BSE_AUTO_0195,SENSEX2620580900CE,CE,BUY,20,695.4699999999999,633.85,-1232.4,Auto-lightgbm-LimitChase,Stop Loss (-50),CLOSED,0.7929715299722718,0.309,False,BSE-1770015949442-4712,original
2026-02-02 12:36:13,2026-02-02 12:36:13,BSE,BSE_AUTO_0196,SENSEX2620580900CE,CE,BUY,20,697.62,626.95,-1413.4,Auto-lightgbm-LimitChase,Stop Loss (-50),CLOSED,0.8078840172847593,0.309,False,BSE-1770015966361-4714,original
2026-02-02 12:36:26,2026-02-02 12:36:28,BSE,BSE_AUTO_0197,SENSEX2620580900CE,CE,BUY,20,696.87,622.75,-1482.4,Auto-lightgbm-LimitChase,Stop Loss (-50),CLOSED,0.8078840172847593,0.309,False,BSE-1770015986759-4716,original
2026-02-02 12:36:45,2026-02-02 12:36:49,NSE,NSE_AUTO_0413,NIFTY2620324800CE,CE,BUY,65,177.67,149.15,-1853.8,Auto-lightgbm-LimitChase,Stop Loss (-25),CLOSED,0.8352233111547213,0.309,False,NSE-1770016005875-5068,original
2026-02-02 12:36:49,2026-02-02 12:36:50,BSE,BSE_AUTO_0198,SENSEX2620580900CE,CE,BUY,20,695.5699999999999,619.1,-1529.4,Auto-lightgbm-LimitChase,Stop Loss (-50),CLOSED,0.7872841262170351,0.309,False,BSE-1770016009420-4717,original
2026-02-02 12:37:09,2026-02-02 12:37:09,BSE,BSE_AUTO_0199,SENSEX2620580900CE,CE,BUY,20,686.37,624.7,-1233.4,Auto-lightgbm-LimitChase,Stop Loss (-50),CLOSED,0.7556939252499925,0.309,False,BSE-1770016022549-4718,original
2026-02-02 12:37:24,2026-02-02 12:44:38,BSE,BSE_AUTO_0200,SENSEX2620580900CE,CE,BUY,20,675.0699999999999,624.9,-1003.4,Auto-lightgbm-LimitChase,Stop Loss (-50),CLOSED,0.7803366408889749,0.309,False,BSE-1770016043977-4720,original
2026-02-02 12:37:29,2026-02-02 12:58:36,NSE,NSE_AUTO_0414,NIFTY2620324800CE,CE,BUY,65,170.32,198.75,1847.95,Auto-lightgbm-LimitChase,Target Hit (+25),CLOSED,0.8311054523136447,0.309,False,NSE-1770016049773-5069,original
2026-02-02 12:42:48,2026-02-02 12:45:26,BSE,BSE_AUTO_0201,SENSEX2620580900CE,CE,BUY,20,669.62,617.9,-1034.4,Auto-lightgbm-LimitChase,Stop Loss (-50),CLOSED,0.7207754039532738,0.309,False,BSE-1770016368178-4738,original
2026-02-02 12:43:09,2026-02-02 12:58:36,NSE,NSE_AUTO_0415,NIFTY2620324800CE,CE,BUY,65,172.22,198.75,1724.45,Auto-lightgbm-LimitChase,Target Hit (+25),CLOSED,0.6567644372612539,0.309,False,NSE-1770016389868-5082,original
2026-02-02 12:47:10,2026-02-02 12:49:58,BSE,BSE_AUTO_0202,SENSEX2620580800CE,CE,BUY,20,701.2199999999999,762.15,1218.6,Auto-lightgbm-LimitChase,Target Hit (+50),CLOSED,0.7734900757900127,0.309,False,BSE-1770016624125-4751,original
2026-02-02 12:50:27,2026-02-02 12:50:32,BSE,BSE_AUTO_0203,SENSEX2620580800CE,CE,BUY,20,691.12,750.95,1196.6,Auto-lightgbm-LimitChase,Target Hit (+50),CLOSED,0.7835053513366147,0.309,False,BSE-1770016827855-4761,original
2026-02-02 12:51:23,2026-02-02 12:56:57,BSE,BSE_AUTO_0204,SENSEX2620580900CE,CE,BUY,20,651.92,712.85,1218.6,Auto-lightgbm-LimitChase,Target Hit (+50),CLOSED,0.7227792320692341,0.309,False,BSE-1770016883223-4762,original
2026-02-02 12:56:45,2026-02-02 12:56:46,BSE,BSE_AUTO_0205,SENSEX2620580800CE,CE,BUY,20,688.92,763.7,1495.6,Auto-lightgbm-LimitChase,Target Hit (+50),CLOSED,0.8337532323678272,0.309,False,BSE-1770017205515-4770,original
2026-02-02 12:57:14,2026-02-02 12:57:19,BSE,BSE_AUTO_0206,SENSEX2620580800CE,CE,BUY,20,679.2199999999999,771.8,1851.6,Auto-lightgbm-LimitChase,Target Hit (+50),CLOSED,0.7828362781521079,0.309,False,BSE-1770017234465-4771,original
2026-02-02 12:57:27,2026-02-02 12:57:30,BSE,BSE_AUTO_0207,SENSEX2620580800CE,CE,BUY,20,688.62,777.85,1784.6,Auto-lightgbm-LimitChase,Target Hit (+50),CLOSED,0.8214813193603036,0.309,False,BSE-1770017246983-4772,original
2026-02-02 12:57:40,2026-02-02 12:57:41,BSE,BSE_AUTO_0208,SENSEX2620580800CE,CE,BUY,20,695.67,777.95,1645.6,Auto-lightgbm-LimitChase,Target Hit (+50),CLOSED,0.8355478096966078,0.309,False,BSE-1770017259993-4774,original
2026-02-02 12:58:10,2026-02-02 12:58:15,BSE,BSE_AUTO_0209,SENSEX2620580800CE,CE,BUY,20,707.92,794.75,1736.6,Auto-lightgbm-LimitChase,Target Hit (+50),CLOSED,0.8185783289287974,0.309,False,BSE-1770017288998-4775,original
2026-02-02 12:58:16,2026-02-02 12:58:20,BSE,BSE_AUTO_0210,SENSEX2620580800CE,CE,BUY,20,690.9699999999999,793.7,2054.6,Auto-lightgbm-LimitChase,Target Hit (+50),CLOSED,0.7792302953463403,0.309,False,BSE-1770017296162-4776,original
2026-02-02 12:58:32,2026-02-02 12:58:37,BSE,BSE_AUTO_0211,SENSEX2620580800CE,CE,BUY,20,693.92,809.85,2318.6,Auto-lightgbm-LimitChase,Target Hit (+50),CLOSED,0.7802344094663751,0.309,False,BSE-1770017312599-4778,original
2026-02-02 12:58:39,2026-02-02 12:58:41,NSE,NSE_AUTO_0416,NIFTY2620324800CE,CE,BUY,65,156.51999999999998,198.1,2702.7,Auto-lightgbm-LimitChase,Target Hit (+25),CLOSED,0.6208898187435747,0.309,False,NSE-1770017319709-5139,original
2026-02-02 12:58:45,2026-02-02 12:58:48,BSE,BSE_AUTO_0212,SENSEX2620580800CE,CE,BUY,20,692.12,807.85,2314.6,Auto-lightgbm-LimitChase,Target Hit (+50),CLOSED,0.7802344094663751,0.309,False,BSE-1770017325897-4780,original
2026-02-02 12:58:49,2026-02-02 12:58:54,BSE,BSE_AUTO_0213,SENSEX2620580800CE,CE,BUY,20,694.42,807.3,2257.6,Auto-lightgbm-LimitChase,Target Hit (+50),CLOSED,0.7805962743582715,0.309,False,BSE-1770017329377-4781,original
2026-02-02 12:59:22,2026-02-02 12:59:27,BSE,BSE_AUTO_0214,SENSEX2620580800CE,CE,BUY,20,702.3199999999999,833.75,2628.6,Auto-lightgbm-LimitChase,Target Hit (+50),CLOSED,0.7747136070607387,0.309,False,BSE-1770017362166-4782,original
2026-02-02 12:59:29,2026-02-02 12:59:32,BSE,BSE_AUTO_0215,SENSEX2620580800CE,CE,BUY,20,706.77,826.25,2389.6,Auto-lightgbm-LimitChase,Target Hit (+50),CLOSED,0.8019079673132733,0.309,False,BSE-1770017369082-4783,original
2026-02-02 12:59:51,2026-02-02 12:59:55,BSE,BSE_AUTO_0216,SENSEX2620580900CE,CE,BUY,20,661.7199999999999,762.55,2016.6,Auto-lightgbm-LimitChase,Target Hit (+50),CLOSED,0.7572612008695426,0.309,False,BSE-1770017391800-4784,original
2026-02-02 13:00:30,2026-02-02 13:00:33,BSE,BSE_AUTO_0217,SENSEX2620580900CE,CE,BUY,20,658.92,784.3,2507.6,Auto-lightgbm-LimitChase,Target Hit (+50),CLOSED,0.779804073397484,0.309,False,BSE-1770017430784-4785,original
2026-02-02 13:00:34,2026-02-02 13:00:39,BSE,BSE_AUTO_0218,SENSEX2620580900CE,CE,BUY,20,667.92,798.95,2620.6,Auto-lightgbm-LimitChase,Target Hit (+50),CLOSED,0.8019819079650459,0.309,False,BSE-1770017434333-4786,original
2026-02-02 13:01:10,2026-02-02 13:01:12,BSE,BSE_AUTO_0219,SENSEX2620580900CE,CE,BUY,20,680.5699999999999,796.8,2324.6,Auto-lightgbm-LimitChase,Target Hit (+50),CLOSED,0.7591796198671313,0.309,False,BSE-1770017470888-4787,original
2026-02-02 13:01:20,2026-02-02 13:01:23,BSE,BSE_AUTO_0220,SENSEX2620580900CE,CE,BUY,20,685.77,792.25,2129.6,Auto-lightgbm-LimitChase,Target Hit (+50),CLOSED,0.7843718170653265,0.309,False,BSE-1770017480315-4788,original
2026-02-02 13:01:39,2026-02-02 13:01:40,BSE,BSE_AUTO_0221,SENSEX2620580900CE,CE,BUY,20,697.67,787.4,1794.6,Auto-lightgbm-LimitChase,Target Hit (+50),CLOSED,0.8069028521549354,0.309,False,BSE-1770017499236-4789,original
2026-02-02 13:01:50,2026-02-02 13:01:51,BSE,BSE_AUTO_0222,SENSEX2620580900CE,CE,BUY,20,701.3199999999999,775.0,1473.6,Auto-lightgbm-LimitChase,Target Hit (+50),CLOSED,0.8251188955488751,0.309,False,BSE-1770017510345-4790,original
2026-02-02 13:02:09,2026-02-02 13:02:09,BSE,BSE_AUTO_0223,SENSEX2620580900CE,CE,BUY,20,690.4699999999999,775.0,1690.6,Auto-lightgbm-LimitChase,Target Hit (+50),CLOSED,0.7914355685592342,0.309,False,BSE-1770017523567-4791,original
2026-02-02 13:02:14,2026-02-02 13:02:14,BSE,BSE_AUTO_0224,SENSEX2620580900CE,CE,BUY,20,689.92,782.3,1847.6,Auto-lightgbm-LimitChase,Target Hit (+50),CLOSED,0.7907819797105374,0.309,False,BSE-1770017534037-4793,original
2026-02-02 13:02:17,2026-02-02 13:02:18,NSE,NSE_AUTO_0417,NIFTY2620324800CE,CE,BUY,65,179.07,207.1,1821.95,Auto-lightgbm-LimitChase,Target Hit (+25),CLOSED,0.6040847252727946,0.309,False,NSE-1770017537532-5144,original
2026-02-02 13:02:29,2026-02-02 13:02:31,BSE,BSE_AUTO_0225,SENSEX2620580900CE,CE,BUY,20,689.4699999999999,770.8,1626.6,Auto-lightgbm-LimitChase,Target Hit (+50),CLOSED,0.807094166426839,0.309,False,BSE-1770017549743-4794,original
2026-02-02 13:02:48,2026-02-02 13:02:53,BSE,BSE_AUTO_0226,SENSEX2620580900CE,CE,BUY,20,671.02,783.15,2242.6,Auto-lightgbm-LimitChase,Target Hit (+50),CLOSED,0.8282726564415037,0.309,False,BSE-1770017568136-4795,original
2026-02-02 13:02:55,2026-02-02 13:02:58,NSE,NSE_AUTO_0418,NIFTY2620324800CE,CE,BUY,65,171.92,207.2,2293.2,Auto-lightgbm-LimitChase,Target Hit (+25),CLOSED,0.6418599811147173,0.309,False,NSE-1770017575160-5146,original
2026-02-02 13:03:09,2026-02-02 13:03:10,BSE,BSE_AUTO_0227,SENSEX2620580900CE,CE,BUY,20,673.77,780.15,2127.6,Auto-lightgbm-LimitChase,Target Hit (+50),CLOSED,0.818515182660614,0.309,False,BSE-1770017588647-4796,original
2026-02-02 13:04:09,2026-02-02 13:04:09,NSE,NSE_AUTO_0419,NIFTY2620324800CE,CE,BUY,65,172.17,202.6,1977.95,Auto-lightgbm-LimitChase,Target Hit (+25),CLOSED,0.6350286129820418,0.309,False,NSE-1770017646095-5152,original
2026-02-02 13:04:29,2026-02-02 13:04:31,BSE,BSE_AUTO_0228,SENSEX2620580900CE,CE,BUY,20,672.77,774.6,2036.6,Auto-lightgbm-LimitChase,Target Hit (+50),CLOSED,0.8052960052574956,0.309,False,BSE-1770017669422-4797,original
2026-02-02 13:04:57,2026-02-02 13:04:59,BSE,BSE_AUTO_0229,SENSEX2620580900CE,CE,BUY,20,672.62,801.75,2582.6,Auto-lightgbm-LimitChase,Target Hit (+50),CLOSED,0.7836539750343646,0.309,False,BSE-1770017697431-4798,original
2026-02-02 13:05:09,2026-02-02 13:05:09,BSE,BSE_AUTO_0230,SENSEX2620580900CE,CE,BUY,20,670.0699999999999,805.55,2709.6,Auto-lightgbm-LimitChase,Target Hit (+50),CLOSED,0.7810073061625679,0.309,False,BSE-1770017701087-4799,original
2026-02-02 13:05:09,2026-02-02 13:05:10,BSE,BSE_AUTO_0231,SENSEX2620580900CE,CE,BUY,20,670.0699999999999,792.7,2452.6,Auto-lightgbm-LimitChase,Target Hit (+50),CLOSED,0.7810073061625679,0.309,False,BSE-1770017708469-4800,original
2026-02-02 13:05:25,2026-02-02 13:05:30,NSE,NSE_AUTO_0420,NIFTY2620324800CE,CE,BUY,65,170.67,218.3,3095.95,Auto-lightgbm-LimitChase,Target Hit (+25),CLOSED,0.8378488823808717,0.309,False,NSE-1770017725364-5154,original
2026-02-02 13:05:31,2026-02-02 13:05:32,BSE,BSE_AUTO_0232,SENSEX2620580900CE,CE,BUY,20,664.92,822.4,3149.6,Auto-lightgbm-LimitChase,Target Hit (+50),CLOSED,0.7810073061625679,0.309,False,BSE-1770017731501-4801,original
2026-02-02 13:05:35,2026-02-02 13:05:38,BSE,BSE_AUTO_0233,SENSEX2620580900CE,CE,BUY,20,657.9699999999999,817.05,3181.6,Auto-lightgbm-LimitChase,Target Hit (+50),CLOSED,0.8079787279357074,0.309,False,BSE-1770017734992-4802,original
2026-02-02 13:05:42,2026-02-02 13:05:44,BSE,BSE_AUTO_0234,SENSEX2620580900CE,CE,BUY,20,659.87,821.95,3241.6,Auto-lightgbm-LimitChase,Target Hit (+50),CLOSED,0.7641193048597466,0.309,False,BSE-1770017742003-4803,original
2026-02-02 13:06:13,2026-02-02 13:06:17,BSE,BSE_AUTO_0235,SENSEX2620580900CE,CE,BUY,20,657.9699999999999,819.05,3221.6,Auto-lightgbm-LimitChase,Target Hit (+50),CLOSED,0.7641193048597466,0.309,False,BSE-1770017773084-4804,original
2026-02-02 13:06:19,2026-02-02 13:06:23,BSE,BSE_AUTO_0236,SENSEX2620580900CE,CE,BUY,20,664.12,820.9,3135.6,Auto-lightgbm-LimitChase,Target Hit (+50),CLOSED,0.802973927966938,0.309,False,BSE-1770017779776-4805,original
2026-02-02 13:07:11,2026-02-02 13:07:16,NSE,NSE_AUTO_0421,NIFTY2620324800CE,CE,BUY,65,175.92,211.2,2293.2,Auto-lightgbm-LimitChase,Target Hit (+25),CLOSED,0.8182558029138429,0.309,False,NSE-1770017831912-5155,original
2026-02-02 13:07:28,2026-02-02 13:07:31,NSE,NSE_AUTO_0422,NIFTY2620324800CE,CE,BUY,65,175.47,209.6,2218.45,Auto-lightgbm-LimitChase,Target Hit (+25),CLOSED,0.8755354547881743,0.309,False,NSE-1770017848041-5156,original
2026-02-02 13:07:31,2026-02-02 13:07:36,NSE,NSE_AUTO_0423,NIFTY2620324800CE,CE,BUY,65,176.11999999999998,211.15,2276.95,Auto-lightgbm-LimitChase,Target Hit (+25),CLOSED,0.8705079721641615,0.309,False,NSE-1770017851445-5157,original
2026-02-02 13:07:38,2026-02-02 13:07:41,NSE,NSE_AUTO_0424,NIFTY2620324800CE,CE,BUY,65,175.36999999999998,210.15,2260.7,Auto-lightgbm-LimitChase,Target Hit (+25),CLOSED,0.8705079721641615,0.309,False,NSE-1770017858583-5158,original
2026-02-02 13:07:45,2026-02-02 13:07:46,NSE,NSE_AUTO_0425,NIFTY2620324800CE,CE,BUY,65,176.97,216.2,2549.95,Auto-lightgbm-LimitChase,Target Hit (+25),CLOSED,0.8953592199957995,0.309,False,NSE-1770017865644-5159,original
2026-02-02 13:08:10,2026-02-02 13:08:11,NSE,NSE_AUTO_0426,NIFTY2620324800CE,CE,BUY,65,174.32,220.4,2995.2,Auto-lightgbm-LimitChase,Target Hit (+25),CLOSED,0.6412482481504597,0.309,False,NSE-1770017890035-5160,original
2026-02-02 13:08:44,2026-02-02 13:08:47,NSE,NSE_AUTO_0427,NIFTY2620324800CE,CE,BUY,65,183.52,221.25,2452.45,Auto-lightgbm-LimitChase,Target Hit (+25),CLOSED,0.6709341688916335,0.309,False,NSE-1770017924639-5162,original
2026-02-02 13:08:55,2026-02-02 13:08:57,NSE,NSE_AUTO_0428,NIFTY2620324800CE,CE,BUY,65,187.12,218.8,2059.2,Auto-lightgbm-LimitChase,Target Hit (+25),CLOSED,0.6690283545581998,0.309,False,NSE-1770017935113-5163,original
2026-02-02 13:09:40,2026-02-02 13:09:42,NSE,NSE_AUTO_0429,NIFTY2620324800CE,CE,BUY,65,188.42,219.65,2029.95,Auto-lightgbm-LimitChase,Target Hit (+25),CLOSED,0.6797490550571847,0.309,False,NSE-1770017980654-5164,original
2026-02-02 13:09:53,2026-02-02 13:09:57,NSE,NSE_AUTO_0430,NIFTY2620324800CE,CE,BUY,65,189.82,221.65,2068.95,Auto-lightgbm-LimitChase,Target Hit (+25),CLOSED,0.6133423272442373,0.309,False,NSE-1770017993541-5165,original
2026-02-02 13:10:15,2026-02-02 13:10:27,NSE,NSE_AUTO_0431,NIFTY2620324800CE,CE,BUY,65,194.12,221.35,1769.95,Auto-lightgbm-LimitChase,Target Hit (+25),CLOSED,0.6772439553671067,0.309,False,NSE-1770018015436-5166,original
2026-02-02 13:10:27,2026-02-02 13:18:13,NSE,NSE_AUTO_0432,NIFTY2620324850CE,CE,BUY,65,164.76999999999998,138.35,-1717.3,Auto-lightgbm-LimitChase,Stop Loss (-25),CLOSED,0.7148670054992795,0.309,False,NSE-1770018027920-5168,original
2026-02-02 13:14:20,2026-02-02 13:16:25,BSE,BSE_AUTO_0237,SENSEX2620581000CE,CE,BUY,20,710.92,659.3,-1032.4,Auto-lightgbm-LimitChase,Stop Loss (-50),CLOSED,0.7594615683804049,0.309,False,BSE-1770018260251-4825,original
2026-02-02 13:15:39,2026-02-02 13:18:13,NSE,NSE_AUTO_0433,NIFTY2620324850CE,CE,BUY,65,167.17,138.35,-1873.3,Auto-lightgbm-LimitChase,Stop Loss (-25),CLOSED,0.8086054243157134,0.309,False,NSE-1770018339535-5189,original
2026-02-02 13:18:41,2026-02-02 13:18:44,NSE,NSE_AUTO_0434,NIFTY2620324850CE,CE,BUY,65,182.32,135.6,-3036.8,Auto-lightgbm-LimitChase,Stop Loss (-25),CLOSED,0.858210358527343,0.309,False,NSE-1770018521324-5200,original
2026-02-02 13:19:10,2026-02-02 13:19:14,NSE,NSE_AUTO_0435,NIFTY2620324850CE,CE,BUY,65,174.57,133.25,-2685.8,Auto-lightgbm-LimitChase,Stop Loss (-25),CLOSED,0.8370783078139472,0.309,False,NSE-1770018550378-5201,original
2026-02-02 13:19:44,2026-02-02 13:19:49,NSE,NSE_AUTO_0436,NIFTY2620324850CE,CE,BUY,65,185.02,134.2,-3303.3,Auto-lightgbm-LimitChase,Stop Loss (-25),CLOSED,0.8508503401125079,0.309,False,NSE-1770018584927-5202,original
2026-02-02 13:20:09,2026-02-02 13:20:09,NSE,NSE_AUTO_0437,NIFTY2620324850CE,CE,BUY,65,183.47,132.65,-3303.3,Auto-lightgbm-LimitChase,Stop Loss (-25),CLOSED,0.7889783345393134,0.309,False,NSE-1770018602526-5204,original
2026-02-02 13:20:09,2026-02-02 13:20:10,NSE,NSE_AUTO_0438,NIFTY2620324850CE,CE,BUY,65,183.62,133.3,-3270.8,Auto-lightgbm-LimitChase,Stop Loss (-25),CLOSED,0.8446724887837671,0.309,False,NSE-1770018606766-5205,original
2026-02-02 13:21:09,2026-02-02 13:21:10,NSE,NSE_AUTO_0439,NIFTY2620324850CE,CE,BUY,65,184.52,126.4,-3777.8,Auto-lightgbm-LimitChase,Stop Loss (-25),CLOSED,0.8390754389822693,0.309,False,NSE-1770018666305-5206,original
2026-02-02 13:21:35,2026-02-02 13:21:36,NSE,NSE_AUTO_0440,NIFTY2620324850CE,CE,BUY,65,184.77,126.45,-3790.8,Auto-lightgbm-LimitChase,Stop Loss (-25),CLOSED,0.835964394783354,0.309,False,NSE-1770018695131-5208,original
2026-02-02 13:21:40,2026-02-02 13:21:41,NSE,NSE_AUTO_0441,NIFTY2620324850CE,CE,BUY,65,185.07,125.6,-3865.55,Auto-lightgbm-LimitChase,Stop Loss (-25),CLOSED,0.8392181369628497,0.309,False,NSE-1770018700415-5209,original
2026-02-02 13:22:58,2026-02-02 13:23:09,NSE,NSE_AUTO_0442,NIFTY2620324850CE,CE,BUY,65,182.22,118.0,-4174.3,Auto-lightgbm-LimitChase,Stop Loss (-25),CLOSED,0.8655911223814071,0.309,False,NSE-1770018778838-5210,original
2026-02-02 13:23:18,2026-02-02 13:23:23,NSE,NSE_AUTO_0443,NIFTY2620324850CE,CE,BUY,65,186.72,113.85,-4736.55,Auto-lightgbm-LimitChase,Stop Loss (-25),CLOSED,0.8597426988407165,0.309,False,NSE-1770018798686-5211,original
2026-02-02 13:23:25,2026-02-02 13:23:28,NSE,NSE_AUTO_0444,NIFTY2620324850CE,CE,BUY,65,185.52,112.5,-4746.3,Auto-lightgbm-LimitChase,Stop Loss (-25),CLOSED,0.8651966472907299,0.309,False,NSE-1770018805672-5212,original
2026-02-02 13:23:44,2026-02-02 13:23:48,NSE,NSE_AUTO_0445,NIFTY2620324850CE,CE,BUY,65,180.22,117.85,-4054.05,Auto-lightgbm-LimitChase,Stop Loss (-25),CLOSED,0.8401705476919524,0.309,False,NSE-1770018824728-5213,original
2026-02-02 13:23:53,2026-02-02 13:23:53,NSE,NSE_AUTO_0446,NIFTY2620324850CE,CE,BUY,65,180.17,119.1,-3969.55,Auto-lightgbm-LimitChase,Stop Loss (-25),CLOSED,0.8409021550687756,0.309,False,NSE-1770018832996-5214,original
2026-02-02 13:24:09,2026-02-02 13:24:09,NSE,NSE_AUTO_0447,NIFTY2620324850CE,CE,BUY,65,174.36999999999998,116.55,-3758.3,Auto-lightgbm-LimitChase,Stop Loss (-25),CLOSED,0.8346544336591356,0.309,False,NSE-1770018845693-5215,original
2026-02-02 13:24:24,2026-02-02 13:24:29,NSE,NSE_AUTO_0448,NIFTY2620324850CE,CE,BUY,65,170.92,119.5,-3342.3,Auto-lightgbm-LimitChase,Stop Loss (-25),CLOSED,0.8872587949702359,0.309,False,NSE-1770018864731-5216,original
2026-02-02 13:24:38,2026-02-02 13:24:42,BSE,BSE_AUTO_0238,SENSEX2620581000CE,CE,BUY,20,713.12,554.05,-3181.4,Auto-lightgbm-LimitChase,Stop Loss (-50),CLOSED,0.7107312464130973,0.309,False,BSE-1770018878584-4857,original
2026-02-02 13:25:13,2026-02-02 13:25:15,NSE,NSE_AUTO_0449,NIFTY2620324850CE,CE,BUY,65,166.22,115.4,-3303.3,Auto-lightgbm-LimitChase,Stop Loss (-25),CLOSED,0.8348821337315182,0.309,False,NSE-1770018913535-5217,original
2026-02-02 13:25:27,2026-02-02 13:25:32,BSE,BSE_AUTO_0239,SENSEX2620581000CE,CE,BUY,20,689.52,534.8,-3094.4,Auto-lightgbm-LimitChase,Stop Loss (-50),CLOSED,0.7462647592414243,0.309,False,BSE-1770018927659-4859,original
2026-02-02 13:25:41,2026-02-02 13:25:45,NSE,NSE_AUTO_0450,NIFTY2620324850CE,CE,BUY,65,169.97,115.35,-3550.3,Auto-lightgbm-LimitChase,Stop Loss (-25),CLOSED,0.906045420799376,0.309,False,NSE-1770018941032-5218,original
2026-02-02 13:25:47,2026-02-02 13:25:49,BSE,BSE_AUTO_0240,SENSEX2620581000CE,CE,BUY,20,705.62,544.55,-3221.4,Auto-lightgbm-LimitChase,Stop Loss (-50),CLOSED,0.7411203577890733,0.309,False,BSE-1770018947840-4860,original
2026-02-02 13:25:51,2026-02-02 13:25:55,NSE,NSE_AUTO_0451,NIFTY2620324850CE,CE,BUY,65,169.92,117.95,-3378.05,Auto-lightgbm-LimitChase,Stop Loss (-25),CLOSED,0.8558690763427295,0.309,False,NSE-1770018951469-5219,original
2026-02-02 13:26:13,2026-02-02 13:26:15,NSE,NSE_AUTO_0452,NIFTY2620324850CE,CE,BUY,65,170.61999999999998,119.8,-3303.3,Auto-lightgbm-LimitChase,Stop Loss (-25),CLOSED,0.7068326213104735,0.309,False,NSE-1770018969589-5221,original
2026-02-02 13:26:26,2026-02-02 13:26:30,NSE,NSE_AUTO_0453,NIFTY2620324850CE,CE,BUY,65,167.92,120.05,-3111.55,Auto-lightgbm-LimitChase,Stop Loss (-25),CLOSED,0.7063461600986676,0.309,False,NSE-1770018986412-5222,original
2026-02-02 13:26:36,2026-02-02 13:26:39,BSE,BSE_AUTO_0241,SENSEX2620581000CE,CE,BUY,20,687.12,546.65,-2809.4,Auto-lightgbm-LimitChase,Stop Loss (-50),CLOSED,0.7135406918713944,0.309,False,BSE-1770018996033-4862,original
2026-02-02 13:26:53,2026-02-02 13:26:56,NSE,NSE_AUTO_0454,NIFTY2620324850CE,CE,BUY,65,170.01999999999998,119.35,-3293.55,Auto-lightgbm-LimitChase,Stop Loss (-25),CLOSED,0.6525244281355522,0.309,False,NSE-1770019013095-5223,original
2026-02-02 13:27:09,2026-02-02 13:27:11,NSE,NSE_AUTO_0455,NIFTY2620324850CE,CE,BUY,65,171.07,120.65,-3277.3,Auto-lightgbm-LimitChase,Stop Loss (-25),CLOSED,0.6544947429959411,0.309,False,NSE-1770019026168-5224,original
2026-02-02 13:31:31,2026-02-02 13:41:50,NSE,NSE_AUTO_0456,NIFTY2620324800CE,CE,BUY,65,164.01999999999998,189.15,1633.45,Auto-lightgbm-LimitChase,Target Hit (+25),CLOSED,0.6196785718375066,0.309,False,NSE-1770019291777-5231,original
2026-02-02 13:31:39,2026-02-02 13:32:12,BSE,BSE_AUTO_0242,SENSEX2620581300PE,PE,BUY,20,621.37,671.6,1004.6,Auto-lightgbm-LimitChase,Target Hit (+50),CLOSED,0.7005404143127127,0.309,False,BSE-1770019299075-4875,original
2026-02-02 13:36:58,2026-02-02 13:37:57,NSE,NSE_AUTO_0457,NIFTY2620324750CE,CE,BUY,65,175.36999999999998,201.95,1727.7,Auto-lightgbm-LimitChase,Target Hit (+25),CLOSED,0.7398893750036536,0.309,False,NSE-1770019618658-5247,original
2026-02-02 13:42:10,2026-02-02 13:42:10,NSE,NSE_AUTO_0458,NIFTY2620324800CE,CE,BUY,65,156.47,190.95,2241.2,Auto-lightgbm-LimitChase,Target Hit (+25),CLOSED,0.7525660638747154,0.309,False,NSE-1770019926143-5272,original
2026-02-02 13:42:22,2026-02-02 13:42:25,NSE,NSE_AUTO_0459,NIFTY2620324800CE,CE,BUY,65,151.22,194.35,2803.45,Auto-lightgbm-LimitChase,Target Hit (+25),CLOSED,0.7774180215914303,0.309,False,NSE-1770019942778-5274,original
2026-02-02 13:43:10,2026-02-02 13:43:11,NSE,NSE_AUTO_0460,NIFTY2620324800CE,CE,BUY,65,148.26999999999998,206.45,3781.7,Auto-lightgbm-LimitChase,Target Hit (+25),CLOSED,0.7536138413468741,0.309,False,NSE-1770019990820-5275,original
2026-02-02 13:43:19,2026-02-02 13:43:21,NSE,NSE_AUTO_0461,NIFTY2620324800CE,CE,BUY,65,149.01999999999998,206.8,3755.7,Auto-lightgbm-LimitChase,Target Hit (+25),CLOSED,0.7886755636802865,0.309,False,NSE-1770019999922-5276,original
2026-02-02 13:43:33,2026-02-02 13:43:36,NSE,NSE_AUTO_0462,NIFTY2620324800CE,CE,BUY,65,149.11999999999998,208.6,3866.2,Auto-lightgbm-LimitChase,Target Hit (+25),CLOSED,0.7832555193607444,0.309,False,NSE-1770020012787-5277,original
2026-02-02 13:43:38,2026-02-02 13:43:41,NSE,NSE_AUTO_0463,NIFTY2620324750CE,CE,BUY,65,177.11999999999998,252.75,4915.95,Auto-lightgbm-LimitChase,Target Hit (+25),CLOSED,0.7553578862168222,0.309,False,NSE-1770020018502-5278,original
2026-02-02 13:43:43,2026-02-02 13:43:46,NSE,NSE_AUTO_0464,NIFTY2620324750CE,CE,BUY,65,177.07,252.2,4883.45,Auto-lightgbm-LimitChase,Target Hit (+25),CLOSED,0.7053618524225667,0.309,False,NSE-1770020022994-5279,original
2026-02-02 13:44:10,2026-02-02 13:44:10,NSE,NSE_AUTO_0465,NIFTY2620324750CE,CE,BUY,65,178.61999999999998,259.8,5276.7,Auto-lightgbm-LimitChase,Target Hit (+25),CLOSED,0.7043394040587783,0.309,False,NSE-1770020042378-5281,original
2026-02-02 13:44:40,2026-02-02 13:44:43,NSE,NSE_AUTO_0466,NIFTY2620324750CE,CE,BUY,65,179.82,254.35,4844.45,Auto-lightgbm-LimitChase,Target Hit (+25),CLOSED,0.6813120157757008,0.309,False,NSE-1770020080551-5282,original
2026-02-02 13:44:44,2026-02-02 13:44:48,NSE,NSE_AUTO_0467,NIFTY2620324800CE,CE,BUY,65,148.92,217.05,4428.45,Auto-lightgbm-LimitChase,Target Hit (+25),CLOSED,0.6570352318528736,0.309,False,NSE-1770020084944-5283,original
2026-02-02 13:44:49,2026-02-02 13:44:53,NSE,NSE_AUTO_0468,NIFTY2620324800CE,CE,BUY,65,148.51999999999998,217.6,4490.2,Auto-lightgbm-LimitChase,Target Hit (+25),CLOSED,0.6737178282793826,0.309,False,NSE-1770020088942-5284,original
2026-02-02 13:44:59,2026-02-02 13:45:03,NSE,NSE_AUTO_0469,NIFTY2620324800CE,CE,BUY,65,149.32,217.1,4405.7,Auto-lightgbm-LimitChase,Target Hit (+25),CLOSED,0.7250306358167785,0.309,False,NSE-1770020099714-5285,original
2026-02-02 13:45:10,2026-02-02 13:45:10,NSE,NSE_AUTO_0470,NIFTY2620324800CE,CE,BUY,65,145.26999999999998,217.1,4668.95,Auto-lightgbm-LimitChase,Target Hit (+25),CLOSED,0.7029325151105134,0.309,False,NSE-1770020107919-5286,original
2026-02-02 13:45:19,2026-02-02 13:45:20,NSE,NSE_AUTO_0471,NIFTY2620324800CE,CE,BUY,65,146.51999999999998,211.35,4213.95,Auto-lightgbm-LimitChase,Target Hit (+25),CLOSED,0.6958104293016,0.309,False,NSE-1770020119507-5287,original
2026-02-02 13:45:23,2026-02-02 13:45:25,NSE,NSE_AUTO_0472,NIFTY2620324800CE,CE,BUY,65,146.82,217.3,4581.2,Auto-lightgbm-LimitChase,Target Hit (+25),CLOSED,0.7359615870076006,0.309,False,NSE-1770020123668-5288,original
2026-02-02 13:45:27,2026-02-02 13:45:30,NSE,NSE_AUTO_0473,NIFTY2620324800CE,CE,BUY,65,146.01999999999998,217.2,4626.7,Auto-lightgbm-LimitChase,Target Hit (+25),CLOSED,0.7162438327455348,0.309,False,NSE-1770020127525-5289,original
2026-02-02 13:45:31,2026-02-02 13:45:35,NSE,NSE_AUTO_0474,NIFTY2620324800CE,CE,BUY,65,144.42,218.75,4831.45,Auto-lightgbm-LimitChase,Target Hit (+25),CLOSED,0.7382081159055154,0.309,False,NSE-1770020131359-5290,original
2026-02-02 13:46:14,2026-02-02 13:46:14,NSE,NSE_AUTO_0475,NIFTY2620324800CE,CE,BUY,65,146.42,216.1,4529.2,Auto-lightgbm-LimitChase,Target Hit (+25),CLOSED,0.7146767832963393,0.309,False,NSE-1770020166483-5291,original
2026-02-02 13:46:46,2026-02-02 13:46:47,NSE,NSE_AUTO_0476,NIFTY2620324800CE,CE,BUY,65,150.61999999999998,202.95,3401.45,Auto-lightgbm-LimitChase,Target Hit (+25),CLOSED,0.679875347874791,0.309,False,NSE-1770020206050-5292,original
2026-02-02 13:47:11,2026-02-02 13:47:12,NSE,NSE_AUTO_0477,NIFTY2620324800CE,CE,BUY,65,153.22,207.9,3554.2,Auto-lightgbm-LimitChase,Target Hit (+25),CLOSED,0.6594850183176366,0.309,False,NSE-1770020230958-5293,original
2026-02-02 13:47:14,2026-02-02 13:47:17,NSE,NSE_AUTO_0478,NIFTY2620324800CE,CE,BUY,65,151.72,208.05,3661.45,Auto-lightgbm-LimitChase,Target Hit (+25),CLOSED,0.6129848761554558,0.309,False,NSE-1770020234423-5294,original
2026-02-02 13:47:46,2026-02-02 13:47:48,NSE,NSE_AUTO_0479,NIFTY2620324800CE,CE,BUY,65,150.76999999999998,217.6,4343.95,Auto-lightgbm-LimitChase,Target Hit (+25),CLOSED,0.6525541861270391,0.309,False,NSE-1770020266141-5295,original
2026-02-02 13:48:10,2026-02-02 13:48:13,NSE,NSE_AUTO_0480,NIFTY2620324800CE,CE,BUY,65,152.47,214.25,4015.7,Auto-lightgbm-LimitChase,Target Hit (+25),CLOSED,0.6336831354621698,0.309,False,NSE-1770020290400-5297,original
2026-02-02 13:50:09,2026-02-02 13:50:10,NSE,NSE_AUTO_0481,NIFTY2620324800CE,CE,BUY,65,163.82,220.65,3693.95,Auto-lightgbm-LimitChase,Target Hit (+25),CLOSED,0.6494860155185855,0.309,False,NSE-1770020405690-5306,original
2026-02-02 13:52:58,2026-02-02 13:53:09,NSE,NSE_AUTO_0482,NIFTY2620324850CE,CE,BUY,65,154.22,197.4,2806.7,Auto-lightgbm-LimitChase,Target Hit (+25),CLOSED,0.7356099002277008,0.309,False,NSE-1770020578422-5316,original
2026-02-02 13:53:39,2026-02-02 13:53:43,NSE,NSE_AUTO_0483,NIFTY2620324850CE,CE,BUY,65,154.82,180.5,1669.2,Auto-lightgbm-LimitChase,Target Hit (+25),CLOSED,0.9383558369315254,0.309,False,NSE-1770020619138-5317,original
2026-02-02 13:53:49,2026-02-02 13:53:53,NSE,NSE_AUTO_0484,NIFTY2620324850CE,CE,BUY,65,156.57,184.95,1844.7,Auto-lightgbm-LimitChase,Target Hit (+25),CLOSED,0.940459427812296,0.309,False,NSE-1770020629496-5318,original
2026-02-02 13:54:09,2026-02-02 13:54:09,NSE,NSE_AUTO_0485,NIFTY2620324850CE,CE,BUY,65,156.47,187.0,1984.45,Auto-lightgbm-LimitChase,Target Hit (+25),CLOSED,0.934716566818917,0.309,False,NSE-1770020647325-5319,original
2026-02-02 13:54:27,2026-02-02 13:54:29,NSE,NSE_AUTO_0486,NIFTY2620324850CE,CE,BUY,65,159.92,189.2,1903.2,Auto-lightgbm-LimitChase,Target Hit (+25),CLOSED,0.9405844177549456,0.309,False,NSE-1770020667601-5320,original
2026-02-02 13:54:59,2026-02-02 14:10:27,NSE,NSE_AUTO_0487,NIFTY2620324850CE,CE,BUY,65,171.11999999999998,144.5,-1730.3,Auto-lightgbm-LimitChase,Stop Loss (-25),CLOSED,0.8724285682882152,0.309,False,NSE-1770020699572-5321,original
2026-02-02 13:58:17,2026-02-02 14:01:37,BSE,BSE_AUTO_0243,SENSEX2620581000CE,CE,BUY,20,685.92,747.2,1225.6,Auto-lightgbm-LimitChase,Target Hit (+50),CLOSED,0.7198032425229852,0.309,False,BSE-1770020897645-4944,original
2026-02-02 14:00:11,2026-02-02 14:00:27,NSE,NSE_AUTO_0488,NIFTY2620324850CE,CE,BUY,65,184.97,159.5,-1655.55,Auto-lightgbm-LimitChase,Stop Loss (-25),CLOSED,0.8515766593238628,0.309,False,NSE-1770021011514-5337,original
2026-02-02 14:01:47,2026-02-02 14:03:55,BSE,BSE_AUTO_0244,SENSEX2620581100CE,CE,BUY,20,660.0699999999999,710.3,1004.6,Auto-lightgbm-LimitChase,Target Hit (+50),CLOSED,0.7206179459297057,0.309,False,BSE-1770021107547-4954,original
2026-02-02 14:04:33,2026-02-02 14:04:35,BSE,BSE_AUTO_0245,SENSEX2620581100CE,CE,BUY,20,703.3199999999999,633.7,-1392.4,Auto-lightgbm-LimitChase,Stop Loss (-50),CLOSED,0.7030429222931643,0.309,False,BSE-1770021273358-4964,original
2026-02-02 14:05:47,2026-02-02 14:07:00,NSE,NSE_AUTO_0489,NIFTY2620324850CE,CE,BUY,65,188.62,163.6,-1626.3,Auto-lightgbm-LimitChase,Stop Loss (-25),CLOSED,0.8170528199658836,0.309,False,NSE-1770021347764-5348,original
2026-02-02 14:07:27,2026-02-02 14:08:45,BSE,BSE_AUTO_0246,SENSEX2620581100CE,CE,BUY,20,642.7199999999999,587.15,-1111.4,Auto-lightgbm-LimitChase,Stop Loss (-50),CLOSED,0.7289215126740696,0.309,False,BSE-1770021447348-4965,original
2026-02-02 14:10:44,2026-02-02 14:10:47,NSE,NSE_AUTO_0490,NIFTY2620324850CE,CE,BUY,65,175.47,145.85,-1925.3,Auto-lightgbm-LimitChase,Stop Loss (-25),CLOSED,0.7448535959292483,0.309,False,NSE-1770021644794-5362,original
2026-02-02 14:10:48,2026-02-02 14:10:53,NSE,NSE_AUTO_0491,NIFTY2620324850CE,CE,BUY,65,173.61999999999998,144.8,-1873.3,Auto-lightgbm-LimitChase,Stop Loss (-25),CLOSED,0.7448535959292483,0.309,False,NSE-1770021648393-5363,original
2026-02-02 14:11:28,2026-02-02 14:11:32,BSE,BSE_AUTO_0247,SENSEX2620581000CE,CE,BUY,20,689.27,628.85,-1208.4,Auto-lightgbm-LimitChase,Stop Loss (-50),CLOSED,0.7139112224516586,0.309,False,BSE-1770021688181-4978,original
2026-02-02 14:11:46,2026-02-02 14:12:00,BSE,BSE_AUTO_0248,SENSEX2620581000CE,CE,BUY,20,685.52,633.55,-1039.4,Auto-lightgbm-LimitChase,Stop Loss (-50),CLOSED,0.7004757862264948,0.309,False,BSE-1770021706405-4979,original
2026-02-02 14:12:49,2026-02-02 14:31:14,NSE,NSE_AUTO_0492,NIFTY2620324850CE,CE,BUY,65,158.01999999999998,188.15,1958.45,Auto-lightgbm-LimitChase,Target Hit (+25),CLOSED,0.7304129505698029,0.309,False,NSE-1770021769124-5370,original
2026-02-02 14:13:17,2026-02-02 14:13:51,BSE,BSE_AUTO_0249,SENSEX2620581000CE,CE,BUY,20,694.42,636.9,-1150.4,Auto-lightgbm-LimitChase,Stop Loss (-50),CLOSED,0.7362233026646491,0.309,False,BSE-1770021797062-4982,original
2026-02-02 14:13:54,2026-02-02 14:13:57,BSE,BSE_AUTO_0250,SENSEX2620581000CE,CE,BUY,20,708.92,645.0,-1278.4,Auto-lightgbm-LimitChase,Stop Loss (-50),CLOSED,0.7519498212990328,0.309,False,BSE-1770021834586-4987,original
2026-02-02 14:14:17,2026-02-02 14:14:41,BSE,BSE_AUTO_0251,SENSEX2620581100CE,CE,BUY,20,633.42,581.5,-1038.4,Auto-lightgbm-LimitChase,Stop Loss (-50),CLOSED,0.7027225752202445,0.309,False,BSE-1770021857792-4989,original
2026-02-02 14:20:16,2026-02-02 14:31:14,NSE,NSE_AUTO_0493,NIFTY2620324850CE,CE,BUY,65,157.22,188.15,2010.45,Auto-lightgbm-LimitChase,Target Hit (+25),CLOSED,0.7977898217915673,0.309,False,NSE-1770022216126-5390,original
2026-02-02 14:30:33,2026-02-02 14:30:37,BSE,BSE_AUTO_0252,SENSEX2620581000CE,CE,BUY,20,639.92,718.4,1569.6,Auto-lightgbm-LimitChase,Target Hit (+50),CLOSED,0.7368719919529347,0.309,False,BSE-1770022833229-5042,original
2026-02-02 14:30:53,2026-02-02 14:30:56,BSE,BSE_AUTO_0253,SENSEX2620581000CE,CE,BUY,20,628.12,721.45,1866.6,Auto-lightgbm-LimitChase,Target Hit (+50),CLOSED,0.7121528841830003,0.309,False,BSE-1770022853630-5043,original
2026-02-02 14:30:57,2026-02-02 14:31:01,BSE,BSE_AUTO_0254,SENSEX2620580900CE,CE,BUY,20,683.0699999999999,780.5,1948.6,Auto-lightgbm-LimitChase,Target Hit (+50),CLOSED,0.8298532873999261,0.309,False,BSE-1770022857116-5044,original
2026-02-02 14:31:14,2026-02-02 14:31:14,BSE,BSE_AUTO_0255,SENSEX2620580900CE,CE,BUY,20,693.2199999999999,812.0,2375.6,Auto-lightgbm-LimitChase,Target Hit (+50),CLOSED,0.7969135322407372,0.309,False,BSE-1770022869128-5045,original
2026-02-02 14:31:14,2026-02-02 14:31:20,BSE,BSE_AUTO_0256,SENSEX2620581000CE,CE,BUY,20,635.7199999999999,720.0,1685.6,Auto-lightgbm-LimitChase,Target Hit (+50),CLOSED,0.758499706647806,0.309,False,BSE-1770022872784-5046,original
2026-02-02 14:31:16,2026-02-02 14:31:19,NSE,NSE_AUTO_0494,NIFTY2620324850CE,CE,BUY,65,149.76999999999998,180.8,2016.95,Auto-lightgbm-LimitChase,Target Hit (+25),CLOSED,0.8353947150647186,0.309,False,NSE-1770022876323-5432,original
2026-02-02 14:31:40,2026-02-02 14:31:42,BSE,BSE_AUTO_0257,SENSEX2620581000CE,CE,BUY,20,636.3199999999999,691.7,1107.6,Auto-lightgbm-LimitChase,Target Hit (+50),CLOSED,0.7554086437930276,0.309,False,BSE-1770022900201-5048,original
2026-02-02 14:31:53,2026-02-02 14:41:37,NSE,NSE_AUTO_0495,NIFTY2620324850CE,CE,BUY,65,149.86999999999998,178.05,1831.7,Auto-lightgbm-LimitChase,Target Hit (+25),CLOSED,0.8917738374940664,0.309,False,NSE-1770022913348-5433,original
2026-02-02 14:32:42,2026-02-02 14:35:00,BSE,BSE_AUTO_0258,SENSEX2620581000CE,CE,BUY,20,657.9699999999999,713.0,1100.6,Auto-lightgbm-LimitChase,Target Hit (+50),CLOSED,0.7149422793029536,0.309,False,BSE-1770022961983-5049,original
2026-02-02 14:37:11,2026-02-02 14:48:09,NSE,NSE_AUTO_0496,NIFTY2620324850CE,CE,BUY,65,159.17,184.5,1646.45,Auto-lightgbm-LimitChase,Target Hit (+25),CLOSED,0.7955025325574054,0.309,False,NSE-1770023231616-5447,original
2026-02-02 14:42:53,2026-02-02 14:51:14,NSE,NSE_AUTO_0497,NIFTY2620324850CE,CE,BUY,65,175.32,201.25,1685.45,Auto-lightgbm-LimitChase,Target Hit (+25),CLOSED,0.9184981123302428,0.309,False,NSE-1770023572993-5466,original
2026-02-02 14:43:59,2026-02-02 14:48:13,BSE,BSE_AUTO_0259,SENSEX2620581100CE,CE,BUY,20,617.9699999999999,674.05,1121.6,Auto-lightgbm-LimitChase,Target Hit (+50),CLOSED,0.7173029114164509,0.309,False,BSE-1770023639704-5084,original
2026-02-02 14:48:59,2026-02-02 14:52:00,BSE,BSE_AUTO_0260,SENSEX2620581000CE,CE,BUY,20,588.05,638.25,1004.0,Auto-lightgbm-LimitChase,Target Hit (+50),CLOSED,0.7290177560490246,0.309,False,BSE-1770023939530-5103,target_stop
2026-02-02 14:49:11,2026-02-02 14:51:00,BSE,BSE_AUTO_0261,SENSEX2620581000CE,CE,BUY,20,554.7,633.3,1572.0,Auto-lightgbm-LimitChase,Target Hit (+50),CLOSED,0.8348852765486219,0.309,False,BSE-1770023951931-5104,target_stop
2026-02-02 14:49:52,2026-02-02 14:51:00,BSE,BSE_AUTO_0262,SENSEX2620581000CE,CE,BUY,20,554.7,633.3,1572.0,Auto-lightgbm-LimitChase,Target Hit (+50),CLOSED,0.7760852748661643,0.309,False,BSE-1770023992511-5105,target_stop
2026-02-02 14:50:41,2026-02-02 14:54:00,BSE,BSE_AUTO_0263,SENSEX2620581000CE,CE,BUY,20,595.1,697.9,2056.0,Auto-lightgbm-LimitChase,Target Hit (+50),CLOSED,0.7882530541756314,0.309,False,BSE-1770024041049-5107,target_stop
2026-02-02 14:50:44,2026-02-02 14:54:00,BSE,BSE_AUTO_0264,SENSEX2620581000CE,CE,BUY,20,595.1,697.9,2056.0,Auto-lightgbm-LimitChase,Target Hit (+50),CLOSED,0.7922548837991878,0.309,False,BSE-1770024044519-5108,target_stop
2026-02-02 14:53:09,2026-02-02 15:01:00,NSE,NSE_AUTO_0498,NIFTY2620324850CE,CE,BUY,65,167.05,139.15,-1813.5,Auto-lightgbm-LimitChase,Stop Loss (-25),CLOSED,0.7024430083307225,0.309,False,NSE-1770024181889-5498,target_stop
2026-02-02 14:53:48,2026-02-02 15:01:00,NSE,NSE_AUTO_0499,NIFTY2620324850CE,CE,BUY,65,167.05,139.15,-1813.5,Auto-lightgbm-LimitChase,Stop Loss (-25),CLOSED,0.7582874516734054,0.309,False,NSE-1770024228692-5501,target_stop
2026-02-02 14:53:56,2026-02-02 15:01:00,NSE,NSE_AUTO_0500,NIFTY2620324850CE,CE,BUY,65,167.05,139.15,-1813.5,Auto-lightgbm-LimitChase,Stop Loss (-25),CLOSED,0.730049775034832,0.309,False,NSE-1770024236752-5502,target_stop
2026-02-02 14:54:10,2026-02-02 15:01:00,NSE,NSE_AUTO_0501,NIFTY2620324850CE,CE,BUY,65,167.05,139.15,-1813.5,Auto-lightgbm-LimitChase,Stop Loss (-25),CLOSED,0.7029642153711814,0.309,False,NSE-1770024248494-5503,target_stop
2026-02-02 14:56:54,2026-02-02 15:14:00,NSE,NSE_AUTO_0502,NIFTY2620324850CE,CE,BUY,65,163.6,192.7,1891.5,Auto-lightgbm-LimitChase,Target Hit (+25),CLOSED,0.7399705022901235,0.309,False,NSE-1770024414678-5510,target_stop
2026-02-02 14:57:14,2026-02-02 15:14:00,NSE,NSE_AUTO_0503,NIFTY2620324850CE,CE,BUY,65,163.6,192.7,1891.5,Auto-lightgbm-LimitChase,Target Hit (+25),CLOSED,0.7074510888505933,0.309,False,NSE-1770024434537-5511,target_stop
2026-02-02 14:57:40,2026-02-02 15:14:00,NSE,NSE_AUTO_0504,NIFTY2620324850CE,CE,BUY,65,163.6,192.7,1891.5,Auto-lightgbm-LimitChase,Target Hit (+25),CLOSED,0.7052171813969311,0.309,False,NSE-1770024460635-5512,target_stop
2026-02-02 14:58:20,2026-02-02 15:14:00,NSE,NSE_AUTO_0505,NIFTY2620324850CE,CE,BUY,65,163.6,192.7,1891.5,Auto-lightgbm-LimitChase,Target Hit (+25),CLOSED,0.704493633920054,0.309,False,NSE-1770024500115-5515,target_stop
2026-02-02 14:58:37,2026-02-02 15:14:00,NSE,NSE_AUTO_0506,NIFTY2620324850CE,CE,BUY,65,163.6,192.7,1891.5,Auto-lightgbm-LimitChase,Target Hit (+25),CLOSED,0.7377051724877337,0.309,False,NSE-1770024517600-5516,target_stop
2026-02-02 14:58:48,2026-02-02 15:06:00,BSE,BSE_AUTO_0265,SENSEX2620581500PE,PE,BUY,20,891.2,948.8,1152.0,Auto-lightgbm-LimitChase,Target Hit (+50),CLOSED,0.7650049281714266,0.309,False,BSE-1770024528032-5130,target_stop
2026-02-02 14:59:10,2026-02-02 15:32:00,NSE,NSE_AUTO_0507,NIFTY2620324900CE,CE,BUY,65,141.5,115.7,-1677.0,Auto-lightgbm-LimitChase,Stop Loss (-25),CLOSED,0.7384817980440234,0.309,False,NSE-1770024545498-5517,target_stop
2026-02-02 14:59:12,2026-02-02 15:06:00,BSE,BSE_AUTO_0266,SENSEX2620581500PE,PE,BUY,20,891.2,948.8,1152.0,Auto-lightgbm-LimitChase,Target Hit (+50),CLOSED,0.7442117477281315,0.309,False,BSE-1770024552454-5131,target_stop
2026-02-02 14:59:22,2026-02-02 15:06:00,BSE,BSE_AUTO_0267,SENSEX2620581500PE,PE,BUY,20,891.2,948.8,1152.0,Auto-lightgbm-LimitChase,Target Hit (+50),CLOSED,0.7340282644459332,0.309,False,BSE-1770024562182-5132,target_stop
2026-02-02 14:59:25,2026-02-02 15:06:00,BSE,BSE_AUTO_0268,SENSEX2620581500PE,PE,BUY,20,891.2,948.8,1152.0,Auto-lightgbm-LimitChase,Target Hit (+50),CLOSED,0.7583394568399489,0.309,False,BSE-1770024565590-5133,target_stop
2026-02-02 15:03:14,2026-02-02 15:29:00,NSE,NSE_AUTO_0508,NIFTY2620324900CE,CE,BUY,65,160.85,126.65,-2223.0,Auto-lightgbm-LimitChase,Stop Loss (-25),CLOSED,0.7299263643663895,0.309,False,NSE-1770024794738-5531,target_stop
2026-02-02 15:04:00,2026-02-02 15:29:00,NSE,NSE_AUTO_0509,NIFTY2620324900CE,CE,BUY,65,160.85,126.65,-2223.0,Auto-lightgbm-LimitChase,Stop Loss (-25),CLOSED,0.7068940672738985,0.309,False,NSE-1770024840550-5533,target_stop
2026-02-02 15:04:17,2026-02-02 15:29:00,NSE,NSE_AUTO_0510,NIFTY2620324900CE,CE,BUY,65,160.85,126.65,-2223.0,Auto-lightgbm-LimitChase,Stop Loss (-25),CLOSED,0.7206576565340553,0.309,False,NSE-1770024857176-5534,target_stop
2026-02-02 15:04:35,2026-02-02 15:29:00,NSE,NSE_AUTO_0511,NIFTY2620324900CE,CE,BUY,65,160.85,126.65,-2223.0,Auto-lightgbm-LimitChase,Stop Loss (-25),CLOSED,0.7003661889532308,0.309,False,NSE-1770024875080-5536,target_stop
2026-02-02 15:05:44,2026-02-02 15:29:00,NSE,NSE_AUTO_0512,NIFTY2620324900CE,CE,BUY,65,153.8,126.65,-1764.75,Auto-lightgbm-LimitChase,Stop Loss (-25),CLOSED,0.7275044723110861,0.309,False,NSE-1770024944369-5538,target_stop
2026-02-02 15:06:52,2026-02-02 15:14:00,NSE,NSE_AUTO_0513,NIFTY2620324900CE,CE,BUY,65,136.95,165.3,1842.75,Auto-lightgbm-LimitChase,Target Hit (+25),CLOSED,0.7843885422082212,0.309,False,NSE-1770025012135-5540,target_stop
2026-02-02 15:06:59,2026-02-02 15:14:00,NSE,NSE_AUTO_0514,NIFTY2620324900CE,CE,BUY,65,136.95,165.3,1842.75,Auto-lightgbm-LimitChase,Target Hit (+25),CLOSED,0.7495081939104515,0.309,False,NSE-1770025019101-5541,target_stop
2026-02-02 15:07:09,2026-02-02 15:32:00,NSE,NSE_AUTO_0515,NIFTY2620324900CE,CE,BUY,65,147.4,115.7,-2060.5,Auto-lightgbm-LimitChase,Stop Loss (-25),CLOSED,0.8055848820855163,0.309,False,NSE-1770025024634-5542,target_stop
2026-02-02 15:07:28,2026-02-02 15:32:00,NSE,NSE_AUTO_0516,NIFTY2620324900CE,CE,BUY,65,147.4,115.7,-2060.5,Auto-lightgbm-LimitChase,Stop Loss (-25),CLOSED,0.7908138131993009,0.309,False,NSE-1770025048741-5543,target_stop
2026-02-02 15:08:09,2026-02-02 15:32:00,NSE,NSE_AUTO_0517,NIFTY2620324900CE,CE,BUY,65,150.1,115.7,-2236.0,Auto-lightgbm-LimitChase,Stop Loss (-25),CLOSED,0.735713125267529,0.309,False,NSE-1770025085241-5544,target_stop
2026-02-02 15:08:34,2026-02-02 15:32:00,NSE,NSE_AUTO_0518,NIFTY2620324900CE,CE,BUY,65,150.1,115.7,-2236.0,Auto-lightgbm-LimitChase,Stop Loss (-25),CLOSED,0.8122522716298936,0.309,False,NSE-1770025114517-5545,target_stop
2026-02-02 15:09:57,2026-02-02 15:14:00,NSE,NSE_AUTO_0519,NIFTY2620324900CE,CE,BUY,65,136.3,165.3,1885.0,Auto-lightgbm-LimitChase,Target Hit (+25),CLOSED,0.7340884455305137,0.309,False,NSE-1770025197449-5547,target_stop
2026-02-02 15:10:14,2026-02-02 15:32:00,NSE,NSE_AUTO_0520,NIFTY2620324900CE,CE,BUY,65,148.5,115.7,-2132.0,Auto-lightgbm-LimitChase,Stop Loss (-25),CLOSED,0.7340884455305137,0.309,False,NSE-1770025214083-5548,target_stop
2026-02-02 15:11:09,2026-02-02 15:32:00,NSE,NSE_AUTO_0521,NIFTY2620324950CE,CE,BUY,65,118.95,93.75,-1638.0,Auto-lightgbm-LimitChase,Stop Loss (-25),CLOSED,0.7490571187553346,0.309,False,NSE-1770025267077-5549,target_stop
2026-02-02 15:13:09,2026-02-02 15:32:00,NSE,NSE_AUTO_0522,NIFTY2620324950CE,CE,BUY,65,118.95,93.75,-1638.0,Auto-lightgbm-LimitChase,Stop Loss (-25),CLOSED,0.7736020312285837,0.309,False,NSE-1770025382283-5556,target_stop
