time,open,high,low,close,EMA 7,RSI
2025-11-28T14:27:00+05:30,85727.59,85727.59,85706.19,85721.1,85720.5629927557,45.332629709042706
2025-11-28T14:30:00+05:30,85718.94,85751.74,85715.61,85751.74,85728.35724456678,59.69793089175466
2025-11-28T14:33:00+05:30,85751.75,85778.8,85740.57,85754.74,85734.95293342508,60.87241955488779
2025-11-28T14:36:00+05:30,85753.15,85786.59,85741.74,85786.59,85747.8622000688,71.24996835487619
2025-11-28T14:39:00+05:30,85786.33,85786.33,85735.54,85751.2,85748.6966500516,53.02051490593608
2025-11-28T14:42:00+05:30,85750.8,85760.08,85718.85,85722.84,85742.2324875387,42.7860789272553
2025-11-28T14:45:00+05:30,85723.04,85743.31,85717.44,85731.93,85739.65686565402,46.63782742578439
2025-11-28T14:48:00+05:30,85732.51,85738.65,85713.55,85720.74,85734.92764924052,42.52609618671584
2025-11-28T14:51:00+05:30,85721.01,85740.57,85708.43,85738.82,85735.90073693039,50.71646387466278
2025-11-28T14:54:00+05:30,85736.54,85740.34,85723.53,85738.13,85736.4580526978,50.39669790889364
2025-11-28T14:57:00+05:30,85736.73,85755.19,85729.83,85746.05,85738.85603952335,54.258717644254936
2025-11-28T15:00:00+05:30,85746.17,85748.94,85707.16,85722.21,85734.69452964251,42.6086271069963
2025-11-28T15:03:00+05:30,85719.05,85750.29,85717.73,85737.71,85735.44839723188,50.64664060964237
2025-11-28T15:06:00+05:30,85731.95,85757.91,85711.39,85721.57,85731.97879792392,43.282340527462445
2025-11-28T15:09:00+05:30,85722.89,85728.12,85711.44,85712.59,85727.13159844294,39.54948437334679
2025-11-28T15:12:00+05:30,85713.6,85718.49,85691.8,85694.98,85719.0936988322,33.03180951399807
2025-11-28T15:15:00+05:30,85695.75,85712.28,85688.45,85690.68,85711.99027412415,31.550603633271237
2025-11-28T15:18:00+05:30,85691.91,85718.83,85684.04,85706.17,85710.53520559311,42.40483008206726
2025-11-28T15:21:00+05:30,85706.88,85728.41,85689.49,85697.67,85707.31890419484,38.49671597283065
2025-11-28T15:24:00+05:30,85695.42,85749.09,85683.87,85736.79,85714.68667814613,58.85670965803953
2025-11-28T15:27:00+05:30,85737.41,85745.47,85700.29,85700.29,85711.08750860959,43.265973529768985
2025-12-01T09:15:00+05:30,86159.02,86159.02,85931.35,86002.48,85783.93563145719,84.05726572223624
2025-12-01T09:18:00+05:30,86002.03,86022.8,85959.09,85963.03,85828.70922359289,75.76098950605784
2025-12-01T09:21:00+05:30,85957.15,86029.63,85957.15,85990.74,85869.21691769466,77.57475620995803
2025-12-01T09:24:00+05:30,85988.89,86022.53,85961.02,85972.97,85895.15518827099,73.46205370773036
2025-12-01T09:27:00+05:30,85967.29,85999.26,85967.2,85977.74,85915.80139120325,73.89546534941388
2025-12-01T09:30:00+05:30,85971.62,86014.66,85969.66,85985.94,85933.33604340244,74.72339653245955
2025-12-01T09:33:00+05:30,85984.62,86052.62,85984.62,86027.67,85956.91953255182,78.72884135157133
2025-12-01T09:36:00+05:30,86021.13,86070.42,86018.56,86069.41,85985.04214941387,82.048436795231
2025-12-01T09:39:00+05:30,86067.59,86109.4,86066.9,86067.69,86005.7041120604,81.43743722721828
2025-12-01T09:42:00+05:30,86068.97,86073.63,85982.56,86007.74,86006.2130840453,62.50880214362125
2025-12-01T09:45:00+05:30,86012.76,86026.47,85981.21,86017.46,86009.02481303398,64.08772874023569
2025-12-01T09:48:00+05:30,86018.42,86037.16,86009.44,86013.35,86010.10610977549,62.78336252289426
2025-12-01T09:51:00+05:30,86013.82,86015.71,85950.52,85960.49,85997.70208233161,48.09543177591369
2025-12-01T09:54:00+05:30,85960.09,85981.98,85953.31,85961.16,85988.56656174871,48.27437539706274
2025-12-01T09:57:00+05:30,85956.32,85984.27,85935.06,85935.06,85975.18992131154,41.73516555771224
2025-12-01T10:00:00+05:30,85941.4,85996.48,85940.25,85981.89,85976.86494098365,54.606711167962956
2025-12-01T10:03:00+05:30,85983.09,86019.97,85966.31,86013.46,85986.01370573774,61.32622646172072
2025-12-01T10:06:00+05:30,86011.57,86013.42,85990.46,86007.79,85991.45777930331,59.481287821360894
2025-12-01T10:09:00+05:30,86008.01,86018.96,85989.07,86017.15,85997.88083447749,61.700352886466504
2025-12-01T10:12:00+05:30,86017.19,86019.18,86000.7,86005.71,85999.83812585812,57.23101855689108
2025-12-01T10:15:00+05:30,86007.76,86020.9,85968.44,85972.01,85992.88109439358,45.82343827098745
2025-12-01T10:18:00+05:30,85972.42,85986.33,85955.36,85979.25,85989.4733207952,48.40128108781511
2025-12-01T10:21:00+05:30,85979,85984.86,85962.92,85977.69,85986.5274905964,47.829182633545464
2025-12-01T10:24:00+05:30,85978.1,85979.17,85944.22,85955.41,85978.74811794731,39.959286200005614
2025-12-01T10:27:00+05:30,85952.64,85978.86,85939.78,85976.58,85978.20608846049,49.22138429652638
2025-12-01T10:30:00+05:30,85977.29,85986.54,85958.84,85980.59,85978.80206634536,50.89538689367186
2025-12-01T10:33:00+05:30,85980.37,85999.73,85951.03,85966.95,85975.83904975903,45.00729032051739
2025-12-01T10:36:00+05:30,85970.6,85970.96,85926.28,85926.28,85963.44928731926,32.092091042027846
2025-12-01T10:39:00+05:30,85923.91,85937.14,85902.66,85936.77,85956.77946548945,37.48988894928484
2025-12-01T10:42:00+05:30,85938.08,85940.17,85898.62,85903.11,85943.36209911709,28.892496596973857
2025-12-01T10:45:00+05:30,85902.21,85907.22,85868.44,85889.14,85929.80657433782,26.0048979437135
2025-12-01T10:48:00+05:30,85890.26,85895.79,85858.49,85858.49,85911.97743075337,20.707522402152122
2025-12-01T10:51:00+05:30,85855.14,85860.93,85818.63,85829.59,85891.38057306502,16.916685945211157
2025-12-01T10:54:00+05:30,85824.54,85838.25,85810.68,85831.9,85876.51042979877,18.31122354005693
2025-12-01T10:57:00+05:30,85830.13,85849.81,85816.75,85849.81,85869.83532234907,29.078905944015787
2025-12-01T11:00:00+05:30,85849.92,85849.92,85786.1,85788.25,85849.4389917618,19.023492792761402
2025-12-01T11:03:00+05:30,85785.21,85822.13,85785.21,85800.72,85837.25924382135,25.14107839514172
2025-12-01T11:06:00+05:30,85797.57,85830.7,85795.9,85817.4,85832.29443286601,33.03585304780843
2025-12-01T11:09:00+05:30,85818.3,85841.34,85804.94,85841.19,85834.51832464951,43.03277734907283
2025-12-01T11:12:00+05:30,85841.01,85859.98,85824.23,85859.36,85840.72874348714,49.72109849945114
2025-12-01T11:15:00+05:30,85860.56,85875.01,85847.01,85861.38,85845.89155761535,50.47524828240884
2025-12-01T11:18:00+05:30,85859.86,85868.17,85838.1,85847.86,85846.38366821152,45.18323131246771
2025-12-01T11:21:00+05:30,85849.21,85874.86,85840.31,85874.86,85853.50275115864,55.944764585099115
2025-12-01T11:24:00+05:30,85871.63,85883.79,85863.95,85866.67,85856.79456336898,52.31050017391817
2025-12-01T11:27:00+05:30,85867.14,85891.42,85854.92,85884.54,85863.73092252674,59.077640432651094
2025-12-01T11:30:00+05:30,85885.03,85902.38,85872.13,85897.24,85872.10819189505,63.385499460222704
2025-12-01T11:33:00+05:30,85898.35,85934.6,85898.35,85923.06,85884.84614392128,70.70111960661777
2025-12-01T11:36:00+05:30,85922.71,85934.24,85896.73,85931,85896.38460794097,72.66084059674657
2025-12-01T11:39:00+05:30,85931.67,85934.63,85878.22,85880.1,85892.31345595574,48.432481189426234
2025-12-01T11:42:00+05:30,85874.63,85875.08,85750.76,85757.7,85858.6600919668,25.02351237033001
2025-12-01T11:45:00+05:30,85758.78,85763.01,85652.04,85654.33,85807.5775689751,16.951100006826692
2025-12-01T11:48:00+05:30,85653.17,85705.7,85649.88,85673.58,85774.07817673133,22.390523019879907
2025-12-01T11:51:00+05:30,85673.47,85721.52,85668.79,85717.84,85760.0186325485,33.98813144665836
2025-12-01T11:54:00+05:30,85718.14,85749.13,85718.14,85748.98,85757.25897441138,41.200550220847
2025-12-01T11:57:00+05:30,85748.94,85770.09,85740.45,85755.28,85756.76423080853,42.6787837098732
2025-12-01T12:00:00+05:30,85754.46,85771.77,85736.35,85736.54,85751.7081731064,39.254026324726695
2025-12-01T12:03:00+05:30,85734.96,85746.76,85685.57,85691.73,85736.7136298298,32.074040362498025
2025-12-01T12:06:00+05:30,85691.49,85693.58,85672.57,85682.48,85723.15522237236,30.72076853612485
2025-12-01T12:09:00+05:30,85682.68,85689.05,85614.96,85654.94,85706.10141677927,26.793979398937708
2025-12-01T12:12:00+05:30,85655.93,85662.3,85637.63,85637.63,85688.98356258446,24.49776763630601
2025-12-01T12:15:00+05:30,85639.57,85639.57,85604.95,85628.95,85673.97517193833,23.328199864207065
2025-12-01T12:18:00+05:30,85630.48,85639.16,85585.21,85587.97,85652.47387895375,18.47097932913431
2025-12-01T12:21:00+05:30,85593.08,85629.79,85588.27,85626.51,85645.98290921531,33.63266587899547
2025-12-01T12:24:00+05:30,85630.36,85663.02,85630.36,85659.31,85649.31468191148,43.97716151134851
2025-12-01T12:27:00+05:30,85658.72,85670.19,85628.22,85670.19,85654.5335114336,47.16418455312862
2025-12-01T12:30:00+05:30,85667.84,85677.54,85585.69,85598.65,85640.5626335752,32.83494329654391
2025-12-01T12:33:00+05:30,85598.74,85599.09,85572.39,85597.82,85629.8769751814,32.70046853396053
2025-12-01T12:36:00+05:30,85596.53,85597.03,85572.45,85572.45,85615.52023138605,28.533261339410075
2025-12-01T12:39:00+05:30,85573.36,85611.73,85556.8,85611.73,85614.57267353954,41.90599608101908
2025-12-01T12:42:00+05:30,85612.88,85620.23,85561.19,85593.58,85609.32450515465,38.06620345145143
2025-12-01T12:45:00+05:30,85594.8,85605.44,85583.19,85604.94,85608.22837886598,41.950216653595206
2025-12-01T12:48:00+05:30,85603.7,85603.9,85550.74,85589.32,85603.50128414949,38.11573406318362
2025-12-01T12:51:00+05:30,85587.38,85625.93,85581.38,85622.61,85608.27846311212,49.57588638587865
2025-12-01T12:54:00+05:30,85622,85639.2,85602.53,85611.24,85609.01884733408,46.169026133858516
2025-12-01T12:57:00+05:30,85609.63,85668.21,85605.32,85664.69,85622.93663550056,60.90402025715372
2025-12-01T13:00:00+05:30,85668.06,85675.01,85624.84,85653.41,85630.55497662543,57.058573358002604
2025-12-01T13:03:00+05:30,85652.63,85658.49,85618,85658.4,85637.51623246906,58.41372868219132
2025-12-01T13:06:00+05:30,85658.32,85660.45,85626.67,85629.12,85635.4171743518,48.03610911491352
2025-12-01T13:09:00+05:30,85630.39,85647.55,85621,85638.18,85636.10788076384,51.16789577932108
2025-12-01T13:12:00+05:30,85639.82,85668.4,85639.23,85667.66,85643.99591057288,60.26000062950065
2025-12-01T13:15:00+05:30,85670.44,85687.06,85659.98,85685.9,85654.47193292965,64.96830272333924
2025-12-01T13:18:00+05:30,85685.95,85695.94,85681.75,85686.44,85662.46394969724,65.11107365210584
2025-12-01T13:21:00+05:30,85681.78,85687.39,85637.97,85637.97,85656.34046227293,45.634959088822455
2025-12-01T13:24:00+05:30,85637.32,85637.32,85606.08,85619.84,85647.2153467047,40.365893465999356
2025-12-01T13:27:00+05:30,85618.7,85638.05,85615.22,85631.29,85643.23401002852,45.04137427302054
2025-12-01T13:30:00+05:30,85632.35,85644.45,85609.38,85628.53,85639.5580075214,44.06969707372614
2025-12-01T13:33:00+05:30,85629.74,85639.27,85599.02,85618.12,85634.19850564105,40.24890916590596
2025-12-01T13:36:00+05:30,85619.67,85662.35,85611.96,85657.12,85639.92887923078,56.6689092211027
2025-12-01T13:39:00+05:30,85655.09,85665.86,85637.38,85637.38,85639.29165942309,48.756806780261314
2025-12-01T13:42:00+05:30,85636.92,85687.63,85629.98,85685.08,85650.73874456732,63.22986461447238
2025-12-01T13:45:00+05:30,85684.18,85684.18,85647.41,85660.67,85653.22155842549,54.106235524527904
2025-12-01T13:48:00+05:30,85658.39,85694.45,85658.39,85689.07,85662.18366881911,61.62275105183959
2025-12-01T13:51:00+05:30,85689.43,85695.06,85671.59,85676.08,85665.65775161433,56.66992458525836
2025-12-01T13:54:00+05:30,85675.56,85684.37,85654.52,85664.87,85665.46081371074,52.42749730576469
2025-12-01T13:57:00+05:30,85664.96,85670.99,85647.07,85664.6,85665.24561028306,52.3174414360826
2025-12-01T14:00:00+05:30,85664.39,85741.61,85660.55,85741.61,85684.3367077123,71.92713931673121
2025-12-01T14:03:00+05:30,85740.59,85799.99,85737.95,85796.87,85712.47003078423,79.1169299505049
2025-12-01T14:06:00+05:30,85798.81,85800.4,85749.99,85754.89,85723.07502308817,64.48046828335495
2025-12-01T14:09:00+05:30,85755.16,85759.93,85726.73,85730.56,85724.94626731612,57.31152562160959
2025-12-01T14:12:00+05:30,85730.77,85762.32,85729.95,85758.64,85733.36970048709,62.86997828384616
2025-12-01T14:15:00+05:30,85756.09,85765.96,85721.29,85727.26,85731.84227536531,53.74585977504184
2025-12-01T14:18:00+05:30,85726.38,85735.04,85707.71,85724.48,85730.00170652398,52.95159500460187
2025-12-01T14:21:00+05:30,85726.53,85745.4,85722.97,85725.47,85728.86877989299,53.23870216887438
2025-12-01T14:24:00+05:30,85722.62,85735.09,85711.24,85731.96,85729.64158491974,55.32382388307772
2025-12-01T14:27:00+05:30,85731.91,85743.03,85709.17,85733.35,85730.5686886898,55.81611909008435
2025-12-01T14:30:00+05:30,85720.78,85726.48,85696.78,85698.44,85722.53651651736,42.193111355434056
2025-12-01T14:33:00+05:30,85697.55,85713.1,85675.29,85693.43,85715.25988738802,40.53659657193419
2025-12-01T14:36:00+05:30,85694.84,85703.98,85667.48,85671.2,85704.24491554101,33.689625748320395
2025-12-01T14:39:00+05:30,85672.71,85673.99,85659.81,85662.09,85693.70618665576,31.17226606338356
2025-12-01T14:42:00+05:30,85664.52,85676.35,85632.22,85632.34,85678.36463999182,24.26452235876276
2025-12-01T14:45:00+05:30,85632.3,85644.89,85629.92,85641.79,85669.22097999387,30.012070469370514
2025-12-01T14:48:00+05:30,85639.63,85655.81,85615.31,85615.31,85655.7432349954,24.046322788913017
2025-12-01T14:51:00+05:30,85621.68,85631.21,85563.34,85570.38,85634.40242624655,17.256181052790765
2025-12-01T14:54:00+05:30,85569.52,85570.86,85489.65,85511.73,85603.73431968491,12.066924435833528
2025-12-01T14:57:00+05:30,85515.27,85551.35,85513.92,85528.53,85584.93323976369,20.0968650399292
2025-12-01T15:00:00+05:30,85551.55,85613.15,85518.72,85613.15,85591.98742982277,48.00087566364069
2025-12-01T15:03:00+05:30,85613.59,85664.84,85610.7,85655.84,85607.95057236707,56.86663729350923
2025-12-01T15:06:00+05:30,85655.74,85666.48,85628.65,85647.8,85617.9129292753,54.81319810603271
2025-12-01T15:09:00+05:30,85648.98,85684.42,85642.95,85675.43,85632.29219695648,60.527814662645696
2025-12-01T15:12:00+05:30,85674.93,85677.74,85638.83,85640.58,85634.36414771737,51.030994590049794
2025-12-01T15:15:00+05:30,85642.41,85662.16,85603.85,85648.17,85637.81561078802,52.90837663818225
2025-12-01T15:18:00+05:30,85645.77,85647.71,85627.6,85641.64,85638.77170809102,50.94783832226364
2025-12-01T15:21:00+05:30,85639.57,85647.24,85626.81,85642.22,85639.63378106826,51.135470027465004
2025-12-01T15:24:00+05:30,85643.47,85673.11,85640.45,85652.14,85642.7603358012,54.60066765727045
2025-12-01T15:27:00+05:30,85649.53,85668.54,85623.03,85636.29,85641.1427518509,48.22571009372583
2025-12-02T09:15:00+05:30,85342.64,85486.39,85261.88,85465.3,85597.18206388818,19.528585917040857
2025-12-02T09:18:00+05:30,85469.61,85553.51,85435.58,85545.36,85584.22654791613,39.26919151551702
2025-12-02T09:21:00+05:30,85536.16,85539.16,85494.53,85526.86,85569.8849109371,36.833276543891856
2025-12-02T09:24:00+05:30,85528.01,85532.21,85477.33,85516.61,85556.56618320281,35.413317857409
2025-12-02T09:27:00+05:30,85518.33,85524.26,85451.47,85454.33,85531.0071374021,27.812684373630248
2025-12-02T09:30:00+05:30,85454.19,85463.98,85401.44,85450.65,85510.91785305158,27.40718185229902
2025-12-02T09:33:00+05:30,85466.24,85470.53,85403.96,85423.05,85488.95088978868,24.306348509988595
2025-12-02T09:36:00+05:30,85421.62,85426.02,85376.53,85388.07,85463.73066734152,20.822876812301075
2025-12-02T09:39:00+05:30,85387.09,85395.92,85344.27,85355.3,85436.62300050614,18.00293972663647
2025-12-02T09:42:00+05:30,85349.5,85353.89,85297.28,85301.8,85402.9172503796,14.311417613440085
2025-12-02T09:45:00+05:30,85299.67,85351.04,85292.41,85347.88,85389.15793778471,28.950910741680246
2025-12-02T09:48:00+05:30,85350.23,85350.73,85270.05,85271.5,85359.74345333854,21.761343378106602
2025-12-02T09:51:00+05:30,85270.71,85294.44,85266.32,85275.63,85338.71509000391,22.968123619530544
2025-12-02T09:54:00+05:30,85278.85,85337.67,85275.52,85328.81,85336.23881750293,37.45959724320238
2025-12-02T09:57:00+05:30,85334.62,85343.9,85302.8,85303.79,85328.1266131272,33.95358467984593
2025-12-02T10:00:00+05:30,85304.25,85316.74,85285.61,85289.92,85318.5749598454,32.01561003333833
2025-12-02T10:03:00+05:30,85289.63,85328.44,85271.6,85322.79,85319.62871988404,41.28187419348175
2025-12-02T10:06:00+05:30,85318.43,85322.51,85291.28,85297.41,85314.07403991303,36.76749331886233
2025-12-02T10:09:00+05:30,85297.58,85308.33,85251.91,85260.4,85300.65552993477,31.000138370119203
2025-12-02T10:12:00+05:30,85255.19,85272.01,85250.7,85265.13,85291.77414745107,32.577056734703476
2025-12-02T10:15:00+05:30,85264.82,85271,85219.3,85229.01,85276.0831105883,27.066173143337394
2025-12-02T10:18:00+05:30,85224.84,85286.72,85215.12,85274.78,85275.75733294123,41.656951798257595
2025-12-02T10:21:00+05:30,85275.43,85312.08,85267.49,85298.51,85281.44549970592,47.95482038888944
2025-12-02T10:24:00+05:30,85298.99,85310.35,85284.53,85290.43,85283.69162477944,45.983022464265275
2025-12-02T10:27:00+05:30,85292.74,85321.49,85286.07,85310.74,85290.45371858458,51.79552130503353
2025-12-02T10:30:00+05:30,85310.55,85333.14,85304.46,85322.62,85298.49528893843,55.093126975598544
2025-12-02T10:33:00+05:30,85321.95,85348.99,85311.22,85346.17,85310.41396670383,61.22733188034586
2025-12-02T10:36:00+05:30,85344.32,85354.31,85322.68,85342.42,85318.41547502787,59.712046049224675
2025-12-02T10:39:00+05:30,85342.29,85353.84,85327.11,85352.79,85327.0091062709,62.69095759990983
2025-12-02T10:42:00+05:30,85351.93,85367.27,85298.36,85311.64,85323.16682970317,46.703766245629204
2025-12-02T10:45:00+05:30,85308.04,85314.92,85280.3,85287.91,85314.35262227738,39.86424771404455
2025-12-02T10:48:00+05:30,85288.51,85333.51,85284.84,85333.51,85319.14196670803,54.72770995053741
2025-12-02T10:51:00+05:30,85334.9,85378.34,85333.61,85364.53,85330.48897503102,62.151985434961034
2025-12-02T10:54:00+05:30,85368.11,85370.77,85340.41,85348.15,85334.90423127326,56.44906560899254
2025-12-02T10:57:00+05:30,85344.18,85372.74,85342.17,85371.85,85344.14067345495,62.2899732397952
2025-12-02T11:00:00+05:30,85372.71,85377.74,85337.04,85355.89,85347.07800509121,56.352181951748015
2025-12-02T11:03:00+05:30,85355.57,85387.58,85355.57,85373.12,85353.5885038184,61.03089485865138
2025-12-02T11:06:00+05:30,85369.59,85380.79,85361.36,85367.85,85357.1538778638,58.782442879230686
2025-12-02T11:09:00+05:30,85365.78,85380.33,85356.07,85365.12,85359.14540839786,57.502128505424444
2025-12-02T11:12:00+05:30,85363.77,85377.63,85317.55,85317.79,85348.8065562984,39.91694419093349
2025-12-02T11:15:00+05:30,85312.53,85319,85296.77,85309.69,85339.0274172238,37.61986712889011
2025-12-02T11:18:00+05:30,85310.1,85327.2,85305.34,85305.76,85330.71056291784,36.433091487699606
2025-12-02T11:21:00+05:30,85306.62,85306.62,85278.05,85289.12,85320.31292218837,31.521073707545284
2025-12-02T11:24:00+05:30,85288.55,85337.73,85283.31,85315.69,85319.15719164128,45.26761146203822
2025-12-02T11:27:00+05:30,85316.43,85316.43,85280.5,85280.85,85309.58039373095,34.63228331927969
2025-12-02T11:30:00+05:30,85282.07,85291.13,85269.25,85278.24,85301.74529529821,33.935454450512026
2025-12-02T11:33:00+05:30,85277.65,85285.37,85265.26,85280.93,85296.54147147365,35.496048306633085
2025-12-02T11:36:00+05:30,85278.35,85289.28,85269.27,85287.42,85294.26110360524,39.51756533814765
2025-12-02T11:39:00+05:30,85288.65,85298.7,85265.32,85265.32,85287.02582770394,31.67273544915527
2025-12-02T11:42:00+05:30,85264.84,85277.49,85263.8,85273.3,85283.59437077795,36.94581893554982
2025-12-02T11:45:00+05:30,85274.46,85276.59,85259.51,85266.51,85279.32327808347,34.316814871423716
2025-12-02T11:48:00+05:30,85267.4,85292.49,85253.46,85275.15,85278.2799585626,40.59245881730715
2025-12-02T11:51:00+05:30,85277.51,85280.81,85251.41,85251.41,85271.56246892195,31.07486605887371
2025-12-02T11:54:00+05:30,85252.26,85259.58,85212.61,85212.61,85256.82435169147,21.474273483631592
2025-12-02T11:57:00+05:30,85213.9,85238.46,85211.04,85235.86,85251.5832637686,35.42221031572164
2025-12-02T12:00:00+05:30,85235.55,85239.5,85194.59,85213.05,85241.94994782645,29.437443687452003
2025-12-02T12:03:00+05:30,85213.8,85241.87,85196.94,85209.84,85233.92246086983,28.6429047979734
2025-12-02T12:06:00+05:30,85212.09,85244.85,85201.05,85229.05,85232.70434565237,39.95758622291806
2025-12-02T12:09:00+05:30,85228.66,85244.12,85223.34,85242.98,85235.27325923927,47.059332063138704
2025-12-02T12:12:00+05:30,85243.07,85261.17,85221.04,85233.58,85234.84994442946,43.050577300331454
2025-12-02T12:15:00+05:30,85232.86,85258.07,85214.25,85254.67,85239.80495832209,53.43375848138998
2025-12-02T12:18:00+05:30,85248.78,85260.66,85236.37,85251.22,85242.65871874156,51.636993161438944
2025-12-02T12:21:00+05:30,85253.96,85261.79,85244.34,85245.38,85243.33903905617,48.4214526237968
2025-12-02T12:24:00+05:30,85243.74,85273.55,85243.74,85261.39,85247.85177929213,56.988035107678066
2025-12-02T12:27:00+05:30,85260.7,85292.84,85246.99,85281.08,85256.1588344691,65.26555190261666
2025-12-02T12:30:00+05:30,85289.42,85290.15,85260.54,85270.12,85259.64912585182,58.015123968919056
2025-12-02T12:33:00+05:30,85271.55,85337.18,85269.78,85337.18,85279.03184438887,76.58415506100542
2025-12-02T12:36:00+05:30,85338.26,85338.26,85308.84,85311.48,85287.14388329165,63.940108146268614
2025-12-02T12:39:00+05:30,85309.41,85313.02,85290.67,85297.34,85289.69291246873,57.81325245004816
2025-12-02T12:42:00+05:30,85296.52,85296.52,85252.71,85258.74,85281.95468435154,44.29540247715498
2025-12-02T12:45:00+05:30,85259.44,85264.51,85225.17,85246.41,85273.06851326366,40.745003644162274
2025-12-02T12:48:00+05:30,85249.24,85256.16,85211.35,85237.13,85264.08388494774,38.06591863527058
2025-12-02T12:51:00+05:30,85233.06,85235.26,85218.74,85229.73,85255.4954137108,35.87162988583911
2025-12-02T12:54:00+05:30,85228.19,85234.56,85201.6,85206.04,85243.1315602831,29.516764657358564
2025-12-02T12:57:00+05:30,85206.24,85209.82,85181.74,85188.02,85229.35367021232,25.50674269392657
2025-12-02T13:00:00+05:30,85188.19,85207.86,85185.48,85194.84,85220.72525265923,29.722454933447338
2025-12-02T13:03:00+05:30,85195.89,85207.64,85186.08,85195.21,85214.34643949443,29.973286319852548
2025-12-02T13:06:00+05:30,85194.53,85203.7,85169.2,85202.41,85211.36232962082,35.222195772126994
2025-12-02T13:09:00+05:30,85202.66,85232.32,85174.54,85186.31,85205.09924721562,29.461217970302002
2025-12-02T13:12:00+05:30,85188.37,85193.03,85172.13,85179.4,85198.67443541171,27.231023659338035
2025-12-02T13:15:00+05:30,85178.58,85183.28,85160.74,85170.19,85191.55332655879,24.363186613097213
2025-12-02T13:18:00+05:30,85170.6,85178.26,85162.46,85174.02,85187.1699949191,28.03996780530538
2025-12-02T13:21:00+05:30,85174.24,85201.2,85156.69,85201.2,85190.67749618932,48.69045131425453
2025-12-02T13:24:00+05:30,85202.57,85210.92,85172.35,85185.59,85189.40562214199,40.83802535049538
2025-12-02T13:27:00+05:30,85186.19,85194.78,85160.01,85160.01,85182.05671660649,31.214048361589818
2025-12-02T13:30:00+05:30,85162.44,85175.18,85150.68,85166.64,85178.20253745487,35.789713433315654
2025-12-02T13:33:00+05:30,85166.38,85186.28,85159.69,85186.28,85180.22190309115,47.79205138788
2025-12-02T13:36:00+05:30,85186.22,85186.22,85143.99,85170.69,85177.83892731837,40.73974778576022
2025-12-02T13:39:00+05:30,85171.31,85179.05,85152.92,85165.45,85174.74169548877,38.51133392428076
2025-12-02T13:42:00+05:30,85162.38,85168.85,85147.33,85161,85171.30627161657,36.53153557981822
2025-12-02T13:45:00+05:30,85160.57,85166.64,85140.74,85164.37,85169.57220371242,39.28903974275681
2025-12-02T13:48:00+05:30,85163.87,85186.74,85163.87,85171.64,85170.08915278432,45.27327855744745
2025-12-02T13:51:00+05:30,85172.52,85211.35,85167.36,85196.83,85176.77436458824,60.86637692379351
2025-12-02T13:54:00+05:30,85195.66,85202.45,85168.35,85199.16,85182.37077344119,62.033738423746655
2025-12-02T13:57:00+05:30,85198.89,85227.83,85192.83,85222.65,85192.44058008089,71.89466894685505
2025-12-02T14:00:00+05:30,85224.29,85231.04,85180.17,85186.22,85190.88543506067,48.90991296425531
2025-12-02T14:03:00+05:30,85186.28,85226.34,85184.96,85220.46,85198.2790762955,62.171233306718044
2025-12-02T14:06:00+05:30,85220.05,85225.35,85164.24,85224.65,85204.87180722161,63.52298364828136
2025-12-02T14:09:00+05:30,85223.51,85234.97,85213.32,85217.85,85208.11635541622,59.49752920773076
2025-12-02T14:12:00+05:30,85217.98,85217.99,85182.92,85182.92,85201.81726656217,43.12134299393997
2025-12-02T14:15:00+05:30,85188.02,85198.96,85157.35,85163.76,85192.30294992162,36.663449612590185
2025-12-02T14:18:00+05:30,85158.35,85191.22,85158.35,85178.13,85188.75971244121,44.00153510290606
2025-12-02T14:21:00+05:30,85177.86,85177.86,85138.35,85138.35,85176.15728433091,32.02016011588515
2025-12-02T14:24:00+05:30,85138.07,85202.23,85135.46,85180.23,85177.17546324819,49.05767589172951
2025-12-02T14:27:00+05:30,85179.07,85187.48,85152.7,85181.38,85178.22659743615,49.463436420435265
2025-12-02T14:30:00+05:30,85180.66,85183.45,85147.81,85150.39,85171.26744807711,39.55759359219108
2025-12-02T14:33:00+05:30,85149.45,85176.54,85136.44,85167.45,85170.31308605784,46.44578273757134
2025-12-02T14:36:00+05:30,85167.21,85167.21,85053,85083.38,85148.57981454338,28.06057110526436
2025-12-02T14:39:00+05:30,85076.93,85097.23,85064.77,85075.46,85130.29986090754,26.89065517514308
2025-12-02T14:42:00+05:30,85078.69,85084.05,85057.15,85070.33,85115.30739568066,26.069308261727187
2025-12-02T14:45:00+05:30,85069.52,85086.41,85062.45,85073.72,85104.9105467605,27.770177459645595
2025-12-02T14:48:00+05:30,85082.93,85125.77,85067.89,85115.25,85107.49541007038,45.64354216119084
2025-12-02T14:51:00+05:30,85116.48,85116.48,85091.97,85104.15,85106.65905755278,42.37392922175659
2025-12-02T14:54:00+05:30,85104.7,85106.55,85066.88,85070.05,85097.50679316459,33.71731321840804
2025-12-02T14:57:00+05:30,85070.83,85080.25,85053.22,85073.34,85091.46509487345,35.20723757991044
2025-12-02T15:00:00+05:30,85085.49,85123.61,85073.39,85102.61,85094.25132115508,47.464434022303536
2025-12-02T15:03:00+05:30,85104.86,85132.4,85104.24,85126.71,85102.36599086631,55.54318317235854
2025-12-02T15:06:00+05:30,85127.05,85129.86,85092.86,85120.19,85106.82199314973,52.97210499700772
2025-12-02T15:09:00+05:30,85121.01,85151.49,85116.54,85151.49,85117.9889948623,62.654208412401715
2025-12-02T15:12:00+05:30,85146.9,85167.02,85133.76,85149.86,85125.95674614672,61.88018193753405
2025-12-02T15:15:00+05:30,85146.99,85176.62,85127.06,85167.02,85136.22255961005,66.90222905515944
2025-12-02T15:18:00+05:30,85166.53,85197.5,85138.59,85194.61,85150.81941970754,73.46067620926542
2025-12-02T15:21:00+05:30,85194.3,85212.23,85162.74,85207.37,85164.95706478065,76.02411359170522
2025-12-02T15:24:00+05:30,85208.15,85238.09,85197.93,85226.61,85180.37029858549,79.50631645943373
2025-12-02T15:27:00+05:30,85226.86,85243.85,85210.16,85233.52,85193.65772393912,80.68192571734842
2025-12-03T09:15:00+05:30,85155.07,85269.68,85078.79,85177.82,85189.69829295434,52.40891414390731
2025-12-03T09:18:00+05:30,85184.92,85214.37,85144.54,85144.54,85178.40871971575,42.12019902659318
2025-12-03T09:21:00+05:30,85136.74,85159.63,85105.92,85159.63,85173.7140397868,47.56554468855518
2025-12-03T09:24:00+05:30,85157.68,85159.18,85081.76,85081.76,85150.7255298401,30.366081254874032
2025-12-03T09:27:00+05:30,85081.7,85081.7,84932.2,84947.65,85099.95664738008,17.58781231846298
2025-12-03T09:30:00+05:30,84947.54,84997.12,84947.54,84985.21,85071.26998553507,27.549559497251096
2025-12-03T09:33:00+05:30,84977.81,84977.93,84857.28,84875.18,85022.2474891513,19.49555333316924
2025-12-03T09:36:00+05:30,84873.77,84888.78,84836.26,84849.94,84979.17061686347,18.08092313204284
2025-12-03T09:39:00+05:30,84854.36,84886.71,84826.38,84884.86,84955.5929626476,26.669543777490745
2025-12-03T09:42:00+05:30,84882.08,84924.7,84871.8,84897.26,84941.0097219857,29.722017245825597
2025-12-03T09:45:00+05:30,84903.28,84915.36,84889.7,84903.69,84931.67979148927,31.44833832961426
2025-12-03T09:48:00+05:30,84906.41,84916.03,84870.13,84870.13,84916.29234361695,27.356482599733738
2025-12-03T09:51:00+05:30,84868.57,84893.64,84843.07,84884.27,84908.28675771272,31.723341081742774
2025-12-03T09:54:00+05:30,84883.32,84926.2,84881.16,84926.2,84912.76506828454,43.47804447072405
2025-12-03T09:57:00+05:30,84926.08,84943.1,84892.77,84942.67,84920.2413012134,47.61130270510585
2025-12-03T10:00:00+05:30,84942.71,84943.12,84882.88,84888.13,84912.21347591006,37.12334765880499
2025-12-03T10:03:00+05:30,84887.74,84891.92,84788.1,84788.37,84881.25260693254,25.252658090662237
2025-12-03T10:06:00+05:30,84781.27,84822.2,84763.64,84818.2,84865.48945519941,32.753998650452814
2025-12-03T10:09:00+05:30,84818.34,84826.29,84793.31,84814.24,84852.67709139956,32.25269841643362
2025-12-03T10:12:00+05:30,84824.45,84872.12,84817.25,84858.36,84854.09781854966,43.49397093834061
2025-12-03T10:15:00+05:30,84860.54,84868.2,84815.08,84824.38,84846.66836391225,37.85068700406117
2025-12-03T10:18:00+05:30,84808.87,84833.31,84791.19,84833.31,84843.32877293418,40.22846932403554
2025-12-03T10:21:00+05:30,84834.99,84924.84,84825.55,84857.91,84846.97407970064,46.773264102967076
2025-12-03T10:24:00+05:30,84850.87,84891.83,84845.82,84891.83,84858.18805977548,54.74473233184881
2025-12-03T10:27:00+05:30,84893.66,84904.3,84856.77,84858.66,84858.30604483161,46.75593114269767
2025-12-03T10:30:00+05:30,84858.52,84883.59,84847.78,84876.21,84862.7820336237,51.15571621056244
2025-12-03T10:33:00+05:30,84872.98,84885.29,84849.23,84869.51,84864.46402521778,49.3397746905359
2025-12-03T10:36:00+05:30,84865.87,84880.52,84838.75,84852.47,84861.46551891333,44.638076588346024
2025-12-03T10:39:00+05:30,84851.92,84855.71,84795.25,84802.33,84846.681639185,33.63506867918527
2025-12-03T10:42:00+05:30,84802,84812.43,84769.07,84801.53,84835.39372938874,33.48144344001929
2025-12-03T10:45:00+05:30,84799.41,84833.74,84784.49,84817.07,84830.81279704155,39.72087479876634
2025-12-03T10:48:00+05:30,84817.21,84825.98,84795.42,84806.95,84824.84709778117,37.078464671171766
2025-12-03T10:51:00+05:30,84804.33,84835.21,84802.77,84834.36,84827.22532333588,48.007824470673356
2025-12-03T10:54:00+05:30,84835.48,84851.76,84825.03,84845.09,84831.69149250191,51.829175779478916
2025-12-03T10:57:00+05:30,84846.91,84866.06,84830.12,84863.91,84839.74611937643,58.12686391946592
2025-12-03T11:00:00+05:30,84857.83,84884.17,84846.91,84867.32,84846.63958953232,59.252958086513324
2025-12-03T11:03:00+05:30,84867.97,84878.46,84820.57,84829.01,84842.23219214924,43.81035378493309
2025-12-03T11:06:00+05:30,84825.61,84847.76,84799.54,84845.02,84842.92914411193,50.14529549103806
2025-12-03T11:09:00+05:30,84844.28,84845.73,84822.96,84842.74,84842.88185808394,49.22326132377219
2025-12-03T11:12:00+05:30,84846.69,84866.32,84837.29,84860.52,84847.29139356296,56.50018656855775
2025-12-03T11:15:00+05:30,84860.34,84860.34,84834.93,84842.12,84845.99854517222,48.16610912970496
2025-12-03T11:18:00+05:30,84844.65,84847.45,84822.62,84838.68,84844.16890887916,46.6647519657389
2025-12-03T11:21:00+05:30,84839.21,84841.41,84794.7,84802.91,84833.85418165938,33.8607375137577
2025-12-03T11:24:00+05:30,84803.92,84809.55,84773.2,84806.39,84826.98813624453,35.85831953785632
2025-12-03T11:27:00+05:30,84805.68,84837.8,84795.86,84825.24,84826.5511021834,46.13853735184435
2025-12-03T11:30:00+05:30,84826.05,84859.12,84820.29,84851.55,84832.80082663754,57.286254104991364
2025-12-03T11:33:00+05:30,84851.43,84874.12,84843.86,84868.02,84841.60561997816,62.89493262626365
2025-12-03T11:36:00+05:30,84868.64,84909.43,84860.85,84909.43,84858.56171498362,73.21260598731827
2025-12-03T11:39:00+05:30,84908.85,84950.11,84896.84,84947.28,84880.74128623771,79.33902618218157
2025-12-03T11:42:00+05:30,84946.88,84951.42,84889.57,84896.74,84884.74096467829,58.49749129357063
2025-12-03T11:45:00+05:30,84893.59,84923.26,84893.59,84916.03,84892.56322350871,62.84377613026143
2025-12-03T11:48:00+05:30,84915.27,84930.02,84904.71,84907.55,84896.30991763153,59.64049196558105
2025-12-03T11:51:00+05:30,84906.38,84916.52,84896.6,84907.57,84899.12493822366,59.64615173950226
2025-12-03T11:54:00+05:30,84908.23,84913.97,84886.54,84891.23,84897.15120366774,52.61349788798607
2025-12-03T11:57:00+05:30,84891.64,84902.18,84872.76,84875.8,84891.8134027508,46.56488228090794
2025-12-03T12:00:00+05:30,84876.21,84905.94,84876.21,84883.24,84889.6700520631,49.81069733796344
2025-12-03T12:03:00+05:30,84883.63,84943.35,84882.02,84930.38,84899.84753904733,65.36314834581937
2025-12-03T12:06:00+05:30,84928.79,84938.94,84907.54,84913.6,84903.2856542855,57.910750349114906
2025-12-03T12:09:00+05:30,84917.12,84965.63,84907.75,84958.48,84917.08424071412,68.9554916039316
2025-12-03T12:12:00+05:30,84958.14,84984.26,84955.83,84964.51,84928.94068053558,70.18200976830796
2025-12-03T12:15:00+05:30,84964.13,84964.44,84937.92,84963.86,84937.67051040169,69.83502904372035
2025-12-03T12:18:00+05:30,84964.94,84999.14,84964.94,84997.85,84952.71538280127,76.8251053293478
2025-12-03T12:21:00+05:30,84997.11,85003.82,84982.82,84987.91,84961.51403710095,71.19627347007325
2025-12-03T12:24:00+05:30,84987.18,84998.17,84967.13,84979.34,84965.9705278257,66.30939641155575
2025-12-03T12:27:00+05:30,84976.11,84980.29,84940.04,84945.66,84960.89289586927,50.43647328899094
2025-12-03T12:30:00+05:30,84946.71,84947.15,84904.15,84925.1,84951.94467190196,43.090328841510065
2025-12-03T12:33:00+05:30,84924.66,84931.61,84874.27,84877.22,84933.26350392647,30.87309790110764
2025-12-03T12:36:00+05:30,84878.88,84896,84869.99,84894.77,84923.64012794485,38.34806761059253
2025-12-03T12:39:00+05:30,84894.89,84895.03,84855.27,84861.08,84908.00009595863,30.871659528157622
2025-12-03T12:42:00+05:30,84860.56,84861.66,84832.69,84855.61,84894.90257196897,29.772165088447863
2025-12-03T12:45:00+05:30,84855.1,84883.05,84851.24,84876.5,84890.30192897673,39.38996044714838
2025-12-03T12:48:00+05:30,84878.99,84885.73,84851.59,84861.54,84883.11144673254,35.345669359495616
2025-12-03T12:51:00+05:30,84864.21,84874.26,84859.16,84872.25,84880.3960850494,40.45221415974438
2025-12-03T12:54:00+05:30,84872.37,84884.02,84860.9,84865.05,84876.55956378706,38.09250297073698
2025-12-03T12:57:00+05:30,84864.98,84897.94,84858.77,84888.87,84879.63717284029,49.46946910924514
2025-12-03T13:00:00+05:30,84889.46,84909.43,84885.45,84907.59,84886.62537963022,56.75598772580952
2025-12-03T13:03:00+05:30,84907.07,84910,84885.91,84890.69,84887.64153472267,49.27258354663642
2025-12-03T13:06:00+05:30,84891.29,84895.44,84870.84,84870.84,84883.441151042,41.732406533022015
2025-12-03T13:09:00+05:30,84870.49,84896.73,84870.45,84896.73,84886.7633632815,52.73785951444101
2025-12-03T13:12:00+05:30,84897.12,84904.1,84880.94,84896.8,84889.27252246112,52.76600108528062
2025-12-03T13:15:00+05:30,84896.31,84904.3,84870.98,84876.66,84886.11939184584,43.97650670588064
2025-12-03T13:18:00+05:30,84876.28,84876.28,84848.35,84863.03,84880.34704388438,38.864972673767376
2025-12-03T13:21:00+05:30,84865.12,84876.65,84860.61,84865.14,84876.54528291328,40.12196168643177
2025-12-03T13:24:00+05:30,84866.74,84880.45,84858.26,84868.78,84874.60396218496,42.5013469104039
2025-12-03T13:27:00+05:30,84871.33,84919.73,84866.01,84910.44,84883.56297163872,62.43375153434685
2025-12-03T13:30:00+05:30,84907.41,84939.47,84901.4,84930.68,84895.34222872905,68.60295187755446
2025-12-03T13:33:00+05:30,84929.47,84947.9,84925.34,84929.29,84903.82917154678,67.71201311392434
2025-12-03T13:36:00+05:30,84932.07,84956.98,84900.37,84921.47,84908.23937866009,62.393580026747024
2025-12-03T13:39:00+05:30,84921.75,84963.24,84905.84,84927.01,84912.93203399506,64.68610163532958
2025-12-03T13:42:00+05:30,84927.19,84938.43,84893.48,84894.85,84908.4115254963,45.783748934254426
2025-12-03T13:45:00+05:30,84895.32,84910.16,84849.79,84854.96,84895.04864412223,32.17720150722137
2025-12-03T13:48:00+05:30,84856.67,84856.71,84808.67,84822.93,84877.01898309166,25.169812080811084
2025-12-03T13:51:00+05:30,84821.32,84858.29,84801.99,84801.99,84858.26173731875,21.58457405234344
2025-12-03T13:54:00+05:30,84805.1,84845.24,84804.61,84844.53,84854.82880298907,41.376135631938425
2025-12-03T13:57:00+05:30,84842.29,84846.31,84835.55,84837.5,84850.4966022418,39.45615036914231
2025-12-03T14:00:00+05:30,84838.09,84838.18,84808.23,84826.78,84844.56745168135,36.44730646930718
2025-12-03T14:03:00+05:30,84829.06,84879.98,84816.71,84878.14,84852.96058876101,55.440631292630826
2025-12-03T14:06:00+05:30,84879.66,84962.71,84879.66,84930.67,84872.38794157075,67.15393804442795
2025-12-03T14:09:00+05:30,84933.1,84938.14,84909.61,84917.16,84883.58095617806,62.24445364216753
2025-12-03T14:12:00+05:30,84916.73,84959.99,84915.07,84953.24,84900.99571713354,69.2490209888983
2025-12-03T14:15:00+05:30,84958.98,84966.95,84926.55,84940.4,84910.84678785015,64.29642748944853
2025-12-03T14:18:00+05:30,84940.85,84946.12,84927.53,84929.59,84915.53259088761,60.07626267059228
2025-12-03T14:21:00+05:30,84930.65,84985.44,84927.23,84985.44,84933.0094431657,71.39370809613504
2025-12-03T14:24:00+05:30,84986.05,84994.15,84936.81,84936.81,84933.95958237429,55.43124990942362
2025-12-03T14:27:00+05:30,84936.3,84950.44,84899.02,84906.02,84926.97468678071,47.57413751068025
2025-12-03T14:30:00+05:30,84906.59,84927.15,84893.94,84920.3,84925.30601508553,51.308582132897214
2025-12-03T14:33:00+05:30,84920.89,84944.8,84906.48,84908.15,84921.01701131415,47.92018878754491
2025-12-03T14:36:00+05:30,84907.57,84917.18,84895.31,84916.19,84919.81025848561,50.44659881006035
2025-12-03T14:39:00+05:30,84916.64,84958.32,84913.8,84950.11,84927.3851938642,59.997922541204886
2025-12-03T14:42:00+05:30,84949.91,84985.2,84949.91,84962.67,84936.20639539816,63.07272972651153
2025-12-03T14:45:00+05:30,84963.59,84985.51,84950.43,84981.54,84947.53979654862,67.45721938125308
2025-12-03T14:48:00+05:30,84985.18,85001.98,84972.52,85000.46,84960.76984741146,71.4258540734414
2025-12-03T14:51:00+05:30,85000.08,85047.1,84990.44,85041.69,84980.99988555859,78.18843275143436
2025-12-03T14:54:00+05:30,85039.75,85058.6,85027.96,85042.83,84996.45741416894,78.35369027745904
2025-12-03T14:57:00+05:30,85044.87,85071.1,85032.12,85064.66,85013.5080606267,81.4872685644603
2025-12-03T15:00:00+05:30,85065.14,85111.83,85053.74,85055.81,85024.08354547003,76.26546052247124
2025-12-03T15:03:00+05:30,85057.93,85076.92,85046.32,85072.13,85036.09515910252,79.1411685532476
2025-12-03T15:06:00+05:30,85075.58,85104.82,85066.72,85104.82,85053.2763693269,83.7439517270919
2025-12-03T15:09:00+05:30,85104.86,85174.34,85098.63,85164.42,85081.06227699517,88.93666818363869
2025-12-03T15:12:00+05:30,85159.83,85167.11,85125.38,85129.5,85093.17170774638,72.997598586358
2025-12-03T15:15:00+05:30,85121.29,85135.74,85078.88,85080.35,85089.9662808098,56.3996446230838
2025-12-03T15:18:00+05:30,85080.78,85116.17,85073.14,85108.4,85094.57471060734,62.13247436010711
2025-12-03T15:21:00+05:30,85109.25,85124.71,85096.72,85101.97,85096.42353295551,60.02183900346378
2025-12-03T15:24:00+05:30,85102.87,85116.91,85081.12,85091.58,85095.21264971663,56.409424376954334
2025-12-03T15:27:00+05:30,85095.9,85136.62,85089.43,85118.37,85101.00198728747,63.091594568848244
2025-12-04T09:15:00+05:30,84981.21,85084.02,84949.98,85016.58,85079.8964904656,37.565187872487265
2025-12-04T09:18:00+05:30,85016.28,85029.99,84970.63,84979.88,85054.8923678492,32.10187234534092
2025-12-04T09:21:00+05:30,84984.07,85098.17,84965.89,85098.17,85065.7117758869,56.10666842939169
2025-12-04T09:24:00+05:30,85099.91,85134.58,85083.57,85100.41,85074.38633191517,56.44684672625589
2025-12-04T09:27:00+05:30,85099.52,85148.03,85074.4,85148.03,85092.79724893637,63.468830139198374
2025-12-04T09:30:00+05:30,85147.11,85165.69,85097.26,85103.63,85095.50543670228,53.998553036524285
2025-12-04T09:33:00+05:30,85101.09,85218.08,85101.09,85218.08,85126.14907752672,68.246978328616
2025-12-04T09:36:00+05:30,85218.61,85257.75,85215.67,85226.42,85151.21680814504,69.0616627096834
2025-12-04T09:39:00+05:30,85223.9,85230.41,85148.45,85160.34,85153.49760610878,55.82240472980925
2025-12-04T09:42:00+05:30,85164.56,85254.71,85163.8,85253.78,85178.56820458159,66.4368799263099
2025-12-04T09:45:00+05:30,85245.39,85265.21,85220.78,85245.16,85195.2161534362,64.76217196233475
2025-12-04T09:48:00+05:30,85243.11,85243.83,85204.5,85227.55,85203.29961507715,61.09178740778602
2025-12-04T09:51:00+05:30,85233.54,85283.5,85217.55,85265.38,85218.81971130786,65.93098656292673
2025-12-04T09:54:00+05:30,85264.84,85297.47,85245.36,85292.43,85237.22228348089,69.13354248813778
2025-12-04T09:57:00+05:30,85291.08,85293.34,85235,85235,85236.66671261066,56.076705250355836
2025-12-04T10:00:00+05:30,85234.82,85287.49,85233.67,85251.92,85240.480034458,58.75424987480696
2025-12-04T10:03:00+05:30,85251.89,85266.77,85218.95,85237.96,85239.85002584351,55.49776439561824
2025-12-04T10:06:00+05:30,85238.6,85310.16,85237.26,85298.32,85254.46751938263,65.22146794205256
2025-12-04T10:09:00+05:30,85298.44,85300.11,85241.07,85270.67,85258.51813953697,58.401721552259175
2025-12-04T10:12:00+05:30,85273.26,85325.3,85273.26,85319.78,85273.83360465273,65.80973427517878
2025-12-04T10:15:00+05:30,85321.33,85321.9,85292.84,85296.05,85279.38770348954,59.80569534176177
2025-12-04T10:18:00+05:30,85295.7,85319.21,85274.26,85316.57,85288.68327761715,63.193399504064914
2025-12-04T10:21:00+05:30,85318.78,85345.07,85312.71,85321.88,85296.98245821286,64.10670944872516
2025-12-04T10:24:00+05:30,85323.07,85357.61,85316.76,85357.12,85312.01684365964,69.89130031377412
2025-12-04T10:27:00+05:30,85356.79,85411.51,85349.7,85405.35,85335.35013274473,76.0534300723206
2025-12-04T10:30:00+05:30,85404.46,85456.05,85404.46,85430.52,85359.14259955855,78.70677127857402
2025-12-04T10:33:00+05:30,85431.43,85445.15,85410.83,85437.85,85378.81944966891,79.47929120990156
2025-12-04T10:36:00+05:30,85437.23,85481.1,85437.21,85479.22,85403.91958725169,83.43620329777946
2025-12-04T10:39:00+05:30,85482.41,85487.21,85419.54,85463.45,85418.80219043876,76.8462870523562
2025-12-04T10:42:00+05:30,85463.44,85480.33,85444.68,85467.67,85431.01914282907,77.40346604915533
2025-12-04T10:45:00+05:30,85467.34,85482.74,85448.43,85453.69,85436.68685712181,70.81699070644825
2025-12-04T10:48:00+05:30,85453.4,85460.4,85410.7,85422.14,85433.05014284136,57.854979617368684
2025-12-04T10:51:00+05:30,85415.81,85427.96,85391.61,85423.17,85430.58010713101,58.1467550399879
2025-12-04T10:54:00+05:30,85426.72,85427.75,85392.06,85401.02,85423.19008034826,49.54164958036405
2025-12-04T10:57:00+05:30,85401.54,85444.78,85398.26,85401.43,85417.7500602612,49.70239364551088
2025-12-04T11:00:00+05:30,85402.01,85428.38,85392.07,85417.18,85417.6075451959,55.98634513061775
2025-12-04T11:03:00+05:30,85417.65,85438.43,85414.61,85420.67,85418.37315889692,57.36342606003844
2025-12-04T11:06:00+05:30,85422.57,85440.86,85400.74,85402.12,85414.30986917269,48.042430923947556
2025-12-04T11:09:00+05:30,85401.51,85417.17,85387.98,85391.32,85408.56240187952,43.26701934220951
2025-12-04T11:12:00+05:30,85391.19,85419.87,85375.96,85408.06,85408.43680140964,51.91093726546714
2025-12-04T11:15:00+05:30,85408.68,85423.18,85377.75,85389.82,85403.78260105723,43.48804757052167
2025-12-04T11:18:00+05:30,85389.23,85401.74,85357.76,85365.87,85394.30445079293,34.83058719457341
2025-12-04T11:21:00+05:30,85360.07,85394.91,85354.74,85356.95,85384.9658380947,32.057541994717525
2025-12-04T11:24:00+05:30,85357.72,85382.76,85352.22,85381.71,85384.15187857102,45.98426704396948
2025-12-04T11:27:00+05:30,85379.62,85383.88,85340.75,85340.75,85373.30140892827,32.94929786578065
2025-12-04T11:30:00+05:30,85346.19,85374.78,85330.7,85357.05,85369.2385566962,40.74729970295516
2025-12-04T11:33:00+05:30,85356.6,85376.39,85339.01,85346.56,85363.56891752215,37.474977511990616
2025-12-04T11:36:00+05:30,85346.52,85358.18,85272.34,85306.61,85349.32918814161,27.619776799646672
2025-12-04T11:39:00+05:30,85307.37,85310.33,85246.44,85273.47,85330.36439110621,22.01636830101782
2025-12-04T11:42:00+05:30,85269.63,85269.63,85211.91,85230.26,85305.33829332965,16.82423350398608
2025-12-04T11:45:00+05:30,85238.83,85238.83,85182.13,85232.88,85287.22371999724,18.189053909215502
2025-12-04T11:48:00+05:30,85232.68,85282.95,85190.37,85253.95,85278.90528999793,29.10375752572095
2025-12-04T11:51:00+05:30,85254.08,85264.03,85197.45,85200.85,85259.39146749844,20.903922784463433
2025-12-04T11:54:00+05:30,85196.34,85252.19,85186.08,85218.53,85249.17610062382,28.706539290759068
2025-12-04T11:57:00+05:30,85219.35,85239.66,85200.75,85213.55,85240.26957546787,27.80516600822301
2025-12-04T12:00:00+05:30,85213.59,85260.01,85213.59,85220.4,85235.3021816009,31.26844918449747
2025-12-04T12:03:00+05:30,85223.64,85283.66,85223.64,85258.05,85240.98913620067,47.437345311440204
2025-12-04T12:06:00+05:30,85258.08,85296.89,85248.76,85296.89,85254.9643521505,59.035583663753656
2025-12-04T12:09:00+05:30,85294.88,85304.8,85200.83,85212.55,85244.36076411288,37.867468918247816
2025-12-04T12:12:00+05:30,85213.55,85292.57,85212.28,85221.66,85238.68557308466,40.553589625569245
2025-12-04T12:15:00+05:30,85226.01,85233.69,85194.8,85214.87,85232.7316798135,39.08430133013112
2025-12-04T12:18:00+05:30,85210.04,85239.32,85182.06,85184.47,85220.66625986013,32.86475490845024
2025-12-04T12:21:00+05:30,85185.18,85243.81,85139.46,85215.74,85219.4346948951,43.62961623265868
2025-12-04T12:24:00+05:30,85215.39,85251.08,85206.69,85250.69,85227.24852117132,53.377670135909774
2025-12-04T12:27:00+05:30,85252.3,85265.93,85214.83,85221.74,85225.87139087848,45.73471839372581
2025-12-04T12:30:00+05:30,85222.36,85258.49,85215.75,85230.28,85226.97354315886,48.28324327341016
2025-12-04T12:33:00+05:30,85230.63,85246.61,85219.93,85229.85,85227.69265736915,48.15040472139663
2025-12-04T12:36:00+05:30,85228.3,85251.31,85211.38,85229.89,85228.24199302687,48.16588154171023
2025-12-04T12:39:00+05:30,85230.3,85257.46,85211.86,85214.33,85224.76399477015,42.41945516552075
2025-12-04T12:42:00+05:30,85213.29,85230.9,85170.88,85173.04,85211.83299607762,30.97775901333945
2025-12-04T12:45:00+05:30,85177.21,85190.09,85087.81,85171.13,85201.65724705822,30.533297351873998
2025-12-04T12:48:00+05:30,85162.05,85162.06,85120.44,85121.92,85181.72293529366,21.332982751231185
2025-12-04T12:51:00+05:30,85129.66,85154.93,85105.59,85119.15,85166.07970147024,20.91903660431052
2025-12-04T12:54:00+05:30,85119.37,85185.56,85115.93,85172.38,85167.65477610269,44.89233375246105
2025-12-04T12:57:00+05:30,85161.67,85183.36,85141.11,85158,85165.24108207702,40.97719421860721
2025-12-04T13:00:00+05:30,85158.35,85173.99,85124.38,85150.42,85161.53581155775,38.89133486797958
2025-12-04T13:03:00+05:30,85152.46,85168.14,85128.1,85128.1,85153.17685866832,33.10267914089472
2025-12-04T13:06:00+05:30,85127.07,85172.54,85124.02,85155.84,85153.84264400124,44.97743658137951
2025-12-04T13:09:00+05:30,85153.34,85161,85099.81,85118.49,85145.00448300093,35.170638846477004
2025-12-04T13:12:00+05:30,85118.36,85156.33,85097.57,85125.18,85140.0483622507,37.99575459388725
2025-12-04T13:15:00+05:30,85123,85157.3,85118.39,85139.65,85139.94877168802,44.138548224505286
2025-12-04T13:18:00+05:30,85141.38,85156.27,85099.04,85118.66,85134.62657876602,37.80078494291003
2025-12-04T13:21:00+05:30,85117.51,85207.92,85117.51,85203.61,85151.87243407452,62.932047298479546
2025-12-04T13:24:00+05:30,85203.68,85213.95,85164.05,85179.28,85158.7243255559,55.446416576572666
2025-12-04T13:27:00+05:30,85179.05,85216.08,85177.03,85186.03,85165.55074416692,57.09815386411533
2025-12-04T13:30:00+05:30,85196.53,85215.11,85168.59,85172.86,85167.37805812519,52.654666105873645
2025-12-04T13:33:00+05:30,85173.74,85174.45,85106.56,85106.56,85152.17354359389,36.1375252433168
2025-12-04T13:36:00+05:30,85104.4,85105.06,85017.6,85098.96,85138.87015769542,34.68254909909339
2025-12-04T13:39:00+05:30,85098.77,85098.77,85026.68,85027.3,85110.97761827157,24.03666597143294
2025-12-04T13:42:00+05:30,85026.46,85061,85023.07,85051.22,85096.03821370368,32.14753644326993
2025-12-04T13:45:00+05:30,85054.14,85061.43,85042.18,85058.59,85086.67616027776,34.65552429296639
2025-12-04T13:48:00+05:30,85058.98,85072.67,85049.97,85052.97,85078.24962020831,33.55221661119076
2025-12-04T13:51:00+05:30,85053.58,85097.28,85027.24,85032.74,85066.87221515624,29.595329141085358
2025-12-04T13:54:00+05:30,85033.2,85074.95,85027.03,85057.03,85064.41166136718,39.57719613593226
2025-12-04T13:57:00+05:30,85055.74,85062.6,85017.67,85047.28,85060.12874602538,37.11307988361703
2025-12-04T14:00:00+05:30,85047.68,85075.17,85035.03,85067.58,85061.99155951904,45.3744190215429
2025-12-04T14:03:00+05:30,85069.35,85110.47,85050.44,85061.79,85061.94116963928,43.47400137121537
2025-12-04T14:06:00+05:30,85065.66,85120.16,85055.6,85119.78,85076.40087722946,62.047671814093846
2025-12-04T14:09:00+05:30,85120.74,85213.95,85118.65,85176.47,85101.4181579221,72.39342579163433
2025-12-04T14:12:00+05:30,85174.15,85181.42,85123.59,85157.22,85115.36861844157,65.33745162843249
2025-12-04T14:15:00+05:30,85154.64,85188.2,85117.65,85188.2,85133.57646383118,70.69949610011228
2025-12-04T14:18:00+05:30,85182.49,85188.18,85114.75,85121.99,85130.67984787338,51.02047849101233
2025-12-04T14:21:00+05:30,85123.6,85156.39,85104.66,85156.39,85137.10738590504,58.09134256115299
2025-12-04T14:24:00+05:30,85153.16,85170.97,85134.08,85170.97,85145.57303942878,60.8836434677994
2025-12-04T14:27:00+05:30,85173.48,85206.43,85146.53,85178.74,85153.8647795716,62.43960516710651
2025-12-04T14:30:00+05:30,85175.87,85222.11,85166.77,85166.77,85157.0910846787,58.27348834188286
2025-12-04T14:33:00+05:30,85167.48,85181.82,85142.9,85142.9,85153.54331350903,50.443180820849015
2025-12-04T14:36:00+05:30,85142.37,85193.42,85130.02,85183.99,85161.15498513177,60.97457666323375
2025-12-04T14:39:00+05:30,85179.59,85234.02,85172.15,85194.07,85169.38373884883,63.21205686207414
2025-12-04T14:42:00+05:30,85191.85,85207.88,85151.16,85157.93,85166.52030413662,50.98485295957111
2025-12-04T14:45:00+05:30,85158.96,85169.06,85107.56,85135.17,85158.68272810246,44.64050197502595
2025-12-04T14:48:00+05:30,85133.96,85206.02,85131.26,85206.02,85170.51704607684,61.87149191302681
2025-12-04T14:51:00+05:30,85206.25,85269.78,85163.49,85209.05,85180.15028455763,62.45456737075706
2025-12-04T14:54:00+05:30,85212.18,85270.3,85206.65,85259.75,85200.05021341823,71.0861892035199
2025-12-04T14:57:00+05:30,85259.11,85296.99,85248.95,85280.44,85220.14766006367,73.93872007849401
2025-12-04T15:00:00+05:30,85281.48,85375.18,85281.48,85365.58,85256.50574504775,82.31498489153677
2025-12-04T15:03:00+05:30,85367,85367.26,85288.45,85313.67,85270.79680878582,66.99778799995738
2025-12-04T15:06:00+05:30,85315.06,85357.34,85292.63,85317.87,85282.56510658936,67.56746197447858
2025-12-04T15:09:00+05:30,85319.16,85343.58,85264.58,85310.31,85289.50132994202,65.20385166855209
2025-12-04T15:12:00+05:30,85311.34,85330.63,85237.88,85265.83,85283.58349745652,52.57866995481231
2025-12-04T15:15:00+05:30,85254.14,85289.77,85209.89,85209.89,85265.16012309238,40.94598048247953
2025-12-04T15:18:00+05:30,85215.22,85289.69,85202.92,85230.05,85256.38259231929,45.97178946337673
2025-12-04T15:21:00+05:30,85229.66,85263.01,85185.54,85227.25,85249.09944423947,45.34645246442593
2025-12-04T15:24:00+05:30,85226.11,85258.11,85196.94,85203.61,85237.7270831796,39.98855217802925
2025-12-04T15:27:00+05:30,85203.44,85215.52,85118.28,85131.41,85211.1478123847,28.141024555577232
2025-12-05T09:15:00+05:30,85186.74,85266.18,85078.12,85255.36,85222.20085928852,54.90213594855795
2025-12-05T09:18:00+05:30,85254.8,85311.99,85201.78,85311.84,85244.61064446639,62.35503113864057
2025-12-05T09:21:00+05:30,85314.42,85318.86,85260.18,85263.37,85249.3004833498,53.502486451495386
2025-12-05T09:24:00+05:30,85262.04,85277.04,85215.78,85242.33,85247.55786251235,49.91379034750056
2025-12-05T09:27:00+05:30,85247.37,85295.44,85247.37,85267.48,85252.53839688425,54.1981397195313
2025-12-05T09:30:00+05:30,85267.53,85279.69,85236.57,85241.04,85249.66379766319,49.05187013855918
2025-12-05T09:33:00+05:30,85251.31,85326.06,85244.7,85299.06,85262.0128482474,59.0150067160009
2025-12-05T09:36:00+05:30,85297.87,85297.87,85233.38,85241.85,85256.97213618555,48.17701657022313
2025-12-05T09:39:00+05:30,85240.84,85295.32,85240.84,85289.49,85265.10160213916,56.023170151957295
2025-12-05T09:42:00+05:30,85283.36,85306.26,85257.17,85298.44,85273.43620160437,57.435638071612786
2025-12-05T09:45:00+05:30,85298.8,85328.51,85291.31,85301.91,85280.55465120327,58.04516088161913
2025-12-05T09:48:00+05:30,85302.35,85351.16,85299.51,85316.08,85289.43598840246,60.72464460948642
2025-12-05T09:51:00+05:30,85316.62,85331.11,85297.91,85318.69,85296.74949130185,61.25636929987371
2025-12-05T09:54:00+05:30,85321.18,85323.92,85262.28,85263.2,85288.36211847639,45.85725440192437
2025-12-05T09:57:00+05:30,85263.43,85270.01,85218.01,85232.86,85274.4865888573,39.519900118271856
2025-12-05T10:00:00+05:30,85228.73,85230.51,85168.6,85224.35,85261.95244164298,37.81001263353624
2025-12-05T10:03:00+05:30,85223.49,85477.36,85223.49,85477.36,85315.80433123224,75.13140580051805
2025-12-05T10:06:00+05:30,85482.89,85496.19,85353.47,85376.13,85330.88574842419,58.69056545094337
2025-12-05T10:09:00+05:30,85371.37,85417.05,85369.03,85393.07,85346.43181131815,60.38308655422339
2025-12-05T10:12:00+05:30,85394.92,85411.39,85360.71,85407.25,85361.63635848861,61.9072676871183
2025-12-05T10:15:00+05:30,85406.44,85494.54,85401.09,85490.31,85393.80476886645,69.83749790729401
2025-12-05T10:18:00+05:30,85490.13,85522.97,85485.87,85502.37,85420.94607664984,70.86495006376266
2025-12-05T10:21:00+05:30,85502.07,85520.53,85458.55,85460.42,85430.81455748738,62.25849495655731
2025-12-05T10:24:00+05:30,85456.18,85466.12,85429.04,85453.67,85436.52841811553,60.87071746210639
2025-12-05T10:27:00+05:30,85450.79,85450.93,85275.78,85280.35,85397.48381358664,36.498739195349636
2025-12-05T10:30:00+05:30,85284.39,85355.04,85181.74,85351.89,85386.08536018999,46.76330320554403
2025-12-05T10:33:00+05:30,85348.14,85354.41,85297.95,85333.45,85372.92652014249,44.59555658296209
2025-12-05T10:36:00+05:30,85337.15,85389.73,85333.5,85387.41,85376.54739010686,52.165646832387054
2025-12-05T10:39:00+05:30,85385.46,85439.18,85367.15,85438.22,85391.96554258015,58.408524589456555
2025-12-05T10:42:00+05:30,85437.57,85478.11,85404.93,85476.1,85412.99915693511,62.64847544904278
2025-12-05T10:45:00+05:30,85476.25,85514.91,85459.59,85512.55,85437.88686770134,66.4841447331876
2025-12-05T10:48:00+05:30,85515.8,85580.83,85510.09,85567.76,85470.355150776,71.63202223460107
2025-12-05T10:51:00+05:30,85570.98,85584.03,85554.49,85566.69,85494.438863082,71.38411323851105
2025-12-05T10:54:00+05:30,85569.05,85600.83,85558.66,85588.41,85517.9316473115,73.55183461189716
2025-12-05T10:57:00+05:30,85593.49,85598.74,85522.25,85534.47,85522.06623548362,60.31411640873247
2025-12-05T11:00:00+05:30,85539.71,85609.44,85534.87,85594.89,85540.27217661272,67.87086852284318
2025-12-05T11:03:00+05:30,85590.2,85610.04,85573.54,85573.72,85548.63413245954,62.9695111382906
2025-12-05T11:06:00+05:30,85574.76,85604.98,85567.45,85600.22,85561.53059934465,66.50231527289795
2025-12-05T11:09:00+05:30,85598.7,85616.86,85588.46,85601.3,85571.47294950849,66.65357872867182
2025-12-05T11:12:00+05:30,85607.1,85621.54,85593.33,85611.13,85581.38721213138,68.17940160439846
2025-12-05T11:15:00+05:30,85611.49,85633.79,85567.23,85575.28,85579.86040909853,57.06883241037043
2025-12-05T11:18:00+05:30,85573.57,85614.64,85571.83,85611.98,85587.8903068239,64.0631698932363
2025-12-05T11:21:00+05:30,85603.65,85659.41,85601.71,85647.51,85602.79523011792,69.64829503383324
2025-12-05T11:24:00+05:30,85646.01,85648.6,85610.36,85645.85,85613.55892258845,69.06323593845964
2025-12-05T11:27:00+05:30,85644.42,85645.23,85591.43,85603.92,85611.14919194134,55.35934856308292
2025-12-05T11:30:00+05:30,85602.45,85613.94,85566.94,85572.94,85601.59689395601,47.273621589629016
2025-12-05T11:33:00+05:30,85569.55,85588.06,85554.82,85588.06,85598.21267046701,51.32197328094565
2025-12-05T11:36:00+05:30,85587.44,85604.74,85574.14,85578.68,85593.32950285025,48.620105895812536
2025-12-05T11:39:00+05:30,85581.1,85603.53,85578.59,85598.21,85594.54962713769,54.44565281649442
2025-12-05T11:42:00+05:30,85597.75,85604.14,85572.74,85600.75,85596.09972035326,55.216101398999065
2025-12-05T11:45:00+05:30,85602.46,85623.61,85592.91,85609.78,85599.51979026495,58.15167350135101
2025-12-05T11:48:00+05:30,85611.12,85620.53,85541.24,85600.18,85599.68484269871,53.779309144682614
2025-12-05T11:51:00+05:30,85599.95,85604.85,85573.47,85584.78,85595.95863202403,47.14512935518614
2025-12-05T11:54:00+05:30,85587.06,85593.94,85565.84,85582.62,85592.62397401803,46.212284803919005
2025-12-05T11:57:00+05:30,85580.03,85613.75,85558.32,85570.44,85587.07798051352,40.88965544364584
2025-12-05T12:00:00+05:30,85570.89,85592.14,85561.06,85592.14,85588.34348538515,52.30737233298419
2025-12-05T12:03:00+05:30,85591.12,85602.08,85572.98,85593.54,85589.64261403886,52.990832845240305
2025-12-05T12:06:00+05:30,85594.52,85604.3,85585.19,85600.2,85592.28196052914,56.45422141975016
2025-12-05T12:09:00+05:30,85599.4,85650.85,85555.5,85579.44,85589.07147039686,44.524774672588364
2025-12-05T12:12:00+05:30,85580.05,85583.83,85553.37,85553.37,85580.14610279765,33.99906612658141
2025-12-05T12:15:00+05:30,85554.41,85586.48,85548.63,85586.48,85581.72957709823,51.12053419454221
2025-12-05T12:18:00+05:30,85586.35,85607.61,85582.93,85597.94,85585.78218282368,55.755267220743406
2025-12-05T12:21:00+05:30,85598.14,85636.49,85597.39,85621.69,85594.75913711776,64.0069528342342
2025-12-05T12:24:00+05:30,85622.46,85666.88,85622.35,85660.68,85611.23935283831,73.4800213369326
2025-12-05T12:27:00+05:30,85663.16,85679.59,85659.26,85663.37,85624.27201462873,74.03017861100133
2025-12-05T12:30:00+05:30,85665.42,85686.72,85662.14,85685.49,85639.57651097156,78.34076567489392
2025-12-05T12:33:00+05:30,85686.62,85729.95,85686.46,85724.2,85660.73238322866,83.82293106010624
2025-12-05T12:36:00+05:30,85719.98,85796.72,85715.5,85763.31,85686.3767874215,87.54024981264759
2025-12-05T12:39:00+05:30,85772.99,85772.99,85695.52,85727.73,85696.71509056613,70.37617043127867
2025-12-05T12:42:00+05:30,85728.03,85759.38,85727.25,85747.24,85709.34631792459,73.67783166327202
2025-12-05T12:45:00+05:30,85745.95,85756.36,85739.78,85749.41,85719.36223844344,74.05308647381457
2025-12-05T12:48:00+05:30,85744.21,85762.06,85737.6,85750.11,85727.04917883259,74.19155514923818
2025-12-05T12:51:00+05:30,85750.78,85781.42,85749.35,85771.89,85738.25938412444,78.37980082646335
2025-12-05T12:54:00+05:30,85772.37,85774.79,85755.64,85762.89,85744.41703809332,72.69268046154198
2025-12-05T12:57:00+05:30,85765.02,85766.14,85715.99,85723.46,85739.17777857,53.02675552890938
2025-12-05T13:00:00+05:30,85723.59,85763.21,85717.76,85754.07,85742.9008339275,62.271186495485615
2025-12-05T13:03:00+05:30,85752.51,85754.78,85709.65,85717.57,85736.56812544563,48.88682198545246
2025-12-05T13:06:00+05:30,85717.5,85721.52,85704.86,85716.2,85731.47609408422,48.43098619639736
2025-12-05T13:09:00+05:30,85715.9,85721.45,85693.37,85693.37,85721.94957056317,40.99875201464511
2025-12-05T13:12:00+05:30,85693.42,85703.06,85680.34,85694.99,85715.20967792238,41.73892033634456
2025-12-05T13:15:00+05:30,85695.69,85710.48,85692.2,85704.22,85712.46225844178,46.22324801877364
2025-12-05T13:18:00+05:30,85701.79,85733.4,85699.06,85733.4,85717.69669383133,58.11418671933353
2025-12-05T13:21:00+05:30,85733.25,85737.48,85707.12,85713.48,85716.6425203735,49.41240132455158
2025-12-05T13:24:00+05:30,85712.92,85739.28,85699.59,85721.22,85717.78689028013,52.627892529887426
2025-12-05T13:27:00+05:30,85723.4,85733.85,85708.06,85709.8,85715.7901677101,47.437534639262104
2025-12-05T13:30:00+05:30,85709.28,85715.47,85690.62,85711.03,85714.60012578257,48.08095356352396
2025-12-05T13:33:00+05:30,85711.13,85745.81,85704.07,85743.71,85721.87759433693,62.362198716129306
2025-12-05T13:36:00+05:30,85743.59,85746.79,85727.98,85737.76,85725.8481957527,58.91964147752878
2025-12-05T13:39:00+05:30,85738.65,85747.68,85714.72,85720.44,85724.49614681452,49.617691183983624
2025-12-05T13:42:00+05:30,85720.73,85736.01,85714.58,85731.67,85726.28961011089,54.992659717581084
2025-12-05T13:45:00+05:30,85732.52,85745.62,85716.5,85716.51,85723.84470758316,47.08190183396475
2025-12-05T13:48:00+05:30,85716.71,85720.54,85676.95,85684.74,85714.06853068738,34.83149970692607
2025-12-05T13:51:00+05:30,85679.06,85705.35,85668.33,85668.33,85702.63389801554,30.110326177845778
2025-12-05T13:54:00+05:30,85667.27,85698.11,85651.01,85696.52,85701.10542351166,45.04020217090866
2025-12-05T13:57:00+05:30,85697.24,85697.24,85614.96,85626.27,85682.39656763375,27.78422600534458
2025-12-05T14:00:00+05:30,85628.8,85662.24,85623.86,85660.94,85677.03242572531,40.83554419666846
2025-12-05T14:03:00+05:30,85659.62,85679.82,85600.94,85600.94,85658.00931929398,29.918476917409222
2025-12-05T14:06:00+05:30,85601.49,85633.08,85579.99,85593.88,85641.97698947048,28.859334899738926
2025-12-05T14:09:00+05:30,85584.03,85689.78,85582.17,85679.33,85651.31524210286,52.56920870277367
2025-12-05T14:12:00+05:30,85679.5,85682.15,85635.45,85638.81,85648.18893157714,44.38539762141964
2025-12-05T14:15:00+05:30,85641.81,85656.13,85634.8,85635.05,85644.90419868285,43.649747869487705
2025-12-05T14:18:00+05:30,85633.68,85656.72,85632.53,85643.47,85644.54564901214,45.988520939613345
2025-12-05T14:21:00+05:30,85643.88,85655.2,85639.81,85652.64,85646.56923675911,48.694119741627894
2025-12-05T14:24:00+05:30,85653.74,85662.37,85627.32,85660.41,85650.02942756933,51.11488374505845
2025-12-05T14:27:00+05:30,85660.94,85661.96,85616.24,85636.41,85646.624570677,43.6868619063816
2025-12-05T14:30:00+05:30,85640.59,85651.25,85579.93,85581.45,85630.33092800775,31.469085177720928
2025-12-05T14:33:00+05:30,85583.31,85615.53,85566.4,85579.09,85617.52069600581,31.03427963443879
2025-12-05T14:36:00+05:30,85581.55,85611.1,85575.89,85580.34,85608.22552200436,31.61812356240239
2025-12-05T14:39:00+05:30,85577.41,85603.89,85575.69,85593.42,85604.52414150327,38.023371679241244
2025-12-05T14:42:00+05:30,85594.01,85612.69,85587.19,85587.19,85600.19060612745,36.14216628438454
2025-12-05T14:45:00+05:30,85590.1,85595.33,85505.23,85508.13,85577.17545459559,20.861410951648125
2025-12-05T14:48:00+05:30,85507.95,85572.77,85504.72,85564.69,85574.0540909467,41.5037198416929
2025-12-05T14:51:00+05:30,85566.14,85621.37,85563.27,85585.23,85576.84806821002,47.324925660541744
2025-12-05T14:54:00+05:30,85586.44,85605.07,85570.48,85582.24,85578.19605115752,46.538398582856466
2025-12-05T14:57:00+05:30,85581.82,85619.4,85580.48,85614.25,85587.20953836813,55.72830630697981
2025-12-05T15:00:00+05:30,85629.71,85682.2,85629.71,85671.43,85608.2646537761,67.40510988443125
2025-12-05T15:03:00+05:30,85671.76,85720.78,85671.65,85718.9,85635.92349033208,74.0374532192627
2025-12-05T15:06:00+05:30,85713.59,85742.14,85703.2,85711.94,85654.92761774905,71.54718111296002
2025-12-05T15:09:00+05:30,85712.01,85731.23,85701.1,85716.23,85670.2532133118,72.21912966503835
2025-12-05T15:12:00+05:30,85715.61,85728.42,85703.53,85723.36,85683.52990998384,73.43556849952157
2025-12-05T15:15:00+05:30,85722.39,85761.47,85705.6,85734.97,85696.38993248789,75.47558016439655
2025-12-05T15:18:00+05:30,85736.84,85760.92,85721.05,85728.49,85704.41494936592,71.88109744957872
2025-12-05T15:21:00+05:30,85731.8,85750.05,85720.6,85745.15,85714.59871202444,75.39578153467914
2025-12-05T15:24:00+05:30,85743.93,85750.27,85724.29,85732.4,85719.04903401833,67.82627023825515
2025-12-05T15:27:00+05:30,85734.43,85750.29,85684.94,85698.74,85713.97177551375,51.806514641157186
2025-12-08T09:15:00+05:30,85711.31,85722.97,85566.3,85666.2,85702.02883163531,40.909008340129716
2025-12-08T09:18:00+05:30,85670.41,85683.86,85608.48,85675.97,85695.51412372649,44.96420397273224
2025-12-08T09:21:00+05:30,85677.48,85702.43,85661.28,85691.46,85694.50059279487,51.16345354126906
2025-12-08T09:24:00+05:30,85689.19,85690.32,85614.36,85617.51,85675.25294459614,31.43924665369188
2025-12-08T09:27:00+05:30,85612.61,85623.38,85563.61,85571.59,85649.3372084471,24.57560740886572
2025-12-08T09:30:00+05:30,85573.74,85581.63,85534.39,85558.02,85626.50790633533,22.855344418664558
2025-12-08T09:33:00+05:30,85558.04,85582.61,85502.84,85509.45,85597.2434297515,17.685817786192132
2025-12-08T09:36:00+05:30,85507.83,85523.58,85490.69,85510.36,85575.52257231362,18.09078127450887
2025-12-08T09:39:00+05:30,85510.13,85513.78,85479.89,85498.61,85556.29442923522,16.842557357193797
2025-12-08T09:42:00+05:30,85499.73,85559.8,85499.73,85541.25,85552.53332192641,35.642631902989436
2025-12-08T09:45:00+05:30,85540.99,85544.32,85483.95,85486.18,85535.9449914448,26.586164876596712
2025-12-08T09:48:00+05:30,85485.59,85488.14,85435.7,85437.59,85511.3562435836,21.074076126692404
2025-12-08T09:51:00+05:30,85433.56,85447.41,85395.66,85395.97,85482.5096826877,17.457176359753547
2025-12-08T09:54:00+05:30,85393.55,85419.81,85392.74,85411.39,85464.72976201578,23.157732026066014
2025-12-08T09:57:00+05:30,85409.57,85417.31,85389.75,85412.11,85451.57482151184,23.445738436085904
2025-12-08T10:00:00+05:30,85410.18,85439.71,85392.91,85413.96,85442.17111613388,24.29629874793524
2025-12-08T10:03:00+05:30,85409.64,85412.36,85360.03,85394.2,85430.1783371004,21.341531205178384
2025-12-08T10:06:00+05:30,85396.55,85420.28,85388.86,85420.28,85427.7037528253,33.74803471641961
2025-12-08T10:09:00+05:30,85423.8,85427.7,85403.75,85412.33,85423.86031461897,31.955545773457416
2025-12-08T10:12:00+05:30,85414.1,85472.48,85398.05,85472.48,85436.01523596422,53.67465308552367
2025-12-08T10:15:00+05:30,85473.24,85507.05,85432.77,85432.77,85435.20392697316,43.082951639966275
2025-12-08T10:18:00+05:30,85433.16,85456.65,85420.71,85456.65,85440.56544522988,50.0045751473784
2025-12-08T10:21:00+05:30,85458.25,85498.22,85434.97,85498.22,85454.9790839224,59.906727427981636
2025-12-08T10:24:00+05:30,85493.88,85495.48,85454.25,85460.69,85456.4068129418,49.56644425670022
2025-12-08T10:27:00+05:30,85458.28,85483.37,85452.19,85483.37,85463.14760970636,55.03803262996951
2025-12-08T10:30:00+05:30,85481.55,85485.07,85450.25,85484.16,85468.40070727977,55.23539276723285
2025-12-08T10:33:00+05:30,85484.47,85485.11,85420.43,85431.7,85459.22553045982,41.21843860154354
2025-12-08T10:36:00+05:30,85436.71,85458,85430.28,85445.51,85455.79664784487,45.46850570623175
2025-12-08T10:39:00+05:30,85447.76,85459.79,85439.89,85451.83,85454.80498588365,47.495360064605734
2025-12-08T10:42:00+05:30,85450.46,85468.07,85450.46,85458.35,85455.69123941273,49.74360579484764
2025-12-08T10:45:00+05:30,85456.63,85480.57,85456.63,85467.2,85458.56842955954,52.93504244904319
2025-12-08T10:48:00+05:30,85464.46,85466.75,85423.01,85429.93,85451.40882216966,40.34675998074612
2025-12-08T10:51:00+05:30,85428.4,85454.81,85415.59,85453.55,85451.94411662724,49.267078747082735
2025-12-08T10:54:00+05:30,85452.94,85470.2,85450.74,85457,85453.20808747044,50.52772775489018
2025-12-08T10:57:00+05:30,85457.53,85457.74,85397.58,85400.46,85440.02106560284,34.25369358970033
2025-12-08T11:00:00+05:30,85402.85,85410.03,85358.54,85361.77,85420.45829920213,27.247503871860147
2025-12-08T11:03:00+05:30,85365.64,85370.56,85345.49,85366.32,85406.9237244016,29.233425542217205
2025-12-08T11:06:00+05:30,85359.59,85368.37,85342.02,85356.43,85394.3002933012,27.340830885910762
2025-12-08T11:09:00+05:30,85356.63,85433.48,85331.22,85380.14,85390.7602199759,38.48050997055578
2025-12-08T11:12:00+05:30,85380.86,85402.14,85380.44,85389.23,85390.37766498192,42.428439336686914
2025-12-08T11:15:00+05:30,85390.87,85397.46,85374.13,85380.75,85387.97074873644,39.65849146320816
2025-12-08T11:18:00+05:30,85379.01,85379.01,85347,85361.09,85381.25056155233,33.70649593329287
2025-12-08T11:21:00+05:30,85362.5,85399.04,85348.66,85396.51,85385.06542116424,49.604149194947205
2025-12-08T11:24:00+05:30,85393.77,85423.37,85393.77,85421.66,85394.21406587318,57.956313940400996
2025-12-08T11:27:00+05:30,85424.94,85425.53,85388.78,85396.92,85394.89054940488,48.694560478776445
2025-12-08T11:30:00+05:30,85400.83,85414.53,85376.59,85377.13,85390.45041205366,42.37489634883845
2025-12-08T11:33:00+05:30,85378.37,85392.23,85366,85373.43,85386.19530904024,41.20835132271531
2025-12-08T11:36:00+05:30,85371.1,85390.64,85363.42,85374.77,85383.33898178018,41.88433457480346
2025-12-08T11:39:00+05:30,85375.04,85388.17,85363.4,85370.92,85380.23423633513,40.329976799637926
2025-12-08T11:42:00+05:30,85370.65,85386.25,85330.24,85384.15,85381.21317725135,48.057930680822004
2025-12-08T11:45:00+05:30,85384.73,85399.34,85377.95,85395.45,85384.7723829385,53.99508014681217
2025-12-08T11:48:00+05:30,85399.26,85426.42,85394.55,85421.64,85393.98928720388,64.85690099506655
2025-12-08T11:51:00+05:30,85419.82,85420.41,85394.91,85402.27,85396.05946540291,53.880270680457926
2025-12-08T11:54:00+05:30,85399.79,85402.81,85377.06,85384.75,85393.23209905218,45.715761631062456
2025-12-08T11:57:00+05:30,85385.94,85397.68,85378.88,85390.44,85392.53407428914,48.66325982781316
2025-12-08T12:00:00+05:30,85393.08,85401.35,85344.63,85354.13,85382.93305571686,34.65448808061559
2025-12-08T12:03:00+05:30,85354.52,85367.02,85334.93,85354.2,85375.74979178765,34.69676974808718
2025-12-08T12:06:00+05:30,85354.1,85367.35,85340.46,85355.55,85370.69984384073,35.63384916477814
2025-12-08T12:09:00+05:30,85357.68,85365.9,85346.36,85365.85,85369.48738288056,42.924133894622216
2025-12-08T12:12:00+05:30,85364.61,85369.32,85320.9,85321.1,85357.39053716042,27.268954612358158
2025-12-08T12:15:00+05:30,85319.98,85358.62,85301.84,85335.45,85351.90540287031,36.001342516736564
2025-12-08T12:18:00+05:30,85335.33,85369.59,85323.05,85328.41,85346.03155215274,33.686424303756965
2025-12-08T12:21:00+05:30,85328.98,85353.59,85324.18,85339.17,85344.31616411456,40.50767905908673
2025-12-08T12:24:00+05:30,85337.88,85353.44,85328.25,85335.46,85342.10212308592,38.89814866179294
2025-12-08T12:27:00+05:30,85336.21,85337.96,85285.26,85288.56,85328.71659231443,24.525737745948973
2025-12-08T12:30:00+05:30,85288.24,85293.41,85251.28,85268.29,85313.60994423582,20.674028471520742
2025-12-08T12:33:00+05:30,85270.19,85272.98,85236.23,85252.07,85298.22495817687,18.030504841121797
2025-12-08T12:36:00+05:30,85256.08,85280.03,85252.7,85270.08,85291.18871863265,29.678607773726966
2025-12-08T12:39:00+05:30,85267.6,85274.73,85237.91,85269.74,85285.82653897449,29.58600983257695
2025-12-08T12:42:00+05:30,85269.26,85273.4,85235.87,85241.09,85274.64240423086,22.64132986099024
2025-12-08T12:45:00+05:30,85241.33,85269.77,85229.76,85261.91,85271.45930317315,35.48106138207733
2025-12-08T12:48:00+05:30,85261.18,85272.36,85251.2,85271.78,85271.53947737986,40.90575658289421
2025-12-08T12:51:00+05:30,85271.98,85276.4,85233.65,85242.59,85264.3021080349,31.707363077140414
2025-12-08T12:54:00+05:30,85245.11,85263.56,85243.96,85247.61,85260.12908102617,34.65553478911612
2025-12-08T12:57:00+05:30,85246.68,85256.84,85235.31,85243.19,85255.89431076963,33.183992098520434
2025-12-08T13:00:00+05:30,85245.57,85282.51,85241.21,85279.23,85261.72823307721,52.40798685124032
2025-12-08T13:03:00+05:30,85278.9,85320.35,85268.5,85320.35,85276.3836748079,65.58739215542946
2025-12-08T13:06:00+05:30,85316.49,85329.36,85288.45,85291.2,85280.08775610593,53.36513096470995
2025-12-08T13:09:00+05:30,85291.15,85318.02,85274.45,85318.02,85289.57081707945,61.13862640954293
2025-12-08T13:12:00+05:30,85315.61,85358.49,85309.39,85331.56,85300.06811280959,64.61285065183316
2025-12-08T13:15:00+05:30,85331.3,85336.83,85280.82,85280.82,85295.25608460719,46.455411457853536
2025-12-08T13:18:00+05:30,85282.3,85290.69,85209.25,85209.34,85273.77706345539,31.778146604079893
2025-12-08T13:21:00+05:30,85208.03,85208.31,85117.97,85123.56,85236.22279759154,22.032340873206465
2025-12-08T13:24:00+05:30,85117.77,85140.24,85113.06,85132.88,85210.38709819366,24.949883542640734
2025-12-08T13:27:00+05:30,85131.97,85133.17,85064.47,85080.14,85177.82532364524,20.007225262815112
2025-12-08T13:30:00+05:30,85082.09,85104.47,84981.34,84984.51,85129.49649273393,14.098768494303414
2025-12-08T13:33:00+05:30,84982.65,84989.61,84909.02,84917.89,85076.59486955045,11.369806253214378
2025-12-08T13:36:00+05:30,84915.77,84960.76,84906.9,84947.58,85044.34115216284,19.473915530148517
2025-12-08T13:39:00+05:30,84949.63,84970.08,84942.08,84970.08,85025.77586412213,25.496968008979493
2025-12-08T13:42:00+05:30,84970.65,84993.59,84951.14,84964.33,85010.4143980916,24.94077925955726
2025-12-08T13:45:00+05:30,84963.73,84998.21,84951.94,84985.86,85004.2757985687,31.471043490685858
2025-12-08T13:48:00+05:30,84985.79,85009.64,84979.43,84992.44,85001.31684892654,33.532916802454324
2025-12-08T13:51:00+05:30,84993.88,85000.21,84971.9,84985.92,84997.4676366949,32.40577448422937
2025-12-08T13:54:00+05:30,84985.71,84994.21,84935.93,84947.99,84985.09822752117,26.386194153550022
2025-12-08T13:57:00+05:30,84947.81,84975.84,84941.4,84966.61,84980.47617064088,33.464669902675894
2025-12-08T14:00:00+05:30,84966.66,84976.32,84936.82,84946.29,84971.92962798066,29.81460674597902
2025-12-08T14:03:00+05:30,84948.26,84958.52,84922.41,84956.04,84967.9572209855,33.8533775548802
2025-12-08T14:06:00+05:30,84957.04,84968.44,84940.52,84944.9,84962.19291573911,31.4416143126668
2025-12-08T14:09:00+05:30,84944.08,85007.24,84940.01,84991.26,84969.45968680433,49.06091998851669
2025-12-08T14:12:00+05:30,84987.12,85020.45,84943.67,84944.62,84963.24976510325,37.691596076890114
2025-12-08T14:15:00+05:30,84946.71,84948.83,84875.59,84883.99,84943.43482382744,27.8895577615787
2025-12-08T14:18:00+05:30,84884.17,84977.14,84878.88,84956.41,84946.67861787058,47.07106612834439
2025-12-08T14:21:00+05:30,84956.33,84988.94,84937.44,84984.95,84956.24646340293,52.838876540468135
2025-12-08T14:24:00+05:30,84984.7,84996.41,84943.43,84959.94,84957.1698475522,47.542198182288345
2025-12-08T14:27:00+05:30,84959.6,84979.36,84942.73,84969.25,84960.18988566415,49.730645582787204
2025-12-08T14:30:00+05:30,84969.39,84980.14,84941.04,84949.9,84957.61741424812,45.1620974365292
2025-12-08T14:33:00+05:30,84955.78,84966.12,84940.84,84946.13,84954.74556068609,44.23833551201229
2025-12-08T14:36:00+05:30,84946.56,84952.93,84913.66,84927.16,84947.84917051457,39.49580928174471
2025-12-08T14:39:00+05:30,84929.11,84973.31,84929.11,84971.74,84953.82187788593,53.23965308781071
2025-12-08T14:42:00+05:30,84972.57,84991.77,84950.59,84988.76,84962.55640841444,57.536095187441944
2025-12-08T14:45:00+05:30,84987.55,85025.98,84980.01,85002.29,84972.48980631083,60.87051587475618
2025-12-08T14:48:00+05:30,84999.32,85074.4,84999.32,85074.08,84997.88735473312,73.66944082796411
2025-12-08T14:51:00+05:30,85077.39,85132.52,85077.39,85123.1,85029.19051604984,79.11219100898089
2025-12-08T14:54:00+05:30,85118.62,85118.62,85065.14,85066.13,85038.42538703738,61.79332084944827
2025-12-08T14:57:00+05:30,85061.7,85061.7,85028.99,85051.25,85041.63154027803,57.9289791574816
2025-12-08T15:00:00+05:30,85046.65,85171.33,85046.65,85158.94,85070.95865520852,72.46703216376103
2025-12-08T15:03:00+05:30,85157.6,85181.93,85144.8,85166.13,85094.7514914064,73.18870651010556
2025-12-08T15:06:00+05:30,85166.91,85180.35,85137.55,85173.44,85114.42361855479,73.99714061000859
2025-12-08T15:09:00+05:30,85171.73,85201.52,85166.6,85181.76,85131.2577139161,74.99818011830382
2025-12-08T15:12:00+05:30,85174.68,85183.24,85135.34,85148.25,85135.50578543707,63.50957710452344
2025-12-08T15:15:00+05:30,85146.88,85161.08,85077.92,85081.66,85122.04433907781,46.86574292551073
2025-12-08T15:18:00+05:30,85075.33,85090.8,85054.47,85059.87,85106.50075430836,42.603355066768614
2025-12-08T15:21:00+05:30,85063.38,85063.57,85021.92,85053.52,85093.25556573128,41.32550781356591
2025-12-08T15:24:00+05:30,85054.75,85086.22,85036.15,85066.86,85086.65667429846,45.34347212687211
2025-12-08T15:27:00+05:30,85066.62,85072.75,84978.73,84990.2,85062.54250572385,31.076121794636137
2025-12-09T09:15:00+05:30,84782.9,84889.67,84690.52,84723.07,84977.67437929289,13.63482522272679
2025-12-09T09:18:00+05:30,84726.84,84741.61,84597.48,84608.02,84885.26078446966,10.635515877000373
2025-12-09T09:21:00+05:30,84607.53,84713.33,84597.16,84666.88,84830.66558835225,21.006996005259424
2025-12-09T09:24:00+05:30,84666.63,84696.11,84637.83,84643.64,84783.90919126419,19.940930566909813
2025-12-09T09:27:00+05:30,84639.83,84654.9,84607.53,84619.8,84742.88189344814,18.79916885123515
2025-12-09T09:30:00+05:30,84620.74,84620.74,84482.26,84489.46,84679.5264200861,13.770118463246845
2025-12-09T09:33:00+05:30,84482.28,84529.77,84479.23,84501.7,84635.06981506458,16.22544885080518
2025-12-09T09:36:00+05:30,84499.96,84502.11,84454.06,84469.99,84593.79986129844,14.939701376775574
2025-12-09T09:39:00+05:30,84480.23,84491.05,84445.43,84485.75,84566.78739597384,18.67635265416166
2025-12-09T09:42:00+05:30,84483.66,84507.27,84467.86,84481.91,84545.56804698038,18.44600709789195
2025-12-09T09:45:00+05:30,84483.58,84496.14,84430.48,84453.96,84522.66603523528,16.697247778249235
2025-12-09T09:48:00+05:30,84454.11,84472.28,84440.24,84446.34,84503.58452642645,16.20849382933335
2025-12-09T09:51:00+05:30,84443.73,84443.73,84404.29,84405.66,84479.10339481983,13.70913698857892
2025-12-09T09:54:00+05:30,84405.99,84427.56,84390.12,84413.11,84462.60504611487,16.46143057453476
2025-12-09T09:57:00+05:30,84409.43,84431.02,84385.15,84396.57,84446.09628458615,15.205256787509128
2025-12-09T10:00:00+05:30,84397.84,84479.1,84382.96,84465.64,84450.98221343961,38.18621872307751
2025-12-09T10:03:00+05:30,84465.16,84483.99,84450.26,84474.93,84456.96916007971,40.70778282118561
2025-12-09T10:06:00+05:30,84473.73,84560.68,84458.14,84560.32,84482.80687005978,58.75164276423087
2025-12-09T10:09:00+05:30,84558.88,84574.68,84530.94,84545.91,84498.58265254484,55.43052334085317
2025-12-09T10:12:00+05:30,84544.86,84573.69,84527.53,84560.62,84514.09198940863,58.24178873617
2025-12-09T10:15:00+05:30,84561.8,84638.48,84549.92,84610.75,84538.25649205648,66.6143135601429
2025-12-09T10:18:00+05:30,84607.78,84736.36,84607.78,84650.55,84566.32986904235,71.84341121026229
2025-12-09T10:21:00+05:30,84649.05,84708.54,84636.59,84704.48,84600.86740178177,77.43149975950138
2025-12-09T10:24:00+05:30,84704.19,84720.24,84671.91,84699.07,84625.41805133632,75.67380899817942
2025-12-09T10:27:00+05:30,84701.81,84717.38,84636.82,84646.92,84630.79353850224,60.284071492223006
2025-12-09T10:30:00+05:30,84650.03,84689.09,84631.76,84640.97,84633.33765387669,58.69516838849214
2025-12-09T10:33:00+05:30,84639.92,84646.46,84542.27,84544.84,84611.21324040752,39.21370787383216
2025-12-09T10:36:00+05:30,84540.31,84588.51,84526.9,84567.41,84600.26243030565,44.27956636038133
2025-12-09T10:39:00+05:30,84567.59,84639.73,84556.24,84620.16,84605.23682272923,54.59696052780809
2025-12-09T10:42:00+05:30,84617.51,84662.75,84617.51,84637.14,84613.21261704693,57.54889394105709
2025-12-09T10:45:00+05:30,84638.04,84638.5,84584.08,84597.85,84609.3719627852,48.95634947271836
2025-12-09T10:48:00+05:30,84596.41,84603.06,84576.92,84580.95,84602.2664720889,45.54389809723668
2025-12-09T10:51:00+05:30,84580.35,84585.78,84566.65,84573.87,84595.16735406668,44.043412774120725
2025-12-09T10:54:00+05:30,84572.19,84607.12,84569.73,84607.12,84598.15551555001,52.59974121614749
2025-12-09T10:57:00+05:30,84606.81,84681.25,84602.2,84673,84616.86663666251,64.97855478492005
2025-12-09T11:00:00+05:30,84673.66,84704.95,84637.74,84667.16,84629.43997749689,63.26971926289195
2025-12-09T11:03:00+05:30,84666.92,84690.9,84648.89,84687.62,84643.98498312267,66.83467427990917
2025-12-09T11:06:00+05:30,84687.72,84738.97,84686.12,84734.65,84666.65123734201,73.68422530149574
2025-12-09T11:09:00+05:30,84733.2,84743.06,84718.65,84738.24,84684.54842800651,74.15950033887113
2025-12-09T11:12:00+05:30,84737.65,84792.15,84737.65,84782.82,84709.11632100488,79.51849296348183
2025-12-09T11:15:00+05:30,84783.79,84796.54,84752.77,84770.93,84724.56974075366,74.69812143784672
2025-12-09T11:18:00+05:30,84769.67,84799.94,84763.91,84790.65,84741.08980556525,77.35436951939573
2025-12-09T11:21:00+05:30,84789.72,84800.32,84763.75,84778.73,84750.49985417393,72.022263598971
2025-12-09T11:24:00+05:30,84776.11,84816.8,84758.05,84813.09,84766.14739063045,77.28734914047469
2025-12-09T11:27:00+05:30,84814.55,84814.55,84755.05,84774.81,84768.31304297283,62.09808797849859
2025-12-09T11:30:00+05:30,84777.28,84815.31,84753.09,84815.31,84780.06228222963,69.49744990205477
2025-12-09T11:33:00+05:30,84814.85,84814.85,84790.65,84797.16,84784.33671167222,63.06078473531854
2025-12-09T11:36:00+05:30,84797.98,84801.77,84766.48,84790.96,84785.99253375416,60.81601470381376
2025-12-09T11:39:00+05:30,84789.14,84799.03,84761.9,84764.96,84780.73440031562,51.79547091738044
2025-12-09T11:42:00+05:30,84767.03,84770.97,84672.45,84672.45,84753.66330023672,32.05738662505698
2025-12-09T11:45:00+05:30,84667.71,84675.76,84652.4,84663.09,84731.01997517754,30.677427844951907
2025-12-09T11:48:00+05:30,84661.03,84664.31,84630.91,84662.84,84713.97498138316,30.636333152726024
2025-12-09T11:51:00+05:30,84664.16,84684.45,84651.32,84676.44,84704.59123603738,36.07143208807263
2025-12-09T11:54:00+05:30,84677.54,84723.08,84663.66,84722.79,84709.14092702803,51.25737983219698
2025-12-09T11:57:00+05:30,84722.67,84779.21,84722.67,84767.08,84723.62569527102,61.46278000771691
2025-12-09T12:00:00+05:30,84761.22,84775.31,84745.96,84775.31,84736.54677145327,63.13604247482232
2025-12-09T12:03:00+05:30,84779.53,84817.18,84777.42,84811.55,84755.29757858996,69.85920403716153
2025-12-09T12:06:00+05:30,84810.74,84874.11,84810.35,84850.24,84779.03318394248,75.43854614016357
2025-12-09T12:09:00+05:30,84850.28,84866.19,84849.27,84853.84,84797.73488795686,75.92237577680999
2025-12-09T12:12:00+05:30,84852.89,84877.02,84842.55,84873.82,84816.75616596764,78.64605684412383
2025-12-09T12:15:00+05:30,84872.01,84873.91,84848.38,84850.95,84825.30462447573,68.32467872790416
2025-12-09T12:18:00+05:30,84853.78,84858.93,84846.65,84855.76,84832.9184683568,69.31287373933539
2025-12-09T12:21:00+05:30,84854.8,84922.02,84853.89,84921.25,84855.0013512676,79.48121280920358
2025-12-09T12:24:00+05:30,84922.42,84947.89,84907.54,84912.92,84869.4810134507,75.75619173119523
2025-12-09T12:27:00+05:30,84913.53,84918.12,84882.47,84903.06,84877.87576008802,71.15123658208817
2025-12-09T12:30:00+05:30,84903.75,84911.47,84863.44,84865.97,84874.89932006602,56.16752879647947
2025-12-09T12:33:00+05:30,84862.76,84877.42,84858.73,84868.65,84873.33699004952,56.93209541923953
2025-12-09T12:36:00+05:30,84867.13,84876.69,84842.98,84842.98,84865.74774253713,47.645095445396386
2025-12-09T12:39:00+05:30,84841.17,84847,84797.44,84825.37,84855.65330690285,42.14304615784635
2025-12-09T12:42:00+05:30,84826.4,84838.21,84820.53,84830.86,84849.45498017714,44.47517866784569
2025-12-09T12:45:00+05:30,84831.87,84849.71,84827.62,84836.49,84846.21373513286,47.02971906526288
2025-12-09T12:48:00+05:30,84835.22,84853,84822.49,84841.48,84845.03030134965,49.43525773957487
2025-12-09T12:51:00+05:30,84837.61,84838.76,84802.4,84825.97,84840.26522601224,42.44539443301222
2025-12-09T12:54:00+05:30,84826.08,84834.91,84750.13,84754.43,84818.80641950917,24.104657716198815
2025-12-09T12:57:00+05:30,84753.39,84801.49,84745.37,84790.52,84811.73481463188,39.49256841139647
2025-12-09T13:00:00+05:30,84790.23,84791.82,84752.53,84759.29,84798.62361097391,32.78235190504928
2025-12-09T13:03:00+05:30,84761.04,84834.24,84761.04,84834.24,84807.52770823044,54.45149452642718
2025-12-09T13:06:00+05:30,84834.64,84851.83,84811.17,84811.36,84808.48578117283,48.84362991763163
2025-12-09T13:09:00+05:30,84814.25,84844.24,84800.07,84817.38,84810.70933587963,50.41131059935405
2025-12-09T13:12:00+05:30,84816.4,84835.91,84804.25,84809.85,84810.49450190972,48.253411261485134
2025-12-09T13:15:00+05:30,84810.59,84837.51,84810.03,84829.46,84815.2358764323,54.20885472537977
2025-12-09T13:18:00+05:30,84829.81,84830.87,84809.86,84829.53,84818.80940732422,54.23079151239888
2025-12-09T13:21:00+05:30,84830.18,84843.02,84793.16,84795.95,84813.09455549317,42.76488777769327
2025-12-09T13:24:00+05:30,84798.7,84840.08,84798.7,84838.22,84819.37591661987,56.32572250208569
2025-12-09T13:27:00+05:30,84837.65,84854.93,84826.61,84854.93,84828.26443746491,60.628035126737196
2025-12-09T13:30:00+05:30,84854.41,84863.14,84819.63,84861.5,84836.57332809869,62.33021363285325
2025-12-09T13:33:00+05:30,84862.55,84889.33,84861.41,84864.98,84843.67499607401,63.310428569609094
2025-12-09T13:36:00+05:30,84866.03,84871.02,84810.87,84844,84843.75624705551,53.515890761898426
2025-12-09T13:39:00+05:30,84844.38,84881.19,84844.38,84871.29,84850.63968529164,62.35421438676696
2025-12-09T13:42:00+05:30,84870.85,84884.17,84850.38,84853.41,84851.33226396872,54.44180625417355
2025-12-09T13:45:00+05:30,84853.56,84864.8,84848.42,84853.95,84851.98669797654,54.64459551313921
2025-12-09T13:48:00+05:30,84858.64,84865.61,84847.82,84857.65,84853.4025234824,56.202990915534464
2025-12-09T13:51:00+05:30,84858.71,84874.13,84818.47,84874.13,84858.5843926118,62.83810946139639
2025-12-09T13:54:00+05:30,84875.27,84887.68,84854.21,84876.42,84863.04329445885,63.7289288864777
2025-12-09T13:57:00+05:30,84879.39,84886.15,84870.85,84877.37,84866.62497084413,64.14491378293135
2025-12-09T14:00:00+05:30,84881.27,84898.72,84876.18,84889.08,84872.2387281331,69.22122853366864
2025-12-09T14:03:00+05:30,84889.93,84890.11,84823.22,84828.07,84861.19654609983,37.20421434816188
2025-12-09T14:06:00+05:30,84831.81,84845.52,84812.37,84841.03,84856.15490957488,43.662134625925894
2025-12-09T14:09:00+05:30,84842.65,84865.9,84826.73,84835.9,84851.09118218116,41.68254329101137
2025-12-09T14:12:00+05:30,84833.73,84867.22,84832.65,84854.79,84852.01588663587,51.189567834486006
2025-12-09T14:15:00+05:30,84854.37,84855.69,84780.07,84787.45,84835.8744149769,30.5061761349221
2025-12-09T14:18:00+05:30,84787.69,84787.69,84712.4,84712.75,84805.09331123267,20.031382163461004
2025-12-09T14:21:00+05:30,84711.4,84714.69,84671.07,84671.62,84771.7249834245,16.41152419308402
2025-12-09T14:24:00+05:30,84674.27,84674.73,84641.42,84657.55,84743.18123756838,15.307527339845024
2025-12-09T14:27:00+05:30,84660.13,84661.06,84630.45,84646.62,84719.04092817628,14.427907298900507
2025-12-09T14:30:00+05:30,84645.99,84645.99,84606.15,84617.27,84693.59819613221,12.226815464373061
2025-12-09T14:33:00+05:30,84616.45,84635.53,84602.75,84604.97,84671.44114709916,11.37812501288154
2025-12-09T14:36:00+05:30,84605.84,84622.29,84588.6,84606.79,84655.27836032437,12.427466727183102
2025-12-09T14:39:00+05:30,84607.1,84697.4,84606,84696.87,84665.67627024328,47.98873294688429
2025-12-09T14:42:00+05:30,84693.68,84712.25,84653.37,84655.93,84663.23970268245,39.48664184260932
2025-12-09T14:45:00+05:30,84659.27,84665.03,84645.96,84651.72,84660.35977701184,38.66480919555781
2025-12-09T14:48:00+05:30,84651.36,84670.78,84624.53,84633.52,84653.64983275888,34.991696374941
2025-12-09T14:51:00+05:30,84636.14,84653.64,84620.05,84623.7,84646.16237456916,33.01724639122848
2025-12-09T14:54:00+05:30,84622.78,84627.4,84611.12,84619.07,84639.38928092687,32.02329876802989
2025-12-09T14:57:00+05:30,84620.59,84678.5,84615.9,84667.11,84646.31946069516,50.17871993111369
2025-12-09T15:00:00+05:30,84675.95,84729.69,84675.85,84702.71,84660.41709552138,59.52479191503335
2025-12-09T15:03:00+05:30,84705.68,84733.98,84677.63,84701.43,84670.67032164102,59.06004684841195
2025-12-09T15:06:00+05:30,84704.03,84717.44,84678.06,84678.72,84672.68274123076,50.84322376503288
2025-12-09T15:09:00+05:30,84679.99,84702.87,84626.7,84681.11,84674.78955592307,51.66881514093247
2025-12-09T15:12:00+05:30,84682.25,84682.25,84641.34,84662.86,84671.80716694231,44.94420361031942
2025-12-09T15:15:00+05:30,84665.64,84675.72,84651.19,84654.51,84667.48287520673,42.024670457193096
2025-12-09T15:18:00+05:30,84655.39,84686.75,84655.39,84675.84,84669.57215640505,51.42791331831348
2025-12-09T15:21:00+05:30,84678.23,84699.3,84666.25,84669.05,84669.44161730379,48.506074434643985
2025-12-09T15:24:00+05:30,84666.42,84698.67,84666.28,84678.52,84671.71121297784,52.86360755250509
2025-12-09T15:27:00+05:30,84682.02,84708.85,84661.33,84686.94,84675.51840973338,56.667331833096235
2025-12-10T09:15:00+05:30,84726.78,84844.46,84637.77,84803.33,84707.47130730003,81.17098055907285
2025-12-10T09:18:00+05:30,84799.03,84870.97,84753.55,84754.99,84719.35098047502,63.71340564918458
2025-12-10T09:21:00+05:30,84757.06,84804,84744.75,84791.22,84737.31823535627,69.45721742935395
2025-12-10T09:24:00+05:30,84790.01,84794.81,84683.81,84787.49,84749.86117651721,68.16129469505567
2025-12-10T09:27:00+05:30,84786.71,84850.94,84768.34,84830.48,84770.0158823879,74.546967511221
2025-12-10T09:30:00+05:30,84830.52,84900.69,84830.09,84899.84,84802.47191179093,81.5225645694284
2025-12-10T09:33:00+05:30,84901.19,84927.72,84861.79,84897.11,84826.1314338432,80.50937972027282
2025-12-10T09:36:00+05:30,84898.93,84945.48,84890.17,84911.34,84847.4335753824,81.878946867923
2025-12-10T09:39:00+05:30,84910.99,84936.9,84887.03,84919.76,84865.5151815368,82.71729309696062
2025-12-10T09:42:00+05:30,84920.09,84935.96,84876.41,84899.64,84874.0463861526,73.2676594033975
2025-12-10T09:45:00+05:30,84900.85,84942.01,84900.52,84934.64,84889.19478961444,78.29901454591413
2025-12-10T09:48:00+05:30,84930.88,84930.88,84837.55,84847.34,84878.73109221083,50.59063585395863
2025-12-10T09:51:00+05:30,84853.22,84875.47,84830.37,84833.46,84867.41331915812,47.47435963275805
2025-12-10T09:54:00+05:30,84836.62,84860.42,84795.32,84821.04,84855.81998936858,44.605972662005456
2025-12-10T09:57:00+05:30,84822.17,84829.64,84773.29,84793.31,84840.19249202643,38.54042296198822
2025-12-10T10:00:00+05:30,84806.62,84867.76,84793.84,84865.77,84846.58686901983,56.55172004386094
2025-12-10T10:03:00+05:30,84865.53,84905.2,84855.68,84886.25,84856.50265176487,60.380358652593216
2025-12-10T10:06:00+05:30,84888.08,84930.01,84885.72,84930.01,84874.87948882364,67.5160326748167
2025-12-10T10:09:00+05:30,84926.35,84938.98,84886.68,84924.38,84887.25461661773,65.73888042037333
2025-12-10T10:12:00+05:30,84925.67,84959.08,84909.28,84916.72,84894.6209624633,63.102363792774064
2025-12-10T10:15:00+05:30,84916.14,84985.69,84916.14,84939.27,84905.78322184748,67.56947493157239
2025-12-10T10:18:00+05:30,84935.04,84996.52,84926.87,84967.68,84921.2574163856,72.46869059269844
2025-12-10T10:21:00+05:30,84969.68,84992.03,84948.68,84989.32,84938.2730622892,75.72724159365247
2025-12-10T10:24:00+05:30,84990.08,85020.34,84950.83,85013.61,84957.1072967169,78.98451439703328
2025-12-10T10:27:00+05:30,85014.66,85014.66,84902.72,84905.36,84944.17047253768,46.52383142295408
2025-12-10T10:30:00+05:30,84903.59,84977.14,84903.59,84960.12,84948.15785440325,56.96249905932417
2025-12-10T10:33:00+05:30,84952.37,84978.54,84922.8,84976.82,84955.32339080244,59.7574253925804
2025-12-10T10:36:00+05:30,84978.25,85001.01,84940.28,84947.52,84953.37254310184,52.74593626637131
2025-12-10T10:39:00+05:30,84945.88,84963.38,84894.26,84910.44,84942.63940732638,44.95766562834822
2025-12-10T10:42:00+05:30,84910.57,84944.25,84894.05,84940.19,84942.02705549478,51.64140812500125
2025-12-10T10:45:00+05:30,84938.74,84945.89,84862.25,84863.87,84922.48779162108,37.876091540224685
2025-12-10T10:48:00+05:30,84863.81,84898.55,84796.37,84814.83,84895.5733437158,31.568047229585673
2025-12-10T10:51:00+05:30,84821.05,84821.05,84743.21,84743.21,84857.48250778686,24.590189652999698
2025-12-10T10:54:00+05:30,84741.28,84758.89,84705.75,84740.19,84828.15938084014,24.325669598902607
2025-12-10T10:57:00+05:30,84740.33,84748.67,84665.97,84665.97,84787.6120356301,18.591485687531588
2025-12-10T11:00:00+05:30,84660.22,84693.92,84604.62,84692.67,84763.87652672257,25.920444529503385
2025-12-10T11:03:00+05:30,84695.97,84732.94,84652.3,84732.94,84756.14239504193,36.05080085809834
2025-12-10T11:06:00+05:30,84726.31,84761.97,84705.02,84747.16,84753.89679628145,39.461346512838844
2025-12-10T11:09:00+05:30,84743.93,84766.68,84717.05,84750.04,84752.93259721108,40.2147411978884
2025-12-10T11:12:00+05:30,84753.24,84775.94,84717.53,84765.01,84755.95194790831,44.41003425778927
2025-12-10T11:15:00+05:30,84772.55,84794.86,84753.3,84771.29,84759.78646093124,46.25583223304874
2025-12-10T11:18:00+05:30,84768,84783.04,84728.5,84732.15,84752.87734569842,37.260046232731945
2025-12-10T11:21:00+05:30,84727.27,84787.62,84717.47,84748.55,84751.79550927381,42.70688898711007
2025-12-10T11:24:00+05:30,84749.49,84767.91,84731.27,84766.18,84755.39163195535,48.33254259333849
2025-12-10T11:27:00+05:30,84765.63,84767.09,84705.39,84724.29,84747.61622396651,37.99154615396027
2025-12-10T11:30:00+05:30,84719.48,84723.4,84664.88,84722.09,84741.23466797489,37.49994545424364
2025-12-10T11:33:00+05:30,84723.09,84725.99,84647.42,84657.56,84720.31600098117,25.991022863065837
2025-12-10T11:36:00+05:30,84650.86,84714.61,84629.3,84629.32,84697.56700073587,22.47008356742731
2025-12-10T11:39:00+05:30,84628.23,84694.85,84626.81,84690.73,84695.8577505519,42.3003836540803
2025-12-10T11:42:00+05:30,84690.68,84691.25,84637.88,84656.38,84685.98831291393,36.249767177709984
2025-12-10T11:45:00+05:30,84659.76,84660.51,84597.63,84638.72,84674.17123468545,33.38543667492367
2025-12-10T11:48:00+05:30,84637.76,84650.23,84607.44,84642.11,84666.1559260141,34.54374675912787
2025-12-10T11:51:00+05:30,84640.8,84640.8,84604.04,84614.3,84653.19194451057,29.615204660927816
2025-12-10T11:54:00+05:30,84613.33,84655.95,84609.29,84648.47,84652.01145838293,41.56619683949694
2025-12-10T11:57:00+05:30,84649.1,84656.25,84642.38,84648.67,84651.17609378719,41.63387021090689
2025-12-10T12:00:00+05:30,84648.25,84652.19,84590.6,84595.6,84637.28207034038,30.646375854914908
2025-12-10T12:03:00+05:30,84599.43,84673.64,84572.85,84672.16,84646.00155275529,51.97690584203896
2025-12-10T12:06:00+05:30,84673,84713.04,84644.13,84700.18,84659.54616456646,57.55143844201047
2025-12-10T12:09:00+05:30,84699.37,84701.15,84608.72,84614.39,84648.25712342485,40.6826777214341
2025-12-10T12:12:00+05:30,84614.12,84647.83,84590.79,84619.43,84641.05034256863,41.850860885227256
2025-12-10T12:15:00+05:30,84619.14,84619.62,84575,84575.28,84624.60775692647,34.838882319007325
2025-12-10T12:18:00+05:30,84574.12,84644.73,84571.67,84641.58,84628.85081769485,49.6257026359673
2025-12-10T12:21:00+05:30,84641.23,84641.23,84613.87,84618.09,84626.16061327115,45.36999952068254
2025-12-10T12:24:00+05:30,84617.39,84623.84,84566.98,84568.48,84611.74045995336,37.455653514695676
2025-12-10T12:27:00+05:30,84569.21,84601.08,84559.88,84580.14,84603.84034496502,40.310735595632664
2025-12-10T12:30:00+05:30,84580.18,84580.18,84491.46,84524.24,84583.94025872377,32.11183366142775
2025-12-10T12:33:00+05:30,84524.21,84528.03,84475.39,84476.8,84557.15519404283,26.729140491160834
2025-12-10T12:36:00+05:30,84477.63,84499.94,84428.11,84437.2,84527.16639553213,22.978143235397212
2025-12-10T12:39:00+05:30,84437.02,84457.8,84421.29,84450.89,84508.0972966491,27.1040571479422
2025-12-10T12:42:00+05:30,84451.58,84454.91,84412.39,84450.72,84493.75297248682,27.083038932704753
2025-12-10T12:45:00+05:30,84449.96,84480.73,84408.51,84471.52,84488.19472936512,34.35006976652869
2025-12-10T12:48:00+05:30,84471.7,84503.02,84455.05,84483.22,84486.95104702385,38.38019096501952
2025-12-10T12:51:00+05:30,84482.77,84516.64,84454.7,84482.19,84485.76078526789,38.13972173610303
2025-12-10T12:54:00+05:30,84480.45,84535.16,84468.89,84515.71,84493.24808895092,50.027418962831256
2025-12-10T12:57:00+05:30,84518.97,84528.2,84477.65,84493.78,84493.38106671319,43.628102313373766
2025-12-10T13:00:00+05:30,84488.66,84515.75,84475.73,84477.6,84489.4358000349,39.30083291869896
2025-12-10T13:03:00+05:30,84480.99,84529.08,84480.99,84483.05,84487.83935002617,41.577969256673846
2025-12-10T13:06:00+05:30,84484.98,84527.68,84464.37,84491.83,84488.83701251962,45.425986415426856
2025-12-10T13:09:00+05:30,84491.71,84536.57,84487.44,84506.53,84493.26025938972,51.646901441843035
2025-12-10T13:12:00+05:30,84507.5,84573.89,84495.77,84497.14,84494.2301945423,47.60302417937747
2025-12-10T13:15:00+05:30,84498.78,84544.64,84497.6,84542.46,84506.28764590672,63.63554662987872
2025-12-10T13:18:00+05:30,84544.27,84609.42,84523.88,84557.39,84519.06323443004,67.46205329948916
2025-12-10T13:21:00+05:30,84560.17,84626.6,84556.85,84620.31,84544.37492582253,78.55635068542463
2025-12-10T13:24:00+05:30,84620.95,84631.05,84560.06,84568.12,84550.31119436689,59.06691309048277
2025-12-10T13:27:00+05:30,84567.56,84655.2,84567.56,84640.16,84572.77339577518,70.75229666133512
2025-12-10T13:30:00+05:30,84640.77,84643.26,84598.68,84599.87,84579.54754683138,59.64274676191466
2025-12-10T13:33:00+05:30,84598.94,84634.4,84598.94,84629.57,84592.05316012354,64.44419653938348
2025-12-10T13:36:00+05:30,84628.85,84684.25,84628.85,84644.04,84605.04987009265,66.69636707814308
2025-12-10T13:39:00+05:30,84643.14,84665.06,84618.36,84638.58,84613.4324025695,64.88702963372808
2025-12-10T13:42:00+05:30,84638.28,84650.98,84616.54,84620.55,84615.21180192713,58.74722409545198
2025-12-10T13:45:00+05:30,84620.14,84622.72,84575.46,84575.46,84605.27385144535,46.0374167567309
2025-12-10T13:48:00+05:30,84578.44,84608.44,84527.85,84531.35,84586.79288858402,36.92092401229541
2025-12-10T13:51:00+05:30,84536.94,84623.6,84515.95,84572.14,84583.12966643802,48.024838924163056
2025-12-10T13:54:00+05:30,84579.13,84594.15,84506.14,84508.66,84564.51224982852,36.3931972268109
2025-12-10T13:57:00+05:30,84509.15,84539.63,84495.59,84497.35,84547.72168737139,34.64883676515288
2025-12-10T14:00:00+05:30,84498.33,84527.23,84458.9,84465.46,84527.15626552855,29.92975137019954
2025-12-10T14:03:00+05:30,84464.02,84464.61,84382.97,84406.31,84496.9446991464,23.11669551675317
2025-12-10T14:06:00+05:30,84401.05,84434.19,84362.77,84401.2,84473.0085243598,22.598222614016862
2025-12-10T14:09:00+05:30,84401.11,84428.42,84377.49,84426.22,84461.31139326985,31.3886406617015
2025-12-10T14:12:00+05:30,84427.25,84427.82,84379.09,84399.09,84445.75604495239,27.445525790890613
2025-12-10T14:15:00+05:30,84398.78,84444.87,84378.23,84415.57,84438.2095337143,33.376782572133024
2025-12-10T14:18:00+05:30,84415.98,84423.82,84358.17,84359.89,84418.62965028573,25.242720325263406
2025-12-10T14:21:00+05:30,84359.49,84396.52,84348.97,84378.69,84408.64473771429,31.790764714264327
2025-12-10T14:24:00+05:30,84370.86,84379.18,84344.77,84360.11,84396.51105328572,28.874620118124227
2025-12-10T14:27:00+05:30,84360.57,84366.79,84313.62,84323.18,84378.17828996429,23.809990509267564
2025-12-10T14:30:00+05:30,84323.08,84430.3,84323.08,84409.85,84386.09621747321,48.52897041771388
2025-12-10T14:33:00+05:30,84407.08,84494.05,84407.08,84415.54,84393.4571631049,49.77700153602622
2025-12-10T14:36:00+05:30,84415.23,84420.43,84380.75,84402.7,84395.76787232868,46.79013120797214
2025-12-10T14:39:00+05:30,84400.51,84419.01,84370.3,84394.31,84395.4034042465,44.74340209929884
2025-12-10T14:42:00+05:30,84398.62,84416.48,84340.52,84402.87,84397.27005318488,47.47807466958134
2025-12-10T14:45:00+05:30,84403.1,84406.23,84384.24,84392.78,84396.14753988865,44.452671551868605
2025-12-10T14:48:00+05:30,84392.1,84460.42,84380.3,84459.48,84411.9806549165,62.75593933568389
2025-12-10T14:51:00+05:30,84455.04,84456.55,84358.1,84378.68,84403.65549118737,42.81662546590078
2025-12-10T14:54:00+05:30,84377.62,84378.89,84341.56,84344.58,84388.88661839053,37.0245412335982
2025-12-10T14:57:00+05:30,84347.57,84390.56,84340.77,84384.41,84387.7674637929,46.82664342988607
2025-12-10T15:00:00+05:30,84391.99,84444.97,84370.82,84437.02,84400.08059784467,57.113320256898675
2025-12-10T15:03:00+05:30,84437.14,84445.22,84368.75,84401.41,84400.41294838351,49.54451905606366
2025-12-10T15:06:00+05:30,84393.39,84441.94,84392.18,84426.12,84406.83971128764,54.43313989603781
2025-12-10T15:09:00+05:30,84420.66,84421.81,84387.77,84388.67,84402.29728346573,46.4716873243852
2025-12-10T15:12:00+05:30,84389.6,84407.63,84388.18,84399.16,84401.5129625993,48.9134634424692
2025-12-10T15:15:00+05:30,84399.45,84413.1,84378.61,84385.34,84397.46972194947,45.70866880095909
2025-12-10T15:18:00+05:30,84383.35,84402.63,84369.09,84385.52,84394.4822914621,45.762667259952416
2025-12-10T15:21:00+05:30,84384.51,84393.72,84375.39,84383.96,84391.85171859658,45.30703402918589
2025-12-10T15:24:00+05:30,84383.93,84399.06,84361.45,84361.45,84384.25128894743,38.803202048202124
2025-12-10T15:27:00+05:30,84359.67,84390.94,84346.46,84376.7,84382.36346671058,45.03909555495013
2025-12-11T09:15:00+05:30,84471.25,84540.57,84301.62,84355.27,84375.59010003293,38.5919709076586
2025-12-11T09:18:00+05:30,84357,84469.76,84339.71,84467.11,84398.4700750247,67.18888504927216
2025-12-11T09:21:00+05:30,84461.48,84532.32,84433.08,84462.94,84414.58755626853,65.8548493263752
2025-12-11T09:24:00+05:30,84466.64,84483.36,84401.76,84421.11,84416.2181672014,53.4378281175311
2025-12-11T09:27:00+05:30,84419.62,84534.92,84419.62,84532.52,84445.29362540104,70.63963860525841
2025-12-11T09:30:00+05:30,84531.93,84538.18,84435.34,84502.83,84459.67771905079,63.36181761662861
2025-12-11T09:33:00+05:30,84502.53,84507.66,84430.02,84457.9,84459.2332892881,53.61026316514318
2025-12-11T09:36:00+05:30,84451.62,84455.75,84271.92,84303.14,84420.20996696607,33.124135707474494
2025-12-11T09:39:00+05:30,84295.86,84322.79,84166.11,84198.42,84364.76247522455,25.447448062163375
2025-12-11T09:42:00+05:30,84194.46,84269.34,84160.65,84240.94,84333.8068564184,32.82247676038874
2025-12-11T09:45:00+05:30,84237.91,84237.91,84150.19,84204.5,84301.48014231381,29.868255864060885
2025-12-11T09:48:00+05:30,84205.23,84313.48,84201.93,84272.67,84294.27760673536,41.38305821665597
2025-12-11T09:51:00+05:30,84274.17,84280.08,84200.54,84232.06,84278.72320505152,37.14445885018572
2025-12-11T09:54:00+05:30,84228.49,84289.97,84205.84,84242.85,84269.75490378863,39.07867226757159
2025-12-11T09:57:00+05:30,84241.79,84274.82,84158.85,84221.52,84257.69617784148,36.48903241722077
2025-12-11T10:00:00+05:30,84221.22,84267.65,84213.14,84225.06,84249.53713338112,37.29361482371291
2025-12-11T10:03:00+05:30,84224.3,84350.12,84223.21,84350.12,84274.68285003584,58.80369467974866
2025-12-11T10:06:00+05:30,84362.39,84425.53,84355.26,84415.6,84309.91213752687,65.94052324561586
2025-12-11T10:09:00+05:30,84418.49,84429.05,84378.4,84379.02,84327.18910314515,59.25059399273252
2025-12-11T10:12:00+05:30,84377.71,84500.21,84375.84,84500.21,84370.44432735887,70.72890483626313
2025-12-11T10:15:00+05:30,84507.69,84569.44,84507.69,84566.99,84419.58074551915,75.21678071924552
2025-12-11T10:18:00+05:30,84568.82,84570.7,84495.32,84521.82,84445.14055913937,67.09848201827083
2025-12-11T10:21:00+05:30,84506.65,84533.19,84435.53,84509.78,84461.30041935452,64.91952431621273
2025-12-11T10:24:00+05:30,84519.93,84547,84498.59,84508.8,84473.17531451589,64.71994266704854
2025-12-11T10:27:00+05:30,84508.75,84549.56,84490.8,84514.22,84483.43648588692,65.40616366775933
2025-12-11T10:30:00+05:30,84507.3,84610.33,84460.26,84580.76,84507.7673644152,72.943754424972
2025-12-11T10:33:00+05:30,84582.18,84614.47,84551.55,84551.55,84518.7130233114,65.62103409235814
2025-12-11T10:36:00+05:30,84551.54,84599.33,84537.31,84587.35,84535.87226748356,69.93645172531883
2025-12-11T10:39:00+05:30,84587.97,84626.64,84562.25,84585.15,84548.19170061266,69.31267505668686
2025-12-11T10:42:00+05:30,84586.66,84598.66,84550.17,84576.19,84555.1912754595,66.4946530821646
2025-12-11T10:45:00+05:30,84575.88,84628.16,84545.2,84627.68,84573.31345659462,73.67131587842363
2025-12-11T10:48:00+05:30,84614.13,84614.13,84558.7,84576.61,84574.13759244597,59.03834921768578
2025-12-11T10:51:00+05:30,84577.05,84626.13,84533.04,84538.5,84565.22819433449,50.33435926219923
2025-12-11T10:54:00+05:30,84536.72,84567.6,84490.07,84510.72,84551.60114575087,44.72659102780443
2025-12-11T10:57:00+05:30,84513.83,84524.56,84463.91,84463.91,84529.67835931315,36.690689986726326
2025-12-11T11:00:00+05:30,84463.27,84473.61,84435.62,84455.4,84511.10876948487,35.343837023565996
2025-12-11T11:03:00+05:30,84453.87,84457.14,84351.66,84359.15,84473.11907711365,23.81057501275069
2025-12-11T11:06:00+05:30,84359.31,84416.6,84353.34,84354.08,84443.35930783523,23.342474236444517
2025-12-11T11:09:00+05:30,84354.11,84468.51,84352.05,84447.24,84444.32948087642,46.070590894348335
2025-12-11T11:12:00+05:30,84447.83,84495.44,84428.5,84449.85,84445.70961065732,46.58820209604913
2025-12-11T11:15:00+05:30,84454.82,84499.18,84432.39,84491.45,84457.144707993,54.67719410362433
2025-12-11T11:18:00+05:30,84494.73,84546.46,84493.61,84525.04,84474.11853099475,60.33591315639215
2025-12-11T11:21:00+05:30,84524.51,84561.02,84513.07,84513.07,84483.85639824606,57.358558903271536
2025-12-11T11:24:00+05:30,84515.9,84588.92,84515.58,84535.88,84496.86229868454,61.57412857125518
2025-12-11T11:27:00+05:30,84536.16,84569.16,84527.76,84560.78,84512.84172401341,65.87114458713883
2025-12-11T11:30:00+05:30,84560.89,84589.37,84557.03,84575.52,84528.51129301006,68.31796054178196
2025-12-11T11:33:00+05:30,84578.76,84598.46,84531.99,84564.9,84537.60846975754,64.43489662598348
2025-12-11T11:36:00+05:30,84564.55,84590.14,84521.92,84590.14,84550.74135231816,69.27681540179296
2025-12-11T11:39:00+05:30,84592.03,84604.98,84555.96,84576.12,84557.08601423862,63.66029282366009
2025-12-11T11:42:00+05:30,84576.71,84608.42,84576.68,84604.78,84569.00951067897,69.5482746399942
2025-12-11T11:45:00+05:30,84603.89,84603.89,84559.9,84572.76,84569.94713300922,57.42135719812486
2025-12-11T11:48:00+05:30,84572.29,84628.45,84571.58,84579.27,84572.27784975691,59.1124281569972
2025-12-11T11:51:00+05:30,84576.84,84655.23,84575.73,84622.77,84584.90088731768,68.77898982809991
2025-12-11T11:54:00+05:30,84629.67,84655.88,84609.76,84638.61,84598.32816548826,71.62853280314968
2025-12-11T11:57:00+05:30,84631.52,84668.56,84601.32,84642.67,84609.41362411619,72.38229354705342
2025-12-11T12:00:00+05:30,84649.44,84715.37,84649.44,84681.13,84627.34271808714,78.65079201688911
2025-12-11T12:03:00+05:30,84681.31,84812.13,84680.4,84782.89,84666.22953856536,87.44631597967481
2025-12-11T12:06:00+05:30,84782.18,84788.84,84703.98,84731.42,84682.52715392402,70.3447621055447
2025-12-11T12:09:00+05:30,84732.47,84779.37,84732.35,84742.83,84697.60286544301,71.77248826662412
2025-12-11T12:12:00+05:30,84741.83,84789.76,84735.22,84765.93,84714.68464908225,74.65462959343435
2025-12-11T12:15:00+05:30,84765.96,84766.06,84721.95,84721.95,84716.50098681169,60.85340574168444
2025-12-11T12:18:00+05:30,84721.71,84789.4,84721.71,84768.94,84729.61074010876,68.18488159524148
2025-12-11T12:21:00+05:30,84771.34,84825.79,84763.81,84793.66,84745.62305508158,71.46483465462867
2025-12-11T12:24:00+05:30,84797.63,84821.43,84770.19,84792.71,84757.39479131119,71.13602421191338
2025-12-11T12:27:00+05:30,84794.05,84898.19,84792.08,84870.75,84785.7335934834,79.96884819314306
2025-12-11T12:30:00+05:30,84865.81,84895.51,84826.33,84857.52,84803.68019511255,75.40498264237395
2025-12-11T12:33:00+05:30,84857.15,84861.75,84794.77,84837.77,84812.20264633442,68.58768592284721
2025-12-11T12:36:00+05:30,84837.05,84839.84,84794.72,84827.92,84816.13198475081,65.15993905885699
2025-12-11T12:39:00+05:30,84829.28,84829.28,84758.47,84770.75,84804.78648856311,48.68464001741472
2025-12-11T12:42:00+05:30,84768.04,84829.56,84766.42,84826.44,84810.19986642234,60.138709366688026
2025-12-11T12:45:00+05:30,84825.55,84838,84810.72,84819.53,84812.53239981676,58.256346729816464
2025-12-11T12:48:00+05:30,84818.41,84835.32,84802.85,84811.38,84812.24429986256,55.85084703873848
2025-12-11T12:51:00+05:30,84812.35,84816.6,84762.32,84813.4,84812.53322489692,56.37176609162058
2025-12-11T12:54:00+05:30,84814.61,84816.77,84789.21,84792.91,84807.6274186727,49.46488123755148
2025-12-11T12:57:00+05:30,84792.14,84803.05,84748.86,84768.49,84797.84306400453,42.2646231101219
2025-12-11T13:00:00+05:30,84768.74,84784.25,84721.31,84772.98,84791.6272980034,44.012807572599854
2025-12-11T13:03:00+05:30,84774.96,84780.56,84690.47,84706.75,84770.40797350254,28.9353253646929
2025-12-11T13:06:00+05:30,84706.5,84737.7,84642.93,84652.28,84740.8759801269,21.777176419232305
2025-12-11T13:09:00+05:30,84653.31,84696.86,84641.27,84688.25,84727.71948509518,34.299160121841965
2025-12-11T13:12:00+05:30,84678.85,84690.44,84618.73,84690.44,84718.39961382138,35.03783041465013
2025-12-11T13:15:00+05:30,84685.67,84723.19,84669.85,84711.67,84716.71721036604,42.36623401923703
2025-12-11T13:18:00+05:30,84710.43,84731.7,84677.48,84726.81,84719.24040777453,47.3114761516826
2025-12-11T13:21:00+05:30,84727.01,84736.51,84669.17,84672.93,84707.6628058309,34.88394930204217
2025-12-11T13:24:00+05:30,84674.78,84720.69,84650.76,84668.64,84697.90710437318,34.05304565170074
2025-12-11T13:27:00+05:30,84661.66,84709.73,84651.09,84667.1,84690.20532827989,33.716704230616756
2025-12-11T13:30:00+05:30,84676.1,84768.38,84676.1,84737.48,84702.02399620991,56.581748806235595
2025-12-11T13:33:00+05:30,84736.98,84771.71,84728.11,84751.27,84714.33549715744,59.75525216126387
2025-12-11T13:36:00+05:30,84750.76,84776.03,84718.8,84739.16,84720.54162286808,55.59224182373167
2025-12-11T13:39:00+05:30,84742.56,84776.86,84735.73,84774.39,84734.00371715106,64.08458577317771
2025-12-11T13:42:00+05:30,84774.79,84777.21,84729.98,84744.04,84736.51278786329,53.75305407972507
2025-12-11T13:45:00+05:30,84742.46,84763.26,84703.18,84762.38,84742.97959089748,58.472922823246016
2025-12-11T13:48:00+05:30,84763.95,84806.12,84747.85,84774.64,84750.8946931731,61.53457158292083
2025-12-11T13:51:00+05:30,84775.02,84793.97,84741.03,84761.62,84753.57601987982,56.384089548341365
2025-12-11T13:54:00+05:30,84755.03,84804.7,84746.37,84789.86,84762.64701490986,64.00738271532742
2025-12-11T13:57:00+05:30,84790.11,84827.02,84765.41,84795.18,84770.7802611824,65.33886144525317
2025-12-11T14:00:00+05:30,84802.16,84802.16,84754.2,84762.85,84768.79769588681,51.76266052071039
2025-12-11T14:03:00+05:30,84763.42,84763.42,84678.61,84705.4,84752.94827191511,36.1783756997652
2025-12-11T14:06:00+05:30,84709.69,84746.21,84658.17,84716.08,84743.73120393633,40.09034226501977
2025-12-11T14:09:00+05:30,84716.36,84745.47,84704.85,84735.4,84741.64840295224,46.95269818470184
2025-12-11T14:12:00+05:30,84735.67,84741.07,84680.19,84697.07,84730.50380221418,37.11301483279872
2025-12-11T14:15:00+05:30,84706.75,84753.35,84695.38,84747.23,84734.68535166064,52.356644982394265
2025-12-11T14:18:00+05:30,84744.25,84800.26,84725.13,84786.21,84747.56651374548,60.94054910825817
2025-12-11T14:21:00+05:30,84787.7,84804.55,84782.78,84782.78,84756.3698853091,59.833852539745585
2025-12-11T14:24:00+05:30,84782.97,84812.43,84760.71,84807.09,84769.04991398183,65.07783246131646
2025-12-11T14:27:00+05:30,84808.8,84888.34,84808.8,84875.45,84795.64993548638,75.55011831930102
2025-12-11T14:30:00+05:30,84869.05,84906.93,84847.24,84869.76,84814.17745161479,73.41232231206517
2025-12-11T14:33:00+05:30,84869.53,84882.92,84850.56,84860.71,84825.81058871109,69.74998506284552
2025-12-11T14:36:00+05:30,84858.38,84877.36,84818.91,84839.84,84829.31794153331,61.496113600953365
2025-12-11T14:39:00+05:30,84834.45,84843.48,84788.34,84802.24,84822.54845614999,49.24698001106712
2025-12-11T14:42:00+05:30,84799.65,84828.71,84767.28,84787.33,84813.7438421125,45.0917823220538
2025-12-11T14:45:00+05:30,84784.32,84789.3,84734.3,84734.77,84794.00038158437,33.47556941741978
2025-12-11T14:48:00+05:30,84729.43,84778.84,84647.55,84665.69,84761.92278618828,23.996607608995618
2025-12-11T14:51:00+05:30,84654.67,84768.23,84647.54,84727.46,84753.30708964121,41.32807085805868
2025-12-11T14:54:00+05:30,84730.86,84756.05,84703.32,84734.15,84748.51781723091,42.971273898389434
2025-12-11T14:57:00+05:30,84730.7,84765.92,84715.37,84747.28,84748.20836292318,46.40800969032432
2025-12-11T15:00:00+05:30,84748.54,84846.75,84748.54,84843.01,84771.90877219239,64.56973211569546
2025-12-11T15:03:00+05:30,84843.65,84860.75,84778.95,84830.41,84786.53407914429,61.375814623792905
2025-12-11T15:06:00+05:30,84831.65,84877.24,84805.58,84835.14,84798.68555935821,62.19481381842458
2025-12-11T15:09:00+05:30,84830.57,84869.77,84797.82,84837.37,84808.35666951866,62.63065686123787
2025-12-11T15:12:00+05:30,84833.34,84844.83,84781.88,84806.68,84807.93750213899,52.84820360733607
2025-12-11T15:15:00+05:30,84806.34,84850.02,84804.3,84806.85,84807.66562660424,52.895750236014
2025-12-11T15:18:00+05:30,84792.82,84859.09,84775.85,84802.15,84806.28671995318,51.2295107584493
2025-12-11T15:21:00+05:30,84815.68,84826.11,84792.8,84792.8,84802.91503996488,47.73928820525056
2025-12-11T15:24:00+05:30,84792.56,84831.06,84791.81,84791.81,84800.13877997365,47.34086968562457
2025-12-11T15:27:00+05:30,84801.4,84829.21,84786.25,84791.9,84798.07908498024,47.38743978003766
2025-12-12T09:15:00+05:30,85091.37,85161.59,85031.71,85141.51,84883.93681373518,89.49417801353849
2025-12-12T09:18:00+05:30,85138.21,85221.12,85125.15,85216.35,84967.04011030139,91.24423766247921
2025-12-12T09:21:00+05:30,85211.53,85220.25,85169.08,85169.08,85017.55008272604,81.26852759952533
2025-12-12T09:24:00+05:30,85168.7,85173.69,85095.71,85124.4,85044.26256204453,72.52475250353032
2025-12-12T09:27:00+05:30,85122.79,85201.18,85122.79,85192.09,85081.2194215334,76.9147927696725
2025-12-12T09:30:00+05:30,85190.68,85282.76,85190.68,85274.99,85129.66206615005,81.20554496965667
2025-12-12T09:33:00+05:30,85275.51,85281.2,85221.37,85224.91,85153.47404961253,71.80006289002927
2025-12-12T09:36:00+05:30,85228.34,85279.37,85227.71,85259.3,85179.9305372094,74.19459517440983
2025-12-12T09:39:00+05:30,85258.09,85267.08,85237.86,85245.87,85196.41540290705,71.43115016665573
2025-12-12T09:42:00+05:30,85252.17,85252.17,85213.09,85229.19,85204.60905218028,67.77347499442449
2025-12-12T09:45:00+05:30,85228.83,85233.53,85200.23,85220.89,85208.67928913521,65.81695577672522
2025-12-12T09:48:00+05:30,85221.54,85225.47,85187,85196.16,85205.5494668514,59.81456675616639
2025-12-12T09:51:00+05:30,85197.07,85205.57,85178.34,85186.59,85200.80960013854,57.44916622985467
2025-12-12T09:54:00+05:30,85188.12,85195.19,85176.64,85194.88,85199.3272001039,59.08438619434051
2025-12-12T09:57:00+05:30,85198.16,85217.6,85152.29,85169.09,85191.76790007792,51.85206413618037
2025-12-12T10:00:00+05:30,85168.67,85177.8,85151.3,85159.65,85183.73842505843,49.27627480876108
2025-12-12T10:03:00+05:30,85158.25,85173.26,85125.06,85129.16,85170.09381879383,41.50673823062686
2025-12-12T10:06:00+05:30,85129.99,85141.72,85073.13,85073.13,85145.85286409537,31.0205666145677
2025-12-12T10:09:00+05:30,85073.42,85090.07,85050.65,85067.84,85126.34964807153,30.18070153418782
2025-12-12T10:12:00+05:30,85067.99,85116.97,85057.49,85116.65,85123.92473605364,45.937159178609186
2025-12-12T10:15:00+05:30,85112.9,85160.96,85108.89,85146.06,85129.45855204023,53.33944738183902
2025-12-12T10:18:00+05:30,85151.14,85177.52,85150.3,85174.02,85140.59891403018,59.491280855943415
2025-12-12T10:21:00+05:30,85173.48,85175.69,85051.27,85051.27,85118.26668552264,35.51118281394105
2025-12-12T10:24:00+05:30,85050.29,85064.82,84973.08,84973.71,85082.12751414199,27.376528524243867
2025-12-12T10:27:00+05:30,84973.62,85011.59,84956.74,85000.06,85061.61063560648,33.42154238957697
2025-12-12T10:30:00+05:30,84999.99,85046.18,84998.4,85044.89,85057.43047670486,42.86176109824476
2025-12-12T10:33:00+05:30,85043.59,85088.85,85032.74,85080.96,85063.31285752865,49.573449421850796
2025-12-12T10:36:00+05:30,85077.8,85077.8,85034.89,85045.28,85058.80464314649,43.65552231219753
2025-12-12T10:39:00+05:30,85045.1,85058.96,85005.71,85007.13,85045.88598235988,37.99719011896009
2025-12-12T10:42:00+05:30,85009.77,85018.52,84999.35,85012.67,85037.5819867699,39.32945073887592
2025-12-12T10:45:00+05:30,85013.13,85049.64,85002.27,85047.47,85040.05399007743,47.583418723787844
2025-12-12T10:48:00+05:30,85048.36,85049.06,84974.98,84981.73,85025.47299255808,36.60728053453776
2025-12-12T10:51:00+05:30,84979.37,85029.01,84979.37,85013.17,85022.39724441856,43.835855655710766
2025-12-12T10:54:00+05:30,85013.26,85044.15,85002.55,85028.08,85023.81793331393,47.16892723850483
2025-12-12T10:57:00+05:30,85028.79,85030.52,84983.47,84990.85,85015.57594998545,40.21628849573578
2025-12-12T11:00:00+05:30,84992.43,85060.54,84986.71,85059.06,85026.44696248908,54.5392309286327
2025-12-12T11:03:00+05:30,85059.82,85089.83,85059.82,85070.47,85037.45272186681,56.569834929198265
2025-12-12T11:06:00+05:30,85070.88,85079.84,85059.05,85076.15,85047.1270414001,57.66799778494747
2025-12-12T11:09:00+05:30,85079.37,85147.06,85075.27,85135.37,85069.18778105007,67.62540855767952
2025-12-12T11:12:00+05:30,85135.4,85138.72,85112.83,85117.31,85081.21833578756,62.40290712083827
2025-12-12T11:15:00+05:30,85116.16,85132.62,85114.66,85115.91,85089.89125184067,61.97008659474617
2025-12-12T11:18:00+05:30,85116.31,85135.83,85110.99,85133.3,85100.74343888051,65.44346101338587
2025-12-12T11:21:00+05:30,85133.49,85194.74,85129.62,85189.44,85122.91757916039,74.28809909411358
2025-12-12T11:24:00+05:30,85190.04,85217.03,85189.69,85204.2,85143.23818437029,76.15973610461188
2025-12-12T11:27:00+05:30,85202.81,85209.24,85176.15,85199.14,85157.21363827772,74.00516698626906
2025-12-12T11:30:00+05:30,85202.88,85210.96,85185.3,85203.55,85168.79772870829,74.73200989977659
2025-12-12T11:33:00+05:30,85204.69,85227.77,85204.28,85224.9,85182.82329653122,78.1782750311508
2025-12-12T11:36:00+05:30,85224.63,85227.6,85205.74,85211.29,85189.93997239841,70.97860665225008
2025-12-12T11:39:00+05:30,85209.31,85214.45,85172.16,85192.56,85190.59497929881,61.83555608207111
2025-12-12T11:42:00+05:30,85192.65,85211.35,85189.76,85209.62,85195.3512344741,66.4306521513511
2025-12-12T11:45:00+05:30,85210.08,85223.05,85191.91,85194.22,85195.06842585557,58.955065702260434
2025-12-12T11:48:00+05:30,85194.02,85200.78,85174.59,85185.63,85192.70881939167,54.93230837806963
2025-12-12T11:51:00+05:30,85187.52,85235.73,85180.52,85235.73,85203.46411454375,69.2222605896463
2025-12-12T11:54:00+05:30,85236.03,85253.86,85232.47,85241.87,85213.06558590781,70.55708371336385
2025-12-12T11:57:00+05:30,85243.92,85250.35,85232.11,85240.43,85219.90668943085,69.72962705255894
2025-12-12T12:00:00+05:30,85239.89,85280.63,85239.89,85262.93,85230.66251707313,75.06111551197543
2025-12-12T12:03:00+05:30,85263.14,85269.32,85223.95,85223.95,85228.98438780484,55.35524631796126
2025-12-12T12:06:00+05:30,85222.36,85222.36,85192.32,85199.11,85221.51579085363,46.3153738847222
2025-12-12T12:09:00+05:30,85199.76,85208.97,85161.48,85167.22,85207.94184314023,37.213113765983685
2025-12-12T12:12:00+05:30,85169.91,85197.96,85164.13,85193.68,85204.37638235517,47.24863395318694
2025-12-12T12:15:00+05:30,85195.06,85218.45,85192.39,85209.95,85205.76978676638,52.67496616789819
2025-12-12T12:18:00+05:30,85207.34,85212.08,85188.52,85208.74,85206.51234007478,52.208991210673815
2025-12-12T12:21:00+05:30,85208.65,85219.68,85198.73,85218.76,85209.57425505608,55.97184975584447
2025-12-12T12:24:00+05:30,85217.53,85248.24,85211.37,85248.24,85219.24069129207,65.33920111230516
2025-12-12T12:27:00+05:30,85248.44,85252.47,85221.33,85235.03,85223.18801846905,58.79917162767598
2025-12-12T12:30:00+05:30,85235.23,85248.58,85222.09,85236.4,85226.49101385179,59.29217324371418
2025-12-12T12:33:00+05:30,85237.1,85271.07,85236.83,85266.95,85236.60576038883,68.95614205155388
2025-12-12T12:36:00+05:30,85266.6,85270.48,85224.46,85227.68,85234.37432029162,50.851871868574904
2025-12-12T12:39:00+05:30,85230.15,85232.72,85211.9,85211.9,85228.75574021871,45.27878607492634
2025-12-12T12:42:00+05:30,85211.87,85235.06,85210.73,85219.31,85226.39430516402,48.37820233912387
2025-12-12T12:45:00+05:30,85214.56,85214.56,85200.3,85206.43,85221.40322887301,43.39397272859204
2025-12-12T12:48:00+05:30,85206.38,85207.94,85187.89,85189.4,85213.40242165476,37.44327705655371
2025-12-12T12:51:00+05:30,85188.67,85204.72,85183.5,85194.27,85208.61931624106,40.1800904318444
2025-12-12T12:54:00+05:30,85193.57,85219.59,85188.14,85211.27,85209.2819871808,49.22647877054889
2025-12-12T12:57:00+05:30,85211.47,85219.33,85204.71,85205.49,85208.33399038561,46.44065573743772
2025-12-12T13:00:00+05:30,85206.11,85231.9,85204.99,85228.3,85213.32549278921,57.511290654067466
2025-12-12T13:03:00+05:30,85231.22,85241.03,85217.93,85224.69,85216.16661959191,55.397058427145005
2025-12-12T13:06:00+05:30,85225.04,85225.44,85169.43,85186.23,85208.68246469393,38.023177274272605
2025-12-12T13:09:00+05:30,85186.08,85209.45,85178.71,85208.89,85208.73434852045,49.01458911335367
2025-12-12T13:12:00+05:30,85208.72,85246.19,85208.72,85240.47,85216.66826139034,60.42587332356999
2025-12-12T13:15:00+05:30,85240.78,85252.73,85238.67,85249.16,85224.79119604276,63.078763525873164
2025-12-12T13:18:00+05:30,85247.64,85247.64,85228.27,85231.94,85226.57839703208,54.61472135168423
2025-12-12T13:21:00+05:30,85231.99,85240.54,85227.56,85232.81,85228.13629777406,54.97086169933665
2025-12-12T13:24:00+05:30,85228.66,85232.42,85215.4,85232.08,85229.12222333055,54.55181179259312
2025-12-12T13:27:00+05:30,85228.91,85232.59,85185.4,85185.57,85218.23416749791,34.82100702582905
2025-12-12T13:30:00+05:30,85185.92,85202.61,85182.75,85189.09,85210.94812562343,36.83813601962905
2025-12-12T13:33:00+05:30,85191.79,85204.82,85186.85,85202.7,85208.88609421757,44.57545362365813
2025-12-12T13:36:00+05:30,85202.4,85222.32,85202.36,85214.43,85210.27207066317,50.65368078078804
2025-12-12T13:39:00+05:30,85214.46,85236.29,85203.03,85226.72,85214.38405299737,56.486748004694824
2025-12-12T13:42:00+05:30,85226.43,85236.08,85214,85215.23,85214.59553974803,50.03560974542271
2025-12-12T13:45:00+05:30,85215.68,85223.03,85208.33,85217.66,85215.36165481101,51.40496063966083
2025-12-12T13:48:00+05:30,85219.79,85248.71,85212.66,85241.06,85221.78624110826,62.84500560549194
2025-12-12T13:51:00+05:30,85240.34,85245.53,85214.76,85225.93,85222.8221808312,53.367713811535765
2025-12-12T13:54:00+05:30,85226.08,85232.89,85216.84,85225.99,85223.6141356234,53.40022676319517
2025-12-12T13:57:00+05:30,85225.35,85236.35,85215.43,85222.41,85223.31310171755,50.92845287690954
2025-12-12T14:00:00+05:30,85222.3,85245.23,85220.08,85241.66,85227.89982628817,61.97111388394336
2025-12-12T14:03:00+05:30,85239.04,85289.25,85235.16,85277.43,85240.28236971612,74.44023497472207
2025-12-12T14:06:00+05:30,85276.34,85293.36,85267.43,85293.36,85253.5517772871,78.16075380572758
2025-12-12T14:09:00+05:30,85293.47,85310.83,85276.65,85277.76,85259.60383296532,67.01577368793716
2025-12-12T14:12:00+05:30,85279.08,85284.18,85262.14,85268.94,85261.937874724,61.2544899637656
2025-12-12T14:15:00+05:30,85269.11,85277.6,85256.39,85267.23,85263.260906043,60.08609276697824
2025-12-12T14:18:00+05:30,85267.24,85275.25,85258.93,85261.63,85262.85317953225,56.00463544944159
2025-12-12T14:21:00+05:30,85262.24,85273.33,85256.8,85269.63,85264.5473846492,60.47887602685432
2025-12-12T14:24:00+05:30,85270.07,85272.13,85243.06,85244.41,85259.5130384869,44.01547135307178
2025-12-12T14:27:00+05:30,85241.23,85244.91,85214.23,85244.7,85255.80977886516,44.21917583007098
2025-12-12T14:30:00+05:30,85241.4,85245.73,85220.73,85245.73,85253.28983414888,45.04769860240959
2025-12-12T14:33:00+05:30,85245.43,85259.15,85244.55,85253.73,85253.39987561165,51.56646267899078
2025-12-12T14:36:00+05:30,85253.97,85256.67,85217.41,85222.11,85245.57740670873,33.332910541248395
2025-12-12T14:39:00+05:30,85221.16,85221.16,85199.72,85207.62,85236.08805503155,28.03342806514712
2025-12-12T14:42:00+05:30,85205.7,85226.02,85196.61,85225.77,85233.50854127367,41.60146987914088
2025-12-12T14:45:00+05:30,85224.03,85227.4,85196.35,85196.35,85224.21890595525,30.667505812512374
2025-12-12T14:48:00+05:30,85196.85,85203.26,85187.21,85194.02,85216.66917946644,29.940417994727227
2025-12-12T14:51:00+05:30,85193.37,85212.91,85190.64,85211.32,85215.33188459983,41.8773060038347
2025-12-12T14:54:00+05:30,85210.87,85225.71,85193.93,85221.8,85216.94891344987,48.12402306091321
2025-12-12T14:57:00+05:30,85225.9,85228.48,85203.54,85212.91,85215.93918508741,43.49747175912477
2025-12-12T15:00:00+05:30,85224.9,85289.46,85224.9,85273.64,85230.36438881556,68.00903809661395
2025-12-12T15:03:00+05:30,85273.58,85275.76,85248.59,85258.62,85237.42829161166,60.44309115583654
2025-12-12T15:06:00+05:30,85261.9,85302.05,85261.83,85296,85252.07121870875,70.10077096951514
2025-12-12T15:09:00+05:30,85296.09,85320.82,85291.97,85306.97,85265.79591403157,72.40729926761168
2025-12-12T15:12:00+05:30,85307.71,85310.34,85288,85310.34,85276.93193552367,73.14966608475832
2025-12-12T15:15:00+05:30,85307.89,85313.92,85260.8,85283.97,85278.69145164275,58.725836815740735
2025-12-12T15:18:00+05:30,85282.81,85292.77,85269.68,85277.52,85278.39858873206,55.59745664496273
2025-12-12T15:21:00+05:30,85279.56,85287.46,85266.68,85286.01,85280.30144154905,58.95516942029931
2025-12-12T15:24:00+05:30,85286.28,85313.64,85285.17,85292.57,85283.36858116179,61.57454431838559
2025-12-12T15:27:00+05:30,85294.14,85300.29,85256.61,85264.17,85278.56893587134,46.56519382480824
2025-12-15T09:15:00+05:30,84931.73,85156.83,84883.27,85040.78,85219.12170190351,14.385593300923233
2025-12-15T09:18:00+05:30,85043.58,85046.74,84963.63,84978.81,85159.04377642763,11.756223725452543
2025-12-15T09:21:00+05:30,84968.9,84980.17,84942.24,84943.04,85105.04283232072,10.467787342063488
2025-12-15T09:24:00+05:30,84944.32,84945.91,84894.54,84923.4,85059.63212424054,9.781110153047265
2025-12-15T09:27:00+05:30,84923.52,84923.52,84868.77,84875.48,85013.5940931804,8.242051506186087
2025-12-15T09:30:00+05:30,84873.95,84891.86,84863.74,84891.86,84983.16056988531,13.659859950977832
2025-12-15T09:33:00+05:30,84889.77,84915.9,84869.62,84873.04,84955.63042741398,12.65802022834643
2025-12-15T09:36:00+05:30,84872.9,84924.83,84869.36,84924.83,84947.9303205605,29.304327665354705
2025-12-15T09:39:00+05:30,84925.89,84937.32,84893.79,84919,84940.69774042038,28.588745655318576
2025-12-15T09:42:00+05:30,84919.61,84944.16,84868.18,84872.58,84923.66830531528,23.302835348847466
2025-12-15T09:45:00+05:30,84871.4,84930.58,84840.32,84930.58,84925.39622898646,39.58579659318639
2025-12-15T09:48:00+05:30,84929.12,84956.76,84925.08,84953.67,84932.46467173984,45.00823318491269
2025-12-15T09:51:00+05:30,84955.15,84969.82,84933.14,84967.63,84941.25600380488,48.282408963205725
2025-12-15T09:54:00+05:30,84964.8,84968.79,84942.39,84965.5,84947.31700285367,47.77605342476119
2025-12-15T09:57:00+05:30,84966.83,84999.33,84958.82,84996.81,84959.69025214025,55.73689162293258
2025-12-15T10:00:00+05:30,84999.52,85027.89,84993.99,85027.89,84976.74018910518,62.37845690074488
2025-12-15T10:03:00+05:30,85027.33,85027.33,84982.28,84984.54,84978.69014182889,50.136803940234365
2025-12-15T10:06:00+05:30,84983.98,85021.12,84972.22,85014.79,84987.71510637167,57.00586966549232
2025-12-15T10:09:00+05:30,85014.98,85017.13,84965.16,84978.46,84985.40132977876,47.782791551196524
2025-12-15T10:12:00+05:30,84978,85033.08,84975.5,85033.03,84997.30849733407,59.31734828711662
2025-12-15T10:15:00+05:30,85032.67,85056.27,85027.29,85041.55,85008.36887300055,60.89095744219324
2025-12-15T10:18:00+05:30,85040.72,85066.74,85037.52,85046.32,85017.85665475042,61.854685265367344
2025-12-15T10:21:00+05:30,85046.44,85062.04,85039.79,85041.43,85023.74999106281,60.083873470494254
2025-12-15T10:24:00+05:30,85039.97,85050,84999.06,85050,85030.31249329711,62.29117448571739
2025-12-15T10:27:00+05:30,85049.3,85068.78,85027.65,85062.15,85038.27186997283,65.45118530921931
2025-12-15T10:30:00+05:30,85060.8,85080.48,85055.74,85062.1,85044.22890247962,65.4248627022044
2025-12-15T10:33:00+05:30,85061.99,85063.13,85048.26,85057.13,85047.45417685971,62.50951289200072
2025-12-15T10:36:00+05:30,85059.45,85059.45,84998.21,84999.79,85035.53813264478,39.073684545654096
2025-12-15T10:39:00+05:30,84998.79,85016.91,84969.8,84988.44,85023.76359948359,35.96023602118399
2025-12-15T10:42:00+05:30,84988.08,85032.12,84983.62,85028.97,85025.0651996127,51.920630451917525
2025-12-15T10:45:00+05:30,85028.02,85049.52,85022.61,85049.52,85031.17889970953,58.09808775486234
2025-12-15T10:48:00+05:30,85051.04,85102.09,85046.27,85092.87,85046.60167478214,68.16471161845647
2025-12-15T10:51:00+05:30,85092.36,85119.95,85086,85119.95,85064.9387560866,72.90816622402541
2025-12-15T10:54:00+05:30,85120.41,85131.9,85111.87,85113.72,85077.13406706495,70.10455137691794
2025-12-15T10:57:00+05:30,85113.3,85119.59,85099.79,85108.1,85084.87555029872,67.37774858669532
2025-12-15T11:00:00+05:30,85106.45,85114.09,85096.22,85101.41,85089.00916272405,63.92462368622133
2025-12-15T11:03:00+05:30,85104.2,85116.03,85089.52,85094.29,85090.32937204304,60.100147214646746
2025-12-15T11:06:00+05:30,85092.3,85098.67,85070.89,85073.28,85086.06702903227,49.83566748849578
2025-12-15T11:09:00+05:30,85073.99,85080.63,85059.4,85079.93,85084.5327717742,52.81170289065968
2025-12-15T11:12:00+05:30,85080.32,85081.51,85067.99,85073.32,85081.72957883065,49.41228469932259
2025-12-15T11:15:00+05:30,85073.48,85073.48,85053.77,85067.88,85078.26718412299,46.53615073863056
2025-12-15T11:18:00+05:30,85069.5,85078.87,85045.51,85046.62,85070.35538809224,36.77611915393125
2025-12-15T11:21:00+05:30,85048.21,85048.78,85024.02,85031.66,85060.68154106918,31.374195022683168
2025-12-15T11:24:00+05:30,85030.6,85074.22,85030.6,85067,85062.26115580188,51.14982889732619
2025-12-15T11:27:00+05:30,85068.18,85102.88,85057.94,85088.42,85068.80086685141,59.41905439048554
2025-12-15T11:30:00+05:30,85087.86,85096.31,85074.28,85074.28,85070.17065013855,52.56605262465111
2025-12-15T11:33:00+05:30,85076.38,85082.93,85005.95,85007.99,85054.62548760392,32.23303874581943
2025-12-15T11:36:00+05:30,85008.38,85048.6,85008.38,85047.76,85052.90911570293,46.671217700165734
2025-12-15T11:39:00+05:30,85047.1,85047.71,85021.21,85035.88,85048.6518367772,43.44535832443497
2025-12-15T11:42:00+05:30,85035.52,85040.92,85015.75,85020.31,85041.5663775829,39.29269192531334
2025-12-15T11:45:00+05:30,85020.51,85050.34,85020.51,85047.47,85043.04228318718,49.178631629337644
2025-12-15T11:48:00+05:30,85046.77,85132.41,85046.09,85132.41,85065.38421239039,68.12036182020458
2025-12-15T11:51:00+05:30,85131.59,85184.16,85131.34,85172.65,85092.2006592928,73.56579102133492
2025-12-15T11:54:00+05:30,85173.62,85185.18,85166.3,85176.84,85113.3604944696,74.10315485376493
2025-12-15T11:57:00+05:30,85177.16,85204.57,85175.52,85192.24,85133.0803708522,76.17953046417318
2025-12-15T12:00:00+05:30,85194.42,85210.45,85182.77,85189.27,85147.12777813915,74.82958900032143
2025-12-15T12:03:00+05:30,85192.31,85203.17,85188.12,85188.12,85157.37583360437,74.23533040510299
2025-12-15T12:06:00+05:30,85191.33,85239.09,85176.92,85225.41,85174.38437520328,80.18757827730559
2025-12-15T12:09:00+05:30,85223.21,85225.98,85201.71,85211.14,85183.57328140247,72.69018042923139
2025-12-15T12:12:00+05:30,85211.05,85215.29,85192.22,85205.34,85189.01496105184,69.60422348510329
2025-12-15T12:15:00+05:30,85205.33,85217.05,85199.87,85206.53,85193.39372078888,69.90999856022475
2025-12-15T12:18:00+05:30,85207.6,85210.51,85192.11,85204.51,85196.17279059166,68.54443401875037
2025-12-15T12:21:00+05:30,85202.3,85230.27,85201.07,85225.67,85203.54709294374,74.6063414176328
2025-12-15T12:24:00+05:30,85226.55,85244.31,85215.37,85215.45,85206.52281970781,67.29834690588345
2025-12-15T12:27:00+05:30,85213.89,85220.79,85192.12,85220.26,85209.95711478086,68.9674417610716
2025-12-15T12:30:00+05:30,85220,85236.06,85212.64,85230.09,85214.99033608564,72.33418509869833
2025-12-15T12:33:00+05:30,85229.49,85246.56,85226.89,85243.84,85222.20275206423,76.49557192796208
2025-12-15T12:36:00+05:30,85244.66,85247.87,85220.95,85230.41,85224.25456404817,65.3026047561097
2025-12-15T12:39:00+05:30,85229.88,85231,85202.28,85210.62,85220.84592303613,52.17735527056089
2025-12-15T12:42:00+05:30,85210.34,85212.54,85168.26,85181.58,85211.0294422771,38.81977748603855
2025-12-15T12:45:00+05:30,85179.94,85182.39,85156.64,85162.44,85198.88208170782,32.434927567831494
2025-12-15T12:48:00+05:30,85160.55,85189.86,85158.78,85180.22,85194.21656128086,42.656514996613936
2025-12-15T12:51:00+05:30,85184.32,85217.4,85184.32,85208.76,85197.85242096064,55.316025150545684
2025-12-15T12:54:00+05:30,85208.86,85210.27,85177.49,85181.07,85193.65681572049,44.256720462937594
2025-12-15T12:57:00+05:30,85180.26,85185.97,85164.7,85180.32,85190.32261179037,43.97887324446268
2025-12-15T13:00:00+05:30,85181.32,85212.53,85181.32,85186.67,85189.40945884277,47.2500792014389
2025-12-15T13:03:00+05:30,85187.91,85242.33,85187.91,85237.58,85201.45209413208,65.88361347060001
2025-12-15T13:06:00+05:30,85237.83,85247.98,85230.87,85240.78,85211.28407059907,66.74505021359401
2025-12-15T13:09:00+05:30,85240.87,85258.84,85230.34,85250.89,85221.1855529493,69.57655155424511
2025-12-15T13:12:00+05:30,85251.89,85274.67,85242.5,85272.99,85234.13666471199,75.00423813313799
2025-12-15T13:15:00+05:30,85270.94,85275.64,85254.97,85265.28,85241.922498534,69.92664488880833
2025-12-15T13:18:00+05:30,85264.85,85264.85,85227.76,85236.15,85240.4793739005,53.85583500491509
2025-12-15T13:21:00+05:30,85238.64,85242.01,85232.11,85238.12,85239.88953042537,54.67766108205573
2025-12-15T13:24:00+05:30,85237.43,85246.97,85226.3,85227.59,85236.81464781903,49.21199572034661
2025-12-15T13:27:00+05:30,85227.93,85230.85,85204.97,85206.49,85229.23348586427,39.890189289934284
2025-12-15T13:30:00+05:30,85205.66,85219.03,85204.44,85213.59,85225.3226143982,44.05069820704353
2025-12-15T13:33:00+05:30,85213.18,85249.19,85209.09,85237.68,85228.41196079865,56.08322371258158
2025-12-15T13:36:00+05:30,85237.44,85240.15,85217.74,85226.7,85227.98397059899,50.327739419974804
2025-12-15T13:39:00+05:30,85224.33,85245.51,85216.89,85241.57,85231.38047794925,57.258131781394994
2025-12-15T13:42:00+05:30,85242.01,85242.01,85205.18,85210.07,85226.05285846195,42.576854381145324
2025-12-15T13:45:00+05:30,85208.78,85231.49,85207.09,85228.54,85226.67464384646,51.14587254294999
2025-12-15T13:48:00+05:30,85228.46,85240.46,85218.51,85229.93,85227.48848288484,51.77768306101884
2025-12-15T13:51:00+05:30,85230.08,85230.32,85211.28,85224.32,85226.69636216364,48.80566995809658
2025-12-15T13:54:00+05:30,85219.16,85233.43,85212.48,85216.33,85224.10477162273,44.55609105344459
2025-12-15T13:57:00+05:30,85215.39,85218.07,85185.78,85202.36,85218.66857871704,37.83597247957456
2025-12-15T14:00:00+05:30,85202.24,85247.98,85197.36,85237.82,85223.45643403778,57.028723305570715
2025-12-15T14:03:00+05:30,85243.77,85255.24,85226.05,85227.89,85224.56482552833,51.80339469027969
2025-12-15T14:06:00+05:30,85227.19,85240.32,85175.98,85175.98,85212.41861914625,33.23253525156525
2025-12-15T14:09:00+05:30,85174.6,85174.6,85118.59,85120.1,85189.33896435969,22.915494034410656
2025-12-15T14:12:00+05:30,85117.16,85160.51,85108.53,85148.41,85179.10672326977,34.86700935915941
2025-12-15T14:15:00+05:30,85152.54,85165.99,85144.63,85164.2,85175.38004245232,40.83601947671763
2025-12-15T14:18:00+05:30,85162.92,85188.02,85156.29,85182.38,85177.13003183925,47.32084949648622
2025-12-15T14:21:00+05:30,85183.19,85185.6,85158.49,85163.89,85173.82002387944,41.874775642326696
2025-12-15T14:24:00+05:30,85164.78,85180.41,85151.33,85164.08,85171.38501790958,41.95486232763785
2025-12-15T14:27:00+05:30,85165.32,85175.7,85159.98,85165.99,85170.03626343218,42.87791458162035
2025-12-15T14:30:00+05:30,85167.01,85188.07,85167.01,85174.98,85171.27219757413,47.465441663752195
2025-12-15T14:33:00+05:30,85174.53,85176.4,85163.33,85170.56,85171.0941481806,45.37517236505859
2025-12-15T14:36:00+05:30,85169.64,85184.38,85163.39,85172.65,85171.48311113544,46.67074288067968
2025-12-15T14:39:00+05:30,85173.18,85180.68,85159.71,85174.62,85172.26733335158,48.02631070460729
2025-12-15T14:42:00+05:30,85175.84,85238.16,85174.83,85236.45,85188.31300001369,73.08116221360021
2025-12-15T14:45:00+05:30,85237.23,85275.83,85235.13,85274.36,85209.82475001027,79.98351828049717
2025-12-15T14:48:00+05:30,85273.54,85278.63,85215.06,85228.88,85214.5885625077,58.85969511650176
2025-12-15T14:51:00+05:30,85229.52,85246.33,85229.16,85239.67,85220.85892188078,61.662203650676446
2025-12-15T14:54:00+05:30,85239.42,85245.25,85222.63,85234.84,85224.35419141059,59.54389540505776
2025-12-15T14:57:00+05:30,85236.08,85248.57,85231.03,85242.75,85228.95314355794,62.03574130851553
2025-12-15T15:00:00+05:30,85250.68,85251.53,85232.88,85234.56,85230.35485766846,57.73972393102511
2025-12-15T15:03:00+05:30,85233.56,85233.56,85200.44,85201.49,85223.13864325134,43.53680296699916
2025-12-15T15:06:00+05:30,85200.73,85207.12,85194.73,85200.9,85217.5789824385,43.315031226233145
2025-12-15T15:09:00+05:30,85198.19,85256.82,85196.31,85245.98,85224.67923682887,61.016496671836684
2025-12-15T15:12:00+05:30,85248.55,85251.72,85215.15,85221.18,85223.80442762165,50.82900080717573
2025-12-15T15:15:00+05:30,85221.03,85232.16,85203.91,85217.74,85222.28832071624,49.49176897778086
2025-12-15T15:18:00+05:30,85215.37,85222.31,85192.5,85192.6,85214.86624053717,40.42421160987806
2025-12-15T15:21:00+05:30,85193.22,85217.65,85192.91,85217.65,85215.56218040288,50.88492678300857
2025-12-15T15:24:00+05:30,85219.15,85230.19,85195.65,85228.36,85218.76163530216,54.84016341117203
2025-12-15T15:27:00+05:30,85228.12,85235.79,85177.66,85193.08,85212.34122647662,41.879093733448
2025-12-16T09:15:00+05:30,85028.85,85059.96,84874.7,84906.44,85135.86591985746,12.924636031083352
2025-12-16T09:18:00+05:30,84904.48,84938.74,84892.07,84905.52,85078.2794398931,12.8912617891324
2025-12-16T09:21:00+05:30,84905.21,84939.36,84897.19,84913.47,85037.07707991982,15.101401362814556
2025-12-16T09:24:00+05:30,84910.7,84910.7,84849.44,84867.18,84994.60280993987,12.881248933467916
2025-12-16T09:27:00+05:30,84865.05,84883.39,84847.84,84852.93,84959.1846074549,12.235220240922118
2025-12-16T09:30:00+05:30,84852.56,84861.12,84807.18,84811.76,84922.32845559117,10.465980982902536
2025-12-16T09:33:00+05:30,84809.93,84858.79,84795.36,84809.31,84894.07384169337,10.361953421277178
2025-12-16T09:36:00+05:30,84809.2,84839.62,84796.59,84827.63,84877.46288127004,17.514372224574714
2025-12-16T09:39:00+05:30,84827.61,84866.11,84821.53,84857.85,84872.55966095254,28.494683812521984
2025-12-16T09:42:00+05:30,84860.43,84882.99,84834.26,84851.95,84867.4072457144,27.656127766857253
2025-12-16T09:45:00+05:30,84857.48,84881.3,84846.15,84879.47,84870.4229342858,37.64234946802396
2025-12-16T09:48:00+05:30,84885.43,84904.35,84879.78,84897.24,84877.12720071436,43.51603162380797
2025-12-16T09:51:00+05:30,84898.04,84905.05,84871.7,84901.84,84883.30540053577,45.07839171825778
2025-12-16T09:54:00+05:30,84901.13,84911.32,84837.93,84844.44,84873.58905040183,32.13740072449619
2025-12-16T09:57:00+05:30,84848.82,84865.3,84787.56,84790.96,84852.93178780138,24.494020093909157
2025-12-16T10:00:00+05:30,84791.34,84795.36,84729.88,84731.63,84822.60634085104,18.728814829106042
2025-12-16T10:03:00+05:30,84731.2,84771.58,84716.7,84763.98,84807.94975563828,29.312651358401965
2025-12-16T10:06:00+05:30,84762.97,84781.15,84752.44,84766.7,84797.63731672871,30.204265242295904
2025-12-16T10:09:00+05:30,84766.55,84770.77,84733.66,84752.22,84786.28298754652,28.009973936460852
2025-12-16T10:12:00+05:30,84752.41,84755.8,84720.88,84750.37,84777.30474065989,27.70991186192262
2025-12-16T10:15:00+05:30,84752.51,84776.45,84738.16,84771.03,84775.73605549493,36.563923623406914
2025-12-16T10:18:00+05:30,84769.78,84824.34,84765.71,84824.34,84787.8870416212,53.65269907032317
2025-12-16T10:21:00+05:30,84824.85,84832.17,84804.38,84807.12,84792.6952812159,48.70793472299655
2025-12-16T10:24:00+05:30,84806.27,84840.76,84801.1,84839.4,84804.37146091192,57.312054485359525
2025-12-16T10:27:00+05:30,84840.61,84848.03,84808.57,84818.88,84807.99859568394,50.970888977740856
2025-12-16T10:30:00+05:30,84818.36,84851.02,84808.58,84833.44,84814.35894676295,55.08473373075119
2025-12-16T10:33:00+05:30,84834.73,84835.06,84791.08,84791.08,84808.53921007221,42.87427380186075
2025-12-16T10:36:00+05:30,84792.38,84822.35,84773.84,84822.35,84811.99190755415,52.03170686517166
2025-12-16T10:39:00+05:30,84821.6,84827.33,84787.78,84787.78,84805.93893066561,43.116969800035996
2025-12-16T10:42:00+05:30,84787,84794.25,84763.81,84785.04,84800.7141979992,42.444519700842676
2025-12-16T10:45:00+05:30,84783.13,84787.19,84761.48,84782.84,84796.2456484994,41.83336169729573
2025-12-16T10:48:00+05:30,84783.15,84790.54,84749.53,84756.63,84786.34173637455,34.8572137899137
2025-12-16T10:51:00+05:30,84757.39,84782.99,84757.39,84780.81,84784.95880228092,44.77016029037079
2025-12-16T10:54:00+05:30,84775.5,84804.62,84753.87,84753.87,84777.18660171068,37.37701655128379
2025-12-16T10:57:00+05:30,84752.28,84784.34,84744.08,84765.07,84774.15745128301,42.02087900985652
2025-12-16T11:00:00+05:30,84766.39,84773.92,84734.12,84768.44,84772.72808846226,43.49188711639272
2025-12-16T11:03:00+05:30,84766.01,84774.67,84748.08,84759.03,84769.3035663467,40.171646317616634
2025-12-16T11:06:00+05:30,84756.94,84788.46,84753.81,84781.28,84772.29767476002,50.57939049005531
2025-12-16T11:09:00+05:30,84780.17,84782.31,84764.31,84771.27,84772.04075607001,46.34756875058245
2025-12-16T11:12:00+05:30,84772.05,84772.05,84747.38,84754.14,84767.56556705252,39.71373501519162
2025-12-16T11:15:00+05:30,84756.39,84763.29,84737.26,84740.4,84760.77417528938,35.02275016188909
2025-12-16T11:18:00+05:30,84740.6,84787.08,84739.41,84785.65,84766.99313146702,55.30643760613008
2025-12-16T11:21:00+05:30,84787.63,84808.51,84763.37,84805.68,84776.66484860027,61.51124866053971
2025-12-16T11:24:00+05:30,84805.2,84805.2,84762.12,84787.76,84779.4386364502,53.72600855397055
2025-12-16T11:27:00+05:30,84789.51,84806.27,84774.16,84803.73,84785.51147733766,59.10719533395902
2025-12-16T11:30:00+05:30,84804.09,84808.65,84780.89,84780.89,84784.35610800324,49.50208108657267
2025-12-16T11:33:00+05:30,84775.89,84775.89,84713.86,84717.71,84767.69458100243,32.47239055469322
2025-12-16T11:36:00+05:30,84718.76,84735.22,84700.36,84726.61,84757.42343575183,36.08596266305533
2025-12-16T11:39:00+05:30,84726.28,84726.42,84708.2,84713.21,84746.37007681388,32.98541192078275
2025-12-16T11:42:00+05:30,84713.08,84723.06,84695.01,84708.29,84736.85005761041,31.814477853214214
2025-12-16T11:45:00+05:30,84708.09,84724.54,84683.91,84722.8,84733.3375432078,39.23619792031441
2025-12-16T11:48:00+05:30,84721.56,84724.09,84703.69,84721.05,84730.26565740585,38.6443423414351
2025-12-16T11:51:00+05:30,84720.7,84736.84,84713.97,84724.96,84728.9392430544,40.96558010512556
2025-12-16T11:54:00+05:30,84724.61,84755.24,84723.81,84740.23,84731.7619322908,49.645442922394835
2025-12-16T11:57:00+05:30,84739.79,84743.28,84710.1,84714.56,84727.4614492181,38.533705771978354
2025-12-16T12:00:00+05:30,84716.96,84736.93,84708.48,84711.93,84723.57858691357,37.529659194872565
2025-12-16T12:03:00+05:30,84713.14,84736.38,84709.05,84727.12,84724.46394018517,46.859743067813305
2025-12-16T12:06:00+05:30,84724.88,84757.1,84724.88,84750.96,84731.08795513888,58.2712358971692
2025-12-16T12:09:00+05:30,84752.44,84756.98,84725.27,84740.41,84733.41846635417,52.45552212256306
2025-12-16T12:12:00+05:30,84740.2,84760.49,84740.2,84746.53,84736.69634976563,55.46373353001305
2025-12-16T12:15:00+05:30,84745.07,84765.18,84728.53,84753.75,84740.95976232422,59.031458285493756
2025-12-16T12:18:00+05:30,84754.68,84775.55,84747.15,84767.89,84747.69232174316,65.36999599449352
2025-12-16T12:21:00+05:30,84769,84779.46,84758.35,84773.95,84754.25674130737,67.8565668440882
2025-12-16T12:24:00+05:30,84773.31,84794.32,84761.71,84794.32,84764.27255598053,74.91905061028713
2025-12-16T12:27:00+05:30,84794.36,84825.05,84787.69,84818.08,84777.7244169854,80.69207100508206
2025-12-16T12:30:00+05:30,84815.91,84845.31,84803.2,84836.26,84792.35831273904,83.98310067692888
2025-12-16T12:33:00+05:30,84834.91,84834.91,84808.34,84812.65,84797.43123455429,66.74580983481904
2025-12-16T12:36:00+05:30,84813,84816.83,84741.53,84754.33,84786.65592591572,41.939266454227784
2025-12-16T12:39:00+05:30,84754.94,84786.17,84754.19,84773.8,84783.4419444368,49.28114081185331
2025-12-16T12:42:00+05:30,84773.03,84793.66,84744.42,84779.72,84782.5114583276,51.458548409002795
2025-12-16T12:45:00+05:30,84779.37,84780.57,84728.69,84738.96,84771.6235937457,38.26342723927386
2025-12-16T12:48:00+05:30,84737.59,84749.08,84725.01,84743.43,84764.57519530927,40.22452404303954
2025-12-16T12:51:00+05:30,84747.3,84803.32,84743.33,84800.33,84773.51389648195,59.38464666237112
2025-12-16T12:54:00+05:30,84800.19,84805.69,84726.57,84750.1,84767.66042236146,44.64605382988176
2025-12-16T12:57:00+05:30,84751.15,84805.46,84719.48,84805.15,84777.0328167711,57.980469165565864
2025-12-16T13:00:00+05:30,84804.8,84804.8,84772.75,84781.22,84778.07961257832,51.66825985842463
2025-12-16T13:03:00+05:30,84781.76,84781.99,84726.18,84727.9,84765.53470943373,40.27128919130082
2025-12-16T13:06:00+05:30,84731.56,84747.32,84721.71,84741.5,84759.5260320753,43.95032687953259
2025-12-16T13:09:00+05:30,84740.17,84759.35,84735.01,84759.35,84759.48202405647,48.78120981436531
2025-12-16T13:12:00+05:30,84760.15,84778.62,84754.89,84764.72,84760.79151804236,50.28512261831915
2025-12-16T13:15:00+05:30,84766.24,84794.93,84759.07,84793.98,84769.08863853177,58.10503669133599
2025-12-16T13:18:00+05:30,84795.74,84800.85,84737.56,84767.36,84768.65647889883,49.79206559567193
2025-12-16T13:21:00+05:30,84767.97,84773.82,84753.82,84755.18,84765.28735917412,46.25920362836325
2025-12-16T13:24:00+05:30,84757.74,84770.31,84744.65,84766.6,84765.61551938059,50.12976159463469
2025-12-16T13:27:00+05:30,84767.51,84770.79,84741.46,84743.3,84760.03663953545,42.793369005738036
2025-12-16T13:30:00+05:30,84743.21,84782.34,84738.94,84779.35,84764.86497965158,54.74766609880987
2025-12-16T13:33:00+05:30,84778.73,84790.92,84763.03,84787.28,84770.46873473868,57.050942301654544
2025-12-16T13:36:00+05:30,84787.72,84823.61,84787.52,84816.89,84782.074051054,64.84559543587295
2025-12-16T13:39:00+05:30,84817.78,84862.08,84806.78,84855.75,84800.4930382905,72.49001734962395
2025-12-16T13:42:00+05:30,84856.75,84856.75,84809,84817.27,84804.68727871787,57.93574345647862
2025-12-16T13:45:00+05:30,84817.8,84893.21,84816.09,84870.1,84821.0404590384,68.17151606747987
2025-12-16T13:48:00+05:30,84868.78,84904.24,84868.78,84883.67,84836.6978442788,70.33474055038884
2025-12-16T13:51:00+05:30,84883.9,84885.59,84862.96,84870.75,84845.2108832091,65.39758507178075
2025-12-16T13:54:00+05:30,84870.95,84876.82,84835.13,84836.43,84843.01566240683,53.712898704747175
2025-12-16T13:57:00+05:30,84837.89,84862.62,84800.21,84810.49,84834.88424680513,46.402134320232996
2025-12-16T14:00:00+05:30,84811.43,84811.5,84788.21,84793.15,84824.45068510385,41.94931585067772
2025-12-16T14:03:00+05:30,84795.28,84813.8,84787.46,84808.19,84820.38551382789,47.0874049153344
2025-12-16T14:06:00+05:30,84810.32,84842.04,84751.17,84768.28,84807.35913537092,36.95983974810881
2025-12-16T14:09:00+05:30,84769.02,84778.79,84763.92,84770.06,84798.03435152819,37.65754065114246
2025-12-16T14:12:00+05:30,84763.83,84777.39,84747.9,84767.57,84790.41826364613,36.989418886493866
2025-12-16T14:15:00+05:30,84763.7,84768.44,84747.34,84752.31,84780.8911977346,32.82537465776673
2025-12-16T14:18:00+05:30,84752.63,84765.43,84678.4,84680.38,84755.76339830094,20.27420901667469
2025-12-16T14:21:00+05:30,84680.55,84694.79,84654.25,84687.36,84738.66254872571,23.582176161627018
2025-12-16T14:24:00+05:30,84687.33,84729.38,84673.84,84683.08,84724.76691154428,22.90238091974227
2025-12-16T14:27:00+05:30,84682.45,84721.99,84672,84720.92,84723.80518365822,40.57238628256694
2025-12-16T14:30:00+05:30,84716.9,84718.87,84681.66,84687.46,84714.71888774366,32.813926483082554
2025-12-16T14:33:00+05:30,84686.87,84697.69,84660.21,84690.82,84708.74416580774,34.286111055787956
2025-12-16T14:36:00+05:30,84691.19,84694.88,84672.91,84683.81,84702.51062435581,32.55006822779612
2025-12-16T14:39:00+05:30,84687.24,84707.66,84665.58,84699.36,84701.72296826685,40.364640533028826
2025-12-16T14:42:00+05:30,84699.17,84713.71,84694.02,84710.52,84703.92222620014,45.6381365838699
2025-12-16T14:45:00+05:30,84709.52,84728.6,84680.25,84728.51,84710.0691696501,53.389717383428845
2025-12-16T14:48:00+05:30,84725.29,84743.23,84684.96,84717.64,84711.96187723757,48.513289181776685
2025-12-16T14:51:00+05:30,84717.93,84769.41,84717.1,84726.49,84715.59390792818,52.62353138633712
2025-12-16T14:54:00+05:30,84725.59,84802.83,84722.12,84794.53,84735.32793094614,72.39205328341377
2025-12-16T14:57:00+05:30,84793.64,84793.64,84734.28,84742.08,84737.0159482096,52.63857387349283
2025-12-16T15:00:00+05:30,84755.57,84789.65,84721.3,84721.42,84733.11696115721,46.77337153009362
2025-12-16T15:03:00+05:30,84721.21,84763.42,84702.46,84702.46,84725.4527208679,41.788125660372145
2025-12-16T15:06:00+05:30,84704.11,84745.7,84693.96,84724.82,84725.29454065094,49.23288474509494
2025-12-16T15:09:00+05:30,84723.9,84728.5,84675.91,84675.91,84712.9484054882,37.11848373160378
2025-12-16T15:12:00+05:30,84680.02,84697.41,84672.72,84685.32,84706.04130411615,40.40973277127186
2025-12-16T15:15:00+05:30,84685.76,84685.76,84656.37,84662.28,84695.10097808711,35.15380150491225
2025-12-16T15:18:00+05:30,84667.23,84667.68,84624.58,84638.51,84680.95323356533,30.39536235074317
2025-12-16T15:21:00+05:30,84637.99,84675.89,84620.61,84667.48,84677.584925174,41.62976031154382
2025-12-16T15:24:00+05:30,84668.08,84689.55,84654.02,84675.61,84677.09119388051,44.55949084441033
2025-12-16T15:27:00+05:30,84677.1,84685.11,84623.16,84647.03,84669.57589541038,36.95270914915932
2025-12-17T09:15:00+05:30,84870.42,84870.42,84649.25,84749.9,84689.65692155779,63.27754759489587
2025-12-17T09:18:00+05:30,84752.28,84764.44,84686.19,84719.37,84697.08519116834,55.284899957932055
2025-12-17T09:21:00+05:30,84719.81,84836.93,84719.81,84817.24,84727.12389337627,69.63116238811875
2025-12-17T09:24:00+05:30,84818.88,84881.09,84814.22,84845.47,84756.7104200322,72.59049534476775
2025-12-17T09:27:00+05:30,84844.55,84867.38,84811.97,84822.55,84773.17031502415,66.4563679897339
2025-12-17T09:30:00+05:30,84821.66,84841.1,84785.19,84838.01,84789.38023626812,68.54789921649326
2025-12-17T09:33:00+05:30,84839.03,84889.45,84831.63,84887.08,84813.80517720108,74.44770305206922
2025-12-17T09:36:00+05:30,84885.44,84889.05,84855.45,84862.77,84826.04638290081,67.16569557595636
2025-12-17T09:39:00+05:30,84854.11,84857.18,84829.22,84840.47,84829.6522871756,60.801005340410946
2025-12-17T09:42:00+05:30,84841.86,84843.03,84717.05,84730.8,84804.9392153817,39.38653615967947
2025-12-17T09:45:00+05:30,84730.62,84761.29,84710.34,84734.17,84787.24691153628,40.14233319623452
2025-12-17T09:48:00+05:30,84727.27,84727.27,84662.8,84667.28,84757.2551836522,31.14839594933727
2025-12-17T09:51:00+05:30,84668.39,84676.57,84638.73,84646.52,84729.57138773915,28.81106854930789
2025-12-17T09:54:00+05:30,84645.82,84698.35,84644.05,84698.35,84721.76604080436,41.57979515568839
2025-12-17T09:57:00+05:30,84697.65,84729.26,84693.96,84696.87,84715.54203060328,41.33281763749134
2025-12-17T10:00:00+05:30,84696.74,84702.83,84669.95,84676.68,84705.82652295245,37.76287287363789
2025-12-17T10:03:00+05:30,84675.28,84677.1,84607.82,84625.71,84685.79739221434,30.104689782707922
2025-12-17T10:06:00+05:30,84625.13,84630.12,84569.95,84596.63,84663.50554416075,26.5242934696018
2025-12-17T10:09:00+05:30,84596.58,84621.75,84588.33,84590.81,84645.33165812056,25.80762169439822
2025-12-17T10:12:00+05:30,84589.01,84628.88,84586.21,84614.18,84637.54374359042,34.143606896664
2025-12-17T10:15:00+05:30,84615.06,84620.32,84583.56,84587.36,84624.99780769281,29.67890589730689
2025-12-17T10:18:00+05:30,84587.24,84650.08,84587.24,84633.03,84627.0058557696,44.1797633401969
2025-12-17T10:21:00+05:30,84632.38,84644.31,84579.32,84580.14,84615.2893918272,34.55295018166743
2025-12-17T10:24:00+05:30,84582.27,84589.6,84561.23,84582.75,84607.1545438704,35.363815267934385
2025-12-17T10:27:00+05:30,84581.51,84590.63,84522.31,84532.58,84588.5109079028,27.674485790413343
2025-12-17T10:30:00+05:30,84532.09,84540.37,84513.69,84536.5,84575.5081809271,29.080163754572013
2025-12-17T10:33:00+05:30,84535.27,84576.35,84531.06,84538.34,84566.21613569533,29.827029793044602
2025-12-17T10:36:00+05:30,84544.6,84548.78,84529.26,84535.4,84558.5121017715,29.252757198969704
2025-12-17T10:39:00+05:30,84535.21,84547.33,84529.43,84530.84,84551.59407632862,28.26791606839045
2025-12-17T10:42:00+05:30,84530.99,84563.94,84528.89,84551.42,84551.55055724646,39.06895043795167
2025-12-17T10:45:00+05:30,84551.03,84573.62,84533.66,84567.59,84555.56041793484,46.459036880151366
2025-12-17T10:48:00+05:30,84568.19,84594.58,84568.19,84583.37,84562.51281345113,52.955322664104656
2025-12-17T10:51:00+05:30,84581.58,84583.36,84543.96,84552.18,84559.92961008835,41.378094436217566
2025-12-17T10:54:00+05:30,84552.43,84556.56,84506.8,84516.78,84549.14220756627,32.08879334922722
2025-12-17T10:57:00+05:30,84517.01,84549.34,84491.42,84544.56,84547.99665567471,43.66721905775343
2025-12-17T11:00:00+05:30,84544.74,84571.8,84538.71,84570.21,84553.54999175604,52.407892939914774
2025-12-17T11:03:00+05:30,84571.8,84577.06,84516.49,84556.35,84554.24999381704,47.7383558094506
2025-12-17T11:06:00+05:30,84554.41,84615.73,84549.7,84597.53,84565.06999536278,60.07055019208787
2025-12-17T11:09:00+05:30,84597.55,84601.5,84572.31,84582.6,84569.45249652208,54.61898542092113
2025-12-17T11:12:00+05:30,84583.37,84619.43,84579.76,84616.09,84581.11187239156,63.32844198798082
2025-12-17T11:15:00+05:30,84617.61,84643.56,84612.35,84638.99,84595.58140429367,68.19750285236314
2025-12-17T11:18:00+05:30,84638.68,84646.93,84583.64,84585.55,84593.07355322025,50.09042664769735
2025-12-17T11:21:00+05:30,84585.28,84596.04,84566.64,84572.05,84587.81766491519,46.45522479283272
2025-12-17T11:24:00+05:30,84572.48,84572.48,84548.82,84557.09,84580.13574868639,42.47043744852872
2025-12-17T11:27:00+05:30,84556.91,84556.91,84520.53,84529.75,84567.53931151479,35.904034339099255
2025-12-17T11:30:00+05:30,84532.7,84565.43,84492.53,84517.93,84555.1369836361,33.30664279988335
2025-12-17T11:33:00+05:30,84517.32,84524.65,84494.33,84517.79,84545.80023772708,33.273380792934816
2025-12-17T11:36:00+05:30,84520.11,84540.19,84514.25,84537.92,84543.8301782953,42.84781195764222
2025-12-17T11:39:00+05:30,84539.94,84572.58,84532.56,84571.22,84550.67763372148,55.24230617426713
2025-12-17T11:42:00+05:30,84570.32,84582.99,84561.84,84570.22,84555.56322529112,54.825740948187885
2025-12-17T11:45:00+05:30,84570.34,84616.5,84558.1,84615.89,84570.64491896833,67.77366048966411
2025-12-17T11:48:00+05:30,84616.43,84650.16,84604.74,84650.16,84590.52368922625,74.2379316367201
2025-12-17T11:51:00+05:30,84650.53,84650.53,84551.61,84558.69,84582.56526691969,45.69540229766457
2025-12-17T11:54:00+05:30,84558.38,84588.67,84558.38,84563.57,84577.81645018977,46.96457458933212
2025-12-17T11:57:00+05:30,84562.68,84565.54,84525.28,84528.01,84565.36483764232,39.17996637396552
2025-12-17T12:00:00+05:30,84527.83,84527.83,84459.66,84459.66,84538.93862823174,28.56311937683114
2025-12-17T12:03:00+05:30,84468.49,84482.43,84454.17,84482.43,84524.8114711738,35.369841509522644
2025-12-17T12:06:00+05:30,84480.7,84497.64,84454.4,84458.51,84508.23610338035,31.671331518157302
2025-12-17T12:09:00+05:30,84458.63,84491.05,84437.91,84488.64,84503.33707753525,40.772584934790224
2025-12-17T12:12:00+05:30,84488.55,84500.96,84458.55,84460.19,84492.55030815143,35.555426028643524
2025-12-17T12:15:00+05:30,84460.89,84485.77,84452.55,84485.68,84490.83273111357,43.158136941591025
2025-12-17T12:18:00+05:30,84483.36,84501.97,84475.06,84491.8,84491.07454833518,44.97641127673451
2025-12-17T12:21:00+05:30,84492.89,84496.09,84483.9,84496.09,84492.32841125138,46.379152116733586
2025-12-17T12:24:00+05:30,84495.37,84495.37,84446.32,84454.95,84482.98380843853,36.08650402188797
2025-12-17T12:27:00+05:30,84453.28,84460.98,84415.98,84436.2,84471.2878563289,32.27768393612989
2025-12-17T12:30:00+05:30,84436.43,84467.92,84429.17,84453.84,84466.92589224667,39.30867238112833
2025-12-17T12:33:00+05:30,84454.07,84473.37,84448.53,84461.35,84465.531919185,42.284874177709646
2025-12-17T12:36:00+05:30,84463.03,84463.66,84439.79,84444.38,84460.24393938875,37.4441690434946
2025-12-17T12:39:00+05:30,84445.52,84456.89,84438.3,84445.73,84456.61545454156,38.10182708071586
2025-12-17T12:42:00+05:30,84445.57,84468.4,84430.9,84463.71,84458.38909090617,46.79343737547627
2025-12-17T12:45:00+05:30,84464.32,84491.99,84463.93,84487.68,84465.71181817962,56.33070073178256
2025-12-17T12:48:00+05:30,84488.16,84529.12,84472.71,84520.63,84479.44136363472,66.0813111220732
2025-12-17T12:51:00+05:30,84520.68,84534.97,84511.75,84511.75,84487.51852272604,61.746480571231785
2025-12-17T12:54:00+05:30,84512.63,84512.63,84439.72,84450.26,84478.20389204452,40.35859570682512
2025-12-17T12:57:00+05:30,84449.56,84451.92,84429.99,84438.49,84468.2754190334,37.46090112696819
2025-12-17T13:00:00+05:30,84439.21,84466.98,84430.86,84461.66,84466.62156427505,46.313626487020116
2025-12-17T13:03:00+05:30,84457.79,84496.67,84457.79,84492.61,84473.11867320628,56.01643038700185
2025-12-17T13:06:00+05:30,84492.91,84498.46,84480.63,84491.81,84477.79150490472,55.71278674550962
2025-12-17T13:09:00+05:30,84491.97,84497.37,84445.53,84484.14,84479.37862867853,52.527920931790526
2025-12-17T13:12:00+05:30,84483.39,84491.74,84466.8,84469.53,84476.9164715089,46.60700258813698
2025-12-17T13:15:00+05:30,84469.71,84478.9,84462.18,84471.64,84475.59735363167,47.60215885648648
2025-12-17T13:18:00+05:30,84472.19,84541.75,84462.9,84511.6,84484.59801522376,62.886050922749234
2025-12-17T13:21:00+05:30,84512.87,84516.12,84498.09,84510.77,84491.14101141781,62.44466819636241
2025-12-17T13:24:00+05:30,84511.59,84552.57,84510.7,84552.57,84506.49825856337,73.41004556007246
2025-12-17T13:27:00+05:30,84550.98,84578.97,84540.19,84543.69,84515.79619392252,68.45613854786464
2025-12-17T13:30:00+05:30,84541.05,84549.07,84500.35,84503.45,84512.7096454419,50.45535472149131
2025-12-17T13:33:00+05:30,84503.65,84517.31,84488.32,84488.58,84506.67723408142,45.31789390058981
2025-12-17T13:36:00+05:30,84487.21,84492.41,84461.34,84472.11,84498.03542556107,40.04854000101893
2025-12-17T13:39:00+05:30,84474.93,84490.52,84463.04,84474.03,84492.0340691708,40.98185368457704
2025-12-17T13:42:00+05:30,84473.88,84474.62,84440.6,84450.98,84481.7705518781,33.64562362200655
2025-12-17T13:45:00+05:30,84451.59,84484.51,84451.59,84474.15,84479.86541390857,45.15869107818699
2025-12-17T13:48:00+05:30,84476.18,84481.94,84466.38,84471.13,84477.68156043143,43.99782952272191
2025-12-17T13:51:00+05:30,84471.95,84478.36,84458.04,84478.36,84477.85117032357,47.749362923015276
2025-12-17T13:54:00+05:30,84478.15,84479.94,84436.79,84437.55,84467.77587774268,33.1329886102929
2025-12-17T13:57:00+05:30,84442.61,84484.69,84438.37,84478.22,84470.386908307,50.68436177794998
2025-12-17T14:00:00+05:30,84478.08,84489.78,84473.84,84473.84,84471.25018123025,49.066176911517914
2025-12-17T14:03:00+05:30,84473.88,84491.65,84460.27,84489.24,84475.74763592269,54.96418758980653
2025-12-17T14:06:00+05:30,84489.46,84490.7,84472.58,84484.39,84477.90822694202,52.72107365960433
2025-12-17T14:09:00+05:30,84485.62,84490.3,84461.18,84461.18,84473.72617020652,42.93766611227796
2025-12-17T14:12:00+05:30,84462.41,84499.54,84459.58,84496.96,84479.53462765488,57.21653583062598
2025-12-17T14:15:00+05:30,84496.05,84544.57,84488.92,84544.57,84495.79347074116,69.18644275232779
2025-12-17T14:18:00+05:30,84544.35,84593.44,84543.92,84552.84,84510.05510305587,70.83977384252411
2025-12-17T14:21:00+05:30,84552.85,84556.94,84507.51,84520.79,84512.7388272919,57.00940360716023
2025-12-17T14:24:00+05:30,84519.83,84521.82,84478.4,84490.78,84507.24912046893,46.988003842076814
2025-12-17T14:27:00+05:30,84491.13,84492.76,84465.47,84468.62,84497.5918403517,40.80813588027139
2025-12-17T14:30:00+05:30,84468.49,84493.56,84468.49,84492.22,84496.24888026377,49.122137328312206
2025-12-17T14:33:00+05:30,84492.02,84564.66,84492.02,84552.92,84510.41666019782,64.20769143885563
2025-12-17T14:36:00+05:30,84551.4,84551.4,84432,84438.6,84492.46249514837,38.87846832661524
2025-12-17T14:39:00+05:30,84438.28,84466.06,84421.73,84466.06,84485.86187136128,44.96284253221644
2025-12-17T14:42:00+05:30,84464.24,84472.47,84449.05,84467.5,84481.27140352096,45.29599997512766
2025-12-17T14:45:00+05:30,84467.34,84497.98,84467.34,84470.75,84478.64105264073,46.15424764402284
2025-12-17T14:48:00+05:30,84473.2,84539.94,84468.88,84513.84,84487.44078948055,56.66964559041614
2025-12-17T14:51:00+05:30,84519.87,84547.09,84501.32,84527.21,84497.38309211041,59.53054951515824
2025-12-17T14:54:00+05:30,84528.12,84546.66,84514.96,84519.82,84502.99231908281,57.099449778146194
2025-12-17T14:57:00+05:30,84517.18,84537.94,84512.25,84530.33,84509.8267393121,59.821884734496564
2025-12-17T15:00:00+05:30,84536.29,84582.81,84536.29,84559.18,84522.16505448408,66.60807455511082
2025-12-17T15:03:00+05:30,84555.37,84576.92,84552.58,84562.14,84532.15879086306,67.26979992641297
2025-12-17T15:06:00+05:30,84561.98,84571.98,84545.43,84550.16,84536.65909314729,61.51380003096046
2025-12-17T15:09:00+05:30,84554.33,84556.71,84533.71,84546.24,84539.05431986047,59.56803690908208
2025-12-17T15:12:00+05:30,84545.89,84552.98,84527.49,84538.97,84539.03323989536,55.75232540648963
2025-12-17T15:15:00+05:30,84538.63,84540.26,84518.47,84527.5,84536.14992992152,49.872079149686485
2025-12-17T15:18:00+05:30,84528.55,84538.66,84514.9,84529.39,84534.45994744114,50.86826373121769
2025-12-17T15:21:00+05:30,84527.45,84561.27,84526.25,84555.74,84539.77996058085,62.87013781492912
2025-12-17T15:24:00+05:30,84557.08,84595.36,84557.08,84583.04,84550.59497043563,71.33421493085714
2025-12-17T15:27:00+05:30,84580.56,84600.11,84565.36,84582.28,84558.51622782672,70.80995300885827
2025-12-18T09:15:00+05:30,84522.39,84570.6,84344.78,84414.66,84522.55217087004,24.49257709165981
2025-12-18T09:18:00+05:30,84423.67,84481.94,84393.39,84403.32,84492.74412815252,23.290157420871566
2025-12-18T09:21:00+05:30,84402.13,84462.28,84388.79,84460.71,84484.73559611439,40.52865182769927
2025-12-18T09:24:00+05:30,84462,84495.76,84449.51,84455.34,84477.38669708579,39.558209529077956
2025-12-18T09:27:00+05:30,84455.41,84479.97,84435.02,84444.97,84469.28252281435,37.53343294704112
2025-12-18T09:30:00+05:30,84436.62,84467.48,84417.84,84450.07,84464.47939211076,39.31562927674289
2025-12-18T09:33:00+05:30,84450.7,84450.7,84384.06,84390.96,84446.09954408307,28.37065325594527
2025-12-18T09:36:00+05:30,84389.34,84457.28,84360.04,84417.71,84439.0021580623,37.5496290056596
2025-12-18T09:39:00+05:30,84415.48,84420.2,84367.78,84367.99,84421.24911854672,29.384314475490754
2025-12-18T09:42:00+05:30,84370.14,84388.47,84309.95,84316.65,84395.09933891005,23.284621398049325
2025-12-18T09:45:00+05:30,84316.02,84330.5,84238.43,84263.18,84362.11950418254,18.594552177645113
2025-12-18T09:48:00+05:30,84263.37,84304.93,84258.13,84283.81,84342.5421281369,25.36172830115497
2025-12-18T09:51:00+05:30,84281.56,84336.12,84280.53,84313.36,84335.24659610268,34.46564151931818
2025-12-18T09:54:00+05:30,84314.7,84365.93,84305.02,84320.03,84331.442447077,36.5051256990782
2025-12-18T09:57:00+05:30,84318.62,84353.94,84306.22,84319.54,84328.46683530774,36.40801539137218
2025-12-18T10:00:00+05:30,84321.08,84352.49,84274.18,84324.67,84327.51762648081,38.409236809815084
2025-12-18T10:03:00+05:30,84324.73,84336.09,84299.71,84336.09,84329.6607198606,43.06278793931039
2025-12-18T10:06:00+05:30,84342,84392.45,84338.12,84392.45,84345.35803989545,60.323367650177794
2025-12-18T10:09:00+05:30,84392.27,84452.62,84383.82,84450.41,84371.62102992159,70.90551913410778
2025-12-18T10:12:00+05:30,84444.44,84487.58,84428.69,84456.88,84392.9357724412,71.88217940155863
2025-12-18T10:15:00+05:30,84457.26,84554.93,84422.54,84529.93,84427.18432933089,80.50320400218608
2025-12-18T10:18:00+05:30,84523.53,84576.68,84502.66,84558.79,84460.08574699817,82.91731024159688
2025-12-18T10:21:00+05:30,84557.77,84595.17,84524.42,84593.21,84493.36681024863,85.42790419104367
2025-12-18T10:24:00+05:30,84597.38,84606.21,84558.71,84558.71,84509.70260768647,72.89940063644156
2025-12-18T10:27:00+05:30,84555.61,84577.82,84531.66,84549.43,84519.63445576486,69.69196585367288
2025-12-18T10:30:00+05:30,84551.05,84606.98,84542.24,84580.42,84534.83084182364,74.12703563074112
2025-12-18T10:33:00+05:30,84584.79,84654.81,84582.88,84635.63,84560.03063136773,80.16102861262303
2025-12-18T10:36:00+05:30,84634.03,84640.15,84587.19,84616.25,84574.0854735258,73.17244754312311
2025-12-18T10:39:00+05:30,84614.83,84637.96,84604.94,84635.14,84589.34910514436,75.59224256825303
2025-12-18T10:42:00+05:30,84634.99,84673.46,84634.05,84637.54,84601.39682885827,75.91426308202426
2025-12-18T10:45:00+05:30,84641.53,84675.38,84641.53,84655.2,84614.8476216437,78.3647065983996
2025-12-18T10:48:00+05:30,84654.91,84659.71,84599.19,84608.7,84613.31071623278,59.70501004271577
2025-12-18T10:51:00+05:30,84613.36,84625.7,84596.17,84616.43,84614.09053717458,61.48370666867858
2025-12-18T10:54:00+05:30,84617.95,84639.93,84610,84615.9,84614.54290288093,61.26737342757312
2025-12-18T10:57:00+05:30,84614.95,84636.98,84614.68,84632.72,84619.08717716069,65.73167026356435
2025-12-18T11:00:00+05:30,84634.63,84639.99,84580.29,84585.27,84610.63288287052,47.654300878208275
2025-12-18T11:03:00+05:30,84587.12,84601.06,84548.82,84560.41,84598.07716215288,40.796360808468826
2025-12-18T11:06:00+05:30,84565.95,84601.18,84549.92,84567.68,84590.47787161465,43.56715096188984
2025-12-18T11:09:00+05:30,84568.09,84579.28,84541.51,84556.05,84581.870903711,40.067390024456195
2025-12-18T11:12:00+05:30,84557.13,84570.81,84540.52,84542.92,84572.13317778325,36.233646440309826
2025-12-18T11:15:00+05:30,84542.74,84561.61,84510.31,84521.34,84559.43488333744,30.616441988314662
2025-12-18T11:18:00+05:30,84519.9,84550.98,84512.03,84544.73,84555.75866250308,41.988692419380754
2025-12-18T11:21:00+05:30,84546.42,84614.74,84546.42,84614.74,84570.50399687732,63.105495669639865
2025-12-18T11:24:00+05:30,84613.23,84633.71,84593.87,84612.67,84581.045497658,62.32293062794858
2025-12-18T11:27:00+05:30,84612.14,84644.24,84595.14,84615.7,84589.70912324349,63.10428538435667
2025-12-18T11:30:00+05:30,84616.78,84661.09,84616.36,84631.92,84600.26184243262,67.33495763745391
2025-12-18T11:33:00+05:30,84630.92,84652.89,84619.27,84619.68,84605.11638182447,61.16071920065655
2025-12-18T11:36:00+05:30,84614.69,84638.78,84614.69,84631.59,84611.73478636835,64.82244324291634
2025-12-18T11:39:00+05:30,84635.29,84647.82,84623.56,84624.68,84614.97108977626,60.933903784749
2025-12-18T11:42:00+05:30,84623.91,84631.09,84600.58,84602.15,84611.7658173322,49.61288459350252
2025-12-18T11:45:00+05:30,84603.23,84630.65,84576.3,84593.58,84607.21936299915,45.833862736834746
2025-12-18T11:48:00+05:30,84593.34,84642.29,84591.79,84642.29,84615.98702224936,64.0113702802411
2025-12-18T11:51:00+05:30,84637.97,84672.55,84611.82,84669.05,84629.25276668702,70.38193483690847
2025-12-18T11:54:00+05:30,84668.94,84682.24,84663.26,84680.62,84642.09457501526,72.80977171196443
2025-12-18T11:57:00+05:30,84683.32,84683.32,84650.09,84670.45,84649.18343126145,67.16387477644513
2025-12-18T12:00:00+05:30,84668.77,84686.96,84635.99,84683.36,84657.72757344609,70.54634897452647
2025-12-18T12:03:00+05:30,84681.26,84693.7,84615.45,84642.3,84653.87068008457,51.03815555635508
2025-12-18T12:06:00+05:30,84642.13,84666.25,84591.79,84660.21,84655.45551006343,57.078245515839704
2025-12-18T12:09:00+05:30,84659.24,84716.6,84649.11,84715.82,84670.54663254757,70.33493408261113
2025-12-18T12:12:00+05:30,84714.15,84719.03,84672.63,84713.2,84681.20997441068,69.16081306092786
2025-12-18T12:15:00+05:30,84714.24,84741.89,84673.9,84737.77,84695.34998080801,73.92340447337295
2025-12-18T12:18:00+05:30,84736.95,84744.21,84661,84671.47,84689.379985606,49.74060293138989
2025-12-18T12:21:00+05:30,84674.11,84697.12,84639.93,84695.28,84690.8549892045,55.79889780454758
2025-12-18T12:24:00+05:30,84694.08,84697.83,84643.88,84693.77,84691.58374190338,55.30564795686048
2025-12-18T12:27:00+05:30,84697.34,84722.54,84670.24,84713.64,84697.09780642754,60.64630363751505
2025-12-18T12:30:00+05:30,84718.21,84734.27,84689.85,84708.62,84699.97835482066,58.58298605967849
2025-12-18T12:33:00+05:30,84704.59,84738.7,84704.59,84732.14,84708.01876611549,65.07751014587814
2025-12-18T12:36:00+05:30,84732.08,84757.41,84706.07,84740.85,84716.22657458662,67.2933207038339
2025-12-18T12:39:00+05:30,84739.52,84752.65,84716.18,84737.65,84721.58243093996,65.5116614246125
2025-12-18T12:42:00+05:30,84733.45,84771.12,84727.94,84738.25,84725.74932320497,65.71025491664622
2025-12-18T12:45:00+05:30,84734.18,84780.19,84734.18,84772.69,84737.48449240373,75.25301041538373
2025-12-18T12:48:00+05:30,84771.86,84771.86,84710.45,84723.29,84733.9358693028,51.34218820458619
2025-12-18T12:51:00+05:30,84720.73,84724.56,84685.78,84709.46,84727.8169019771,46.514884731140356
2025-12-18T12:54:00+05:30,84708.59,84737.21,84688.02,84694.52,84719.49267648283,41.58697477553023
2025-12-18T12:57:00+05:30,84693.76,84717.33,84667.23,84682.1,84710.14450736213,37.71200576094972
2025-12-18T13:00:00+05:30,84681.69,84715.8,84681.69,84697.28,84706.9283805216,45.017243876987486
2025-12-18T13:03:00+05:30,84696.48,84718.82,84671.37,84674.16,84698.7362853912,37.25366628398886
2025-12-18T13:06:00+05:30,84675.45,84718.99,84673.1,84700.52,84699.18221404341,48.96169116901787
2025-12-18T13:09:00+05:30,84699.93,84709.84,84656.15,84656.15,84688.42416053255,35.83194174847877
2025-12-18T13:12:00+05:30,84653.87,84717.53,84653.87,84695.44,84690.17812039942,49.75243032606249
2025-12-18T13:15:00+05:30,84699.33,84704.86,84649.2,84671.04,84685.39359029956,42.99464306632783
2025-12-18T13:18:00+05:30,84663.47,84682.55,84637.63,84643.37,84674.88769272467,36.44529837251435
2025-12-18T13:21:00+05:30,84640.54,84673.82,84619.7,84632.36,84664.25576954351,34.03829733577392
2025-12-18T13:24:00+05:30,84631.18,84702.16,84626.14,84692.7,84671.36682715763,53.62253117042598
2025-12-18T13:27:00+05:30,84693.63,84698.41,84655.59,84655.59,84667.42262036822,44.20533079308488
2025-12-18T13:30:00+05:30,84652.54,84660.38,84613.93,84618.44,84655.17696527616,36.681539946720676
2025-12-18T13:33:00+05:30,84618.18,84630.05,84576.52,84588.64,84638.54272395711,31.641606213037036
2025-12-18T13:36:00+05:30,84588.28,84647.32,84548.99,84624.74,84635.09204296784,42.75726848927904
2025-12-18T13:39:00+05:30,84624.51,84632.6,84609.75,84610.59,84628.96653222588,39.79789598838209
2025-12-18T13:42:00+05:30,84609.66,84627.29,84574.81,84576.62,84615.8798991694,33.33563729002114
2025-12-18T13:45:00+05:30,84576.75,84600.72,84554.26,84564.53,84603.04242437705,31.230044550006937
2025-12-18T13:48:00+05:30,84561.42,84617.74,84552.87,84597.77,84601.7243182828,42.81577357551889
2025-12-18T13:51:00+05:30,84598.62,84641.78,84595.28,84625.32,84607.6232387121,50.82636077040477
2025-12-18T13:54:00+05:30,84624.36,84655.15,84615.05,84632.18,84613.76242903408,52.74921529748196
2025-12-18T13:57:00+05:30,84632.03,84638.07,84572.91,84579.77,84605.26432177555,39.1158357395372
2025-12-18T14:00:00+05:30,84580.23,84589.98,84535.32,84535.32,84587.77824133166,31.14972799238693
2025-12-18T14:03:00+05:30,84530.81,84548.32,84525.03,84537.24,84575.14368099875,31.849152867796576
2025-12-18T14:06:00+05:30,84536.42,84557.78,84504.25,84535.23,84565.16526074905,31.458833903631557
2025-12-18T14:09:00+05:30,84532.17,84532.17,84446.43,84450.76,84536.5639455618,19.651179790527806
2025-12-18T14:12:00+05:30,84451.12,84480.78,84443.83,84472.34,84520.50795917134,27.73547041964133
2025-12-18T14:15:00+05:30,84469.89,84475.41,84418.07,84475.09,84509.1534693785,28.800513845989514
2025-12-18T14:18:00+05:30,84473.86,84521.25,84467.86,84503.18,84507.66010203387,39.43735774447176
2025-12-18T14:21:00+05:30,84497.56,84506.97,84407.45,84417.17,84485.0375765254,25.71422294206623
2025-12-18T14:24:00+05:30,84417.77,84419.18,84371.02,84401.33,84464.11068239405,23.925436829723864
2025-12-18T14:27:00+05:30,84395.57,84421.25,84381.09,84408.61,84450.23551179553,26.66097715047094
2025-12-18T14:30:00+05:30,84413.02,84527.41,84409.97,84511.85,84465.63913384665,54.01745037022101
2025-12-18T14:33:00+05:30,84514.02,84551.84,84438.39,84466.41,84465.83185038499,45.33410372244655
2025-12-18T14:36:00+05:30,84465.61,84477.24,84437.1,84438.68,84459.04388778874,40.67849694944222
2025-12-18T14:39:00+05:30,84438.33,84456.81,84396.18,84414.46,84447.89791584155,36.82491925494646
2025-12-18T14:42:00+05:30,84414.99,84441.07,84404.67,84418.54,84440.55843688115,37.979612202424356
2025-12-18T14:45:00+05:30,84418.5,84443.16,84410.28,84440.99,84440.66632766087,44.49252349831754
2025-12-18T14:48:00+05:30,84445.79,84459.58,84420.49,84420.49,84435.62224574566,40.0158350103535
2025-12-18T14:51:00+05:30,84415.8,84426.2,84359.83,84360.21,84416.76918430925,29.747738117130496
2025-12-18T14:54:00+05:30,84359.79,84464.97,84359.79,84464.97,84428.81938823193,53.78955412307926
2025-12-18T14:57:00+05:30,84465.12,84485.81,84381.07,84404.54,84422.74954117395,43.72036250000783
2025-12-18T15:00:00+05:30,84402.72,84476.74,84402.72,84469.7,84434.48715588046,54.447506035947335
2025-12-18T15:03:00+05:30,84470.69,84539.48,84463.08,84495.35,84449.70286691035,58.11402948194127
2025-12-18T15:06:00+05:30,84495.32,84523.48,84428.24,84467.68,84454.19715018276,52.768556926454345
2025-12-18T15:09:00+05:30,84461.57,84503.66,84422.7,84480.83,84460.85536263707,55.060464387296186
2025-12-18T15:12:00+05:30,84479.21,84535.84,84459.21,84518.68,84475.3115219778,61.35727371694562
2025-12-18T15:15:00+05:30,84525.31,84525.31,84442.65,84466.16,84473.02364148335,50.01291919147299
2025-12-18T15:18:00+05:30,84463.13,84514.7,84459.02,84495.9,84478.7427311125,55.45400345142144
2025-12-18T15:21:00+05:30,84497.34,84499.95,84470.36,84489.68,84481.47704833437,54.01926558105727
2025-12-18T15:24:00+05:30,84492.03,84507.46,84481.71,84495.33,84484.94028625078,55.24634595444613
2025-12-18T15:27:00+05:30,84502.13,84516.8,84470.89,84476.96,84482.9452146881,50.167903277442306
2025-12-19T09:15:00+05:30,84793.41,84876.58,84734.96,84860.51,84577.33641101606,84.61577118489139
2025-12-19T09:18:00+05:30,84859.05,84888.97,84819.95,84873.35,84651.33980826204,85.02020628980787
2025-12-19T09:21:00+05:30,84875.95,84916.44,84866.83,84916.44,84717.61485619654,86.41815180917459
2025-12-19T09:24:00+05:30,84914.98,84930.08,84890.5,84896.64,84762.3711421474,82.30074601361618
2025-12-19T09:27:00+05:30,84900.57,84934.97,84895.25,84928.79,84803.97585661054,83.76598113614662
2025-12-19T09:30:00+05:30,84932.16,85010.29,84932.16,84981.92,84848.46189245791,86.00044004286326
2025-12-19T09:33:00+05:30,84980.07,84990.47,84962.89,84976.9,84880.57141934344,84.71510056281134
2025-12-19T09:36:00+05:30,84978.48,84998.41,84962.83,84986.96,84907.16856450758,85.23116561253107
2025-12-19T09:39:00+05:30,84987.06,85013.03,84974.8,85002.2,84930.92642338068,86.06283384958618
2025-12-19T09:42:00+05:30,85003.49,85006.22,84973.17,84980.91,84943.4223175355,78.82810185026415
2025-12-19T09:45:00+05:30,84981.57,85014.83,84974.82,84986.85,84954.27923815162,79.39199943745336
2025-12-19T09:48:00+05:30,84986.36,84991.56,84913.46,84926.81,84947.41192861371,60.41637313470227
2025-12-19T09:51:00+05:30,84927.51,84934.17,84907.01,84927.1,84942.33394646029,60.46961515489888
2025-12-19T09:54:00+05:30,84927.38,84959.41,84923.93,84950.4,84944.35045984521,64.89555734202166
2025-12-19T09:57:00+05:30,84948.42,84984.16,84939.51,84978.13,84952.79534488391,69.6186126787317
2025-12-19T10:00:00+05:30,84979.84,85002.09,84968.83,84999.15,84964.38400866294,72.84914502195699
2025-12-19T10:03:00+05:30,84999.05,85001.7,84940.31,84941.97,84958.7805064972,54.468202898564925
2025-12-19T10:06:00+05:30,84936.36,84937,84886.22,84930.22,84951.6403798729,51.361353015352414
2025-12-19T10:09:00+05:30,84930.38,84959.33,84923.26,84929.3,84946.05528490468,51.09512519232832
2025-12-19T10:12:00+05:30,84931.24,84934.15,84897.63,84899.98,84934.53646367851,42.83895269462573
2025-12-19T10:15:00+05:30,84902.26,84934.13,84890.03,84932.86,84934.11734775887,52.814229848029086
2025-12-19T10:18:00+05:30,84934.97,84939.16,84920.41,84927.44,84932.44801081915,51.099270762735976
2025-12-19T10:21:00+05:30,84926.7,84948.45,84921.89,84940.9,84934.56100811437,55.304230075398735
2025-12-19T10:24:00+05:30,84944.4,84962.53,84931.52,84958.75,84940.60825608578,60.55239050905265
2025-12-19T10:27:00+05:30,84959.29,84996.38,84955.64,84980.25,84950.51869206433,66.13943256828205
2025-12-19T10:30:00+05:30,84977.52,84985.78,84967.5,84973.9,84956.36401904825,63.061847978175706
2025-12-19T10:33:00+05:30,84974.91,84985.84,84965.08,84981.35,84962.61051428619,65.27361054107075
2025-12-19T10:36:00+05:30,84983.55,84991.4,84969.31,84981.93,84967.44038571464,65.4614496220052
2025-12-19T10:39:00+05:30,84986.45,85003.48,84978.96,84994.48,84974.20028928597,69.61103541405208
2025-12-19T10:42:00+05:30,84995.37,85049.58,84995.37,85045.9,84992.12521696449,80.69679087036442
2025-12-19T10:45:00+05:30,85047.72,85067.5,85042.67,85049.68,85006.51391272337,81.28239768777867
2025-12-19T10:48:00+05:30,85050.29,85050.29,85016.61,85028.81,85012.08793454253,67.99522799823302
2025-12-19T10:51:00+05:30,85028.97,85060.89,85026.46,85055.86,85023.0309509069,74.33845654714034
2025-12-19T10:54:00+05:30,85055.24,85055.24,85032.54,85034.69,85025.94571318018,62.9471825914333
2025-12-19T10:57:00+05:30,85036.87,85038.38,85006.48,85019.25,85024.27178488513,55.68643410442868
2025-12-19T11:00:00+05:30,85016.59,85037.08,84983.57,84986.24,85014.76383866384,43.24465356211173
2025-12-19T11:03:00+05:30,84985.62,84985.62,84956.73,84961.84,85001.53287899788,36.25855495308946
2025-12-19T11:06:00+05:30,84965.77,84971.43,84938.55,84953.4,84989.49965924841,34.03941934462003
2025-12-19T11:09:00+05:30,84955.45,84963.14,84940.87,84955.26,84980.9397444363,35.061286217093695
2025-12-19T11:12:00+05:30,84955.77,84969.09,84952.69,84967.34,84977.53980832722,41.88328570739771
2025-12-19T11:15:00+05:30,84969.4,84983.26,84964.91,84979.18,84977.94985624541,48.11594605099929
2025-12-19T11:18:00+05:30,84977.89,84977.89,84948.75,84952.41,84971.56489218406,37.50593450386835
2025-12-19T11:21:00+05:30,84952.57,84977.47,84952.53,84964.02,84969.67866913805,43.77869086567734
2025-12-19T11:24:00+05:30,84965.61,84971.08,84929.8,84935.79,84961.20650185354,34.07597384115927
2025-12-19T11:27:00+05:30,84934.81,84940.14,84882.32,84893.33,84944.23737639016,24.534369591801706
2025-12-19T11:30:00+05:30,84886.3,84892.69,84868.98,84874.38,84926.77303229262,21.412488983364767
2025-12-19T11:33:00+05:30,84872.97,84886.97,84867.44,84884.97,84916.32227421946,27.432753412104574
2025-12-19T11:36:00+05:30,84885.86,84903.08,84877.74,84884.55,84908.37920566459,27.33585985668985
2025-12-19T11:39:00+05:30,84884.81,84904.3,84868.04,84869.99,84898.78190424845,23.918998492054897
2025-12-19T11:42:00+05:30,84871.22,84882.22,84825.45,84828.97,84881.32892818634,16.953694873261682
2025-12-19T11:45:00+05:30,84827.28,84827.28,84792.42,84819.37,84865.83919613976,15.704997231506056
2025-12-19T11:48:00+05:30,84817.62,84846.09,84814.84,84845.86,84860.84439710481,31.86136928671624
2025-12-19T11:51:00+05:30,84847.74,84861.85,84839.14,84840.38,84855.72829782861,30.452687088820554
2025-12-19T11:54:00+05:30,84837.65,84851.89,84823.05,84832.61,84849.94872337146,28.3772652620422
2025-12-19T11:57:00+05:30,84834.12,84834.12,84798.3,84818.41,84842.0640425286,24.776934162964835
2025-12-19T12:00:00+05:30,84817.71,84916.41,84817.47,84914.16,84860.08803189645,62.3524888561749
2025-12-19T12:03:00+05:30,84916.19,84916.92,84881.41,84901.05,84870.32852392233,57.744851033822336
2025-12-19T12:06:00+05:30,84900.95,84944.21,84888.29,84943,84888.49639294174,66.88124151058082
2025-12-19T12:09:00+05:30,84940.87,84948.3,84923.75,84923.75,84897.3097947063,59.94257565493733
2025-12-19T12:12:00+05:30,84922.98,84944.05,84909.05,84916.46,84902.09734602974,57.3154147599052
2025-12-19T12:15:00+05:30,84916.99,84934.9,84895.64,84895.96,84900.5630095223,50.110147789779916
2025-12-19T12:18:00+05:30,84896.72,84920.07,84880.51,84880.51,84895.54975714172,45.122526620009715
2025-12-19T12:21:00+05:30,84880.76,84883.86,84867.51,84871.05,84889.42481785628,42.12722816055288
2025-12-19T12:24:00+05:30,84868.11,84873.69,84845.19,84863.31,84882.89611339221,39.61693642790111
2025-12-19T12:27:00+05:30,84863.27,84863.75,84848.66,84856.92,84876.40208504416,37.46657251485356
2025-12-19T12:30:00+05:30,84857.33,84879.78,84849.65,84879.78,84877.24656378312,49.01657851121139
2025-12-19T12:33:00+05:30,84878.26,84912.87,84878.26,84912.13,84885.96742283733,60.93045678936417
2025-12-19T12:36:00+05:30,84913.33,84914.42,84895.5,84899.35,84889.31306712801,55.006134630042574
2025-12-19T12:39:00+05:30,84905.98,84933.44,84898.87,84924.79,84898.182300346,63.294492724460305
2025-12-19T12:42:00+05:30,84923.09,84932.24,84909.98,84913.29,84901.9592252595,57.689918205025634
2025-12-19T12:45:00+05:30,84914.58,84929.33,84911.69,84912.04,84904.47941894463,57.04931935598132
2025-12-19T12:48:00+05:30,84917.05,84924.5,84885.73,84893.83,84901.81706420847,47.99196278528812
2025-12-19T12:51:00+05:30,84896.57,84923.63,84887.83,84898.42,84900.96779815636,50.311781019266476
2025-12-19T12:54:00+05:30,84898.21,84909.44,84887.92,84890.28,84898.29584861727,46.06094056585762
2025-12-19T12:57:00+05:30,84893.51,84903.81,84890.91,84900.51,84898.84938646296,52.00641265869658
2025-12-19T13:00:00+05:30,84900.6,84902.26,84887.18,84895.2,84897.93703984722,48.75222148571937
2025-12-19T13:03:00+05:30,84895.02,84901.03,84879.06,84880.85,84893.66527988542,40.71903557489297
2025-12-19T13:06:00+05:30,84876.53,84882.8,84864.65,84866.38,84886.84395991407,34.10744419355339
2025-12-19T13:09:00+05:30,84866.64,84867.4,84837.48,84839.21,84874.93546993556,25.158661676803575
2025-12-19T13:12:00+05:30,84840.8,84841.15,84797.3,84807.2,84858.00160245167,18.49049847140175
2025-12-19T13:15:00+05:30,84810.14,84850.14,84806.84,84849.86,84855.96620183875,42.277735998157134
2025-12-19T13:18:00+05:30,84847.43,84903.11,84833.2,84899.84,84866.93465137907,58.73722624634975
2025-12-19T13:21:00+05:30,84900.8,84912.67,84885.34,84892.78,84873.39598853429,56.100906156314835
2025-12-19T13:24:00+05:30,84888.69,84899.51,84878.11,84887.37,84876.88949140071,53.93665303593416
2025-12-19T13:27:00+05:30,84889.16,84898.46,84860.18,84875.84,84876.62711855053,49.21578932491063
2025-12-19T13:30:00+05:30,84878.42,84940.64,84878.42,84928.46,84889.5853389129,65.35915977485132
2025-12-19T13:33:00+05:30,84929.15,84954.54,84917.87,84953.11,84905.46650418467,70.4865699586218
2025-12-19T13:36:00+05:30,84951.89,84964.7,84927.92,84935.91,84913.0773781385,62.90665162685308
2025-12-19T13:39:00+05:30,84932.56,84957.04,84926.28,84953.76,84923.24803360389,67.1798693231237
2025-12-19T13:42:00+05:30,84953.94,84967.29,84949.87,84957.76,84931.87602520292,68.13944853083883
2025-12-19T13:45:00+05:30,84957.62,84989.61,84955.53,84983.2,84944.70701890219,73.81917860237434
2025-12-19T13:48:00+05:30,84981.09,84991.95,84957.72,84962.34,84949.11526417664,63.06437486195952
2025-12-19T13:51:00+05:30,84960.93,84979.75,84956.37,84967.64,84953.74644813247,64.59343791946843
2025-12-19T13:54:00+05:30,84970.68,84975.93,84947.76,84958.33,84954.89233609935,59.54190413291394
2025-12-19T13:57:00+05:30,84959.85,84975.66,84956.15,84965.43,84957.52675207451,62.173881204132506
2025-12-19T14:00:00+05:30,84965.58,84984.82,84964.54,84981.57,84963.53756405588,67.73978713873329
2025-12-19T14:03:00+05:30,84980.12,84980.89,84926.07,84942.7,84958.32817304191,47.92582019412615
2025-12-19T14:06:00+05:30,84941.47,84948.59,84917.37,84933,84951.99612978143,44.16478250227248
2025-12-19T14:09:00+05:30,84933.6,84944.88,84921.44,84925.36,84945.33709733607,41.194193618212324
2025-12-19T14:12:00+05:30,84926.43,84957.41,84923.73,84950.25,84946.56532300205,53.16701761527918
2025-12-19T14:15:00+05:30,84946.12,84961.27,84935.91,84955.69,84948.84649225154,55.47838049923326
2025-12-19T14:18:00+05:30,84954.3,84987.04,84950.69,84979.43,84956.49236918865,64.41892533700002
2025-12-19T14:21:00+05:30,84977.62,84988.91,84972.81,84988.91,84964.59677689149,67.46293366943894
2025-12-19T14:24:00+05:30,84990.85,85030.31,84981.33,84989.4,84970.79758266862,67.62992924190918
2025-12-19T14:27:00+05:30,84988.4,84988.4,84954.41,84954.41,84966.70068700146,47.37370266250366
2025-12-19T14:30:00+05:30,84954.62,84972.53,84946.93,84971.68,84967.9455152511,55.115034643371565
2025-12-19T14:33:00+05:30,84971.5,84971.5,84941.92,84952.25,84964.02163643832,46.19554122466491
2025-12-19T14:36:00+05:30,84952.34,84970.6,84942.67,84968.28,84965.08622732875,53.44699865666768
2025-12-19T14:39:00+05:30,84967.58,84976.96,84953.58,84958.01,84963.31717049656,48.55563058639151
2025-12-19T14:42:00+05:30,84956.13,84972.16,84951.34,84969.29,84964.81037787242,53.95535501590477
2025-12-19T14:45:00+05:30,84967.46,84976.4,84948.86,84974.07,84967.12528340431,56.22682689496834
2025-12-19T14:48:00+05:30,84973.26,84982.54,84960.82,84964.8,84966.54396255323,50.581155350570825
2025-12-19T14:51:00+05:30,84964.53,84966.28,84937.32,84944.27,84960.97547191492,40.16179320088547
2025-12-19T14:54:00+05:30,84944.71,84950.33,84927.9,84931.46,84953.5966039362,34.924681757741766
2025-12-19T14:57:00+05:30,84926.81,84940.14,84914.77,84914.77,84943.88995295214,29.147300202499068
2025-12-19T15:00:00+05:30,84912.48,84914.86,84858.55,84896.11,84931.94496471412,23.974259579763824
2025-12-19T15:03:00+05:30,84896.02,84924.38,84887.89,84923.71,84929.88622353559,41.79896920281397
2025-12-19T15:06:00+05:30,84922.4,84957.33,84917.69,84930.41,84930.01716765169,45.422938146285595
2025-12-19T15:09:00+05:30,84929.56,84943.78,84916.81,84927.09,84929.28537573876,43.844670436135594
2025-12-19T15:12:00+05:30,84925.76,84943.66,84913.1,84939.06,84931.72903180408,51.00538919704408
2025-12-19T15:15:00+05:30,84930.77,84941.12,84909.9,84919.74,84928.73177385305,41.129451971439195
2025-12-19T15:18:00+05:30,84920.19,84941.63,84912.29,84919.83,84926.50633038979,41.19133702023659
2025-12-19T15:21:00+05:30,84920.54,84944.76,84917.45,84925,84926.12974779235,45.06174996818388
2025-12-19T15:24:00+05:30,84924,84935.2,84879.69,84892.18,84917.64231084427,30.29507185232106
2025-12-19T15:27:00+05:30,84890.19,84941.23,84885.52,84912.93,84916.4642331332,43.863924250743665
2025-12-22T09:15:00+05:30,85214.46,85342.7,85145.86,85337.14,85021.6331748499,90.05190825685781
2025-12-22T09:18:00+05:30,85333.66,85375.81,85285.88,85366.6,85107.87488113742,90.67363291547785
2025-12-22T09:21:00+05:30,85362.99,85412.06,85362.05,85407.55,85182.79366085307,91.5318816703354
2025-12-22T09:24:00+05:30,85405.96,85417.16,85366.4,85398.73,85236.7777456398,89.46313990648186
2025-12-22T09:27:00+05:30,85403.25,85438.72,85397,85405.82,85279.03830922986,89.6818457304591
2025-12-22T09:30:00+05:30,85413.06,85461.19,85408.08,85454.43,85322.8862319224,91.15100610289178
2025-12-22T09:33:00+05:30,85452.85,85452.85,85394.5,85417.15,85346.4521739418,80.85074387953748
2025-12-22T09:36:00+05:30,85422.76,85425.18,85382.01,85384.12,85355.86913045635,72.39459855057594
2025-12-22T09:39:00+05:30,85381.55,85395.96,85357.49,85374.58,85360.54684784227,69.9300419442234
2025-12-22T09:42:00+05:30,85383.42,85399.09,85364.61,85388.05,85367.4226358817,71.52678540181282
2025-12-22T09:45:00+05:30,85386,85432.99,85386,85396.86,85374.78197691127,72.63556177288224
2025-12-22T09:48:00+05:30,85397.47,85416.77,85350.86,85368.84,85373.29648268345,63.46528012666952
2025-12-22T09:51:00+05:30,85366.03,85386.13,85358.21,85386.13,85376.50486201259,66.50919570910318
2025-12-22T09:54:00+05:30,85386.35,85403.87,85371.81,85383.81,85378.33114650944,65.65290632558275
2025-12-22T09:57:00+05:30,85381.06,85435.57,85376.46,85423.72,85389.67835988209,72.70557324556717
2025-12-22T10:00:00+05:30,85423.15,85439.49,85417.86,85427.69,85399.18126991157,73.34085326002622
2025-12-22T10:03:00+05:30,85426.26,85455.23,85425.55,85450.32,85411.96595243367,76.91421297491017
2025-12-22T10:06:00+05:30,85447.95,85447.95,85412.77,85426.11,85415.50196432526,65.89088220402813
2025-12-22T10:09:00+05:30,85424.48,85429.96,85400.36,85405.26,85412.94147324395,57.59689485202529
2025-12-22T10:12:00+05:30,85406,85415.03,85386.4,85405.06,85410.97110493296,57.515874057733726
2025-12-22T10:15:00+05:30,85401.4,85419.09,85393.91,85394.58,85406.87332869973,52.961431607757696
2025-12-22T10:18:00+05:30,85394.47,85412.68,85383.44,85395.23,85403.9624965248,53.22942192080464
2025-12-22T10:21:00+05:30,85395.86,85408.88,85386.53,85405.58,85404.3668723936,57.70573324054187
2025-12-22T10:24:00+05:30,85403.8,85415.24,85397.36,85406.06,85404.7901542952,57.92362137337121
2025-12-22T10:27:00+05:30,85402.56,85409.49,85384.64,85394.99,85402.3401157214,50.87207020622071
2025-12-22T10:30:00+05:30,85394.26,85401.82,85368.25,85396.39,85400.85258679105,51.7389383259799
2025-12-22T10:33:00+05:30,85397.41,85415.08,85383.12,85407.88,85402.60944009329,58.71424877833604
2025-12-22T10:36:00+05:30,85407.4,85412.41,85362.26,85381.96,85397.44708006998,42.53455435123824
2025-12-22T10:39:00+05:30,85382.31,85398.04,85376.35,85386.72,85394.76531005249,45.73816708630756
2025-12-22T10:42:00+05:30,85386.26,85400.37,85368.97,85387.21,85392.87648253937,46.099049379661324
2025-12-22T10:45:00+05:30,85387.79,85403.4,85373.53,85395.13,85393.43986190454,52.10568112199504
2025-12-22T10:48:00+05:30,85396.53,85433,85395.7,85425.99,85401.5773964284,68.21000685485714
2025-12-22T10:51:00+05:30,85424.98,85450.63,85421.87,85433.98,85409.6780473213,71.1411388780506
2025-12-22T10:54:00+05:30,85434.52,85442.92,85422.83,85430.63,85414.91603549098,68.07104144571082
2025-12-22T10:57:00+05:30,85430.15,85447.96,85427.92,85444.77,85422.37952661824,73.66709125286856
2025-12-22T11:00:00+05:30,85444.95,85459.14,85408.92,85420.16,85421.82464496368,54.331498337389995
2025-12-22T11:03:00+05:30,85418.71,85424.67,85398.04,85402.57,85417.01098372276,44.57532503951313
2025-12-22T11:06:00+05:30,85404.99,85413.82,85390.9,85399.55,85412.64573779207,43.02770653085723
2025-12-22T11:09:00+05:30,85396.62,85402.96,85384.74,85387.31,85406.31180334406,36.96002333401971
2025-12-22T11:12:00+05:30,85391.41,85395.65,85368.32,85379.22,85399.53885250803,33.33516376574585
2025-12-22T11:15:00+05:30,85380.38,85383.86,85360.07,85362.56,85390.29413938103,26.97825391840132
2025-12-22T11:18:00+05:30,85361.96,85371.35,85351.1,85357.57,85382.11310453578,25.29281519276644
2025-12-22T11:21:00+05:30,85357.17,85382.38,85353.27,85365.1,85377.85982840184,32.69542620630918
2025-12-22T11:24:00+05:30,85365.51,85384.92,85356.38,85381.14,85378.67987130137,45.994385267760066
2025-12-22T11:27:00+05:30,85381.19,85417.79,85381.19,85412.71,85387.18740347603,62.850114809850034
2025-12-22T11:30:00+05:30,85406.99,85415.45,85397.3,85397.3,85389.71555260703,53.36504805789593
2025-12-22T11:33:00+05:30,85398.7,85412.52,85394.08,85400.07,85392.30416445527,54.7957127597116
2025-12-22T11:36:00+05:30,85400.89,85415.19,85397.71,85403.21,85395.03062334146,56.55821882752984
2025-12-22T11:39:00+05:30,85403.91,85411.68,85387.57,85401.46,85396.6379675061,55.15982636128219
2025-12-22T11:42:00+05:30,85403.89,85410.06,85390.64,85408.36,85399.56847562958,59.738892350614215
2025-12-22T11:45:00+05:30,85406.78,85424.59,85400.25,85403.12,85400.45635672219,54.782345401550224
2025-12-22T11:48:00+05:30,85403.03,85431.91,85401.27,85429.88,85407.81226754165,69.74067056511042
2025-12-22T11:51:00+05:30,85428.06,85441.27,85420.34,85437.04,85415.11920065623,72.57290058139326
2025-12-22T11:54:00+05:30,85436.5,85437.35,85414.15,85414.15,85414.87690049218,53.7936007178674
2025-12-22T11:57:00+05:30,85416.18,85430.4,85399.55,85426.84,85417.86767536914,60.418245229221455
2025-12-22T12:00:00+05:30,85428.62,85430.24,85408.27,85412.76,85416.59075652686,50.96060389886737
2025-12-22T12:03:00+05:30,85412.51,85434,85406.64,85429.62,85419.84806739514,59.76035815344718
2025-12-22T12:06:00+05:30,85429.64,85448.46,85423.83,85444.69,85426.05855054635,66.103233469321
2025-12-22T12:09:00+05:30,85443.54,85443.54,85422.82,85425.86,85426.00891290976,53.75199486272197
2025-12-22T12:12:00+05:30,85426.65,85430.59,85388.84,85400.6,85419.65668468233,41.58996254624612
2025-12-22T12:15:00+05:30,85399.61,85436.76,85399.61,85435.78,85423.68751351174,57.29131453129354
2025-12-22T12:18:00+05:30,85435.21,85452.99,85427.02,85451.64,85430.67563513381,62.58170467544061
2025-12-22T12:21:00+05:30,85453.39,85467.39,85438.14,85438.14,85432.54172635036,55.72663756758284
2025-12-22T12:24:00+05:30,85438.49,85452.55,85428.67,85440.57,85434.54879476277,56.72215583901318
2025-12-22T12:27:00+05:30,85438.75,85451.31,85426.16,85428.64,85433.07159607208,50.250332838837295
2025-12-22T12:30:00+05:30,85427.34,85442.5,85416.65,85439.67,85434.72119705407,55.70211788272917
2025-12-22T12:33:00+05:30,85439,85439,85408.95,85412.13,85429.07339779055,42.223673471825876
2025-12-22T12:36:00+05:30,85413.12,85437.69,85411.31,85430.04,85429.3150483429,51.18547934787806
2025-12-22T12:39:00+05:30,85427.25,85434.87,85410.1,85415,85425.73628625718,44.433175204555525
2025-12-22T12:42:00+05:30,85416.47,85423.27,85374.64,85376.58,85413.44721469289,31.893967787253303
2025-12-22T12:45:00+05:30,85372.29,85388.16,85344.48,85348.76,85397.27541101967,25.75413824043696
2025-12-22T12:48:00+05:30,85346.59,85383.2,85335.81,85381.53,85393.33905826476,41.28690562297938
2025-12-22T12:51:00+05:30,85383.21,85438.38,85371.35,85435.04,85403.76429369856,58.01856913155432
2025-12-22T12:54:00+05:30,85432.46,85471.73,85432.05,85466.55,85419.46072027393,64.89195916418996
2025-12-22T12:57:00+05:30,85459.51,85472.08,85419.65,85433.9,85423.07054020544,54.17041195006103
2025-12-22T13:00:00+05:30,85434.7,85445.99,85428.34,85440.36,85427.39290515409,55.85406804839468
2025-12-22T13:03:00+05:30,85440.28,85454.18,85431.26,85432.75,85428.73217886557,53.169532234369385
2025-12-22T13:06:00+05:30,85430.7,85448.71,85424.03,85444.91,85432.77663414918,57.02051282264247
2025-12-22T13:09:00+05:30,85450.7,85450.7,85433.27,85444.29,85435.65497561189,56.74295104743819
2025-12-22T13:12:00+05:30,85451.22,85455.72,85433.98,85448.5,85438.86623170892,58.349115329566715
2025-12-22T13:15:00+05:30,85449.23,85470.07,85442.32,85458.88,85443.8696737817,62.36839197486137
2025-12-22T13:18:00+05:30,85455.32,85473.56,85442.66,85458.35,85447.48975533627,62.011921011245164
2025-12-22T13:21:00+05:30,85456.8,85472.64,85453.09,85469.9,85453.0923165022,66.83178339405508
2025-12-22T13:24:00+05:30,85469.46,85477.43,85453.06,85469.95,85457.30673737664,66.8530239573621
2025-12-22T13:27:00+05:30,85472.67,85485.3,85456.02,85465.76,85459.42005303247,62.91405639137044
2025-12-22T13:30:00+05:30,85469.95,85483.46,85467.63,85473.12,85462.84503977436,66.90958416725995
2025-12-22T13:33:00+05:30,85468.21,85499.56,85467.44,85475.94,85466.11877983077,68.4299836425148
2025-12-22T13:36:00+05:30,85477.62,85481.6,85442.88,85442.88,85460.30908487308,42.022093616026226
2025-12-22T13:39:00+05:30,85446.22,85463.2,85434.28,85459.91,85460.2093136548,52.93711113101006
2025-12-22T13:42:00+05:30,85459.21,85483.29,85456.99,85467.45,85462.01948524111,57.10811443996968
2025-12-22T13:45:00+05:30,85466.94,85484.01,85459.56,85477.69,85465.93711393084,62.38948492299031
2025-12-22T13:48:00+05:30,85474.69,85487.88,85468.91,85480.21,85469.50533544814,63.67370648320641
2025-12-22T13:51:00+05:30,85480.81,85486.74,85466.42,85469.96,85469.6190015861,54.79514035650903
2025-12-22T13:54:00+05:30,85470.31,85477.65,85459.13,85466.4,85468.81425118959,51.864734435227476
2025-12-22T13:57:00+05:30,85466.48,85479.37,85464.55,85466.25,85468.17318839219,51.72874482444881
2025-12-22T14:00:00+05:30,85468.02,85495.12,85468.02,85488.61,85473.28239129414,66.84657118916292
2025-12-22T14:03:00+05:30,85488.01,85491.09,85473.9,85473.9,85473.43679347061,53.892248090750066
2025-12-22T14:06:00+05:30,85473.96,85488.81,85454.17,85454.17,85468.62009510296,41.352283993558856
2025-12-22T14:09:00+05:30,85454.66,85454.66,85424.92,85430.21,85459.01757132722,31.099711104039855
2025-12-22T14:12:00+05:30,85429.75,85461.3,85416.94,85461.3,85459.58817849541,49.90274697798268
2025-12-22T14:15:00+05:30,85461.33,85479.13,85454.82,85456.8,85458.89113387156,47.70436269057845
2025-12-22T14:18:00+05:30,85455.72,85461.21,85427.98,85440.57,85454.31085040366,40.24438904813042
2025-12-22T14:21:00+05:30,85441.51,85462.51,85418.65,85461.47,85456.10063780275,51.61247099110252
2025-12-22T14:24:00+05:30,85464.85,85495.74,85462.44,85495.71,85466.00297835207,64.51527733698752
2025-12-22T14:27:00+05:30,85496.59,85515.87,85487.92,85515.87,85478.46973376405,70.00877026117149
2025-12-22T14:30:00+05:30,85516.32,85529.81,85491.79,85504.15,85484.88980032304,63.35632921441759
2025-12-22T14:33:00+05:30,85504.69,85564.41,85488.94,85563.55,85504.55485024228,76.53855926335993
2025-12-22T14:36:00+05:30,85563.19,85584.21,85550.64,85572.89,85521.63863768171,77.99099693783825
2025-12-22T14:39:00+05:30,85570.22,85571.95,85529.23,85531.12,85524.00897826128,58.9499555166687
2025-12-22T14:42:00+05:30,85531.19,85542.19,85520.65,85535.03,85526.76423369595,60.01603875595062
2025-12-22T14:45:00+05:30,85534.89,85535.98,85505.38,85517.12,85524.35317527197,52.701808617081234
2025-12-22T14:48:00+05:30,85522.6,85528.71,85510.62,85517.55,85522.65238145398,52.862719521586996
2025-12-22T14:51:00+05:30,85509.83,85525.36,85504.04,85513.43,85520.3467860905,50.926045849456905
2025-12-22T14:54:00+05:30,85522.46,85534.82,85510.73,85529.54,85522.64508956787,57.95327666097178
2025-12-22T14:57:00+05:30,85528.77,85545.99,85521.69,85531.23,85524.7913171759,58.6774757308875
2025-12-22T15:00:00+05:30,85545.69,85593.05,85543.5,85587.14,85540.37848788193,75.17832889071909
2025-12-22T15:03:00+05:30,85584.28,85597.84,85580.58,85590.23,85552.84136591144,75.80138315960517
2025-12-22T15:06:00+05:30,85590.53,85601.33,85571.85,85572.98,85557.87602443359,65.1504072264571
2025-12-22T15:09:00+05:30,85575.25,85589.19,85567.99,85580.78,85563.60201832518,67.55536501684938
2025-12-22T15:12:00+05:30,85582.9,85584.56,85559.89,85581.6,85568.1015137439,67.82767168860833
2025-12-22T15:15:00+05:30,85583.57,85593.72,85569.68,85570.84,85568.78613530792,60.10494284089371
2025-12-22T15:18:00+05:30,85572.02,85581.69,85546.78,85564.59,85567.73710148095,55.799583821212515
2025-12-22T15:21:00+05:30,85563.87,85573.7,85546.36,85557.21,85565.10532611072,50.787911450181504
2025-12-22T15:24:00+05:30,85559.23,85580.79,85546.17,85563.77,85564.77149458304,54.981068798341944
2025-12-22T15:27:00+05:30,85564.73,85573.12,85532.73,85544.81,85559.78112093727,42.710047706170144
2025-12-23T09:15:00+05:30,85704.93,85704.93,85458.23,85484.42,85540.94084070296,23.347039514797757
2025-12-23T09:18:00+05:30,85486.06,85523.54,85482.04,85520.37,85535.79813052721,41.70275954382025
2025-12-23T09:21:00+05:30,85517.03,85526.19,85450.91,85470.12,85519.37859789541,29.99109206654036
2025-12-23T09:24:00+05:30,85469.62,85489.12,85429.31,85448.03,85501.54144842156,26.2152457309152
2025-12-23T09:27:00+05:30,85446.61,85480.92,85429.77,85445.29,85487.47858631617,25.74617706802735
2025-12-23T09:30:00+05:30,85447.52,85466.57,85402.74,85404.5,85466.73393973713,19.642096476042937
2025-12-23T09:33:00+05:30,85403.03,85435.48,85396.77,85435.48,85458.92045480284,33.592828260849416
2025-12-23T09:36:00+05:30,85437.37,85459.31,85415.64,85437.4,85453.54034110213,34.416079458140715
2025-12-23T09:39:00+05:30,85433.88,85436.46,85407.41,85415.21,85443.95775582659,29.487145659628766
2025-12-23T09:42:00+05:30,85414.83,85420.31,85344.87,85385.28,85429.28831686993,24.063955739092037
2025-12-23T09:45:00+05:30,85386.51,85420.39,85342.99,85410.83,85424.67373765245,35.81980681801818
2025-12-23T09:48:00+05:30,85407.18,85445.31,85392.19,85423.38,85424.35030323933,41.04968803249207
2025-12-23T09:51:00+05:30,85421.64,85448.58,85412.97,85424.35,85424.3502274295,41.479691747908156
2025-12-23T09:54:00+05:30,85423.23,85502.56,85423.23,85502.56,85443.90267057213,65.29367587996873
2025-12-23T09:57:00+05:30,85503.47,85540.13,85500.16,85539.04,85467.6870029291,71.5858348753815
2025-12-23T10:00:00+05:30,85539.49,85584.29,85517.2,85541.7,85486.19025219683,72.0174062529127
2025-12-23T10:03:00+05:30,85543.81,85579.99,85537.38,85570.27,85507.21018914762,76.49161222510455
2025-12-23T10:06:00+05:30,85566.68,85569.9,85532.98,85568.48,85522.52764186071,75.6079524962308
2025-12-23T10:09:00+05:30,85568.37,85590.5,85562.73,85585.81,85538.34823139553,78.4233951049369
2025-12-23T10:12:00+05:30,85586.31,85605.79,85541.77,85574.26,85547.32617354665,71.96465402532537
2025-12-23T10:15:00+05:30,85575.69,85575.85,85538.13,85555.35,85549.33213016,62.182650815401686
2025-12-23T10:18:00+05:30,85557.72,85569.95,85511.96,85519.43,85541.85659761999,47.78754483956589
2025-12-23T10:21:00+05:30,85515.98,85519.5,85476.62,85489.84,85528.852448215,39.09049053690036
2025-12-23T10:24:00+05:30,85486.62,85515.36,85486.62,85512.12,85524.66933616124,47.48604197577697
2025-12-23T10:27:00+05:30,85513.26,85523.17,85487.51,85507.04,85520.26200212093,45.80651608847868
2025-12-23T10:30:00+05:30,85507.94,85524.44,85496.51,85523.11,85520.9740015907,52.06376721200126
2025-12-23T10:33:00+05:30,85524.28,85529.22,85486.77,85504.88,85516.95050119303,45.16245552379223
2025-12-23T10:36:00+05:30,85504.03,85508.15,85465.28,85465.73,85504.14537589478,33.902831066739424
2025-12-23T10:39:00+05:30,85466.25,85515.49,85465.87,85515.49,85506.98153192108,51.74309329639087
2025-12-23T10:42:00+05:30,85514.26,85539.8,85514.26,85539.8,85515.1861489408,58.177130644154516
2025-12-23T10:45:00+05:30,85539.84,85557.33,85536.16,85542.66,85522.05461170561,58.928736278990016
2025-12-23T10:48:00+05:30,85542.17,85551.8,85528.6,85548.61,85528.6934587792,60.64534014934087
2025-12-23T10:51:00+05:30,85550.84,85572.56,85543.82,85552.6,85534.6700940844,61.8914523240016
2025-12-23T10:54:00+05:30,85552.73,85552.73,85527.16,85542.87,85536.7200705633,56.776772940624994
2025-12-23T10:57:00+05:30,85541.6,85541.6,85527.98,85534.45,85536.15255292247,52.40454554572179
2025-12-23T11:00:00+05:30,85537.93,85562.82,85534.27,85542.57,85537.75691469185,56.19946191566178
2025-12-23T11:03:00+05:30,85536.95,85541.36,85510.07,85534,85536.81768601888,51.17524644182935
2025-12-23T11:06:00+05:30,85533.6,85563.9,85525.49,85551.07,85540.38076451416,59.573704126055766
2025-12-23T11:09:00+05:30,85550.57,85582.83,85546.43,85577.14,85549.57057338563,69.05728238067509
2025-12-23T11:12:00+05:30,85579.19,85584.81,85567.82,85579.97,85557.17043003923,69.95006157827248
2025-12-23T11:15:00+05:30,85574.73,85581.54,85557.88,85562.95,85558.61532252943,58.17322476498744
2025-12-23T11:18:00+05:30,85562.34,85587.87,85554.36,85584.26,85565.02649189706,66.42926940578118
2025-12-23T11:21:00+05:30,85581.24,85587.75,85570.53,85576.52,85567.8998689228,61.301886074408685
2025-12-23T11:24:00+05:30,85576.06,85586.26,85569.08,85578.88,85570.64490169211,62.33602826873836
2025-12-23T11:27:00+05:30,85578.84,85579.62,85556.53,85570.78,85570.67867626908,56.31044334607548
2025-12-23T11:30:00+05:30,85571.81,85573.96,85539.11,85544.22,85564.06400720181,41.108948575221966
2025-12-23T11:33:00+05:30,85541.48,85546.53,85520.27,85523.57,85553.94050540136,33.02267585637567
2025-12-23T11:36:00+05:30,85523.36,85530.61,85488.03,85488.44,85537.56537905103,23.750377224569576
2025-12-23T11:39:00+05:30,85490.91,85516.06,85485.44,85511.51,85531.05153428827,37.24957741937843
2025-12-23T11:42:00+05:30,85511.12,85511.78,85466.83,85483.24,85519.0986507162,29.725897402429922
2025-12-23T11:45:00+05:30,85482.53,85514.43,85482.53,85505.62,85515.72898803715,40.774315885317755
2025-12-23T11:48:00+05:30,85503.49,85506,85460.63,85476.97,85506.03924102787,33.02072697288985
2025-12-23T11:51:00+05:30,85479.94,85538.71,85479.39,85536.46,85513.6444307709,54.144571974077024
2025-12-23T11:54:00+05:30,85534.89,85544.53,85525.68,85533.38,85518.57832307818,53.132420113613115
2025-12-23T11:57:00+05:30,85534.44,85544.39,85514.4,85521.3,85519.25874230864,48.94574994961644
2025-12-23T12:00:00+05:30,85521.07,85552.8,85521.07,85546.27,85526.01155673148,57.09811978233739
2025-12-23T12:03:00+05:30,85545.57,85568.79,85534.63,85561.62,85534.91366754861,61.506472269550414
2025-12-23T12:06:00+05:30,85559.58,85571.87,85520.02,85571.87,85544.15275066145,64.3595003492947
2025-12-23T12:09:00+05:30,85569.98,85580.44,85554.84,85561.19,85548.4120629961,59.040134649842614
2025-12-23T12:12:00+05:30,85561,85583.03,85549.31,85553.27,85549.62654724707,55.10009789077297
2025-12-23T12:15:00+05:30,85551.02,85566.71,85548.14,85553.3,85550.5449104353,55.11333560893519
2025-12-23T12:18:00+05:30,85551.78,85558.65,85530.93,85549.64,85550.31868282647,52.893716574646106
2025-12-23T12:21:00+05:30,85546.92,85559.14,85533.86,85533.86,85546.20401211985,43.98356871424697
2025-12-23T12:24:00+05:30,85528.62,85560.82,85516.68,85526.89,85541.37550908989,40.470460390811276
2025-12-23T12:27:00+05:30,85525.39,85555.67,85522.9,85526.73,85537.71413181743,40.38407402569145
2025-12-23T12:30:00+05:30,85526.11,85533.98,85503.45,85517.61,85532.68809886307,35.364202830651465
2025-12-23T12:33:00+05:30,85517.07,85520.6,85486.15,85499.36,85524.3560741473,27.409863169049586
2025-12-23T12:36:00+05:30,85498.89,85535.37,85496.5,85527.1,85525.04205561048,48.107992933555074
2025-12-23T12:39:00+05:30,85529.06,85529.06,85504.27,85516.57,85522.92404170785,42.71419778069772
2025-12-23T12:42:00+05:30,85517.15,85528.67,85506.72,85513.71,85520.62053128089,41.248743136027805
2025-12-23T12:45:00+05:30,85513.13,85562.98,85511.5,85562.98,85531.21039846067,65.22660781602022
2025-12-23T12:48:00+05:30,85562.83,85573.26,85552.38,85569.04,85540.6677988455,67.1504088892068
2025-12-23T12:51:00+05:30,85569.38,85581.87,85554.82,85560.65,85545.66334913412,61.64200255023292
2025-12-23T12:54:00+05:30,85557.22,85569.83,85554.47,85566.43,85550.8550118506,64.01456028194681
2025-12-23T12:57:00+05:30,85564.25,85567.28,85554.17,85554.17,85551.68375888794,55.51696572009421
2025-12-23T13:00:00+05:30,85550.85,85598.44,85550.85,85579.27,85558.58031916595,66.22561565359956
2025-12-23T13:03:00+05:30,85579.47,85579.47,85558.05,85558.09,85558.45773937445,53.53749289890302
2025-12-23T13:06:00+05:30,85557.89,85567.97,85547.97,85558.8,85558.54330453085,53.88304313306546
2025-12-23T13:09:00+05:30,85558.2,85575.63,85553.69,85572.46,85562.02247839814,60.48027314032867
2025-12-23T13:12:00+05:30,85571.41,85575.02,85561.56,85570.58,85564.1618587986,59.122253952830725
2025-12-23T13:15:00+05:30,85569.72,85586.25,85548.69,85586.25,85569.68389409895,66.44823056443383
2025-12-23T13:18:00+05:30,85586.66,85587.48,85569.47,85577.45,85571.62542057422,59.46580443000332
2025-12-23T13:21:00+05:30,85576.65,85579.45,85561.2,85570.86,85571.43406543066,54.465526254552444
2025-12-23T13:24:00+05:30,85568.77,85580.46,85560.77,85573.29,85571.89804907299,56.055178828492586
2025-12-23T13:27:00+05:30,85573.41,85584.46,85568.82,85579.15,85573.71103680474,59.985412500991394
2025-12-23T13:30:00+05:30,85578.57,85584.77,85565.5,85576.82,85574.48827760355,57.595910421054896
2025-12-23T13:33:00+05:30,85575.46,85580.88,85568.6,85570.78,85573.56120820266,51.40321331116597
2025-12-23T13:36:00+05:30,85569.59,85574.12,85557.69,85563.08,85570.940906152,44.31636836264064
2025-12-23T13:39:00+05:30,85565.24,85568.16,85543.6,85555.98,85567.200679614,38.59261074091637
2025-12-23T13:42:00+05:30,85558.47,85583.79,85545.36,85550.34,85562.9855097105,34.46700126242271
2025-12-23T13:45:00+05:30,85551.81,85557.85,85543.51,85548.45,85559.35163228288,33.08427849171336
2025-12-23T13:48:00+05:30,85550.74,85583.48,85548.63,85560.4,85559.61372421216,48.364588028317044
2025-12-23T13:51:00+05:30,85559.87,85571.9,85554.72,85570.1,85562.23529315912,57.54536986166039
2025-12-23T13:54:00+05:30,85571.42,85593.25,85568.22,85587.01,85568.42896986933,68.82046695759104
2025-12-23T13:57:00+05:30,85586.26,85590.8,85563.21,85576.27,85570.389227402,57.50422016206801
2025-12-23T14:00:00+05:30,85587.26,85603.41,85570,85582.28,85573.3619205515,61.623892690603164
2025-12-23T14:03:00+05:30,85585.15,85607.06,85573.29,85596.43,85579.12894041362,69.69392602407693
2025-12-23T14:06:00+05:30,85595.85,85599.64,85563.33,85574.61,85577.99920531022,50.56439509659634
2025-12-23T14:09:00+05:30,85568.64,85621.05,85559.43,85612.76,85586.68940398266,68.30809861997395
2025-12-23T14:12:00+05:30,85613.98,85613.98,85595.09,85607.6,85591.917052987,64.64665439603526
2025-12-23T14:15:00+05:30,85609.23,85677.68,85603.74,85669.77,85611.38028974025,79.83791118250826
2025-12-23T14:18:00+05:30,85669.62,85704.12,85668.39,85676.46,85627.65021730518,80.86989430722855
2025-12-23T14:21:00+05:30,85676.61,85684.81,85629.55,85668.07,85637.7551629789,75.23555697214199
2025-12-23T14:24:00+05:30,85667.88,85693.14,85664.74,85667.31,85645.14387223417,74.68564707151876
2025-12-23T14:27:00+05:30,85666.14,85685.88,85647.34,85649.44,85646.21790417563,62.211835885645094
2025-12-23T14:30:00+05:30,85651.07,85656.7,85625.99,85634.87,85643.38092813172,53.68315544719619
2025-12-23T14:33:00+05:30,85633.26,85644.12,85578.07,85585.44,85628.8956960988,34.80024385130231
2025-12-23T14:36:00+05:30,85586.51,85646.15,85586.24,85646.15,85633.2092720741,56.64966027471148
2025-12-23T14:39:00+05:30,85645.81,85648.74,85535.98,85541.93,85610.38945405558,33.89823582464457
2025-12-23T14:42:00+05:30,85542.63,85587.14,85503.32,85503.32,85583.62209054168,28.884399539073584
2025-12-23T14:45:00+05:30,85503.62,85565.15,85486.47,85549.56,85575.10656790626,41.06412737965163
2025-12-23T14:48:00+05:30,85544.21,85553.58,85516.07,85529.08,85563.5999259297,37.72550937204731
2025-12-23T14:51:00+05:30,85529.05,85584.05,85507.05,85574.6,85566.34994444727,48.56856870776318
2025-12-23T14:54:00+05:30,85571.45,85582.42,85532.93,85574.26,85568.32745833545,48.49498833851045
2025-12-23T14:57:00+05:30,85574.3,85587.52,85537.47,85556.34,85565.33059375158,44.36235279247426
2025-12-23T15:00:00+05:30,85564.74,85629.27,85536.43,85557.41,85563.35044531368,44.69069071394529
2025-12-23T15:03:00+05:30,85559.02,85593.27,85504.73,85540.17,85557.55533398526,40.2281460130135
2025-12-23T15:06:00+05:30,85544.27,85564.54,85498.51,85528.73,85550.34900048895,37.34150435209209
2025-12-23T15:09:00+05:30,85529.64,85560.23,85521.34,85557.11,85552.03925036671,48.116667961377914
2025-12-23T15:12:00+05:30,85551.48,85557.24,85496.54,85546.22,85550.58443777503,44.67719362762486
2025-12-23T15:15:00+05:30,85542.45,85548.73,85503.25,85544.65,85549.10082833127,44.14641849678209
2025-12-23T15:18:00+05:30,85543.09,85543.09,85473.63,85517.51,85541.20312124846,35.61352027385654
2025-12-23T15:21:00+05:30,85516.73,85534.53,85491.74,85503.21,85531.70484093635,31.831442983051843
2025-12-23T15:24:00+05:30,85504.56,85523.21,85479.52,85494.23,85522.33613070226,29.533606755187577
2025-12-23T15:27:00+05:30,85497.43,85520.23,85481.99,85499.6,85516.6520980267,32.912312028039096
2025-12-24T09:15:00+05:30,85533.42,85586.33,85386.54,85507.81,85514.44157352002,38.19783109829216
2025-12-24T09:18:00+05:30,85507.41,85600.28,85507.41,85591.6,85533.73118014002,68.11167949463385
2025-12-24T09:21:00+05:30,85593.72,85640.64,85560.06,85573.2,85543.59838510501,60.597282394381594
2025-12-24T09:24:00+05:30,85573.98,85615.86,85571.82,85607.02,85559.45378882876,68.13569034644924
2025-12-24T09:27:00+05:30,85602.99,85638.17,85602.99,85629.33,85576.92284162156,72.22524858621965
2025-12-24T09:30:00+05:30,85629.87,85657.82,85624.86,85649.68,85595.11213121617,75.56284729787842
2025-12-24T09:33:00+05:30,85651.88,85677.76,85646.23,85657.7,85610.75909841212,76.842333140384
2025-12-24T09:36:00+05:30,85655.82,85673.08,85623.64,85629.62,85615.47432380909,63.30347705021475
2025-12-24T09:39:00+05:30,85628.38,85649.97,85603.49,85626.65,85618.26824285681,61.95645675998284
2025-12-24T09:42:00+05:30,85628.68,85628.68,85589.33,85625.12,85619.9811821426,61.174115842854484
2025-12-24T09:45:00+05:30,85631.95,85654.47,85612.8,85612.8,85618.18588660695,54.68689337534582
2025-12-24T09:48:00+05:30,85611.39,85631.29,85581.1,85618.08,85618.15941495521,56.96853397886009
2025-12-24T09:51:00+05:30,85615.89,85661.87,85612.98,85649.43,85625.9770612164,68.09643067079355
2025-12-24T09:54:00+05:30,85651.03,85671.28,85610.12,85631.94,85627.4677959123,58.28595792883737
2025-12-24T09:57:00+05:30,85635.2,85680.98,85605.96,85643.71,85631.52834693422,62.524762760330454
2025-12-24T10:00:00+05:30,85644.25,85680.39,85624.65,85644.81,85634.84876020066,62.935423514017536
2025-12-24T10:03:00+05:30,85641.25,85653.55,85606.24,85629.22,85633.44157015049,53.28128136122312
2025-12-24T10:06:00+05:30,85627.62,85637.17,85601.88,85629.32,85632.41117761287,53.33485015525678
2025-12-24T10:09:00+05:30,85628,85674.33,85598.08,85674.33,85642.89088320965,70.87271589593963
2025-12-24T10:12:00+05:30,85676.83,85685.65,85644.9,85678.72,85651.84816240723,72.06725399426563
2025-12-24T10:15:00+05:30,85678.9,85738.18,85673.77,85711.5,85666.76112180542,79.41983832711676
2025-12-24T10:18:00+05:30,85706.66,85725.61,85669.21,85670.39,85667.66834135406,57.3373020289047
2025-12-24T10:21:00+05:30,85671.02,85709.76,85666.14,85668.78,85667.94625601554,56.618019000710675
2025-12-24T10:24:00+05:30,85668.61,85703.46,85648.99,85681.21,85671.26219201165,61.02226164480356
2025-12-24T10:27:00+05:30,85679.86,85692.73,85675.09,85684.55,85674.58414400874,62.224509733098586
2025-12-24T10:30:00+05:30,85688.95,85696.04,85677.25,85683.54,85676.82310800656,61.55468638953975
2025-12-24T10:33:00+05:30,85683.39,85722.74,85680.84,85696.23,85681.67483100492,66.79429178389563
2025-12-24T10:36:00+05:30,85689.79,85689.79,85639.82,85648.43,85673.36362325368,41.77465110586054
2025-12-24T10:39:00+05:30,85649.05,85661.32,85621.51,85660.06,85670.03771744025,47.37054183489861
2025-12-24T10:42:00+05:30,85657.06,85664.18,85622.39,85653.13,85665.81078808018,44.403813975376586
2025-12-24T10:45:00+05:30,85650.28,85660.5,85610.16,85612.09,85652.38059106014,30.993027099751558
2025-12-24T10:48:00+05:30,85609.72,85635.71,85574.99,85607.31,85641.1129432951,29.771232679783367
2025-12-24T10:51:00+05:30,85610.46,85613.95,85572.38,85599.9,85630.80970747132,27.78989649281351
2025-12-24T10:54:00+05:30,85598.28,85620.29,85571.59,85620.29,85628.17978060349,40.50180968474955
2025-12-24T10:57:00+05:30,85618.84,85632.22,85584.24,85625.99,85627.63233545262,43.73235691292338
2025-12-24T11:00:00+05:30,85628.09,85635.04,85578.67,85578.67,85615.39175158947,28.66036335227129
2025-12-24T11:03:00+05:30,85577.44,85615.88,85566.99,85594.68,85610.2138136921,37.203141355725364
2025-12-24T11:06:00+05:30,85595.73,85618.72,85570.64,85572.45,85600.77286026908,31.158859582014728
2025-12-24T11:09:00+05:30,85572.24,85613.68,85564.98,85566.23,85592.1371452018,29.589575614495402
2025-12-24T11:12:00+05:30,85567.21,85618.07,85566.45,85613.6,85597.50285890135,51.35676040834593
2025-12-24T11:15:00+05:30,85616.36,85635.31,85589.71,85590.81,85595.82964417602,43.76295191018791
2025-12-24T11:18:00+05:30,85592.3,85634.8,85591.6,85605.46,85598.23723313201,49.37669582713363
2025-12-24T11:21:00+05:30,85601.7,85641.79,85590.19,85624.91,85604.90542484901,56.155782347977
2025-12-24T11:24:00+05:30,85623.24,85636.27,85590.47,85593.36,85602.01906863676,44.80191503814457
2025-12-24T11:27:00+05:30,85599.01,85617.62,85589.93,85617.62,85605.91930147757,53.27657407516422
2025-12-24T11:30:00+05:30,85616.44,85624.33,85601.88,85623.86,85610.40447610818,55.334415148947265
2025-12-24T11:33:00+05:30,85624.38,85624.38,85590.4,85605.23,85609.11085708113,47.97464903366235
2025-12-24T11:36:00+05:30,85608.37,85628.04,85589.49,85592.21,85604.88564281086,43.28099724689432
2025-12-24T11:39:00+05:30,85594.19,85620.62,85567.13,85577.17,85597.95673210814,38.23913719282294
2025-12-24T11:42:00+05:30,85577.37,85599.51,85520.5,85549.5,85585.8425490811,30.59044145915371
2025-12-24T11:45:00+05:30,85549.87,85555.19,85483.69,85527.57,85571.27441181082,25.81579642184367
2025-12-24T11:48:00+05:30,85524.51,85543.87,85493.28,85510.58,85556.10080885811,22.62405737863159
2025-12-24T11:51:00+05:30,85508.15,85535.67,85499.06,85508.61,85544.22810664358,22.251898355641117
2025-12-24T11:54:00+05:30,85509.88,85560.55,85504.93,85544.42,85544.2760799827,42.359857345675834
2025-12-24T11:57:00+05:30,85546.45,85566.57,85542.05,85562.29,85548.77955998702,49.90306969015842
2025-12-24T12:00:00+05:30,85561.67,85561.67,85523.49,85555.81,85550.53716999026,47.285167244039094
2025-12-24T12:03:00+05:30,85553.52,85569.73,85529.07,85555.18,85551.6978774927,47.005470804590914
2025-12-24T12:06:00+05:30,85555.47,85566.12,85516.83,85517.33,85543.10590811953,33.228698883506
2025-12-24T12:09:00+05:30,85515.15,85544.3,85506.91,85517.62,85536.73443108964,33.403173198454
2025-12-24T12:12:00+05:30,85515.19,85548.26,85501.96,85544.47,85538.66832331724,48.06254630300964
2025-12-24T12:15:00+05:30,85545.11,85557.99,85525.65,85557.99,85543.49874248792,54.00967736485259
2025-12-24T12:18:00+05:30,85558.1,85570.27,85524.66,85528.86,85539.83905686594,41.93848488792402
2025-12-24T12:21:00+05:30,85526.78,85567.39,85519.14,85520.41,85534.98179264946,38.98939441837411
2025-12-24T12:24:00+05:30,85520.39,85576.47,85515.96,85572.96,85544.47634448709,59.60090420779338
2025-12-24T12:27:00+05:30,85568.83,85585.46,85538.18,85580.05,85553.36975836533,61.640739046495916
2025-12-24T12:30:00+05:30,85583.03,85587.5,85540.55,85584.67,85561.19481877399,63.05874336919176
2025-12-24T12:33:00+05:30,85584.99,85588.68,85571.4,85579.14,85565.6811140805,59.96330046441923
2025-12-24T12:36:00+05:30,85580.02,85591.81,85561.83,85567.91,85566.23833556037,53.71612664673069
2025-12-24T12:39:00+05:30,85562.86,85566.44,85531.47,85535.55,85558.56625167027,39.78246414357575
2025-12-24T12:42:00+05:30,85535.36,85558.29,85514.48,85524.91,85550.1521887527,36.182191651647805
2025-12-24T12:45:00+05:30,85523.92,85551.27,85517.43,85539.93,85547.59664156452,44.460154183274334
2025-12-24T12:48:00+05:30,85536.52,85561.71,85517.22,85552.51,85548.82498117338,50.707811104999294
2025-12-24T12:51:00+05:30,85550.56,85552.38,85521.64,85544.29,85547.69123588003,46.70288779167449
2025-12-24T12:54:00+05:30,85544.92,85550.91,85536.32,85539.81,85545.72092691003,44.46964476271886
2025-12-24T12:57:00+05:30,85539.98,85564.61,85537.79,85555.31,85548.11819518253,53.45379496008077
2025-12-24T13:00:00+05:30,85554.81,85559.73,85522.12,85522.12,85541.6186463869,38.067772521525285
2025-12-24T13:03:00+05:30,85521.78,85532.9,85501.38,85507.69,85533.13648479017,33.217943496157616
2025-12-24T13:06:00+05:30,85507.54,85519.31,85498.72,85501.78,85525.29736359263,31.311844081244544
2025-12-24T13:09:00+05:30,85500.3,85507.8,85491.92,85502.12,85519.50302269447,31.5753700926996
2025-12-24T13:12:00+05:30,85502.42,85516.14,85491.57,85516.02,85518.63226702085,42.15952434392165
2025-12-24T13:15:00+05:30,85515.36,85515.36,85493.91,85495.17,85512.76670026564,33.178294515148664
2025-12-24T13:18:00+05:30,85496.29,85523.4,85479.53,85489.14,85506.86002519923,30.95341393335532
2025-12-24T13:21:00+05:30,85489.01,85513.26,85481.77,85486.77,85501.83751889943,30.030021906646894
2025-12-24T13:24:00+05:30,85487.58,85496.46,85462.64,85493.24,85499.68813917457,36.10120023702396
2025-12-24T13:27:00+05:30,85486.61,85503.68,85464.62,85467.23,85491.57360438093,25.659139742563227
2025-12-24T13:30:00+05:30,85467.39,85486.65,85433.55,85434.19,85477.2277032857,17.96030810042724
2025-12-24T13:33:00+05:30,85433.51,85466.39,85407.42,85455.45,85471.78327746427,33.04214597727126
2025-12-24T13:36:00+05:30,85450.7,85461.32,85432.39,85461.32,85469.1674580982,36.7855625235444
2025-12-24T13:39:00+05:30,85463.23,85466.06,85431.88,85440.21,85461.92809357366,29.79637122543889
2025-12-24T13:42:00+05:30,85437.76,85469.04,85423.06,85469.04,85463.70607018024,46.11029794196483
2025-12-24T13:45:00+05:30,85469.11,85469.11,85439.14,85441.36,85458.11955263518,36.58688502957068
2025-12-24T13:48:00+05:30,85442.19,85467.7,85416.53,85437.06,85452.85466447638,35.266776575942146
2025-12-24T13:51:00+05:30,85436.83,85489.54,85436.83,85470.62,85457.2959983573,51.27481059892869
2025-12-24T13:54:00+05:30,85468.73,85486.13,85451.46,85465.81,85459.42449876797,49.23876351270509
2025-12-24T13:57:00+05:30,85466.15,85466.15,85410.06,85438.36,85454.15837407598,38.94302511121055
2025-12-24T14:00:00+05:30,85437.89,85447.06,85401.33,85419.7,85445.54378055698,33.40365448163537
2025-12-24T14:03:00+05:30,85420.91,85460.63,85406.03,85460.63,85449.31533541773,51.17588729090442
2025-12-24T14:06:00+05:30,85459.17,85461.42,85395.06,85421.78,85442.4315015633,39.502181492733875
2025-12-24T14:09:00+05:30,85423.49,85495.02,85410.26,85420,85436.82362617248,39.026324145765734
2025-12-24T14:12:00+05:30,85421.01,85483.72,85419.02,85451.34,85440.45271962936,51.12121336410067
2025-12-24T14:15:00+05:30,85453.08,85478.38,85450.06,85455.33,85444.17203972202,52.520123419035095
2025-12-24T14:18:00+05:30,85453.68,85461.83,85424.67,85450.01,85445.63152979151,50.281588412796616
2025-12-24T14:21:00+05:30,85447.67,85450.68,85408.71,85410.48,85436.84364734363,36.715615693723336
2025-12-24T14:24:00+05:30,85411.3,85419.93,85363.53,85367.01,85419.38523550773,27.274741517607083
2025-12-24T14:27:00+05:30,85367.71,85406.65,85367.71,85395.58,85413.4339266308,39.25207708250567
2025-12-24T14:30:00+05:30,85397.77,85432.39,85394.61,85400.88,85410.2954449731,41.342856761518334
2025-12-24T14:33:00+05:30,85401.77,85419.52,85365.22,85369.5,85400.09658372983,33.40191423111115
2025-12-24T14:36:00+05:30,85369.81,85399.08,85343.75,85391.56,85397.96243779737,42.46548599302893
2025-12-24T14:39:00+05:30,85392.06,85423.17,85357.32,85379.14,85393.25682834802,38.98089127915052
2025-12-24T14:42:00+05:30,85382.42,85417.54,85379.87,85416.29,85399.015121261,52.56422053419935
2025-12-24T14:45:00+05:30,85417.63,85452.08,85396.3,85448.22,85411.31634094575,61.22047057849296
2025-12-24T14:48:00+05:30,85441.92,85451.71,85377.76,85377.76,85402.9272557093,41.65220730365197
2025-12-24T14:51:00+05:30,85380.13,85401.57,85345.98,85345.98,85388.69044178198,35.655176807665015
2025-12-24T14:54:00+05:30,85346.21,85445.03,85345.5,85396.52,85390.64783133648,49.220121511715824
2025-12-24T14:57:00+05:30,85393.76,85448.94,85391.5,85437.56,85402.37587350236,57.67358702158868
2025-12-24T15:00:00+05:30,85439.05,85453.86,85357.38,85359.62,85391.68690512677,42.133054099197146
2025-12-24T15:03:00+05:30,85356.67,85471.4,85342.19,85454.22,85407.32017884508,58.11487567687078
2025-12-24T15:06:00+05:30,85449.17,85487.86,85403.11,85442.99,85416.23763413381,55.97387645028454
2025-12-24T15:09:00+05:30,85436.56,85437.47,85355.35,85376.2,85406.22822560035,44.578407041849196
2025-12-24T15:12:00+05:30,85399.23,85464.88,85392.47,85464.88,85420.89116920027,57.865866031518365
2025-12-24T15:15:00+05:30,85459.74,85472.47,85373.73,85417.21,85419.9708769002,50.302444880247194
2025-12-24T15:18:00+05:30,85403.24,85438.92,85364.08,85393.57,85413.37065767516,46.76593740474493
2025-12-24T15:21:00+05:30,85392.93,85405.47,85378.91,85392.05,85408.04049325637,46.52059441839821
2025-12-24T15:24:00+05:30,85391.28,85405.59,85357.19,85393,85404.28036994228,46.72439209296387
2025-12-24T15:27:00+05:30,85394,85408.5,85353.94,85387.68,85400.13027745672,45.58935280012152
2025-12-26T09:15:00+05:30,85307.29,85378.51,85247.54,85318.55,85379.73520809253,33.318920307226676
2025-12-26T09:18:00+05:30,85317.51,85375.92,85313.85,85360.12,85374.8314060694,43.91003907717495
2025-12-26T09:21:00+05:30,85359.37,85362.66,85327.52,85334.91,85364.85105455204,39.474049590421956
2025-12-26T09:24:00+05:30,85336.17,85374.07,85334.42,85366.58,85365.28329091403,47.27997347274658
2025-12-26T09:27:00+05:30,85358.69,85370.99,85330.88,85341.29,85359.28496818552,42.20854159191219
2025-12-26T09:30:00+05:30,85341.93,85367.15,85282.76,85282.76,85340.15372613913,32.72941878631485
2025-12-26T09:33:00+05:30,85283.35,85288.64,85247.43,85258.03,85319.62279460435,29.46729487120217
2025-12-26T09:36:00+05:30,85257.81,85259.47,85228.61,85228.61,85296.86959595326,25.88634502796633
2025-12-26T09:39:00+05:30,85226.81,85234.49,85207.31,85229.6,85280.05219696494,26.23825249496022
2025-12-26T09:42:00+05:30,85231.29,85233.18,85189.24,85205.14,85261.3241477237,23.079441803648677
2025-12-26T09:45:00+05:30,85203.13,85219.59,85187.99,85187.99,85242.99061079278,21.010364397769422
2025-12-26T09:48:00+05:30,85187.66,85220.6,85183.19,85208.07,85234.26045809459,29.628169343853912
2025-12-26T09:51:00+05:30,85210.11,85210.63,85166.06,85178.27,85220.26284357095,24.92071247540774
2025-12-26T09:54:00+05:30,85179.28,85196.95,85169.22,85195.49,85214.0696326782,32.18466678764901
2025-12-26T09:57:00+05:30,85196,85228.36,85188.4,85225.94,85217.03722450865,43.46823471926902
2025-12-26T10:00:00+05:30,85219.75,85230.17,85184.61,85200.66,85212.94291838148,37.43520666100928
2025-12-26T10:03:00+05:30,85197.57,85247,85192.05,85239.43,85219.56468878611,49.88119913979754
2025-12-26T10:06:00+05:30,85236.56,85272.64,85234.95,85268.72,85231.85351658959,57.357877433904626
2025-12-26T10:09:00+05:30,85262,85273.13,85213.94,85231.76,85231.83013744219,47.02938954238332
2025-12-26T10:12:00+05:30,85234.87,85240.39,85223.92,85239.79,85233.82010308164,49.34159059707429
2025-12-26T10:15:00+05:30,85240.19,85241.44,85212.06,85219.04,85230.12507731123,43.60357107774674
2025-12-26T10:18:00+05:30,85220.44,85230,85200.97,85215.96,85226.58380798342,42.74279303799694
2025-12-26T10:21:00+05:30,85215.76,85219.53,85183.26,85205.64,85221.34785598757,39.68066181913174
2025-12-26T10:24:00+05:30,85197.89,85200.45,85181.96,85188.22,85213.06589199067,34.774547834245894
2025-12-26T10:27:00+05:30,85188.26,85224.84,85184.86,85216.53,85213.93191899301,47.16111310683341
2025-12-26T10:30:00+05:30,85214.6,85229.04,85201.88,85209,85212.69893924476,44.5365771338247
2025-12-26T10:33:00+05:30,85209.23,85229.93,85206.14,85215.91,85213.50170443357,47.65526119547196
2025-12-26T10:36:00+05:30,85216.22,85228.94,85207.81,85209.19,85212.42377832517,44.79731089095562
2025-12-26T10:39:00+05:30,85208.77,85242.17,85197.93,85230.72,85216.99783374388,54.90579627546261
2025-12-26T10:42:00+05:30,85229.02,85247.84,85218.08,85223.65,85218.6608753079,51.30647816771453
2025-12-26T10:45:00+05:30,85222.75,85227.61,85212.12,85221.4,85219.34565648093,50.0873757048615
2025-12-26T10:48:00+05:30,85223.76,85228.68,85209.07,85215.01,85218.2617423607,46.43185562143041
2025-12-26T10:51:00+05:30,85212.96,85224.41,85200.07,85221.32,85219.02630677052,50.58657013655342
2025-12-26T10:54:00+05:30,85220.33,85230.54,85186.56,85197.46,85213.6347300779,37.6905671057687
2025-12-26T10:57:00+05:30,85197.5,85228.86,85190.78,85211.18,85213.02104755843,46.79052401293498
2025-12-26T11:00:00+05:30,85209.7,85227.49,85205.46,85209.2,85212.06578566882,45.667596908353026
2025-12-26T11:03:00+05:30,85206.96,85218.63,85197.93,85205.07,85210.31683925161,43.14769899355573
2025-12-26T11:06:00+05:30,85205.61,85206.66,85173.21,85176.64,85201.89762943871,29.8983274308507
2025-12-26T11:09:00+05:30,85172.53,85189.69,85169.07,85171.65,85194.33572207903,28.129558770020395
2025-12-26T11:12:00+05:30,85171.58,85177.68,85152.14,85171.07,85188.51929155928,27.90569121152778
2025-12-26T11:15:00+05:30,85171.02,85173.16,85135.79,85142.8,85177.08946866947,19.211431983921145
2025-12-26T11:18:00+05:30,85142.62,85150.94,85135.78,85136.15,85166.8546015021,17.69818069666026
2025-12-26T11:21:00+05:30,85138.49,85150.53,85132.67,85138.95,85159.87845112657,20.76407122042346
2025-12-26T11:24:00+05:30,85141.65,85157.29,85129.2,85152.78,85158.10383834492,34.767175668504876
2025-12-26T11:27:00+05:30,85151.31,85153.08,85134.7,85143.26,85154.39287875869,30.446069233302367
2025-12-26T11:30:00+05:30,85144.65,85154.44,85116.65,85123.56,85146.68465906903,23.41905310144142
2025-12-26T11:33:00+05:30,85116.17,85122.13,85092.61,85095.18,85133.80849430177,16.873592304048373
2025-12-26T11:36:00+05:30,85094.88,85104.13,85087.51,85092.66,85123.52137072633,16.398784877950078
2025-12-26T11:39:00+05:30,85091.21,85107.71,85088.88,85088.88,85114.86102804475,15.629152333143324
2025-12-26T11:42:00+05:30,85088.38,85104.85,85075.03,85093.13,85109.42827103357,20.522009661304807
2025-12-26T11:45:00+05:30,85092.98,85097.07,85074.01,85074.01,85100.57370327518,15.733154561079473
2025-12-26T11:48:00+05:30,85073.57,85095.26,85071.68,85090.33,85098.01277745639,31.622442887473696
2025-12-26T11:51:00+05:30,85090,85101.65,85082.94,85087.96,85095.49958309229,30.643491911654635
2025-12-26T11:54:00+05:30,85088.08,85093.36,85076.47,85092.73,85094.80718731921,35.34345899599553
2025-12-26T11:57:00+05:30,85091.92,85112.33,85085.6,85089.2,85093.40539048941,33.38990297394494
2025-12-26T12:00:00+05:30,85097.08,85097.08,85077.33,85088.62,85092.20904286706,33.03983309710742
2025-12-26T12:03:00+05:30,85084.63,85093.54,85067.82,85087.14,85090.9417821503,32.039810005948866
2025-12-26T12:06:00+05:30,85084.85,85096.55,85075.9,85077.07,85087.47383661273,25.833079271371076
2025-12-26T12:09:00+05:30,85079.26,85089.17,85067.65,85086.32,85087.18537745955,38.583319422438045
2025-12-26T12:12:00+05:30,85086.92,85098.27,85082.52,85086.22,85086.94403309467,38.49984140736398
2025-12-26T12:15:00+05:30,85086.72,85102.74,85080.62,85102.74,85090.89302482101,56.59813855244778
2025-12-26T12:18:00+05:30,85102.76,85118.42,85094.22,85108.26,85095.23476861576,61.064769338233276
2025-12-26T12:21:00+05:30,85107.78,85108.13,85074.46,85080.63,85091.58357646182,38.14210968409038
2025-12-26T12:24:00+05:30,85081.03,85113.79,85081.03,85099.58,85093.58268234637,52.43036554141317
2025-12-26T12:27:00+05:30,85100.52,85108.44,85089.51,85092.64,85093.34701175978,47.72072073742622
2025-12-26T12:30:00+05:30,85093.16,85096.74,85053.42,85054.67,85083.67775881983,30.33030504481765
2025-12-26T12:33:00+05:30,85054.58,85069.09,85032.43,85044.58,85073.90331911488,27.251445537678748
2025-12-26T12:36:00+05:30,85049.09,85052.06,85021.16,85026.28,85061.99748933615,22.432998095324876
2025-12-26T12:39:00+05:30,85027.71,85047.62,85020.97,85023.92,85052.47811700212,21.851684856745365
2025-12-26T12:42:00+05:30,85022.46,85037.33,85022.25,85032.1,85047.3835877516,29.26396302146766
2025-12-26T12:45:00+05:30,85027.45,85041.12,85019.57,85026.54,85042.17269081369,27.216865754397574
2025-12-26T12:48:00+05:30,85026.47,85038.04,85018.25,85025.59,85038.02701811027,26.842561384488462
2025-12-26T12:51:00+05:30,85025.68,85041.3,85010.99,85041.3,85038.8452635827,42.18310975862711
2025-12-26T12:54:00+05:30,85041.42,85041.47,85015.83,85026.9,85035.85894768703,34.45653382820669
2025-12-26T12:57:00+05:30,85025.67,85026.96,85013.54,85015.66,85030.80921076526,29.530767292428692
2025-12-26T13:00:00+05:30,85016.78,85038.47,85016.78,85022.5,85028.73190807394,36.023931212433034
2025-12-26T13:03:00+05:30,85021.9,85027.51,85006.08,85020.04,85026.55893105545,34.683021477153886
2025-12-26T13:06:00+05:30,85013.56,85022.02,85000.22,85014.7,85023.59419829158,31.695198550529796
2025-12-26T13:09:00+05:30,85015.93,85021.26,85003.26,85014.8,85021.3956487187,31.82351374238098
2025-12-26T13:12:00+05:30,85015.01,85044.35,85011.24,85034.42,85024.65173653902,52.324273514252496
2025-12-26T13:15:00+05:30,85034.72,85059.58,85033.83,85052.28,85031.55880240427,63.864184190691184
2025-12-26T13:18:00+05:30,85052.24,85061.33,85045.44,85045.88,85035.1391018032,57.99545098691123
2025-12-26T13:21:00+05:30,85044.92,85069.28,85044.59,85063.37,85042.1968263524,67.51347644579235
2025-12-26T13:24:00+05:30,85063.19,85064.97,85051.67,85058.96,85046.38761976431,63.2944546605854
2025-12-26T13:27:00+05:30,85059.01,85070.96,85050.14,85061.05,85050.05321482323,64.52035468105221
2025-12-26T13:30:00+05:30,85060.84,85070.22,85042.95,85070.22,85055.09491111743,69.7003648231198
2025-12-26T13:33:00+05:30,85070.75,85071.86,85046.98,85049.17,85053.61368333807,50.107964186985136
2025-12-26T13:36:00+05:30,85050.28,85059.79,85041.09,85049.15,85052.49776250355,50.09235613343615
2025-12-26T13:39:00+05:30,85047.99,85064.22,85040.43,85043.95,85050.36082187766,45.76797628134512
2025-12-26T13:42:00+05:30,85043.65,85054.56,85039.7,85052.11,85050.79811640824,53.1694064012223
2025-12-26T13:45:00+05:30,85052.55,85072.89,85052.55,85069.87,85055.56608730619,65.22166025081934
2025-12-26T13:48:00+05:30,85068.51,85072.88,85054.48,85057.31,85056.00206547964,53.798153449001774
2025-12-26T13:51:00+05:30,85056.12,85070.02,85042.62,85061.48,85057.37154910972,56.73345685114145
2025-12-26T13:54:00+05:30,85061.2,85062.01,85037.01,85050.7,85055.70366183229,47.61067131746993
2025-12-26T13:57:00+05:30,85049.83,85070.05,85049.25,85058.63,85056.43524637423,53.96381607921928
2025-12-26T14:00:00+05:30,85064.88,85071.48,85058.11,85065.44,85058.68643478067,58.951141602034596
2025-12-26T14:03:00+05:30,85064.91,85069.3,85048.06,85049.06,85056.2798260855,45.20772705527228
2025-12-26T14:06:00+05:30,85049.94,85055.55,85035.43,85045.59,85053.60736956412,42.74481858713664
2025-12-26T14:09:00+05:30,85044.71,85044.71,85006.24,85027.86,85047.17052717309,32.26610094009884
2025-12-26T14:12:00+05:30,85027.11,85041.79,85018.54,85034.86,85044.09289537981,39.138429421026935
2025-12-26T14:15:00+05:30,85036.07,85049.86,85008.02,85015.74,85037.00467153486,29.575905728713067
2025-12-26T14:18:00+05:30,85015.71,85017.12,84978.88,84985.34,85024.08850365115,20.352089826316956
2025-12-26T14:21:00+05:30,84981.18,84983.46,84957.5,84972.2,85011.11637773836,17.586319552717868
2025-12-26T14:24:00+05:30,84972.3,84981.57,84954.9,84963.41,84999.18978330377,15.899983704190717
2025-12-26T14:27:00+05:30,84965.18,84993.3,84963.11,84987.47,84996.25983747782,35.6153548169564
2025-12-26T14:30:00+05:30,84986.3,84995.86,84977.88,84985.1,84993.46987810836,34.68102477970244
2025-12-26T14:33:00+05:30,84979.55,84982.47,84961.05,84963.89,84986.07490858127,27.224155034023283
2025-12-26T14:36:00+05:30,84962.79,84982.1,84962.79,84978.38,84984.15118143595,37.871263184306834
2025-12-26T14:39:00+05:30,84977.33,84984.22,84964.64,84983.15,84983.90088607697,41.176424140087754
2025-12-26T14:42:00+05:30,84980.35,84983.26,84955.57,84963.82,84978.88066455773,32.90131682053875
2025-12-26T14:45:00+05:30,84963.37,84980.78,84954.34,84958.03,84973.6679984183,30.74230540739586
2025-12-26T14:48:00+05:30,84957.24,84963.67,84943.81,84943.81,84966.20349881373,25.876874593065978
2025-12-26T14:51:00+05:30,84948.02,84976.37,84937.82,84972.44,84967.7626241103,45.96463430904126
2025-12-26T14:54:00+05:30,84971.74,84979.74,84966.57,84977.73,84970.25446808273,48.94712501695747
2025-12-26T14:57:00+05:30,84975.61,85020.37,84970.66,85020.37,84982.78335106204,66.39158022443098
2025-12-26T15:00:00+05:30,85018.94,85035.58,85015.52,85026.32,84993.66751329653,68.16259207925846
2025-12-26T15:03:00+05:30,85023.31,85039.3,85018.59,85031.14,85003.0356349724,69.672951746626
2025-12-26T15:06:00+05:30,85034.5,85051.49,85030.7,85040.09,85012.2992262293,72.49920286333113
2025-12-26T15:09:00+05:30,85044.12,85061.67,85041.57,85052.04,85022.23441967196,75.98536971567854
2025-12-26T15:12:00+05:30,85050.23,85075.23,85043.58,85073.9,85035.15081475397,81.09888309803927
2025-12-26T15:15:00+05:30,85066.75,85066.75,85016.64,85033.29,85034.68561106548,55.49011294273183
2025-12-26T15:18:00+05:30,85027.18,85048.53,85019.55,85038.48,85035.6342082991,57.49149868174779
2025-12-26T15:21:00+05:30,85040.06,85057.28,85039.11,85056.44,85040.83565622433,64.02264361005345
2025-12-26T15:24:00+05:30,85054.8,85075.88,85040.71,85060.88,85045.84674216824,65.54927881254054
2025-12-26T15:27:00+05:30,85060.52,85084.38,85037.8,85077.35,85053.72255662619,70.89421744615674
2025-12-29T09:15:00+05:30,85131.96,85250,84992.82,85058.1,85054.81691746964,58.514944767163065
2025-12-29T09:18:00+05:30,85058.65,85091.55,85047.64,85052.3,85054.18768810223,55.13099288027695
2025-12-29T09:21:00+05:30,85053.11,85075.93,85042.44,85075.42,85059.49576607667,64.6407090258179
2025-12-29T09:24:00+05:30,85078.06,85081.03,85049.6,85078.82,85064.3268245575,65.88136292746105
2025-12-29T09:27:00+05:30,85080.11,85097.96,85053.01,85060.58,85063.39011841813,54.018660976784226
2025-12-29T09:30:00+05:30,85056.48,85095.98,85056.48,85085.5,85068.9175888136,64.27263154056618
2025-12-29T09:33:00+05:30,85087.37,85136.45,85087.37,85130.86,85084.4031916102,75.75451484293828
2025-12-29T09:36:00+05:30,85129.41,85141.47,85108.75,85108.75,85090.48989370765,64.04908159465037
2025-12-29T09:39:00+05:30,85108.89,85139.21,85108.89,85120.21,85097.91992028074,67.12119769942952
2025-12-29T09:42:00+05:30,85120.64,85154.77,85103.6,85149.02,85110.69494021055,73.71020835762215
2025-12-29T09:45:00+05:30,85148.52,85171.09,85135.81,85141.14,85118.30620515792,69.27983032083522
2025-12-29T09:48:00+05:30,85142.43,85150.52,85126.21,85137.97,85123.22215386844,67.37910985834395
2025-12-29T09:51:00+05:30,85134.58,85137.52,85114.68,85123.87,85123.38411540134,58.98186908614572
2025-12-29T09:54:00+05:30,85123.88,85123.88,85053.49,85060.65,85107.700586551,35.70506559106616
2025-12-29T09:57:00+05:30,85059.02,85066.67,85003.39,85004.35,85081.86293991325,25.32237455382544
2025-12-29T10:00:00+05:30,85001.82,85012.36,84987.13,85005.7,85062.82220493493,25.924967590609327
2025-12-29T10:03:00+05:30,85005.25,85014.92,84975.54,84987.55,85044.0041537012,23.012345463994308
2025-12-29T10:06:00+05:30,84995.97,84996.15,84977.29,84977.86,85027.4681152759,21.50731252312076
2025-12-29T10:09:00+05:30,84986.34,85009.19,84975.04,85000.61,85020.75358645692,33.43218715617036
2025-12-29T10:12:00+05:30,85000.46,85005.55,84982.13,84994.41,85014.1676898427,31.89169563669654
2025-12-29T10:15:00+05:30,84991.94,85003.76,84969.93,84975.26,85004.44076738202,27.350379302867722
2025-12-29T10:18:00+05:30,84977.49,84986.13,84946.04,84951.05,84991.09307553651,22.603098489816645
2025-12-29T10:21:00+05:30,84951.4,84986.03,84949.5,84977.09,84987.59230665238,36.44574635823459
2025-12-29T10:24:00+05:30,84976.05,84999.32,84968.9,84980.72,84985.87422998929,38.24213501987286
2025-12-29T10:27:00+05:30,84974.05,84984.28,84963.96,84974.49,84983.02817249196,36.19372373058568
2025-12-29T10:30:00+05:30,84971.91,84972.98,84926.93,84927.86,84969.23612936898,24.65958895587741
2025-12-29T10:33:00+05:30,84928.54,84943.26,84918.41,84927.08,84958.69709702673,24.507176308503503
2025-12-29T10:36:00+05:30,84926.84,84944.99,84923.41,84926.56,84950.66282277004,24.38992944110406
2025-12-29T10:39:00+05:30,84927.16,84942.63,84913.77,84918.54,84942.63211707753,22.456747854326366
2025-12-29T10:42:00+05:30,84920.32,84921.99,84879.71,84879.71,84926.90158780816,15.51185384596181
2025-12-29T10:45:00+05:30,84879.01,84890.68,84860.09,84866.54,84911.81119085611,13.820592943442634
2025-12-29T10:48:00+05:30,84866.1,84883.07,84858.29,84868.09,84900.88089314208,15.091722013885587
2025-12-29T10:51:00+05:30,84871.57,84900.65,84859.49,84894.29,84899.23316985655,34.22411293334606
2025-12-29T10:54:00+05:30,84893.34,84903.01,84883.39,84893.14,84897.70987739242,33.83371079814923
2025-12-29T10:57:00+05:30,84894.05,84900.73,84873.98,84879.59,84893.17990804432,29.24747292846331
2025-12-29T11:00:00+05:30,84873.57,84887.94,84862.83,84868.5,84887.00993103324,25.895706490840922
2025-12-29T11:03:00+05:30,84867.69,84869.69,84822.38,84835.61,84874.15994827493,18.543032907017164
2025-12-29T11:06:00+05:30,84834.12,84835.28,84805.16,84818.02,84860.1249612062,15.752343786367405
2025-12-29T11:09:00+05:30,84817.2,84822.29,84803.3,84810.19,84847.64122090465,14.610422478556742
2025-12-29T11:12:00+05:30,84809.59,84821.95,84802.98,84815.47,84839.59841567848,19.217517208468607
2025-12-29T11:15:00+05:30,84814.37,84814.4,84800.41,84801.1,84829.97381175886,16.40680749218174
2025-12-29T11:18:00+05:30,84801.51,84807.19,84776.79,84778.98,84817.22535881914,12.993844832808975
2025-12-29T11:21:00+05:30,84778.83,84784.12,84760.18,84761.27,84803.23651911435,10.879822819044165
2025-12-29T11:24:00+05:30,84760.1,84778.01,84754.88,84773.33,84795.75988933576,21.08055588201462
2025-12-29T11:27:00+05:30,84770.96,84788.6,84764.04,84788,84793.81991700182,32.10862636455654
2025-12-29T11:30:00+05:30,84783.14,84791.7,84763.46,84775.23,84789.17243775136,28.118269978191776
2025-12-29T11:33:00+05:30,84774.37,84795.11,84770.85,84783.35,84787.71682831353,34.185922200226074
2025-12-29T11:36:00+05:30,84783.18,84790.49,84772.98,84781.55,84786.17512123514,33.45556750397445
2025-12-29T11:39:00+05:30,84781.12,84786.57,84771.27,84779.78,84784.57634092635,32.65520543649846
2025-12-29T11:42:00+05:30,84781.84,84795.14,84774.33,84786.81,84785.13475569476,39.37559479173762
2025-12-29T11:45:00+05:30,84787.43,84831.64,84785.68,84821.34,84794.18606677107,61.43105762031241
2025-12-29T11:48:00+05:30,84821.84,84837.95,84814.08,84827.05,84802.40205007831,63.96054882305199
2025-12-29T11:51:00+05:30,84827.62,84830.63,84798.9,84801.63,84802.20903755873,47.709356504321256
2025-12-29T11:54:00+05:30,84801.22,84816.36,84801.22,84806.17,84803.19927816905,50.33853270008288
2025-12-29T11:57:00+05:30,84806.56,84807.57,84787.84,84796.78,84801.59445862679,44.89198799817862
2025-12-29T12:00:00+05:30,84796.7,84802.94,84782.43,84792.26,84799.26084397009,42.32046404862258
2025-12-29T12:03:00+05:30,84792.13,84792.13,84766.68,84776.47,84793.56313297756,34.3103699057139
2025-12-29T12:06:00+05:30,84777.04,84787.37,84765.36,84787.37,84792.01484973317,42.99916532966196
2025-12-29T12:09:00+05:30,84787.9,84821.87,84782.72,84799.22,84793.81613729987,51.18809522280168
2025-12-29T12:12:00+05:30,84798.86,84806.94,84790.8,84803.49,84796.2346029749,53.96819423982154
2025-12-29T12:15:00+05:30,84803.63,84814.27,84792.01,84792.89,84795.39845223118,46.32651325847562
2025-12-29T12:18:00+05:30,84792.85,84807.5,84780.99,84788.69,84793.72133917338,43.480507124899205
2025-12-29T12:21:00+05:30,84788.4,84788.4,84751.33,84751.46,84783.15600438004,26.588277996282784
2025-12-29T12:24:00+05:30,84748.88,84770.91,84745.59,84757.99,84776.86450328503,31.99460908744213
2025-12-29T12:27:00+05:30,84759.5,84778.81,84758.14,84770.01,84775.15087746378,41.281129111857766
2025-12-29T12:30:00+05:30,84772.22,84785.13,84760.02,84776.93,84775.59565809782,46.21428688771861
2025-12-29T12:33:00+05:30,84778.77,84778.77,84750,84752.2,84769.74674357337,34.225772261144584
2025-12-29T12:36:00+05:30,84751.49,84762.21,84739.07,84753.25,84765.62255768004,35.06024421500673
2025-12-29T12:39:00+05:30,84753.03,84757.74,84734.46,84735.21,84758.01941826002,27.9519927146779
2025-12-29T12:42:00+05:30,84737.88,84750.76,84733.91,84747.59,84755.41206369502,38.01375550663008
2025-12-29T12:45:00+05:30,84746.94,84756,84735.79,84755.6,84755.45904777126,43.92501381324588
2025-12-29T12:48:00+05:30,84752.99,84755.22,84733.63,84738.68,84751.26428582845,35.56632375029565
2025-12-29T12:51:00+05:30,84740.39,84746.37,84731.99,84741.51,84748.82571437134,37.873271031026455
2025-12-29T12:54:00+05:30,84733.96,84752.4,84725.61,84749.67,84749.0367857785,44.551551728258275
2025-12-29T12:57:00+05:30,84747.7,84762.7,84735.24,84761.07,84752.04508933387,52.81808190499822
2025-12-29T13:00:00+05:30,84759.99,84767.2,84754.29,84755.46,84752.8988170004,48.653664842268455
2025-12-29T13:03:00+05:30,84756.69,84781.99,84756.69,84766.66,84756.3391127503,56.62006998982909
2025-12-29T13:06:00+05:30,84764.54,84788.85,84764.54,84786.98,84763.99933456272,67.344268146874
2025-12-29T13:09:00+05:30,84786.07,84790.94,84773.93,84783.8,84768.94950092204,64.43586983017397
2025-12-29T13:12:00+05:30,84783.4,84791.75,84738.69,84738.69,84761.38462569153,37.57771720354201
2025-12-29T13:15:00+05:30,84739.75,84747.28,84690.97,84695.6,84744.93846926864,25.65882928440449
2025-12-29T13:18:00+05:30,84695.8,84719.78,84685.32,84705.28,84735.02385195148,31.364416217619578
2025-12-29T13:21:00+05:30,84704.92,84715.54,84688.63,84697.88,84725.73788896362,29.355059479390235
2025-12-29T13:24:00+05:30,84699.06,84708,84693.2,84703.3,84720.12841672271,33.02169985860185
2025-12-29T13:27:00+05:30,84703.35,84716.31,84696,84716.31,84719.17381254204,41.521492529163794
2025-12-29T13:30:00+05:30,84716.7,84720.09,84702.63,84712.3,84717.45535940654,39.70939588204793
2025-12-29T13:33:00+05:30,84715.63,84724.02,84700.01,84704.3,84714.1665195549,36.04772990372911
2025-12-29T13:36:00+05:30,84704.8,84704.8,84670.14,84680.46,84705.73988966618,27.296707973267658
2025-12-29T13:39:00+05:30,84681.26,84681.26,84650.12,84652.95,84692.54241724963,20.572991083233035
2025-12-29T13:42:00+05:30,84653.15,84686.28,84653.15,84682.37,84689.99931293722,39.24463797960303
2025-12-29T13:45:00+05:30,84681.65,84713.52,84676.43,84705.91,84693.97698470291,50.177843645053656
2025-12-29T13:48:00+05:30,84705.76,84715.69,84700.42,84710.81,84698.18523852718,52.263993029789766
2025-12-29T13:51:00+05:30,84710.38,84728.58,84703.96,84723.53,84704.52142889539,57.63623159177919
2025-12-29T13:54:00+05:30,84725.98,84734.17,84698.8,84700.9,84703.61607167154,46.72237292476221
2025-12-29T13:57:00+05:30,84702.2,84723.56,84702.2,84718.62,84707.36705375365,54.5794511762878
2025-12-29T14:00:00+05:30,84718.65,84734.79,84710.79,84729.61,84712.92779031524,58.95886816377844
2025-12-29T14:03:00+05:30,84729.26,84730.43,84710.44,84728.98,84716.94084273643,58.58111232870082
2025-12-29T14:06:00+05:30,84727.49,84735.35,84719.14,84729.85,84720.16813205232,59.00429309054746
2025-12-29T14:09:00+05:30,84724.7,84759.45,84722.22,84740.4,84725.22609903924,64.18170158221673
2025-12-29T14:12:00+05:30,84740.98,84748.31,84712.59,84713.55,84722.30707427944,46.67814622847494
2025-12-29T14:15:00+05:30,84713.26,84716.29,84672.73,84680.97,84711.97280570958,33.67655984781419
2025-12-29T14:18:00+05:30,84680.36,84680.36,84650.88,84662.59,84699.62710428218,28.45924204660915
2025-12-29T14:21:00+05:30,84666.31,84695.25,84658.05,84695.25,84698.53282821164,45.85051478948472
2025-12-29T14:24:00+05:30,84690.1,84791.59,84690.1,84778.86,84718.61462115873,68.62809403446191
2025-12-29T14:27:00+05:30,84779.07,84800.5,84750.89,84752.16,84727.00096586905,59.3301207533926
2025-12-29T14:30:00+05:30,84754.55,84757.21,84724.13,84746.69,84731.92322440179,57.469131585185615
2025-12-29T14:33:00+05:30,84745.12,84766.38,84731.65,84735.93,84732.92491830135,53.61002844911868
2025-12-29T14:36:00+05:30,84735.11,84738.32,84709.8,84729.56,84732.08368872601,51.23383096057742
2025-12-29T14:39:00+05:30,84729.15,84736.81,84701.76,84703.55,84724.9502665445,42.30192171781456
2025-12-29T14:42:00+05:30,84702.51,84707.98,84686.51,84693.19,84717.01019990837,39.131749010865924
2025-12-29T14:45:00+05:30,84696.38,84698.16,84680.91,84697.12,84712.03764993127,41.08574122132487
2025-12-29T14:48:00+05:30,84697.33,84716.26,84693.46,84707.01,84710.78073744845,46.16015990610181
2025-12-29T14:51:00+05:30,84708.58,84721.31,84689.69,84710.88,84710.80555308633,48.1971142547581
2025-12-29T14:54:00+05:30,84702.66,84709.92,84662.6,84671.9,84701.07916481476,33.36397719654961
2025-12-29T14:57:00+05:30,84669.38,84698.88,84668.47,84678.08,84695.32937361106,36.9529500517523
2025-12-29T15:00:00+05:30,84682.4,84717.62,84637.86,84655.34,84685.3320302083,30.013480929316827
2025-12-29T15:03:00+05:30,84650.87,84709.2,84648.38,84702.03,84689.50652265623,51.72808323649493
2025-12-29T15:06:00+05:30,84702.55,84718.93,84696.34,84705.65,84693.54239199217,53.04586300408088
2025-12-29T15:09:00+05:30,84706.93,84717.63,84694.28,84695.4,84694.00679399414,48.657892769926875
2025-12-29T15:12:00+05:30,84694.26,84707.55,84691.67,84702.36,84696.0950954956,51.81545610011545
2025-12-29T15:15:00+05:30,84695.34,84696.98,84669.47,84694.09,84695.5938216217,47.744945915661546
2025-12-29T15:18:00+05:30,84691.07,84720.46,84682.71,84707.16,84698.48536621628,54.35625762147527
2025-12-29T15:21:00+05:30,84704.21,84723.27,84703.71,84723.27,84704.68152466221,61.38232345843745
2025-12-29T15:24:00+05:30,84723.16,84753.08,84723.16,84739.21,84713.31364349666,67.20904884243181
2025-12-29T15:27:00+05:30,84738.36,84741.55,84697.74,84707.68,84711.90523262249,49.85118317091082
2025-12-30T09:15:00+05:30,84693.91,84698.93,84522.77,84599.21,84683.73142446687,24.477942374581986
2025-12-30T09:18:00+05:30,84598.18,84598.18,84527.91,84529.63,84645.20606835015,17.725954262946217
2025-12-30T09:21:00+05:30,84531.32,84536.74,84500.71,84501.95,84609.3920512626,15.71418949597664
2025-12-30T09:24:00+05:30,84498.35,84509.64,84480.69,84485.41,84578.39653844695,14.562046962141622
2025-12-30T09:27:00+05:30,84486.93,84506.06,84470.94,84491.89,84556.76990383521,17.332404487079856
2025-12-30T09:30:00+05:30,84492.39,84512.3,84489.62,84496.25,84541.63992787641,19.384335227846407
2025-12-30T09:33:00+05:30,84497.86,84570.59,84496.1,84570.59,84548.8774459073,46.0314831268217
2025-12-30T09:36:00+05:30,84570.4,84603.34,84567.15,84600.5,84561.78308443047,53.28037016184605
2025-12-30T09:39:00+05:30,84599.28,84632.63,84586.64,84622.79,84577.03481332285,58.16579981339572
2025-12-30T09:42:00+05:30,84624.16,84684.57,84622.56,84681.41,84603.12860999214,68.32753319091992
2025-12-30T09:45:00+05:30,84681.88,84688.93,84600.35,84603.08,84603.1164574941,49.5603280899458
2025-12-30T09:48:00+05:30,84603.98,84612.85,84567.39,84574.98,84596.08234312058,44.45050841508262
2025-12-30T09:51:00+05:30,84575.62,84662.26,84575.37,84648.02,84609.06675734044,57.681743882463174
2025-12-30T09:54:00+05:30,84652.85,84709.35,84642.56,84687.06,84628.56506800532,63.15443969118702
2025-12-30T09:57:00+05:30,84687.12,84700.5,84656.97,84658.78,84636.11880100399,56.93218499434774
2025-12-30T10:00:00+05:30,84656.12,84659.26,84614.63,84655.6,84640.989100753,56.205713021611174
2025-12-30T10:03:00+05:30,84654.85,84658.8,84634.02,84636.21,84639.79432556476,51.52831397134331
2025-12-30T10:06:00+05:30,84637.08,84651.2,84620.19,84625.91,84636.32324417357,49.001133299944
2025-12-30T10:09:00+05:30,84625.92,84653.74,84618.56,84645.71,84638.66993313018,54.05478600005966
2025-12-30T10:12:00+05:30,84645.9,84704.15,84634.17,84684.33,84650.08494984763,62.50888124766158
2025-12-30T10:15:00+05:30,84684.78,84721.99,84684.78,84718.65,84667.22621238572,68.51521416696052
2025-12-30T10:18:00+05:30,84719.25,84754.93,84708.69,84754.93,84689.15215928928,73.70970764080867
2025-12-30T10:21:00+05:30,84749.78,84757.74,84734.36,84737.58,84701.25911946697,67.49667243341446
2025-12-30T10:24:00+05:30,84739.43,84778.42,84737.75,84773.93,84719.42683960023,73.04932498285862
2025-12-30T10:27:00+05:30,84772.54,84788.57,84764.71,84770.43,84732.17762970016,71.67387756150067
2025-12-30T10:30:00+05:30,84773.21,84800.87,84771.92,84781.6,84744.53322227512,73.52962870885887
2025-12-30T10:33:00+05:30,84781.1,84802.64,84778.8,84783.41,84754.25241670634,73.85346015909951
2025-12-30T10:36:00+05:30,84779.11,84779.11,84716.71,84716.71,84744.86681252976,48.398019073427754
2025-12-30T10:39:00+05:30,84717.28,84728.58,84700.68,84706.37,84735.24260939732,45.55803282661095
2025-12-30T10:42:00+05:30,84705.67,84711.83,84695.09,84703.91,84727.409457048,44.827905743049044
2025-12-30T10:45:00+05:30,84704.79,84704.79,84667.03,84676.11,84714.58459278599,37.008236782368876
2025-12-30T10:48:00+05:30,84675.42,84698.87,84668.12,84697.89,84710.4109445895,45.67057085516934
2025-12-30T10:51:00+05:30,84698.37,84705.13,84652.44,84653.81,84696.26070844213,34.476173442187914
2025-12-30T10:54:00+05:30,84652.99,84658.19,84632.51,84645.52,84683.5755313316,32.716658513348904
2025-12-30T10:57:00+05:30,84643.93,84662.36,84633.68,84646.71,84674.35914849871,33.28685499647777
2025-12-30T11:00:00+05:30,84646.95,84656.19,84639.19,84646.71,84667.44686137403,33.286854996477786
2025-12-30T11:03:00+05:30,84647.25,84659.73,84631.08,84654.34,84664.17014603052,37.88107777282881
2025-12-30T11:06:00+05:30,84656.27,84659.41,84639.03,84655.1,84661.90260952289,38.37425009699688
2025-12-30T11:09:00+05:30,84659.78,84662.02,84595.76,84609.04,84648.68695714217,24.577646033390764
2025-12-30T11:12:00+05:30,84609.18,84636.29,84600.98,84624.25,84642.57771785662,33.75351511372409
2025-12-30T11:15:00+05:30,84624.66,84630.18,84612.53,84628.63,84639.09078839247,36.35489523651522
2025-12-30T11:18:00+05:30,84628.41,84638.28,84611.62,84632.05,84637.33059129435,38.55296120401023
2025-12-30T11:21:00+05:30,84634.22,84638.64,84600.03,84606.92,84629.72794347076,29.746134886034383
2025-12-30T11:24:00+05:30,84607.5,84610.14,84595.23,84609.71,84624.72345760308,31.765090695327032
2025-12-30T11:27:00+05:30,84609.91,84617,84593.05,84594.75,84617.2300932023,26.924688416272318
2025-12-30T11:30:00+05:30,84594.4,84594.86,84569.65,84581.48,84608.29256990174,23.257155118260087
2025-12-30T11:33:00+05:30,84581.33,84584.91,84542.65,84542.65,84591.8819274263,15.875032440275291
2025-12-30T11:36:00+05:30,84542.72,84558.93,84538.32,84541.09,84579.18394556972,15.642314597633103
2025-12-30T11:39:00+05:30,84541.76,84559.65,84536.57,84550.99,84572.13545917728,23.901694335553998
2025-12-30T11:42:00+05:30,84551.44,84592.25,84551.14,84592.25,84577.16409438296,48.44505101839216
2025-12-30T11:45:00+05:30,84591.26,84608.29,84582.02,84594.98,84581.61807078721,49.69741196017643
2025-12-30T11:48:00+05:30,84593,84609.34,84586.7,84601.21,84586.51605309041,52.753071229952894
2025-12-30T11:51:00+05:30,84600.92,84601.77,84579.1,84587.89,84586.85953981781,45.81157924413965
2025-12-30T11:54:00+05:30,84586.46,84589.08,84544.8,84548.63,84577.30215486337,31.54028068761177
2025-12-30T11:57:00+05:30,84549.33,84560.2,84532.25,84544.22,84569.03161614752,30.303162294173447
2025-12-30T12:00:00+05:30,84542.71,84567.14,84536.24,84545.91,84563.25121211064,31.50433023268218
2025-12-30T12:03:00+05:30,84545.46,84549.03,84535.94,84541.54,84557.82340908298,29.94732451107204
2025-12-30T12:06:00+05:30,84540.33,84563.55,84529.94,84558.54,84558.00255681224,42.78156581128639
2025-12-30T12:09:00+05:30,84557.8,84575.7,84549.67,84557.73,84557.93441760918,42.35026085343273
2025-12-30T12:12:00+05:30,84556.96,84558.4,84506.86,84518.19,84547.99831320689,26.903554892662015
2025-12-30T12:15:00+05:30,84521.57,84527.87,84513.26,84527.7,84542.92373490517,33.69010091260259
2025-12-30T12:18:00+05:30,84530.71,84540.1,84527.04,84534.69,84540.86530117888,38.58006159245459
2025-12-30T12:21:00+05:30,84534.89,84538.54,84514.57,84519.39,84535.49647588417,32.46615377880693
2025-12-30T12:24:00+05:30,84521.13,84533.24,84501.55,84532.75,84534.80985691313,41.853472626916925
2025-12-30T12:27:00+05:30,84534.36,84534.36,84510.05,84515.9,84530.08239268484,34.74668009590634
2025-12-30T12:30:00+05:30,84513.8,84527.93,84510.57,84524.49,84528.68429451363,40.73218892347144
2025-12-30T12:33:00+05:30,84524.61,84556.93,84523.34,84550.05,84534.02572088523,55.0466499590138
2025-12-30T12:36:00+05:30,84551.18,84575.65,84545.79,84572.84,84543.72929066392,64.07291961742754
2025-12-30T12:39:00+05:30,84571.96,84593.26,84569.73,84580.01,84552.79946799795,66.53899761721866
2025-12-30T12:42:00+05:30,84572.09,84589.02,84567.91,84582.56,84560.23960099847,67.46560432899338
2025-12-30T12:45:00+05:30,84582.71,84583.81,84560.66,84572.91,84563.40720074886,60.11575067284495
2025-12-30T12:48:00+05:30,84578.63,84610.37,84578.63,84610.37,84575.14790056164,73.2926722724893
2025-12-30T12:51:00+05:30,84605.37,84605.41,84554.45,84566.75,84573.04842542124,50.587657570123724
2025-12-30T12:54:00+05:30,84568.8,84579.12,84562.3,84568.98,84572.03131906592,51.48407752535848
2025-12-30T12:57:00+05:30,84568.99,84569.91,84539.8,84542.84,84564.73348929944,41.25002202294702
2025-12-30T13:00:00+05:30,84544.02,84558.03,84531.95,84532.42,84556.65511697458,37.75935572335832
2025-12-30T13:03:00+05:30,84532.51,84541.81,84528.15,84538.07,84552.00883773094,40.92191086569429
2025-12-30T13:06:00+05:30,84537.58,84548.25,84524.82,84537.56,84548.39662829821,40.704104409653
2025-12-30T13:09:00+05:30,84538.02,84542.3,84514.15,84528.24,84543.35747122366,36.55585967193017
2025-12-30T13:12:00+05:30,84525.87,84553.37,84519.14,84544.05,84543.53060341775,47.20432989942096
2025-12-30T13:15:00+05:30,84543.71,84556.7,84540.79,84555.07,84546.41545256332,53.544865430676325
2025-12-30T13:18:00+05:30,84555.41,84578.35,84544.88,84566.87,84551.52908942249,59.60524487306578
2025-12-30T13:21:00+05:30,84564.3,84568.95,84549.77,84554.34,84552.23181706687,51.3123879376365
2025-12-30T13:24:00+05:30,84554.67,84556.91,84532.1,84546.55,84550.81136280016,46.608883356630535
2025-12-30T13:27:00+05:30,84546.45,84569.11,84531.42,84567.13,84554.89102210011,58.37025130644294
2025-12-30T13:30:00+05:30,84567.59,84591.47,84552.57,84587.1,84562.94326657508,66.67977671391512
2025-12-30T13:33:00+05:30,84581.79,84612.09,84576.53,84609.78,84574.65244993131,73.64896101163586
2025-12-30T13:36:00+05:30,84610.13,84629.07,84608.83,84613.8,84584.43933744848,74.74143839311046
2025-12-30T13:39:00+05:30,84614.92,84644.89,84609.98,84644.5,84599.45450308637,81.55475133597976
2025-12-30T13:42:00+05:30,84645.12,84678.56,84635.96,84673.44,84617.95087731478,85.774781899863
2025-12-30T13:45:00+05:30,84674.32,84717.61,84672.51,84717,84642.71315798609,89.85189104167273
2025-12-30T13:48:00+05:30,84721.41,84749.56,84721.38,84729.08,84664.30486848956,90.71306640463578
2025-12-30T13:51:00+05:30,84728.25,84728.25,84665.9,84685.55,84669.61615136717,66.86011525877876
2025-12-30T13:54:00+05:30,84687.17,84687.17,84661.41,84666.68,84668.88211352538,59.01236277451252
2025-12-30T13:57:00+05:30,84665.29,84671.15,84656.52,84665.79,84668.10908514404,58.63366728664458
2025-12-30T14:00:00+05:30,84663.17,84709.49,84662.33,84688.56,84673.22181385802,65.28339919115058
2025-12-30T14:03:00+05:30,84689.65,84698.21,84680.8,84685.16,84676.20636039352,63.50500613489342
2025-12-30T14:06:00+05:30,84685.7,84686.39,84664.75,84669.04,84674.41477029514,55.18907274288452
2025-12-30T14:09:00+05:30,84667.81,84683.12,84659.37,84677.86,84675.27607772136,58.64585793159772
2025-12-30T14:12:00+05:30,84678.04,84689.17,84666.79,84679.48,84676.32705829102,59.31833944887512
2025-12-30T14:15:00+05:30,84680.3,84726.44,84680.3,84722.66,84687.91029371826,72.98120357344224
2025-12-30T14:18:00+05:30,84722.54,84725.01,84679.12,84679.12,84685.71272028869,52.31291302148668
2025-12-30T14:21:00+05:30,84677.12,84683.66,84652.97,84662.92,84680.01454021652,46.58597943229214
2025-12-30T14:24:00+05:30,84661.66,84667.77,84608.93,84613.14,84663.29590516239,33.45578548888645
2025-12-30T14:27:00+05:30,84611.6,84614,84590.25,84601.26,84647.78692887179,31.021419274782517
2025-12-30T14:30:00+05:30,84598.06,84652.29,84593.27,84650.83,84648.54769665384,49.063697172294916
2025-12-30T14:33:00+05:30,84651.88,84666.48,84643.9,84646.94,84648.14577249039,47.916237852660196
2025-12-30T14:36:00+05:30,84647.58,84647.58,84614.55,84634.23,84644.6668293678,43.99417173135992
2025-12-30T14:39:00+05:30,84631.77,84656.54,84621.9,84625.89,84639.97262202585,41.39999377559445
2025-12-30T14:42:00+05:30,84623.84,84691.19,84623.61,84682.12,84650.50946651938,59.967867291222525
2025-12-30T14:45:00+05:30,84679.28,84679.28,84641.59,84674.8,84656.58209988954,57.214522669719166
2025-12-30T14:48:00+05:30,84674.78,84708.01,84668.14,84705.56,84668.82657491716,65.07576096465083
2025-12-30T14:51:00+05:30,84703.47,84715.18,84691.23,84694.9,84675.34493118786,60.57577439503841
2025-12-30T14:54:00+05:30,84694.87,84694.87,84658.54,84687.6,84678.40869839091,57.40438564819394
2025-12-30T14:57:00+05:30,84688.97,84689.14,84647.82,84669.51,84676.18402379318,49.857866282211326
2025-12-30T15:00:00+05:30,84664.35,84667.13,84583.83,84605.48,84658.50801784488,32.31507987109096
2025-12-30T15:03:00+05:30,84605.21,84697,84595.06,84693.79,84667.32851338366,56.78284250303108
2025-12-30T15:06:00+05:30,84693.63,84737.94,84603.4,84648.89,84662.71888503774,46.756784353187854
2025-12-30T15:09:00+05:30,84654.85,84672.75,84626.36,84636.5,84656.1641637783,44.241896734813665
2025-12-30T15:12:00+05:30,84637.08,84680.38,84618.94,84665.3,84658.44812283372,51.33959649386807
2025-12-30T15:15:00+05:30,84667.69,84683.15,84646.39,84675.72,84662.7660921253,53.820884973077426
2025-12-30T15:18:00+05:30,84674.35,84686.66,84647.86,84678.87,84666.79206909396,54.63670759772325
2025-12-30T15:21:00+05:30,84682.21,84692.89,84661.62,84679.49,84669.96655182047,54.81999152106093
2025-12-30T15:24:00+05:30,84675.34,84728.69,84667.14,84717.4,84681.82491386535,64.92842684270778
2025-12-30T15:27:00+05:30,84713.65,84804.82,84713.65,84803.17,84712.16118539902,77.95021079921196
2025-12-31T09:15:00+05:30,84831.29,84929.46,84769.43,84876.47,84753.23838904926,83.9075543316749
2025-12-31T09:18:00+05:30,84873.11,84893.7,84858.81,84869.83,84782.38629178694,81.57821220794438
2025-12-31T09:21:00+05:30,84869.74,84876.43,84841.88,84847.56,84798.6797188402,73.58501500433724
2025-12-31T09:24:00+05:30,84844.9,84876.06,84757.92,84766.47,84790.62728913015,51.958138491810985
2025-12-31T09:27:00+05:30,84762.58,84889.98,84746.21,84882.55,84813.60796684762,67.77534006582543
2025-12-31T09:30:00+05:30,84872.57,84910.82,84840.19,84844.72,84821.38597513571,60.235099747073285
2025-12-31T09:33:00+05:30,84844.66,84875.1,84786.79,84787.73,84812.97198135179,50.38342102616845
2025-12-31T09:36:00+05:30,84790.07,84846.5,84784.06,84811.04,84812.48898601384,53.97545562000207
2025-12-31T09:39:00+05:30,84808.79,84860.1,84795.46,84826.62,84816.02173951038,56.43483231490826
2025-12-31T09:42:00+05:30,84826.58,84837.46,84722.46,84725.83,84793.47380463278,40.21569061479042
2025-12-31T09:45:00+05:30,84726.07,84786.16,84709.38,84765.41,84786.4578534746,47.171590165528485
2025-12-31T09:48:00+05:30,84763.74,84766.68,84741.4,84766.68,84781.51339010595,47.400687939753006
2025-12-31T09:51:00+05:30,84771.41,84788.64,84738.29,84773.99,84779.63254257946,48.88911373786498
2025-12-31T09:54:00+05:30,84773.97,84775.97,84730.9,84757.28,84774.0444069346,45.45852742592731
2025-12-31T09:57:00+05:30,84761.54,84806.54,84743.71,84772.04,84773.54330520095,49.13658401827874
2025-12-31T10:00:00+05:30,84779.32,84791.95,84721.09,84760.94,84770.39247890071,46.39175222789808
2025-12-31T10:03:00+05:30,84752.8,84796.06,84705.57,84716.97,84757.03685917554,36.87266026607439
2025-12-31T10:06:00+05:30,84715.91,84796.16,84707.56,84782.19,84763.32514438166,53.4142980992121
2025-12-31T10:09:00+05:30,84786.14,84802.7,84753.35,84793.33,84770.82635828624,55.72614739974262
2025-12-31T10:12:00+05:30,84793.1,84811.95,84762.25,84811.95,84781.10726871468,59.63257024595731
2025-12-31T10:15:00+05:30,84811.44,84834.1,84803.52,84820.09,84790.85295153601,61.37092252325232
2025-12-31T10:18:00+05:30,84810.48,84844.92,84794.34,84810.02,84795.64471365201,57.779766061970705
2025-12-31T10:21:00+05:30,84811.79,84850.64,84811.01,84835.67,84805.65103523902,64.03393108144272
2025-12-31T10:24:00+05:30,84834.23,84846.55,84807.26,84814.64,84807.89827642926,56.08683719194692
2025-12-31T10:27:00+05:30,84807.34,84853.17,84800.35,84823.44,84811.78370732194,58.59546526299369
2025-12-31T10:30:00+05:30,84824.23,84905.44,84819.08,84874.53,84827.47028049146,70.14680577741994
2025-12-31T10:33:00+05:30,84874.2,84908.81,84870.04,84885.18,84841.89771036859,72.04362453942802
2025-12-31T10:36:00+05:30,84885.51,84892.95,84871.86,84878.54,84851.05828277644,68.86108258456169
2025-12-31T10:39:00+05:30,84877.15,84912.49,84859.19,84911.17,84866.08621208233,75.15375508066367
2025-12-31T10:42:00+05:30,84923.08,84940.08,84903.73,84932.03,84882.57215906175,78.40811900852428
2025-12-31T10:45:00+05:30,84927.2,84954.41,84897.87,84919.47,84891.7966192963,71.8017544359131
2025-12-31T10:48:00+05:30,84920.2,84920.2,84890.74,84909.57,84896.23996447223,66.63854929959936
2025-12-31T10:51:00+05:30,84901.8,84929.92,84891.82,84928.65,84904.34247335418,71.28188625683114
2025-12-31T10:54:00+05:30,84929.06,84930.31,84907.7,84923.95,84909.24435501563,68.540326482462
2025-12-31T10:57:00+05:30,84925.4,84942.07,84916.35,84940.96,84917.17326626173,72.93546311983576
2025-12-31T11:00:00+05:30,84943.07,84957.12,84927.2,84946.93,84924.61244969629,74.39991907729323
2025-12-31T11:03:00+05:30,84948.51,84974.16,84944,84957.76,84932.89933727222,77.03037231706939
2025-12-31T11:06:00+05:30,84955.55,84971.92,84948.03,84954.45,84938.28700295417,74.30785712415226
2025-12-31T11:09:00+05:30,84954.99,84960.45,84937.27,84944.17,84939.75775221562,65.87214016965189
2025-12-31T11:12:00+05:30,84944.74,84972.56,84939.98,84965.3,84946.14331416172,73.17483081669846
2025-12-31T11:15:00+05:30,84963.28,85008.87,84959.54,84983.08,84955.37748562128,77.83162246609226
2025-12-31T11:18:00+05:30,84980.2,85012.68,84947.61,84948.11,84953.56061421597,55.659973341003436
2025-12-31T11:21:00+05:30,84948,84980.37,84935.43,84948.08,84952.19046066198,55.64410858070365
2025-12-31T11:24:00+05:30,84947.05,84965.07,84939.04,84951.04,84951.90284549649,57.053198134674346
2025-12-31T11:27:00+05:30,84950.25,84956.42,84914.36,84939.73,84948.85963412236,49.97592711818031
2025-12-31T11:30:00+05:30,84926.86,84942.21,84909.92,84935.01,84945.39722559176,47.12947045445652
2025-12-31T11:33:00+05:30,84935.49,84963.35,84926,84938.66,84943.71291919381,49.71347343787755
2025-12-31T11:36:00+05:30,84939.89,84993.28,84939.89,84986.19,84954.33218939535,71.1412923812524
2025-12-31T11:39:00+05:30,84988.05,85016.12,84979.35,85003.16,84966.53914204652,75.49144806000385
2025-12-31T11:42:00+05:30,85002.64,85028.82,84998.15,85019.85,84979.86685653489,79.10540634151727
2025-12-31T11:45:00+05:30,85013.3,85013.3,84977.25,85000.34,84984.98514240117,65.86077074785806
2025-12-31T11:48:00+05:30,84996.28,85038.99,84992.8,85037.25,84998.05135680088,75.07257702922632
2025-12-31T11:51:00+05:30,85037.64,85066.97,85020.4,85065.79,85014.98601760066,79.95245529595994
2025-12-31T11:54:00+05:30,85063.91,85069.41,85002.88,85022.2,85016.78951320049,59.27550238478246
2025-12-31T11:57:00+05:30,85027.21,85044.62,85016.33,85037.79,85022.03963490037,63.242044888445704
2025-12-31T12:00:00+05:30,85036.47,85054.67,84987.61,85035.07,85025.29722617529,62.01260879931116
2025-12-31T12:03:00+05:30,85034.47,85051.71,85006.55,85007.43,85020.83041963147,50.397463291951944
2025-12-31T12:06:00+05:30,85007.55,85056.25,85007.55,85054.47,85029.2403147236,63.84378904580302
2025-12-31T12:09:00+05:30,85055.31,85072.03,85051.9,85059.52,85036.8102360427,65.03106851529557
2025-12-31T12:12:00+05:30,85063,85087.67,85053.56,85085.62,85049.01267703202,70.8105833293813
2025-12-31T12:15:00+05:30,85085.44,85089.03,85069.18,85070.96,85054.49950777402,63.89087041954747
2025-12-31T12:18:00+05:30,85071.13,85092.54,85066.55,85086.07,85062.39213083051,67.68780918304607
2025-12-31T12:21:00+05:30,85085.19,85093.97,85071.99,85081.19,85067.09159812289,65.10819717151668
2025-12-31T12:24:00+05:30,85081.6,85123.5,85068.89,85088.95,85072.55619859217,67.41222306986228
2025-12-31T12:27:00+05:30,85089.01,85111.93,85086.06,85104.66,85080.58214894413,71.80901094311776
2025-12-31T12:30:00+05:30,85104.49,85128.19,85101.31,85128.19,85092.4841117081,77.18735872272312
2025-12-31T12:33:00+05:30,85127.66,85159.8,85115.82,85158.5,85108.98808378106,82.27062439416386
2025-12-31T12:36:00+05:30,85157.52,85174.79,85144.05,85166.87,85123.45856283579,83.45813633487734
2025-12-31T12:39:00+05:30,85166.91,85184.56,85153.02,85183.92,85138.57392212684,85.72969300296319
2025-12-31T12:42:00+05:30,85184.15,85202.31,85171.1,85200.85,85154.14294159514,87.68825807859082
2025-12-31T12:45:00+05:30,85200.63,85238.25,85200.63,85231.5,85173.48220619635,90.45515944695805
2025-12-31T12:48:00+05:30,85228.7,85258.62,85228.36,85251.93,85193.09415464726,91.87511868634226
2025-12-31T12:51:00+05:30,85251.2,85287.89,85248.61,85287.11,85216.59811598544,93.7446510897612
2025-12-31T12:54:00+05:30,85287.72,85302.87,85275.01,85286.09,85233.97108698908,93.02063801099118
2025-12-31T12:57:00+05:30,85285.2,85310.8,85283.16,85291.54,85248.36331524182,93.34121900133239
2025-12-31T13:00:00+05:30,85292.06,85320.05,85292.06,85293.14,85259.55748643137,93.44435440657297
2025-12-31T13:03:00+05:30,85298.32,85305.45,85289.27,85296.53,85268.80061482353,93.68608857340398
2025-12-31T13:06:00+05:30,85298.71,85298.71,85279.57,85284.68,85272.77046111765,81.43930429760674
2025-12-31T13:09:00+05:30,85283.52,85299.82,85282.47,85291.93,85277.56034583822,83.0233423066541
2025-12-31T13:12:00+05:30,85294.78,85313.55,85290.83,85312.23,85286.22775937867,86.72442980185801
2025-12-31T13:15:00+05:30,85313.9,85315.85,85279.59,85279.59,85284.56831953401,61.55220188119883
2025-12-31T13:18:00+05:30,85278.96,85307.45,85259.33,85307.45,85290.28873965051,70.1733088092699
2025-12-31T13:21:00+05:30,85302.92,85345.91,85291.13,85344.7,85303.89155473789,77.90240250357058
2025-12-31T13:24:00+05:30,85345.19,85346.07,85302.81,85313.3,85306.24366605341,62.08136639112644
2025-12-31T13:27:00+05:30,85313.67,85335.83,85304.86,85304.86,85305.89774954006,58.3643754625786
2025-12-31T13:30:00+05:30,85304.97,85351.76,85304.97,85324.12,85310.45331215505,64.08867429651515
2025-12-31T13:33:00+05:30,85326.05,85338.74,85285.23,85319.16,85312.62998411628,61.54634577293303
2025-12-31T13:36:00+05:30,85318.61,85318.61,85258.24,85272.36,85302.56248808722,42.83934482137266
2025-12-31T13:39:00+05:30,85272.21,85297.56,85255.95,85296.77,85301.11436606542,51.761406971700204
2025-12-31T13:42:00+05:30,85297.82,85314.41,85267.72,85292.04,85298.84577454906,49.99718294611219
2025-12-31T13:45:00+05:30,85288.47,85326.89,85279.73,85301.44,85299.4943309118,53.659233808244025
2025-12-31T13:48:00+05:30,85299.02,85332.66,85289.03,85319.75,85304.55824818385,60.27135667125849
2025-12-31T13:51:00+05:30,85315.94,85335.55,85298.7,85298.7,85303.09368613789,50.58968734087153
2025-12-31T13:54:00+05:30,85297.55,85333.93,85296.59,85322.62,85307.97526460342,59.26463322164069
2025-12-31T13:57:00+05:30,85321.8,85401.1,85321.8,85374.36,85324.57144845257,71.77150974375495
2025-12-31T14:00:00+05:30,85374.83,85376.86,85299.87,85313.16,85321.71858633943,50.41228790481227
2025-12-31T14:03:00+05:30,85310.42,85339.46,85308.12,85335.67,85325.20643975458,56.027720135638226
2025-12-31T14:06:00+05:30,85333.9,85377.24,85331.69,85339.46,85328.76982981594,56.98457020032298
2025-12-31T14:09:00+05:30,85340.79,85370.59,85338.35,85354.82,85335.28237236195,60.997454637775974
2025-12-31T14:12:00+05:30,85355.17,85358.37,85346.38,85348,85338.46177927146,58.185630962808176
2025-12-31T14:15:00+05:30,85348.86,85353.19,85320.13,85320.45,85333.95883445359,47.80087617961279
2025-12-31T14:18:00+05:30,85323.54,85357.15,85318.36,85347.39,85337.31662584019,56.63126843507292
2025-12-31T14:21:00+05:30,85349.86,85358.06,85299.46,85302.28,85328.55746938015,42.5646946138464
2025-12-31T14:24:00+05:30,85303.94,85348.19,85285.69,85330.75,85329.10560203511,51.4449918354306
2025-12-31T14:27:00+05:30,85330.28,85367.73,85314.12,85328.22,85328.88420152634,50.633348806888996
2025-12-31T14:30:00+05:30,85327.66,85366.28,85327.05,85335.14,85330.44815114475,52.99957422467812
2025-12-31T14:33:00+05:30,85334.79,85374.56,85318.29,85368.55,85339.97361335857,62.99135329783511
2025-12-31T14:36:00+05:30,85368.06,85386.34,85331.49,85386.34,85351.56521001892,67.30872246206852
2025-12-31T14:39:00+05:30,85386.88,85408.05,85365.34,85401.91,85364.15140751419,70.7883411528211
2025-12-31T14:42:00+05:30,85402,85432.83,85393.52,85417.3,85377.43855563564,73.98188175668454
2025-12-31T14:45:00+05:30,85417.94,85437.17,85410.33,85429.51,85390.45641672672,76.37273794711281
2025-12-31T14:48:00+05:30,85428.99,85431.28,85405.61,85405.61,85394.24481254505,63.125850654915176
2025-12-31T14:51:00+05:30,85405.97,85411.67,85365.55,85368.85,85387.89610940879,48.14198512872455
2025-12-31T14:54:00+05:30,85366.36,85418.72,85366.36,85412.48,85394.04208205659,60.970271657702185
2025-12-31T14:57:00+05:30,85410.9,85413.51,85368.1,85385.09,85391.80406154244,51.6181744258107
2025-12-31T15:00:00+05:30,85379.49,85379.95,85250.31,85256,85357.85304615683,28.001476532743055
2025-12-31T15:03:00+05:30,85253.4,85256.85,85209.52,85220.32,85323.46978461763,24.4014102679658
2025-12-31T15:06:00+05:30,85221.47,85243.38,85215.15,85225.3,85298.92733846323,25.95164080832096
2025-12-31T15:09:00+05:30,85239.83,85253.14,85183.58,85183.58,85270.09050384742,21.618773471916597
2025-12-31T15:12:00+05:30,85176.72,85193.11,85154.17,85193.11,85250.84537788556,24.95773853121537
2025-12-31T15:15:00+05:30,85196.86,85237.04,85193.02,85212.86,85241.34903341417,31.965071302204976
2025-12-31T15:18:00+05:30,85207.23,85244.04,85176.49,85177.43,85225.36927506063,26.739327127062893
2025-12-31T15:21:00+05:30,85178.25,85223.31,85178.25,85211.2,85221.82695629547,38.008923101579214
2025-12-31T15:24:00+05:30,85210.88,85226.64,85200.92,85221.29,85221.6927172216,41.16384506466037
2025-12-31T15:27:00+05:30,85225.35,85256.38,85200.2,85208.64,85218.42953791619,38.311911464595426
2026-01-01T09:15:00+05:30,85253.06,85444.14,85253.06,85431.68,85271.74215343714,74.56325241435282
2026-01-01T09:18:00+05:30,85433.19,85438.12,85315.43,85358.92,85293.53661507786,60.93484272423422
2026-01-01T09:21:00+05:30,85357.89,85382.81,85303.28,85303.28,85295.9724613084,52.39159198314221
2026-01-01T09:24:00+05:30,85308.67,85369.38,85289.27,85289.61,85294.38184598129,50.36747405001329
2026-01-01T09:27:00+05:30,85302.02,85424.12,85302.02,85422.72,85326.46638448598,65.5065607169942
2026-01-01T09:30:00+05:30,85424.53,85424.53,85356.29,85363.53,85335.73228836448,56.55695749533674
2026-01-01T09:33:00+05:30,85364.4,85408.92,85349.14,85384.63,85347.95671627336,58.89266883798514
2026-01-01T09:36:00+05:30,85389.5,85402.22,85339.52,85343.42,85346.82253720502,52.46523640975288
2026-01-01T09:39:00+05:30,85343.98,85409.74,85332.47,85397.3,85359.44190290377,59.249209061956314
2026-01-01T09:42:00+05:30,85400.72,85417.58,85346.75,85410.48,85372.20142717782,60.84400678735412
2026-01-01T09:45:00+05:30,85415.11,85416.7,85337.89,85367.41,85371.00357038336,52.94455237487521
2026-01-01T09:48:00+05:30,85367.16,85438.52,85363.6,85438.52,85387.88267778752,62.35810173410235
2026-01-01T09:51:00+05:30,85436.46,85451.7,85408.65,85435.05,85399.67450834064,61.6558970827537
2026-01-01T09:54:00+05:30,85432.14,85440.81,85390.25,85407.59,85401.65338125548,55.84948522326067
2026-01-01T09:57:00+05:30,85407.18,85412.83,85293.2,85318.04,85380.75003594162,41.11723801618317
2026-01-01T10:00:00+05:30,85317.4,85352,85298.19,85352,85373.56252695622,47.27109573414641
2026-01-01T10:03:00+05:30,85350.17,85393.42,85348.5,85360.15,85370.20939521716,48.770155782272894
2026-01-01T10:06:00+05:30,85361.31,85402.96,85350.11,85363.09,85368.42954641287,49.375865313319345
2026-01-01T10:09:00+05:30,85359.91,85374.12,85295.99,85296.9,85350.54715980965,37.675647690643004
2026-01-01T10:12:00+05:30,85298.42,85305.27,85276.76,85301.35,85338.24786985724,38.81289147019768
2026-01-01T10:15:00+05:30,85302.63,85302.7,85244.97,85274.17,85322.22840239292,34.346884679374014
2026-01-01T10:18:00+05:30,85275.16,85279.19,85211.39,85248.84,85303.8813017947,30.52770520609971
2026-01-01T10:21:00+05:30,85248.55,85249.03,85171.01,85202.46,85278.52597634602,24.66818281686838
2026-01-01T10:24:00+05:30,85205.39,85306.92,85203.52,85296.33,85282.97698225951,48.16220750866636
2026-01-01T10:27:00+05:30,85297.44,85340.33,85295.66,85339.45,85297.09523669463,55.58558648662417
2026-01-01T10:30:00+05:30,85339.65,85355.22,85268.69,85355.22,85311.62642752097,58.143122132907585
2026-01-01T10:33:00+05:30,85354.14,85371.81,85317.23,85371.81,85326.67232064073,60.90604555887569
2026-01-01T10:36:00+05:30,85373.98,85380.62,85309.36,85313.08,85323.27424048055,47.85867273462154
2026-01-01T10:39:00+05:30,85313.13,85351.91,85285.59,85304.07,85318.47318036041,46.091436949565654
2026-01-01T10:42:00+05:30,85301.9,85340.27,85297.33,85321.82,85319.30988527031,50.30873464753351
2026-01-01T10:45:00+05:30,85320.63,85378.41,85319.84,85378.41,85334.08491395274,61.508910336998625
2026-01-01T10:48:00+05:30,85379.12,85405.84,85375.8,85402.9,85351.28868546456,65.44163748507776
2026-01-01T10:51:00+05:30,85405.13,85410.08,85385.68,85403.25,85364.27901409843,65.50040990787195
2026-01-01T10:54:00+05:30,85408.94,85412.65,85369.02,85375.45,85367.07176057382,56.58315575851469
2026-01-01T10:57:00+05:30,85373.82,85376.3,85326.96,85360.82,85365.50882043036,52.218427262612316
2026-01-01T11:00:00+05:30,85360.77,85401.34,85344.48,85377.14,85368.41661532277,56.57762217927778
2026-01-01T11:03:00+05:30,85385.71,85387.92,85311.29,85373.09,85369.58496149207,55.12166097777901
2026-01-01T11:06:00+05:30,85376.07,85376.07,85322.95,85324.15,85358.22622111905,40.44751867074503
2026-01-01T11:09:00+05:30,85323.99,85354.01,85301.59,85336.07,85352.68716583929,44.635644842267844
2026-01-01T11:12:00+05:30,85336.09,85368.86,85307.63,85365.08,85355.78537437947,53.85079439557606
2026-01-01T11:15:00+05:30,85362.98,85364.06,85295.94,85334.87,85350.5565307846,44.79283311166629
2026-01-01T11:18:00+05:30,85333.26,85347.12,85323.82,85342.36,85348.50739808845,47.35424592951492
2026-01-01T11:21:00+05:30,85335.05,85355.72,85322.64,85326.27,85342.94804856634,42.42147550030153
2026-01-01T11:24:00+05:30,85330.06,85359.23,85294.02,85359.23,85347.01853642476,53.89840847965804
2026-01-01T11:27:00+05:30,85356.95,85364.68,85309.11,85343.2,85346.06390231856,48.42193982047652
2026-01-01T11:30:00+05:30,85340.1,85344.07,85295.07,85295.07,85333.31542673893,35.71147177308302
2026-01-01T11:33:00+05:30,85293.53,85316.17,85274.19,85282.35,85320.5740700542,33.03756973830397
2026-01-01T11:36:00+05:30,85280.3,85317.79,85270.35,85309.5,85317.80555254064,43.56078020342306
2026-01-01T11:39:00+05:30,85308.61,85321.89,85267.35,85267.35,85305.19166440549,33.909014825941895
2026-01-01T11:42:00+05:30,85266.66,85296.32,85238.37,85255.8,85292.84374830412,31.665983771861136
2026-01-01T11:45:00+05:30,85255.98,85262.49,85208.15,85213.25,85272.94531122809,24.65612451285247
2026-01-01T11:48:00+05:30,85213.35,85246.99,85210.6,85231.82,85262.66398342107,32.28815489810279
2026-01-01T11:51:00+05:30,85230.75,85235.14,85186.92,85199.8,85246.9479875658,26.822443586270794
2026-01-01T11:54:00+05:30,85205.7,85264.53,85198.67,85245.78,85246.65599067435,42.99013185431487
2026-01-01T11:57:00+05:30,85245.11,85269,85208.38,85259.11,85249.76949300576,46.954097131113514
2026-01-01T12:00:00+05:30,85255.1,85276.73,85242.25,85251.92,85250.30711975432,44.98575603830151
2026-01-01T12:03:00+05:30,85251.59,85263.07,85209.14,85233.77,85246.17283981574,40.04220138962827
2026-01-01T12:06:00+05:30,85236.48,85242.61,85161.56,85167.91,85226.6071298618,27.32850019071985
2026-01-01T12:09:00+05:30,85173.19,85208,85168.85,85194.75,85218.64284739635,36.8600946476854
2026-01-01T12:12:00+05:30,85193.42,85206.26,85166.67,85181.88,85209.45213554727,34.340390844486805
2026-01-01T12:15:00+05:30,85183.86,85183.86,85132,85133.17,85190.38160166045,26.37831277988157
2026-01-01T12:18:00+05:30,85133.89,85209.44,85118.82,85176.83,85186.99370124534,40.74505204414427
2026-01-01T12:21:00+05:30,85177.46,85222.16,85176.32,85213.85,85193.70777593402,50.33289224648592
2026-01-01T12:24:00+05:30,85219.12,85245.07,85212.59,85241.32,85205.61083195051,56.435284043160664
2026-01-01T12:27:00+05:30,85240.91,85290.97,85240.75,85247.2,85216.00812396288,57.73218401624067
2026-01-01T12:30:00+05:30,85246.18,85259.62,85205.12,85234.25,85220.56859297215,53.629969418201064
2026-01-01T12:33:00+05:30,85234.63,85270.14,85216.25,85252.12,85228.45644472912,58.38990100998465
2026-01-01T12:36:00+05:30,85251.76,85268.59,85208.3,85223.88,85227.31233354684,49.097829348395514
2026-01-01T12:39:00+05:30,85223.21,85223.21,85167.27,85172.3,85213.55925016013,36.66457321265784
2026-01-01T12:42:00+05:30,85170.77,85234.04,85170.07,85218.33,85214.75193762011,49.8790099548654
2026-01-01T12:45:00+05:30,85216.29,85281,85209.1,85261.48,85226.43395321508,59.19103525556385
2026-01-01T12:48:00+05:30,85261.78,85291.55,85242.72,85248.97,85232.06796491132,55.69130023739525
2026-01-01T12:51:00+05:30,85250.39,85280.32,85220.55,85265.21,85240.35347368348,59.33294404889543
2026-01-01T12:54:00+05:30,85267.19,85267.19,85233.84,85255.39,85244.1126052626,56.081329821322136
2026-01-01T12:57:00+05:30,85256.47,85276.8,85251.63,85262.25,85248.64695394695,57.95906730985597
2026-01-01T13:00:00+05:30,85262.55,85274.01,85231.89,85245.8,85247.93521546022,51.76710696360494
2026-01-01T13:03:00+05:30,85241.08,85271.04,85240.7,85249.02,85248.20641159517,52.91583807147259
2026-01-01T13:06:00+05:30,85248.02,85288.47,85246.4,85274.41,85254.75730869637,61.37771417805626
2026-01-01T13:09:00+05:30,85265.4,85292.29,85245.05,85265.7,85257.49298152227,57.25921086321892
2026-01-01T13:12:00+05:30,85263.67,85269.4,85226.69,85269.4,85260.4697361417,58.634816734808936
2026-01-01T13:15:00+05:30,85275.47,85309.62,85253.33,85308.79,85272.54980210628,70.44804794920354
2026-01-01T13:18:00+05:30,85306.92,85312.11,85268.57,85290.48,85277.0323515797,61.00055284300716
2026-01-01T13:21:00+05:30,85291,85298.23,85204.57,85227.67,85264.69176368478,39.6957039385243
2026-01-01T13:24:00+05:30,85226.81,85233.9,85177.15,85233.41,85256.87132276359,41.860638790275544
2026-01-01T13:27:00+05:30,85233.42,85280.45,85208.26,85269.49,85260.0259920727,53.977015867004745
2026-01-01T13:30:00+05:30,85268.56,85293.77,85252.4,85261.18,85260.31449405452,51.114624682525125
2026-01-01T13:33:00+05:30,85254.3,85282.83,85245.35,85258.8,85259.93587054088,50.22468603300277
2026-01-01T13:36:00+05:30,85257.94,85286.05,85226.2,85254.33,85258.53440290566,48.37903557689532
2026-01-01T13:39:00+05:30,85258.34,85266.98,85225.67,85238.62,85253.55580217924,42.0439664749587
2026-01-01T13:42:00+05:30,85237.68,85249.77,85227.5,85245.87,85251.63435163442,45.860893403086415
2026-01-01T13:45:00+05:30,85244.77,85256.99,85230.76,85234.43,85247.33326372581,40.90190050506722
2026-01-01T13:48:00+05:30,85234.6,85274.97,85230.49,85266.45,85252.11244779435,56.32380120121149
2026-01-01T13:51:00+05:30,85266.1,85289.04,85256.55,85284.62,85260.23933584576,62.75778900188611
2026-01-01T13:54:00+05:30,85285.24,85298.75,85276.42,85294.93,85268.91200188432,66.06688700769723
2026-01-01T13:57:00+05:30,85291.65,85299.55,85274.25,85291.03,85274.44150141324,63.57397874347419
2026-01-01T14:00:00+05:30,85290.58,85298.49,85257.39,85257.39,85270.17862605993,46.07753277599665
2026-01-01T14:03:00+05:30,85255.38,85345.39,85254.19,85321.52,85283.01396954495,66.55141615526058
2026-01-01T14:06:00+05:30,85320.02,85328.79,85297.68,85319.24,85292.0704771587,65.51955373162943
2026-01-01T14:09:00+05:30,85316.39,85326.03,85289.75,85321.04,85299.31285786902,66.00502515189666
2026-01-01T14:12:00+05:30,85320.7,85328.07,85284.81,85307.66,85301.39964340176,58.82268407228186
2026-01-01T14:15:00+05:30,85308.05,85331.16,85296.66,85302.86,85301.76473255132,56.26041988157871
2026-01-01T14:18:00+05:30,85303.24,85336.35,85296.53,85335.14,85310.10854941349,67.40127950779022
2026-01-01T14:21:00+05:30,85335.02,85340.17,85267.52,85293.34,85305.91641206012,48.672256630922526
2026-01-01T14:24:00+05:30,85293.77,85300.15,85259.88,85260.81,85294.6398090451,38.86657440272017
2026-01-01T14:27:00+05:30,85258.95,85296.35,85243.56,85253.27,85284.29735678382,36.85855146931243
2026-01-01T14:30:00+05:30,85247.25,85280.15,85243.83,85262.47,85278.84051758787,41.18418566017934
2026-01-01T14:33:00+05:30,85264.78,85304.2,85264.78,85302.61,85284.78288819091,56.39124568468992
2026-01-01T14:36:00+05:30,85300.57,85302.34,85279.42,85292.36,85286.67716614318,52.35823449976897
2026-01-01T14:39:00+05:30,85290.23,85297.54,85266.93,85281.2,85285.30787460739,47.997832935383144
2026-01-01T14:42:00+05:30,85276.06,85296.28,85263.83,85269.32,85281.31090595554,43.49881283969576
2026-01-01T14:45:00+05:30,85268.56,85307.26,85246.37,85276.96,85280.22317946666,47.21126819332069
2026-01-01T14:48:00+05:30,85275.72,85289.64,85239.46,85266.35,85276.7548846,42.66888492993476
2026-01-01T14:51:00+05:30,85269.02,85291.2,85244.37,85285.89,85279.03866345,52.490343029798694
2026-01-01T14:54:00+05:30,85279.1,85294.56,85224.41,85292.51,85282.40649758751,55.50330437638703
2026-01-01T14:57:00+05:30,85287.36,85292.45,85241.85,85269.41,85279.15737319062,44.11417331664139
2026-01-01T15:00:00+05:30,85270.39,85282.47,85210.5,85210.5,85261.99302989297,27.391363878533724
2026-01-01T15:03:00+05:30,85211.52,85283.04,85153.44,85277.42,85265.84977241972,51.67138812753609
2026-01-01T15:06:00+05:30,85275.93,85283.01,85225.69,85262.45,85264.9998293148,47.52389634054801
2026-01-01T15:09:00+05:30,85261.6,85285.64,85165.15,85198.62,85248.4048719861,33.962935543513964
2026-01-01T15:12:00+05:30,85198.32,85222.2,85154.8,85180.66,85231.46865398958,31.054060333494576
2026-01-01T15:15:00+05:30,85170.04,85206.44,85101.52,85106.86,85200.31649049219,22.01482156163941
2026-01-01T15:18:00+05:30,85108.43,85197.83,85108.43,85162.61,85190.88986786915,37.936388563522755
2026-01-01T15:21:00+05:30,85160.95,85192.41,85156.21,85191.6,85191.06740090187,44.77628450752273
2026-01-01T15:24:00+05:30,85192,85192,85154.69,85181.05,85188.5630506764,42.774803344818366
2026-01-01T15:27:00+05:30,85171.53,85196.51,85156.15,85172.11,85184.4497880073,40.96453350454427
2026-01-02T09:15:00+05:30,85233.88,85327.44,85068.88,85303.71,85214.26484100548,65.81239879227113
2026-01-02T09:18:00+05:30,85307.75,85326.73,85265.04,85320.86,85240.9136307541,67.86857840951458
2026-01-02T09:21:00+05:30,85322.66,85370.42,85304.21,85365.61,85272.08772306558,72.84113507012704
2026-01-02T09:24:00+05:30,85364.61,85375.8,85316.43,85326.87,85285.78329229918,62.994932209392786
2026-01-02T09:27:00+05:30,85330.06,85399.92,85321.98,85390.79,85312.03496922439,70.63568136506674
2026-01-02T09:30:00+05:30,85392.05,85418.57,85359.01,85415.3,85337.8512269183,73.11869142332162
2026-01-02T09:33:00+05:30,85414.44,85414.54,85347.52,85353.07,85341.65592018873,58.47280240721787
2026-01-02T09:36:00+05:30,85349.08,85379.49,85348.73,85361.59,85346.63944014155,59.76024892611718
2026-01-02T09:39:00+05:30,85363.59,85452.05,85362,85452.05,85372.99208010617,70.92557639280014
2026-01-02T09:42:00+05:30,85454.53,85533.73,85454.53,85522.69,85410.41656007963,76.79223044964024
2026-01-02T09:45:00+05:30,85525.18,85550.72,85513.65,85541.09,85443.08492005971,78.1330824824872
2026-01-02T09:48:00+05:30,85539.99,85567.26,85534.98,85553.77,85470.75619004479,79.10373618223403
2026-01-02T09:51:00+05:30,85553.2,85595.53,85548.76,85569.03,85495.3246425336,80.32967913482337
2026-01-02T09:54:00+05:30,85569.58,85605.55,85567.34,85599.35,85521.3309819002,82.68450111286094
2026-01-02T09:57:00+05:30,85598.9,85603.91,85553.93,85553.93,85529.48073642515,68.37815474202849
2026-01-02T10:00:00+05:30,85554.76,85581.09,85543.5,85553.06,85535.37555231886,68.11478557430839
2026-01-02T10:03:00+05:30,85553.66,85567.09,85524.26,85543.11,85537.30916423915,64.78531816360402
2026-01-02T10:06:00+05:30,85544.68,85553.46,85518.21,85524.92,85534.21187317936,58.66889287429208
2026-01-02T10:09:00+05:30,85526.57,85526.57,85495.35,85508.71,85527.83640488453,53.42490209121838
2026-01-02T10:12:00+05:30,85502.56,85546.13,85496.8,85543.14,85531.6623036634,61.87026969275351
2026-01-02T10:15:00+05:30,85543.91,85582.86,85541.7,85555.21,85537.54922774754,64.50281431155187
2026-01-02T10:18:00+05:30,85556.53,85565.09,85523.42,85533.46,85536.52692081066,56.32705934648162
2026-01-02T10:21:00+05:30,85535.9,85550.65,85521.26,85534,85535.89519060799,56.48681321449622
2026-01-02T10:24:00+05:30,85530.43,85558.94,85525.15,85542.84,85537.63139295598,59.3282445106512
2026-01-02T10:27:00+05:30,85543,85543.46,85511.47,85516.42,85532.32854471699,48.32510926519362
2026-01-02T10:30:00+05:30,85517.85,85524.49,85483.98,85484.06,85520.26140853774,38.2010856800592
2026-01-02T10:33:00+05:30,85485.58,85516.37,85482.94,85511.66,85518.11105640332,48.86153175684026
2026-01-02T10:36:00+05:30,85510.44,85531.06,85510.44,85520.63,85518.74079230249,52.00100527851021
2026-01-02T10:39:00+05:30,85521.26,85550.9,85513.26,85544.12,85525.08559422687,59.58192794388063
2026-01-02T10:42:00+05:30,85543.12,85548.05,85516.69,85522.47,85524.43169567015,50.93217299878064
2026-01-02T10:45:00+05:30,85521.96,85554.66,85515.73,85553.5,85531.69877175262,60.516747499698724
2026-01-02T10:48:00+05:30,85555.93,85561.38,85527.11,85545.65,85535.18657881446,57.21804106259097
2026-01-02T10:51:00+05:30,85551.94,85555.84,85526.6,85535.48,85535.25993411084,52.86276164518985
2026-01-02T10:54:00+05:30,85535.36,85546.47,85518.03,85518.03,85530.95245058314,45.87301281416963
2026-01-02T10:57:00+05:30,85516.35,85545.18,85516.35,85545.18,85534.50933793734,56.349625503616984
2026-01-02T11:00:00+05:30,85546.52,85550.25,85521.95,85532.98,85534.127003453,51.15849897461277
2026-01-02T11:03:00+05:30,85528.89,85532.97,85512.81,85519.39,85530.44275258975,45.68853766894869
2026-01-02T11:06:00+05:30,85521.09,85521.09,85494.68,85500.72,85523.01206444232,39.00431686949479
2026-01-02T11:09:00+05:30,85500.76,85517.87,85482.57,85482.57,85512.90154833173,33.45342005559105
2026-01-02T11:12:00+05:30,85483.74,85522.37,85481.16,85505.15,85510.9636612488,44.84598926220219
2026-01-02T11:15:00+05:30,85504.51,85530.48,85503.98,85520.8,85513.4227459366,51.55260683557469
2026-01-02T11:18:00+05:30,85521.63,85547.21,85521.25,85540.62,85520.22205945244,58.93121424727089
2026-01-02T11:21:00+05:30,85539.38,85561.39,85527,85551.67,85528.08404458933,62.632894217939224
2026-01-02T11:24:00+05:30,85547.81,85558.16,85531.6,85542.59,85531.71053344199,57.65131982060692
2026-01-02T11:27:00+05:30,85541.77,85569.98,85538.18,85569.98,85541.27790008149,66.91274549065412
2026-01-02T11:30:00+05:30,85570.36,85592.31,85557.62,85577.77,85550.40092506111,69.15129699064138
2026-01-02T11:33:00+05:30,85576.97,85614.99,85573.85,85602.21,85563.35319379583,75.2743114624771
2026-01-02T11:36:00+05:30,85601.8,85608.75,85589.45,85608.75,85574.70239534687,76.71705652478107
2026-01-02T11:39:00+05:30,85609.47,85616.89,85596.92,85605.55,85582.41429651016,74.24406865741281
2026-01-02T11:42:00+05:30,85605.12,85629.67,85601.44,85622.7,85592.48572238263,78.56447930236338
2026-01-02T11:45:00+05:30,85620.33,85622.4,85592.16,85610.93,85597.09679178697,69.26193933764195
2026-01-02T11:48:00+05:30,85609.91,85638.49,85609.91,85624.14,85603.85759384022,73.38792069515988
2026-01-02T11:51:00+05:30,85624.58,85642.85,85621.55,85642.85,85613.60569538016,78.21902008302865
2026-01-02T11:54:00+05:30,85642.65,85658.35,85636.85,85636.85,85619.41677153512,73.24433647452753
2026-01-02T11:57:00+05:30,85638.34,85639.23,85605.22,85619.36,85619.40257865134,60.219418424398945
2026-01-02T12:00:00+05:30,85612.4,85618.52,85591.91,85603.77,85615.4944339885,50.821137412847804
2026-01-02T12:03:00+05:30,85603.08,85635.37,85596.02,85627.91,85618.59832549137,61.637023515761726
2026-01-02T12:06:00+05:30,85630.43,85636.32,85617.14,85624.43,85620.05624411853,59.4384554847948
2026-01-02T12:09:00+05:30,85624.88,85636.16,85612.19,85634.73,85623.72468308889,63.886531703779895
2026-01-02T12:12:00+05:30,85634.53,85641.78,85626.01,85631.73,85625.72601231666,61.59139480335799
2026-01-02T12:15:00+05:30,85630.97,85636.81,85602.71,85612.86,85622.5095092375,48.74159279565695
2026-01-02T12:18:00+05:30,85613.91,85624.26,85596.1,85621.24,85622.19213192812,53.74175878020809
2026-01-02T12:21:00+05:30,85621.1,85648.21,85621.1,85639.05,85626.4065989461,62.751207265440776
2026-01-02T12:24:00+05:30,85638.36,85661.09,85637.57,85647,85631.55494920957,66.18137268593763
2026-01-02T12:27:00+05:30,85646.89,85675.53,85645.32,85662.42,85639.27121190718,72.01337209630611
2026-01-02T12:30:00+05:30,85662.02,85674.86,85652.36,85672.11,85647.48090893039,75.15456298267927
2026-01-02T12:33:00+05:30,85671.99,85706.49,85670.48,85702.34,85661.19568169779,82.36050852430745
2026-01-02T12:36:00+05:30,85701.53,85701.53,85673.13,85683.46,85666.76176127334,67.99197011464753
2026-01-02T12:39:00+05:30,85683.05,85689.44,85674.03,85679.55,85669.95882095501,65.24191236760888
2026-01-02T12:42:00+05:30,85676.67,85689.03,85666.49,85666.49,85669.09161571626,56.358906385991055
2026-01-02T12:45:00+05:30,85671.06,85674.06,85655.34,85656.62,85665.9737117872,50.31830670608725
2026-01-02T12:48:00+05:30,85653.71,85656.33,85619.88,85632.62,85657.6352838404,38.58590203690271
2026-01-02T12:51:00+05:30,85632.57,85644.2,85622.13,85636.44,85652.3364628803,41.13460930691757
2026-01-02T12:54:00+05:30,85636.04,85648.52,85627.22,85647.76,85651.19234716022,48.52069599567017
2026-01-02T12:57:00+05:30,85646.67,85649.56,85634.36,85645.49,85649.76676037017,47.13699429142673
2026-01-02T13:00:00+05:30,85639.23,85660.2,85634.42,85644.16,85648.36507027762,46.23570235288119
2026-01-02T13:03:00+05:30,85643.57,85668.11,85633.62,85664.79,85652.47130270822,60.05675972885323
2026-01-02T13:06:00+05:30,85665.91,85668.34,85648.6,85655.47,85653.22097703116,52.89055964752951
2026-01-02T13:09:00+05:30,85658.1,85665.53,85649.64,85654.72,85653.59573277336,52.304611542006725
2026-01-02T13:12:00+05:30,85652.71,85671.31,85652.71,85657.53,85654.57929958001,54.50759741391154
2026-01-02T13:15:00+05:30,85657.35,85664.93,85648.64,85658.6,85655.58447468502,55.42229446754611
2026-01-02T13:18:00+05:30,85656.97,85668.09,85653.29,85667.73,85658.62085601376,62.85679177968482
2026-01-02T13:21:00+05:30,85666.92,85692.05,85663.93,85685.67,85665.38314201032,73.12989603143366
2026-01-02T13:24:00+05:30,85685.78,85692.65,85670.24,85672.12,85667.06735650774,58.7994636782191
2026-01-02T13:27:00+05:30,85671.86,85680.07,85660.57,85661.86,85665.76551738082,50.12277015061884
2026-01-02T13:30:00+05:30,85663.97,85680.4,85661.55,85675.27,85668.14163803561,59.28435174033985
2026-01-02T13:33:00+05:30,85674.86,85687.55,85661.47,85679.22,85670.9112285267,61.701823095990285
2026-01-02T13:36:00+05:30,85684.37,85690.27,85666.91,85669.7,85670.60842139502,52.874432486278934
2026-01-02T13:39:00+05:30,85668.72,85686.34,85664.72,85678.56,85672.59631604627,59.21058204096662
2026-01-02T13:42:00+05:30,85677.49,85680.02,85663.43,85673.88,85672.91723703471,54.679978286864824
2026-01-02T13:45:00+05:30,85673.19,85692.72,85664.92,85669.34,85672.02292777604,50.3221258601393
2026-01-02T13:48:00+05:30,85673.87,85680.69,85662.7,85672.2,85672.06719583203,53.07092585870256
2026-01-02T13:51:00+05:30,85671.58,85687.47,85661.86,85681.86,85674.51539687402,61.47167713511944
2026-01-02T13:54:00+05:30,85681.45,85686.09,85666.75,85666.75,85672.57404765551,46.335291928243194
2026-01-02T13:57:00+05:30,85666.73,85673.28,85646,85654.88,85668.15053574163,37.80395023498903
2026-01-02T14:00:00+05:30,85655.74,85667.91,85641.53,85641.53,85661.49540180623,30.447962378793875
2026-01-02T14:03:00+05:30,85642.32,85657.26,85634.67,85648.78,85658.31655135467,38.08153016648905
2026-01-02T14:06:00+05:30,85648.96,85655.33,85632.24,85651.99,85656.734913516,41.40355440738566
2026-01-02T14:09:00+05:30,85651.18,85677.5,85651.12,85677.5,85661.92618513701,60.86874242375566
2026-01-02T14:12:00+05:30,85676.68,85676.68,85660.62,85661.31,85661.77213885276,48.85275266722505
2026-01-02T14:15:00+05:30,85661.21,85675.82,85656.49,85667.24,85663.13910413957,52.83171595152282
2026-01-02T14:18:00+05:30,85667.89,85678.46,85658.59,85668.88,85664.57432810467,53.98667666556486
2026-01-02T14:21:00+05:30,85668.86,85693.52,85664.72,85688.9,85670.6557460785,65.88385763091611
2026-01-02T14:24:00+05:30,85689.25,85695.23,85675.56,85675.56,85671.88180955886,54.85743764625259
2026-01-02T14:27:00+05:30,85674.54,85684.53,85660.93,85661.5,85669.28635716916,45.49488339525326
2026-01-02T14:30:00+05:30,85661.73,85671.3,85610.02,85618.51,85656.59226787687,28.27844611722952
2026-01-02T14:33:00+05:30,85619.05,85621.21,85584.55,85590.11,85639.97170090766,21.893085991655326
2026-01-02T14:36:00+05:30,85589.85,85594.94,85567.83,85574.08,85623.49877568074,19.05911979297109
2026-01-02T14:39:00+05:30,85572.57,85581.66,85558.55,85572.25,85610.68658176056,18.7360984635213
2026-01-02T14:42:00+05:30,85573.61,85579.13,85562.99,85564.6,85599.16493632042,17.305646361530293
2026-01-02T14:45:00+05:30,85559.51,85572.6,85551.11,85557.19,85588.67120224031,15.931146344031589
2026-01-02T14:48:00+05:30,85557.17,85579.66,85546.8,85576.31,85585.58090168022,32.15310745443985
2026-01-02T14:51:00+05:30,85576.54,85617.03,85576.54,85602.6,85589.83567626018,48.190312753743335
2026-01-02T14:54:00+05:30,85604.09,85626.1,85603.03,85617.95,85596.86425719513,55.37547981531758
2026-01-02T14:57:00+05:30,85618.73,85639.5,85618.73,85632.92,85605.87819289634,61.45723551853407
2026-01-02T15:00:00+05:30,85637.56,85690.59,85637.56,85682.2,85624.95864467225,74.69985920710823
2026-01-02T15:03:00+05:30,85682.61,85704.4,85682.08,85699.83,85643.67648350418,77.87295382036197
2026-01-02T15:06:00+05:30,85699.59,85721.26,85697.01,85715.57,85661.64986262814,80.42953940679894
2026-01-02T15:09:00+05:30,85715.78,85770.22,85714.75,85765.08,85687.50739697111,86.25675579402788
2026-01-02T15:12:00+05:30,85765.38,85776.8,85742.13,85749.7,85703.05554772833,77.85523132353296
2026-01-02T15:15:00+05:30,85748.22,85756.18,85731.83,85753.23,85715.59916079625,78.41811608130344
2026-01-02T15:18:00+05:30,85755.07,85755.07,85733.95,85743.83,85722.65687059719,72.67885042215097
2026-01-02T15:21:00+05:30,85745.58,85783.3,85745.3,85780.87,85737.2101529479,79.5570337715093
2026-01-02T15:24:00+05:30,85781.15,85798.75,85766.62,85787.91,85749.88511471092,80.63790886660131
2026-01-02T15:27:00+05:30,85785.57,85810.29,85763.65,85810.29,85764.9863360332,83.81224207748099
2026-01-05T09:15:00+05:30,85636.81,85800.87,85636.05,85731.64,85756.6497520249,50.1215384973879
2026-01-05T09:18:00+05:30,85733.95,85784.9,85709.33,85719.68,85747.40731401867,46.785054802603014
2026-01-05T09:21:00+05:30,85711.27,85745.87,85635.65,85644.54,85721.690485514,31.443193255107445
2026-01-05T09:24:00+05:30,85642.5,85710.34,85574.22,85696.31,85715.3453641355,45.744310509654404
2026-01-05T09:27:00+05:30,85693.42,85702.76,85614.44,85633.85,85694.97152310163,35.36139387660178
2026-01-05T09:30:00+05:30,85631.33,85648.46,85575.9,85581.02,85666.48364232623,28.8905184773444
2026-01-05T09:33:00+05:30,85584.58,85591.77,85528.3,85560.97,85640.10523174467,26.725138198433257
2026-01-05T09:36:00+05:30,85561.02,85566.09,85516.75,85563.54,85620.96392380851,27.53733020010543
2026-01-05T09:39:00+05:30,85564.48,85642.44,85560.55,85595.08,85614.49294285638,37.462137610834375
2026-01-05T09:42:00+05:30,85593.6,85625.61,85553.81,85577.74,85605.30470714229,34.43685831883164
2026-01-05T09:45:00+05:30,85588.83,85611.98,85565.94,85579.18,85598.77353035672,34.94584701221477
2026-01-05T09:48:00+05:30,85581.32,85678.61,85581.32,85675.26,85617.89514776753,59.450592060261506
2026-01-05T09:51:00+05:30,85674.41,85680.01,85592.39,85657.6,85627.82136082565,55.007346158277024
2026-01-05T09:54:00+05:30,85644.88,85722.27,85639.37,85710.08,85648.38602061923,64.26647185770688
2026-01-05T09:57:00+05:30,85709.86,85710.4,85667.23,85682.22,85656.84451546443,57.00128050965408
2026-01-05T10:00:00+05:30,85687.19,85716.22,85659.16,85659.16,85657.42338659833,51.39111563237713
2026-01-05T10:03:00+05:30,85659.89,85667.05,85599.69,85636.52,85652.19753994874,46.18454686286134
2026-01-05T10:06:00+05:30,85643.62,85750.09,85643.5,85744.81,85675.35065496156,65.62095735872941
2026-01-05T10:09:00+05:30,85745.25,85782.42,85742.53,85765.22,85697.81799122116,68.15034414768873
2026-01-05T10:12:00+05:30,85766.56,85780.48,85748.56,85773.44,85716.72349341588,69.21459010736025
2026-01-05T10:15:00+05:30,85771.44,85801.77,85760.47,85798.9,85737.2676200619,72.53130856966885
2026-01-05T10:18:00+05:30,85799.57,85833.42,85783.5,85810.43,85755.55821504642,74.01067695321247
2026-01-05T10:21:00+05:30,85814.66,85843.02,85808.65,85823.25,85772.48116128481,75.70779045417534
2026-01-05T10:24:00+05:30,85825.32,85866.31,85825.32,85855.68,85793.28087096362,79.63289278506743
2026-01-05T10:27:00+05:30,85856.35,85883.5,85816.05,85816.55,85799.09815322272,64.87647621304959
2026-01-05T10:30:00+05:30,85822.24,85827.47,85800.38,85825.4,85805.67361491703,66.51379972082428
2026-01-05T10:33:00+05:30,85826.62,85830.32,85795.15,85797.06,85803.52021118777,56.64815345598534
2026-01-05T10:36:00+05:30,85794.63,85839.2,85794.63,85811.65,85805.55265839084,60.19433451560309
2026-01-05T10:39:00+05:30,85811.81,85845.97,85784.57,85784.57,85800.30699379313,51.13649857005554
2026-01-05T10:42:00+05:30,85783.88,85795.35,85752.97,85784.96,85796.47024534486,51.25972943745533
2026-01-05T10:45:00+05:30,85783.21,85834.35,85780.2,85780.94,85792.58768400864,49.750886681006875
2026-01-05T10:48:00+05:30,85778.79,85825.15,85777.26,85815.98,85798.43576300648,61.326950774926964
2026-01-05T10:51:00+05:30,85815.8,85833.09,85805.4,85830.92,85806.55682225486,65.30304914573736
2026-01-05T10:54:00+05:30,85830.33,85832.88,85808.3,85826.65,85811.58011669114,63.138502019258986
2026-01-05T10:57:00+05:30,85827.24,85835.91,85803.73,85804.76,85809.87508751836,52.692561009016096
2026-01-05T11:00:00+05:30,85802.14,85848.87,85787.88,85836.31,85816.48381563877,62.98895280653727
2026-01-05T11:03:00+05:30,85835.28,85857.93,85828.22,85843.36,85823.20286172908,64.97621531546815
2026-01-05T11:06:00+05:30,85839.95,85840.25,85799.69,85814.38,85820.99714629681,51.670881121035336
2026-01-05T11:09:00+05:30,85811.68,85816.94,85785.88,85812.8,85818.94785972261,51.00652248201399
2026-01-05T11:12:00+05:30,85814.69,85830.71,85796.58,85816.86,85818.42589479196,52.82490496595736
2026-01-05T11:15:00+05:30,85817.21,85831.84,85786.39,85799.85,85813.78192109396,44.71326879786148
2026-01-05T11:18:00+05:30,85799.08,85814.24,85766.18,85780.57,85805.47894082047,37.16635752018096
2026-01-05T11:21:00+05:30,85780.51,85787.7,85716.41,85716.41,85783.21170561535,22.45300966821968
2026-01-05T11:24:00+05:30,85720.39,85730.3,85693.87,85698.49,85762.03127921151,19.887560280604703
2026-01-05T11:27:00+05:30,85699.1,85727.89,85680.92,85718.02,85751.02845940864,30.049788569261636
2026-01-05T11:30:00+05:30,85726.6,85754.19,85709.38,85721.75,85743.70884455647,31.97255498205263
2026-01-05T11:33:00+05:30,85719.86,85723.6,85686.23,85688.48,85729.90163341735,24.861225674299348
2026-01-05T11:36:00+05:30,85689.61,85720.64,85689.61,85712.81,85725.62872506301,36.84554881016977
2026-01-05T11:39:00+05:30,85712,85736.83,85700.7,85733.62,85727.62654379726,45.516920663788895
2026-01-05T11:42:00+05:30,85738.76,85762.01,85737.97,85748.56,85732.85990784795,51.13638298165353
2026-01-05T11:45:00+05:30,85755.64,85770.45,85733.48,85743.15,85735.43243088597,49.00120852032322
2026-01-05T11:48:00+05:30,85744.24,85766.41,85729.85,85760.61,85741.72682316447,55.92976126391918
2026-01-05T11:51:00+05:30,85763.03,85763.03,85706.35,85706.35,85732.88261737335,37.472204126035976
2026-01-05T11:54:00+05:30,85708.07,85726.49,85705.43,85715.2,85728.46196303001,41.16677644092385
2026-01-05T11:57:00+05:30,85718.22,85737.52,85689.18,85731.16,85729.13647227251,47.671991573956745
2026-01-05T12:00:00+05:30,85730.06,85741.8,85669.23,85675.76,85715.79235420439,32.92769596756523
2026-01-05T12:03:00+05:30,85674.34,85689.54,85652.63,85683.44,85707.70426565329,36.12293905689054
2026-01-05T12:06:00+05:30,85682.89,85701.13,85657.1,85672.04,85698.78819923996,33.36993728825195
2026-01-05T12:09:00+05:30,85674.42,85706.89,85669.28,85689.8,85696.54114942998,41.47653043302682
2026-01-05T12:12:00+05:30,85689.89,85728.65,85689.89,85728.65,85704.56836207249,55.34267469879828
2026-01-05T12:15:00+05:30,85731.13,85748.18,85719.86,85745.46,85714.79127155436,60.11331892100289
2026-01-05T12:18:00+05:30,85741.5,85754.77,85724.73,85750.44,85723.70345366577,61.53359994509851
2026-01-05T12:21:00+05:30,85751.45,85758.16,85713.25,85729.55,85725.16509024933,52.40194168476171
2026-01-05T12:24:00+05:30,85727.81,85746.02,85719.66,85728.29,85725.94631768699,51.86037508158426
2026-01-05T12:27:00+05:30,85728.84,85738.62,85722.03,85735.96,85728.44973826525,55.15206243987717
2026-01-05T12:30:00+05:30,85735.58,85756.52,85725.63,85739.42,85731.19230369893,56.709934002670934
2026-01-05T12:33:00+05:30,85739.11,85739.11,85718.62,85724.71,85729.5717277742,48.37514160491228
2026-01-05T12:36:00+05:30,85725.99,85751.97,85718.3,85744.56,85733.31879583065,58.07568836789708
2026-01-05T12:39:00+05:30,85749.14,85752.05,85721.75,85725.76,85731.42909687299,48.09079512800053
2026-01-05T12:42:00+05:30,85727.62,85731.5,85712.31,85727.57,85730.46432265475,49.074249049864676
2026-01-05T12:45:00+05:30,85729,85729.34,85703.72,85713.39,85726.19574199106,41.83073109966025
2026-01-05T12:48:00+05:30,85715.96,85739.85,85706.48,85736.3,85728.7218064933,54.492046597293154
2026-01-05T12:51:00+05:30,85734.5,85770.31,85728.38,85728.38,85728.63635486997,50.09439105513298
2026-01-05T12:54:00+05:30,85736.43,85762.26,85734.89,85757.19,85735.77476615248,62.82619565955303
2026-01-05T12:57:00+05:30,85757.37,85763.35,85717.71,85722.33,85732.41357461436,46.19097265545911
2026-01-05T13:00:00+05:30,85726.51,85734.65,85712.01,85724.19,85730.35768096076,47.063492870934965
2026-01-05T13:03:00+05:30,85724.39,85724.39,85697.14,85700.28,85722.83826072057,37.85724296001843
2026-01-05T13:06:00+05:30,85695.59,85709.03,85686.03,85699.81,85717.08119554044,37.68817210451909
2026-01-05T13:09:00+05:30,85699.9,85699.9,85657.15,85665,85704.06089665533,27.194041256663866
2026-01-05T13:12:00+05:30,85668.6,85671.25,85637.15,85644.22,85689.10067249149,22.777044499956915
2026-01-05T13:15:00+05:30,85638.15,85638.15,85585.39,85601.07,85667.09300436862,16.345305452863002
2026-01-05T13:18:00+05:30,85600.42,85630.81,85591.93,85618.88,85655.03975327648,26.358721765852238
2026-01-05T13:21:00+05:30,85619.13,85634.27,85598.42,85629.21,85648.58231495736,31.876592351266964
2026-01-05T13:24:00+05:30,85630.04,85664.76,85629.47,85631.65,85644.34923621801,33.25477472094305
2026-01-05T13:27:00+05:30,85634.72,85634.72,85593.5,85596.19,85632.3094271635,24.761386440687374
2026-01-05T13:30:00+05:30,85598.84,85606.92,85564.29,85567.09,85616.00457037264,19.896212007933357
2026-01-05T13:33:00+05:30,85569.31,85584.12,85553.84,85569.12,85604.28342777948,21.156983922664054
2026-01-05T13:36:00+05:30,85573.63,85577.4,85546.39,85575.82,85597.1675708346,25.6622303735128
2026-01-05T13:39:00+05:30,85574.88,85578.1,85544.37,85556.17,85586.91817812595,21.46533990299035
2026-01-05T13:42:00+05:30,85557.95,85596.1,85554.76,85592.2,85588.23863359446,41.81970818310637
2026-01-05T13:45:00+05:30,85594.03,85594.03,85558.32,85564.02,85582.18397519585,33.82120305145115
2026-01-05T13:48:00+05:30,85564.49,85570.34,85481.76,85481.76,85557.07798139688,20.480794394283777
2026-01-05T13:51:00+05:30,85480.19,85496.14,85467.03,85479.08,85537.57848604766,20.178272409528418
2026-01-05T13:54:00+05:30,85477.89,85510.82,85468.29,85474.83,85521.89136453574,19.641505371094794
2026-01-05T13:57:00+05:30,85477.62,85488.24,85458.19,85462.55,85507.0560234018,18.025149585402602
2026-01-05T14:00:00+05:30,85461.47,85461.47,85390.01,85394.15,85478.82951755135,11.744531234307686
2026-01-05T14:03:00+05:30,85393.05,85394.01,85328.16,85332.27,85442.18963816352,8.586689936073725
2026-01-05T14:06:00+05:30,85330.51,85374.5,85324.66,85361.66,85422.05722862264,20.44013808450758
2026-01-05T14:09:00+05:30,85359.44,85371.74,85328.76,85369.46,85408.90792146698,23.511107207963065
2026-01-05T14:12:00+05:30,85367.01,85380.76,85355.19,85371.01,85399.43344110023,24.189520824365687
2026-01-05T14:15:00+05:30,85369.07,85394.38,85360.01,85376.43,85393.68258082517,26.836820640359292
2026-01-05T14:18:00+05:30,85377.15,85377.84,85335.38,85343.57,85381.15443561888,21.521185725182846
2026-01-05T14:21:00+05:30,85346.24,85360.67,85315.33,85360.67,85376.03332671415,29.94551558813373
2026-01-05T14:24:00+05:30,85356.58,85406.68,85350.61,85387.21,85378.82749503561,41.34619469949706
2026-01-05T14:27:00+05:30,85386.62,85396.62,85367.79,85374.03,85377.6281212767,37.78365262598564
2026-01-05T14:30:00+05:30,85372.04,85432.94,85369.91,85426.98,85389.96609095753,55.681677694824494
2026-01-05T14:33:00+05:30,85426.99,85451.09,85418.58,85445.1,85403.74956821815,60.247359122547024
2026-01-05T14:36:00+05:30,85445.68,85454.26,85415.7,85417.26,85407.1271761636,50.85611187442451
2026-01-05T14:39:00+05:30,85417.48,85461.5,85410.36,85446.94,85417.0803821227,58.83673080872911
2026-01-05T14:42:00+05:30,85451.09,85490.8,85449.26,85484.45,85433.92278659203,66.78882120678824
2026-01-05T14:45:00+05:30,85484.58,85496.1,85470.33,85481.81,85445.89458994402,65.74591825420808
2026-01-05T14:48:00+05:30,85481.12,85490.24,85473.41,85487.6,85456.32094245801,67.06192978943437
2026-01-05T14:51:00+05:30,85487.48,85562.47,85481.57,85535.66,85476.1557068435,75.99350583427434
2026-01-05T14:54:00+05:30,85535.67,85558.42,85522.23,85532.24,85490.17678013264,74.32038604732452
2026-01-05T14:57:00+05:30,85532.25,85551.52,85531.13,85543.01,85503.38508509948,76.24212557992004
2026-01-05T15:00:00+05:30,85552.44,85556.78,85498.11,85503.38,85503.3838138246,57.70395827075708
2026-01-05T15:03:00+05:30,85507.74,85538.07,85500.66,85508.68,85504.70786036845,59.24992039684005
2026-01-05T15:06:00+05:30,85508.11,85511.8,85467.99,85467.99,85495.52839527634,44.63660166027963
2026-01-05T15:09:00+05:30,85470.38,85488.53,85444.01,85450.43,85484.25379645725,39.7059907317212
2026-01-05T15:12:00+05:30,85450.08,85459.72,85430.43,85440.23,85473.24784734294,36.94072142260079
2026-01-05T15:15:00+05:30,85441.02,85445.93,85410,85427.94,85461.9208855072,33.646727950646266
2026-01-05T15:18:00+05:30,85428.55,85430.5,85405.45,85418.97,85451.1831641304,31.272271852991295
2026-01-05T15:21:00+05:30,85415.1,85418.9,85390.02,85401.81,85438.83987309781,27.01697672490066
2026-01-05T15:24:00+05:30,85400.62,85439.83,85390.73,85414.89,85432.85240482335,34.89507422828508
2026-01-05T15:27:00+05:30,85411.71,85443.48,85381.89,85434.63,85433.29680361752,45.292635516647564
2026-01-06T09:15:00+05:30,85331.79,85331.79,85007.67,85233.35,85383.31010271313,15.618991212302802
2026-01-06T09:18:00+05:30,85230.69,85262.57,85133.63,85173.49,85330.85507703485,12.726157520081927
2026-01-06T09:21:00+05:30,85176.9,85189.75,85125.38,85146.64,85284.80130777614,11.601691900335013
2026-01-06T09:24:00+05:30,85149.9,85149.9,85099.11,85113.34,85241.9359808321,10.28656947390104
2026-01-06T09:27:00+05:30,85115.85,85118.27,85047.25,85078.23,85201.00948562408,9.027764468058535
2026-01-06T09:30:00+05:30,85075.16,85142.74,85069.06,85131.54,85183.64211421806,25.235059330510396
2026-01-06T09:33:00+05:30,85136.61,85262.83,85132.59,85239.6,85197.63158566355,47.39726790597964
2026-01-06T09:36:00+05:30,85234.03,85242.27,85188.36,85206.48,85199.84368924766,42.85484913422504
2026-01-06T09:39:00+05:30,85194.44,85203.24,85154.03,85177.3,85194.20776693575,39.01183494083321
2026-01-06T09:42:00+05:30,85184.96,85184.96,85146.56,85153.71,85184.08332520182,35.969572103861154
2026-01-06T09:45:00+05:30,85153.87,85238.36,85149.46,85227.17,85194.85499390136,50.10546146282891
2026-01-06T09:48:00+05:30,85227.02,85273.38,85224.29,85256.13,85210.17374542603,54.704684253945864
2026-01-06T09:51:00+05:30,85263.71,85276.89,85242.02,85269.53,85225.01280906952,56.8517608834513
2026-01-06T09:54:00+05:30,85269.64,85321.22,85246.74,85321.17,85249.05210680215,64.43198587147414
2026-01-06T09:57:00+05:30,85325.73,85356.47,85296.16,85348.14,85273.8240801016,67.87117003206424
2026-01-06T10:00:00+05:30,85347.22,85397.78,85347.22,85388.33,85302.4505600762,72.49490390933293
2026-01-06T10:03:00+05:30,85388.25,85395.27,85321.38,85321.38,85307.18292005715,56.65035383554182
2026-01-06T10:06:00+05:30,85315.21,85333.17,85294.97,85299.97,85305.37969004287,52.3792094968519
2026-01-06T10:09:00+05:30,85304.82,85321.15,85281.57,85296.64,85303.19476753216,51.672284016073284
2026-01-06T10:12:00+05:30,85299.5,85318.7,85293.08,85301.77,85302.83857564912,52.81680037763532
2026-01-06T10:15:00+05:30,85300.98,85327.45,85293.05,85323.01,85307.88143173684,57.660281769181886
2026-01-06T10:18:00+05:30,85324.2,85332.98,85253.69,85269.39,85298.25857380262,44.27451753382982
2026-01-06T10:21:00+05:30,85267.07,85270.11,85241.93,85249.32,85286.02393035198,40.19928757730779
2026-01-06T10:24:00+05:30,85246.08,85258.04,85225.72,85251.81,85277.47044776398,40.985528365501615
2026-01-06T10:27:00+05:30,85253.14,85274.67,85233.57,85248.23,85270.16033582298,40.1011531902146
2026-01-06T10:30:00+05:30,85246.25,85286.15,85242.38,85276.95,85271.85775186724,50.165475226828875
2026-01-06T10:33:00+05:30,85276.37,85280.22,85238.83,85250.49,85266.51581390043,42.49150109240454
2026-01-06T10:36:00+05:30,85256.92,85257.45,85175.59,85183.69,85245.80936042532,29.293250331290352
2026-01-06T10:39:00+05:30,85184.92,85202.16,85176.9,85197.81,85233.80952031899,34.32392804784894
2026-01-06T10:42:00+05:30,85198.51,85215.12,85176.9,85186.44,85221.96714023924,32.173446289044904
2026-01-06T10:45:00+05:30,85187.07,85209.41,85167.03,85202.67,85217.14285517944,38.58172296366447
2026-01-06T10:48:00+05:30,85210.61,85214.59,85181.78,85192.78,85211.05214138457,36.153354081821284
2026-01-06T10:51:00+05:30,85187.61,85201.41,85174.79,85198.75,85207.97660603843,38.8632954530809
2026-01-06T10:54:00+05:30,85195.12,85228.52,85194.67,85210.38,85208.57745452883,44.242039303436265
2026-01-06T10:57:00+05:30,85209.78,85216.37,85170.32,85175.03,85200.19059089661,33.72142223227645
2026-01-06T11:00:00+05:30,85166.35,85190.38,85153.2,85164.79,85191.34044317246,31.21300921987418
2026-01-06T11:03:00+05:30,85164.24,85225.18,85164.24,85220.98,85198.75033237935,53.40299522775546
2026-01-06T11:06:00+05:30,85222.04,85230.81,85201.86,85221.43,85204.4202492845,53.54301906407011
2026-01-06T11:09:00+05:30,85221.24,85243.07,85177.65,85185.01,85199.56768696338,41.70866672353327
2026-01-06T11:12:00+05:30,85181.29,85184.83,85119.1,85128.32,85181.75576522254,29.76258279902413
2026-01-06T11:15:00+05:30,85135.49,85135.9,85027.39,85027.39,85143.1643239169,18.660841798554742
2026-01-06T11:18:00+05:30,85023.24,85033.41,84989.97,84997.04,85106.63324293768,16.50146606329578
2026-01-06T11:21:00+05:30,84990.44,85004.21,84958.27,84980.69,85075.14743220326,15.38270930919009
2026-01-06T11:24:00+05:30,84981.18,85017.56,84974.06,85017.56,85060.75057415245,28.191075414588326
2026-01-06T11:27:00+05:30,85022.54,85058.64,85014.88,85056.28,85059.63293061435,39.425120803312375
2026-01-06T11:30:00+05:30,85058.66,85081.97,85046.32,85056.33,85058.80719796076,39.439394268073656
2026-01-06T11:33:00+05:30,85057.01,85077.76,85048.16,85057.16,85058.39539847057,39.71450312528012
2026-01-06T11:36:00+05:30,85053.87,85093.2,85039.52,85089.84,85066.25654885292,50.12255218194922
2026-01-06T11:39:00+05:30,85088.19,85092.35,85072.01,85088.81,85071.89491163968,49.80636569501267
2026-01-06T11:42:00+05:30,85088.69,85140.76,85079.01,85133.9,85087.39618372975,62.03724437038198
2026-01-06T11:45:00+05:30,85135.61,85139.19,85093.47,85139.19,85100.34463779732,63.262538591402496
2026-01-06T11:48:00+05:30,85137.68,85148.66,85123.44,85141.29,85110.58097834798,63.80361459291642
2026-01-06T11:51:00+05:30,85141.82,85144.49,85117.53,85142.69,85118.60823376098,64.21355732344952
2026-01-06T11:54:00+05:30,85141.68,85152.42,85101.54,85101.54,85114.34117532073,46.25101372571469
2026-01-06T11:57:00+05:30,85101.66,85106.39,85059,85071.38,85103.60088149055,37.323479612828535
2026-01-06T12:00:00+05:30,85065.57,85066.53,85038.66,85051.72,85090.63066111792,32.54592320296075
2026-01-06T12:03:00+05:30,85050.38,85084.3,85041.13,85060.88,85083.19299583844,36.93403320105582
2026-01-06T12:06:00+05:30,85062.06,85062.16,85008.96,85008.96,85064.63474687883,25.824653585001414
2026-01-06T12:09:00+05:30,85012.68,85033.37,85002.94,85031.23,85056.28356015912,35.52887395905657
2026-01-06T12:12:00+05:30,85032.01,85051.72,85018.34,85046.72,85053.89267011934,41.71650802183934
2026-01-06T12:15:00+05:30,85047.18,85058.34,85018.92,85026.42,85047.02450258951,36.37832484272429
2026-01-06T12:18:00+05:30,85027.37,85038.25,85017.9,85029.36,85042.60837694214,37.724801192439166
2026-01-06T12:21:00+05:30,85024.96,85028.69,84997.83,85008.54,85034.0912827066,32.110222985604054
2026-01-06T12:24:00+05:30,85005,85012.18,84982.86,85001.65,85025.98096202995,30.365388241907453
2026-01-06T12:27:00+05:30,84999.57,85044.48,84994.09,85027.04,85026.24572152246,43.55240826479901
2026-01-06T12:30:00+05:30,85029.51,85033.89,85006.55,85032.31,85027.76179114185,46.02748608296115
2026-01-06T12:33:00+05:30,85031.08,85044.2,85016.09,85041.71,85031.24884335638,50.54040969575999
2026-01-06T12:36:00+05:30,85039.96,85045.63,85022.09,85022.09,85028.95913251728,41.990617881331794
2026-01-06T12:39:00+05:30,85021.67,85051.15,85019.7,85036.95,85030.95684938796,49.53424408790707
2026-01-06T12:42:00+05:30,85034.06,85047.81,85020.57,85034.49,85031.84013704097,48.320638213392236
2026-01-06T12:45:00+05:30,85033.58,85038.3,85009.4,85037.79,85033.32760278073,50.229056740643124
2026-01-06T12:48:00+05:30,85036.98,85040.27,84994.16,85002,85025.49570208555,34.23342536896382
2026-01-06T12:51:00+05:30,85002.01,85043.08,85002.01,85018.16,85023.66177656417,43.68113814682661
2026-01-06T12:54:00+05:30,85020.28,85062.98,85020.28,85058.45,85032.35883242312,60.27878941882841
2026-01-06T12:57:00+05:30,85057.28,85083.23,85051.45,85076.08,85043.28912431735,65.47335236265673
2026-01-06T13:00:00+05:30,85078.73,85094.31,85067.97,85070.75,85050.15434323801,62.586472583437605
2026-01-06T13:03:00+05:30,85070.11,85075.82,85045.35,85057.91,85052.09325742851,55.68577503262889
2026-01-06T13:06:00+05:30,85058.25,85109.09,85050.07,85096.45,85063.18244307139,68.02968836749528
2026-01-06T13:09:00+05:30,85096.63,85106.84,85072.13,85096.14,85071.42183230355,67.85232203189503
2026-01-06T13:12:00+05:30,85092.94,85101.91,85047.09,85050.92,85066.29637422766,46.99894234800568
2026-01-06T13:15:00+05:30,85055.48,85060.47,85019.87,85023.47,85055.58978067075,38.59788698694686
2026-01-06T13:18:00+05:30,85020.94,85027.8,85001.86,85022.68,85047.36233550306,38.36761447868655
2026-01-06T13:21:00+05:30,85023.37,85027.76,85003.43,85008.63,85037.6792516273,34.141362104846436
2026-01-06T13:24:00+05:30,85007.18,85011.06,84984.45,84995.8,85027.20943872047,30.555621467719646
2026-01-06T13:27:00+05:30,84991.95,85004.18,84967.44,84984.8,85016.60707904035,27.650805428247452
2026-01-06T13:30:00+05:30,84996.63,84998.96,84959.91,84969.01,85004.70780928025,23.85319579599708
2026-01-06T13:33:00+05:30,84969.39,84993.02,84953.95,84977.55,84997.91835696019,29.92590598882984
2026-01-06T13:36:00+05:30,84975.88,84986.36,84970.27,84982.33,84994.02126772015,33.39453274280102
2026-01-06T13:39:00+05:30,84979.53,84982.88,84952.87,84962.92,84986.24595079011,27.051039695850307
2026-01-06T13:42:00+05:30,84963.2,84997.48,84957.72,84996.11,84988.71196309259,47.09817287767311
2026-01-06T13:45:00+05:30,84992.42,85006.98,84984.46,85004.92,84992.76397231944,51.24721676552316
2026-01-06T13:48:00+05:30,85005.05,85033.3,85000.32,85026.52,85001.20297923958,60.180276351010136
2026-01-06T13:51:00+05:30,85026.62,85062.17,84989.35,84999.35,85000.73973442969,47.42729211690806
2026-01-06T13:54:00+05:30,85001.36,85004.76,84971.65,84984.85,84996.76730082228,41.89905090744491
2026-01-06T13:57:00+05:30,84988.81,84993.19,84968.86,84976.51,84991.7029756167,38.859556603653346
2026-01-06T14:00:00+05:30,84977.12,85029.61,84975.02,85029.61,85001.17973171253,60.26888877025062
2026-01-06T14:03:00+05:30,85028.24,85035.51,84983.91,85008.62,85003.03979878439,51.889393867394794
2026-01-06T14:06:00+05:30,85009.33,85009.33,84969.02,84969.7,84994.70484908829,39.891347278672896
2026-01-06T14:09:00+05:30,84972.83,84975.68,84903.3,84925.22,84977.33363681621,30.49102559728874
2026-01-06T14:12:00+05:30,84927.56,84941.88,84900.1,84923.32,84963.83022761217,30.13710877261971
2026-01-06T14:15:00+05:30,84922.04,84942.19,84915.7,84937.61,84957.27517070912,36.594829621710126
2026-01-06T14:18:00+05:30,84934.51,84939.35,84912.28,84912.28,84946.02637803185,30.722175430319027
2026-01-06T14:21:00+05:30,84911.71,84944.76,84905.98,84938.11,84944.04728352389,41.82829828758853
2026-01-06T14:24:00+05:30,84938.51,84968.45,84937.64,84958.35,84947.62296264293,49.26393113771745
2026-01-06T14:27:00+05:30,84958.84,84981.99,84954.54,84978.94,84955.4522219822,55.94697795382936
2026-01-06T14:30:00+05:30,84975.8,84990.61,84967.29,84971.8,84959.53916648665,53.116400884545044
2026-01-06T14:33:00+05:30,84971.02,84972.96,84946.12,84964.23,84960.71187486498,49.988093753959376
2026-01-06T14:36:00+05:30,84969.32,84986.78,84930.66,84935.26,84954.34890614873,39.58028948524528
2026-01-06T14:39:00+05:30,84937.01,84995.41,84922.06,84975.42,84959.61667961156,54.80043472915851
2026-01-06T14:42:00+05:30,84979.57,84999.72,84977.5,84983.68,84965.63250970867,57.37686660030303
2026-01-06T14:45:00+05:30,84980.05,85017.42,84979.67,85015.21,84978.0268822815,66.00616172186756
2026-01-06T14:48:00+05:30,85018.28,85034.52,85013.17,85026.75,84990.20766171112,68.71105134092245
2026-01-06T14:51:00+05:30,85028.53,85035.72,84992.39,85007.43,84994.51324628334,59.46863706269838
2026-01-06T14:54:00+05:30,85008.48,85024.39,84993.2,85004.2,84996.93493471251,57.94829370828651
2026-01-06T14:57:00+05:30,85005.38,85013.4,84996.29,85012.01,85000.70370103438,60.77701183203365
2026-01-06T15:00:00+05:30,85027.35,85078.38,85027.35,85068.46,85017.64277577578,74.97318599178313
2026-01-06T15:03:00+05:30,85074.23,85079.52,85039.61,85039.61,85023.13458183184,61.66552482198214
2026-01-06T15:06:00+05:30,85038.99,85093.69,85037.64,85072.12,85035.38093637387,68.91849307073636
2026-01-06T15:09:00+05:30,85071.17,85085.07,85054.47,85062.51,85042.1632022804,64.69702259025905
2026-01-06T15:12:00+05:30,85057.77,85066.47,85030.06,85060.05,85046.63490171029,63.53477674827685
2026-01-06T15:15:00+05:30,85055.35,85064.42,85038.01,85053.74,85048.41117628272,60.29343533745256
2026-01-06T15:18:00+05:30,85054.56,85088.85,85048.42,85082.04,85056.81838221205,68.65952796576173
2026-01-06T15:21:00+05:30,85076.6,85083.93,85066.5,85076.85,85061.82628665904,65.69784093440626
2026-01-06T15:24:00+05:30,85075.15,85091.25,85068.47,85068.47,85063.48721499428,60.7606049048977
2026-01-06T15:27:00+05:30,85068.16,85079.51,85025.57,85027.58,85054.51041124572,42.55505416337387
2026-01-07T09:15:00+05:30,84942.83,84961.16,84617.49,84941.03,85026.14030843429,24.458202651087475
2026-01-07T09:18:00+05:30,84937.61,84976.67,84902.49,84975.89,85013.57773132571,37.03954146036458
2026-01-07T09:21:00+05:30,84980.02,85039.48,84966.9,84995.37,85009.02579849429,43.20618629455229
2026-01-07T09:24:00+05:30,84993.98,85001.08,84905.29,84920.04,84986.77934887071,29.965121700625204
2026-01-07T09:27:00+05:30,84923.83,84936.07,84850.75,84895.08,84963.85451165303,26.79122397177224
2026-01-07T09:30:00+05:30,84891.97,84920.99,84862.13,84907.25,84949.70338373978,30.95151600649926
2026-01-07T09:33:00+05:30,84905.93,84941.48,84896.63,84927.03,84944.03503780483,37.668170994136794
2026-01-07T09:36:00+05:30,84930.18,84984.59,84898.8,84961.06,84948.29127835363,47.85019336194426
2026-01-07T09:39:00+05:30,84961.48,84988.73,84947.61,84978.75,84955.90595876522,52.55091654799981
2026-01-07T09:42:00+05:30,84981.54,84987.19,84852.22,84854.71,84930.60696907391,30.247181375432092
2026-01-07T09:45:00+05:30,84858.07,84880.3,84805.32,84827.79,84904.90272680543,27.31214674675472
2026-01-07T09:48:00+05:30,84828.17,84903.87,84828.17,84861.11,84893.95454510408,36.24552493803581
2026-01-07T09:51:00+05:30,84859.26,84866.74,84781.34,84814.23,84874.02340882806,30.160972737220632
2026-01-07T09:54:00+05:30,84813.01,84855.06,84800.51,84851.86,84868.48255662105,39.648550294959165
2026-01-07T09:57:00+05:30,84850.61,84939.14,84843.18,84938.52,84885.99191746578,55.78636256236927
2026-01-07T10:00:00+05:30,84939.5,84958.09,84912.72,84941.8,84899.94393809934,56.302323996386555
2026-01-07T10:03:00+05:30,84938.96,84975.65,84938.76,84947.12,84911.73795357451,57.24642404325578
2026-01-07T10:06:00+05:30,84952.09,85000.62,84945.04,85000.62,84933.95846518088,65.89217377577307
2026-01-07T10:09:00+05:30,84998.03,85013.07,84975.89,84988.07,84947.48634888566,62.43670537171852
2026-01-07T10:12:00+05:30,84987.02,85015.83,84976.92,84985.77,84957.05726166425,61.74439390821808
2026-01-07T10:15:00+05:30,84991.82,85075.99,84991.82,85039.17,84977.58544624818,70.58043930545873
2026-01-07T10:18:00+05:30,85038.25,85040.51,84958.41,85015.85,84987.15158468613,63.14914586003262
2026-01-07T10:21:00+05:30,85012.98,85019.59,84951.57,84957.8,84979.8136885146,48.36146759471688
2026-01-07T10:24:00+05:30,84961.74,84999.09,84938.71,84964.8,84976.06026638595,50.00838670916469
2026-01-07T10:27:00+05:30,84960.48,84965.64,84873.08,84913.77,84960.48769978946,39.33790695919184
2026-01-07T10:30:00+05:30,84912.88,84919.79,84864.98,84913.74,84948.8007748421,39.33215082018237
2026-01-07T10:33:00+05:30,84912.93,84923.98,84878.86,84896.56,84935.74058113157,35.829407264824766
2026-01-07T10:36:00+05:30,84891.89,84904.21,84870.91,84879.54,84921.69043584868,32.485645457291355
2026-01-07T10:39:00+05:30,84881.32,84940.92,84877.27,84925.3,84922.59282688651,47.77386324070219
2026-01-07T10:42:00+05:30,84924.85,84934.94,84901.15,84924.39,84923.04212016489,47.52418677910224
2026-01-07T10:45:00+05:30,84920.78,84944.53,84909.81,84919.78,84922.22659012367,46.100230488992274
2026-01-07T10:48:00+05:30,84916.89,84943.67,84902.47,84943.67,84927.58744259275,54.366793244696865
2026-01-07T10:51:00+05:30,84940.34,84980.89,84937.58,84976.32,84939.77058194455,63.33330712905717
2026-01-07T10:54:00+05:30,84977.91,85055.45,84977.91,85035.04,84963.58793645841,74.03723597620436
2026-01-07T10:57:00+05:30,85032.33,85039.76,84963.57,85020.51,84977.81845234381,68.28272192786375
2026-01-07T11:00:00+05:30,85017.36,85019.01,84970.56,85000.13,84983.39633925786,60.577972072105275
2026-01-07T11:03:00+05:30,84999.21,85066.07,84996.71,85063.23,85003.3547544434,71.99317367529702
2026-01-07T11:06:00+05:30,85062.7,85066.21,85014.6,85053.12,85015.79606583255,68.29649560947695
2026-01-07T11:09:00+05:30,85047.64,85062.66,84989.66,84990.71,85009.52454937442,49.85863545385888
2026-01-07T11:12:00+05:30,84988.15,85006.13,84953.33,84979.88,85002.11341203081,47.27481123996458
2026-01-07T11:15:00+05:30,84979.39,84981.88,84930.83,84955.36,84990.42505902311,41.582692155519716
2026-01-07T11:18:00+05:30,84954.43,84969.88,84927.97,84961.15,84983.10629426733,43.45819919125704
2026-01-07T11:21:00+05:30,84961.14,84967.9,84900.05,84902.35,84962.9172207005,31.482678901073015
2026-01-07T11:24:00+05:30,84903.57,84954.21,84891.71,84952.88,84960.40791552537,46.314605708570014
2026-01-07T11:27:00+05:30,84951.06,84988.97,84928.71,84944.39,84956.40343664403,44.42934135563867
2026-01-07T11:30:00+05:30,84940.01,84966.17,84940.01,84955.56,84956.19257748302,47.69725831514972
2026-01-07T11:33:00+05:30,84953.83,85002.98,84952.45,84999.97,84967.13693311226,58.90643423397683
2026-01-07T11:36:00+05:30,84996.48,85022.94,84973.08,84977.41,84969.70519983419,52.26766678850861
2026-01-07T11:39:00+05:30,84979.04,84988.03,84947.91,84971.6,84970.17889987564,50.555763518205
2026-01-07T11:42:00+05:30,84972.89,84979.39,84962.4,84968.95,84969.87167490672,49.689740632674884
2026-01-07T11:45:00+05:30,84969.62,84970.25,84917.53,84921.82,84957.85875618004,36.65969585580334
2026-01-07T11:48:00+05:30,84921.21,84956.52,84888.81,84954.94,84957.12906713503,47.867646031377625
2026-01-07T11:51:00+05:30,84954.25,84954.25,84897.99,84902,84943.34680035127,35.991276631728425
2026-01-07T11:54:00+05:30,84901.55,84924.91,84874.76,84874.76,84926.20010026345,31.325634176084733
2026-01-07T11:57:00+05:30,84875.28,84908.3,84875.28,84892.92,84917.88007519758,37.61556645002035
2026-01-07T12:00:00+05:30,84893.03,84895.85,84852.67,84867.24,84905.22005639819,32.677804519867536
2026-01-07T12:03:00+05:30,84869.68,84875.53,84845.3,84850.71,84891.59254229865,29.745503882671727
2026-01-07T12:06:00+05:30,84854.26,84859.73,84832.15,84857.11,84882.97190672398,32.48220751596466
2026-01-07T12:09:00+05:30,84859.05,84862.79,84837.74,84838.19,84871.77643004298,28.635053351680085
2026-01-07T12:12:00+05:30,84839.38,84852.1,84826.79,84840.65,84863.99482253223,29.89457730190108
2026-01-07T12:15:00+05:30,84840.67,84848.96,84823.07,84844.23,84859.05361689917,31.93417861824973
2026-01-07T12:18:00+05:30,84845.55,84853.22,84811.32,84817.21,84848.59271267438,25.421687370902646
2026-01-07T12:21:00+05:30,84819.72,84837.08,84799.53,84836.46,84845.55953450578,36.23089593469497
2026-01-07T12:24:00+05:30,84836.29,84839.62,84809.75,84836.04,84843.17965087933,36.09771978363602
2026-01-07T12:27:00+05:30,84833.79,84842.42,84804.03,84806,84833.8847381595,27.624637844718862
2026-01-07T12:30:00+05:30,84806.48,84850.01,84801.79,84829.93,84832.89605361962,40.585738913650005
2026-01-07T12:33:00+05:30,84828.88,84837.38,84805.44,84820.08,84829.69204021472,37.37181453613686
2026-01-07T12:36:00+05:30,84820.49,84825.32,84796.32,84802.5,84822.89403016104,32.081868092024024
2026-01-07T12:39:00+05:30,84806.36,84830,84791.76,84792.98,84815.41552262078,29.448368827575152
2026-01-07T12:42:00+05:30,84800.31,84801.66,84736.42,84745.45,84797.92414196559,19.922641760830146
2026-01-07T12:45:00+05:30,84751.51,84771.21,84728.82,84771.21,84791.2456064742,33.51995308614498
2026-01-07T12:48:00+05:30,84769.95,84770.02,84739.44,84749.13,84780.71670485564,28.654376940094153
2026-01-07T12:51:00+05:30,84750.49,84763.03,84728.6,84751.86,84773.50252864174,30.117595096007932
2026-01-07T12:54:00+05:30,84754.27,84780.3,84747.96,84780.17,84775.1693964813,44.00996906885658
2026-01-07T12:57:00+05:30,84779.47,84804.6,84769.79,84800.72,84781.55704736098,52.077916527400006
2026-01-07T13:00:00+05:30,84800.96,84828.34,84791.91,84825.76,84792.60778552074,60.22546188499188
2026-01-07T13:03:00+05:30,84825.4,84850.24,84795.91,84810.54,84797.09083914055,53.745661522197295
2026-01-07T13:06:00+05:30,84811.23,84843.86,84809.98,84832.45,84805.93062935541,60.82461798498024
2026-01-07T13:09:00+05:30,84835.61,84857.55,84820.08,84853.65,84817.86047201656,66.59572458003183
2026-01-07T13:12:00+05:30,84845.86,84854.77,84818.03,84820.64,84818.55535401242,52.53644695395447
2026-01-07T13:15:00+05:30,84820.99,84824.84,84798.17,84802.86,84814.63151550932,46.38312441431022
2026-01-07T13:18:00+05:30,84803.71,84818.41,84787.61,84796.27,84810.04113663199,44.14722217033693
2026-01-07T13:21:00+05:30,84796.61,84803.27,84787.66,84796.57,84806.673352474,44.28985180031887
2026-01-07T13:24:00+05:30,84795.77,84795.77,84721.92,84730.8,84787.7050143555,26.791055423408196
2026-01-07T13:27:00+05:30,84731.68,84747.1,84718.41,84728.32,84772.85876076663,26.333355560636676
2026-01-07T13:30:00+05:30,84724.82,84738.36,84715.98,84735.88,84763.61407057497,30.552867150820674
2026-01-07T13:33:00+05:30,84735.68,84745.89,84716.73,84729.37,84755.05305293122,28.890408104122557
2026-01-07T13:36:00+05:30,84731.02,84755.77,84727.9,84749.22,84753.59478969841,40.42248836334545
2026-01-07T13:39:00+05:30,84749.91,84765.57,84718.68,84724.35,84746.28359227382,32.676496734962356
2026-01-07T13:42:00+05:30,84724.07,84751.98,84707.99,84740.98,84744.95769420537,41.431938820871416
2026-01-07T13:45:00+05:30,84742.29,84743.02,84720.91,84730.03,84741.22577065403,37.66870878835284
2026-01-07T13:48:00+05:30,84730.69,84778.88,84729.89,84745.73,84742.35182799053,45.889923324394545
2026-01-07T13:51:00+05:30,84744.3,84764.86,84723.7,84745.07,84743.03137099289,45.59498041213533
2026-01-07T13:54:00+05:30,84744.39,84777.21,84738.93,84748.46,84744.38852824467,47.612648061884975
2026-01-07T13:57:00+05:30,84750.19,84814.8,84744.02,84811.11,84761.06889618351,70.88962649832337
2026-01-07T14:00:00+05:30,84812.43,84816.48,84762.4,84774.75,84764.48917213763,54.494858482970265
2026-01-07T14:03:00+05:30,84772.2,84829.17,84771.57,84814.32,84776.94687910323,64.82388560822005
2026-01-07T14:06:00+05:30,84817.14,84820.15,84781.76,84811.28,84785.53015932742,63.53135338604844
2026-01-07T14:09:00+05:30,84811.05,84827.73,84807.09,84825.01,84795.40011949556,66.99858333850477
2026-01-07T14:12:00+05:30,84823.96,84844.05,84802.49,84826.79,84803.24758962166,67.46641666316387
2026-01-07T14:15:00+05:30,84825.38,84827.63,84779.77,84809.34,84804.77069221625,58.05378004813607
2026-01-07T14:18:00+05:30,84810.11,84810.49,84762.99,84787.45,84800.44051916219,48.21007531531337
2026-01-07T14:21:00+05:30,84783.45,84823.1,84741.53,84799.84,84800.29038937164,53.425056505214464
2026-01-07T14:24:00+05:30,84799.39,84802.8,84774.52,84789.17,84797.51029202873,48.516674095174615
2026-01-07T14:27:00+05:30,84788.3,84808.23,84762.99,84797.01,84797.38521902155,52.27534764107893
2026-01-07T14:30:00+05:30,84798.11,84829.86,84780.75,84803.96,84799.02891426616,55.62587627329482
2026-01-07T14:33:00+05:30,84806.32,84811.78,84761.43,84787.32,84796.10168569963,46.50589627794162
2026-01-07T14:36:00+05:30,84792.35,84809.73,84773.13,84793.51,84795.45376427472,50.059385624209966
2026-01-07T14:39:00+05:30,84787.42,84836.1,84787.42,84825.41,84802.94282320605,64.31255350298258
2026-01-07T14:42:00+05:30,84825.26,84858.32,84822.41,84848.66,84814.37211740453,71.28190296862857
2026-01-07T14:45:00+05:30,84847.84,84856.95,84820.59,84832.48,84818.8990880534,61.52657534205607
2026-01-07T14:48:00+05:30,84832,84833.08,84781.53,84794.67,84812.84181604005,44.80817334521427
2026-01-07T14:51:00+05:30,84797.83,84871.13,84795.94,84852.47,84822.74886203004,62.82423574978644
2026-01-07T14:54:00+05:30,84852.94,84881.48,84840.41,84862.32,84832.64164652253,65.08987958194456
2026-01-07T14:57:00+05:30,84862.51,84863.02,84846.21,84862.26,84840.0462348919,65.06170101155253
2026-01-07T15:00:00+05:30,84880.19,84916.67,84869.85,84870.72,84847.71467616892,67.38441912929387
2026-01-07T15:03:00+05:30,84868.01,84929.37,84861.38,84927.22,84867.5910071267,78.5139390017081
2026-01-07T15:06:00+05:30,84922.21,84974.79,84919.28,84938.11,84885.22075534503,80.04512040217489
2026-01-07T15:09:00+05:30,84938.2,84974.75,84933.29,84946.76,84900.60556650878,81.28129725088061
2026-01-07T15:12:00+05:30,84946.03,84986.25,84946.03,84973.51,84918.83167488159,84.70074676334492
2026-01-07T15:15:00+05:30,84974.68,84985.11,84946.2,84950.88,84926.8437561612,71.76224417772083
2026-01-07T15:18:00+05:30,84952.83,84955,84935.95,84945.97,84931.6253171209,69.09071339649634
2026-01-07T15:21:00+05:30,84947.05,84951.77,84931.49,84946.16,84935.25898784067,69.14257461979963
2026-01-07T15:24:00+05:30,84946.9,84964.42,84937.86,84953.1,84939.71924088051,71.20165793817229
2026-01-07T15:27:00+05:30,84952.89,84978.47,84934.24,84968.05,84946.80193066038,75.33762965029558
2026-01-08T09:15:00+05:30,84789.52,84937.38,84705.28,84929.52,84942.48144799529,52.61625460930115
2026-01-08T09:18:00+05:30,84926.92,84965.27,84859.61,84887.55,84928.74858599647,38.03747700291424
2026-01-08T09:21:00+05:30,84882.29,84887.24,84808.2,84826.79,84903.25893949735,25.911450914521353
2026-01-08T09:24:00+05:30,84830.82,84855.01,84773.39,84773.39,84870.79170462301,19.528229076329396
2026-01-08T09:27:00+05:30,84769.89,84794.81,84723.81,84732.94,84836.32877846726,16.036887455218434
2026-01-08T09:30:00+05:30,84730.15,84785.59,84715.83,84743.8,84813.19658385044,20.48947235650985
2026-01-08T09:33:00+05:30,84748.61,84774.82,84678.85,84751.34,84797.73243788783,23.76416938921632
2026-01-08T09:36:00+05:30,84749.02,84847.88,84732.76,84815.42,84802.15432841587,45.86911913765436
2026-01-08T09:39:00+05:30,84814.04,84865.16,84805.24,84865.16,84817.90574631191,57.12674723577897
2026-01-08T09:42:00+05:30,84868.54,84872.41,84819.67,84848.61,84825.58180973394,52.859354030417215
2026-01-08T09:45:00+05:30,84848.92,84849.93,84776.97,84784.62,84815.34135730045,39.53684377019672
2026-01-08T09:48:00+05:30,84786.53,84829.17,84763.71,84769.17,84803.79851797535,36.91599504601872
2026-01-08T09:51:00+05:30,84761.63,84794.77,84757.82,84787.59,84799.74638848151,42.24153370688058
2026-01-08T09:54:00+05:30,84789.58,84862.62,84789.58,84842.14,84810.34479136113,55.28398669633356
2026-01-08T09:57:00+05:30,84841.97,84867.02,84817.95,84824.61,84813.91109352084,50.96896125138225
2026-01-08T10:00:00+05:30,84824.96,84844.75,84762.34,84802.72,84811.11332014063,45.76506396402903
2026-01-08T10:03:00+05:30,84804.15,84812.84,84758.39,84762.55,84798.97249010547,37.55582186701523
2026-01-08T10:06:00+05:30,84756.11,84796.94,84728.48,84736.25,84783.2918675791,33.030175846364074
2026-01-08T10:09:00+05:30,84722.81,84759.25,84713.36,84722.05,84767.98140068432,30.69983853682092
2026-01-08T10:12:00+05:30,84722.11,84780.36,84705.25,84774.62,84769.64105051324,46.88512780718854
2026-01-08T10:15:00+05:30,84774.1,84774.1,84709.17,84730.93,84759.96328788492,38.2282466423916
2026-01-08T10:18:00+05:30,84728.88,84748.84,84655.33,84662.93,84735.7049659137,28.62951251413112
2026-01-08T10:21:00+05:30,84666.95,84685.14,84634.9,84673.13,84720.06122443528,31.63358520632427
2026-01-08T10:24:00+05:30,84673.76,84692.17,84647.33,84670.91,84707.77341832645,31.299064714454218
2026-01-08T10:27:00+05:30,84675.57,84692.1,84661.88,84685.06,84702.09506374484,36.307615419701435
2026-01-08T10:30:00+05:30,84684.28,84691.12,84651.67,84653.08,84689.84129780863,30.453565951620817
2026-01-08T10:33:00+05:30,84662.37,84700.46,84662.21,84675.93,84686.36347335647,38.693432818761416
2026-01-08T10:36:00+05:30,84675.27,84693.24,84631.01,84640.57,84674.91510501735,31.875209553937438
2026-01-08T10:39:00+05:30,84647.95,84679.48,84636.06,84666.75,84672.87382876301,40.87458435046161
2026-01-08T10:42:00+05:30,84672.38,84698.58,84644,84651.2,84667.45537157226,37.446684881889816
2026-01-08T10:45:00+05:30,84647.89,84698.6,84647.89,84682.83,84671.29902867919,47.82950386202293
2026-01-08T10:48:00+05:30,84679.26,84687.53,84645.65,84651,84666.22427150939,40.028980873021446
2026-01-08T10:51:00+05:30,84652.11,84677.89,84605.47,84652.52,84662.79820363205,40.56898210760426
2026-01-08T10:54:00+05:30,84651.71,84658.27,84617.11,84636.59,84656.24615272404,36.54546549249941
2026-01-08T10:57:00+05:30,84633.05,84658.33,84615.76,84631.92,84650.16461454303,35.34650182906563
2026-01-08T11:00:00+05:30,84634.03,84634.79,84593.91,84616.31,84641.70096090727,31.337226414666944
2026-01-08T11:03:00+05:30,84617.71,84656.5,84611.71,84626.32,84637.85572068045,36.70810705197812
2026-01-08T11:06:00+05:30,84629.38,84647.2,84624.08,84635.74,84637.32679051034,41.713686523487034
2026-01-08T11:09:00+05:30,84634.87,84646.47,84610.33,84643.35,84638.83259288275,45.75694027982178
2026-01-08T11:12:00+05:30,84643.16,84652.82,84597.46,84597.98,84628.61944466206,30.86476133181894
2026-01-08T11:15:00+05:30,84598.64,84634.69,84587.76,84623.18,84627.25958349655,42.90598002242502
2026-01-08T11:18:00+05:30,84625.54,84637.39,84560,84573.06,84613.70968762241,30.556839716987994
2026-01-08T11:21:00+05:30,84572.41,84572.41,84517.83,84525.81,84591.7347657168,23.209601478754266
2026-01-08T11:24:00+05:30,84521.81,84536.32,84500.01,84520.06,84573.8160742876,22.44344406208056
2026-01-08T11:27:00+05:30,84518.95,84529.3,84510.98,84522.29,84560.9345557157,23.584781320611498
2026-01-08T11:30:00+05:30,84521.7,84527.13,84482.33,84508.7,84547.87591678678,21.350839683754003
2026-01-08T11:33:00+05:30,84512.98,84527.12,84503.63,84513.77,84539.34943759009,24.464879681369638
2026-01-08T11:36:00+05:30,84514.98,84541.52,84513.95,84527.62,84536.41707819256,32.92850945592144
2026-01-08T11:39:00+05:30,84532.75,84558.42,84525.58,84549.23,84539.62030864443,44.29124650503733
2026-01-08T11:42:00+05:30,84549.63,84553.5,84521.26,84527.13,84536.49773148332,36.84399515767008
2026-01-08T11:45:00+05:30,84522.17,84536.87,84498.31,84498.31,84526.9507986125,29.338704249265376
2026-01-08T11:48:00+05:30,84502.19,84503.73,84443.27,84483.07,84515.98059895937,26.063279305132497
2026-01-08T11:51:00+05:30,84484.12,84492.61,84455.18,84486.15,84508.52294921954,27.959615286077593
2026-01-08T11:54:00+05:30,84484.35,84500.77,84444.65,84462.09,84496.91471191465,22.662349834278018
2026-01-08T11:57:00+05:30,84466.7,84467.89,84390.02,84390.06,84470.20103393598,13.637751278841293
2026-01-08T12:00:00+05:30,84389.12,84434.49,84353.38,84353.47,84441.01827545199,11.033746684305498
2026-01-08T12:03:00+05:30,84357.64,84394.21,84257.85,84258.21,84395.31620658899,6.9835849968627315
2026-01-08T12:06:00+05:30,84251.42,84338.18,84230.95,84338.18,84381.03215494174,31.580996430052892
2026-01-08T12:09:00+05:30,84331.99,84340.57,84316.76,84320.75,84365.9616162063,29.59119648383904
2026-01-08T12:12:00+05:30,84318.93,84383.57,84309.38,84370.52,84367.10121215472,41.80582225485881
2026-01-08T12:15:00+05:30,84373.21,84417.36,84337.17,84396.22,84374.38090911604,47.31230948050657
2026-01-08T12:18:00+05:30,84393.9,84393.9,84335.51,84335.51,84364.66318183702,37.52631585230333
2026-01-08T12:21:00+05:30,84334.08,84349.85,84315.76,84336.29,84357.56988637777,37.719408026174506
2026-01-08T12:24:00+05:30,84335.22,84378.62,84324.72,84373.54,84361.56241478332,46.86886127515275
2026-01-08T12:27:00+05:30,84369.96,84381.9,84357.34,84368.66,84363.33681108749,45.839604795480135
2026-01-08T12:30:00+05:30,84367.77,84370.95,84315.06,84324.89,84353.72510831562,37.274149308158314
2026-01-08T12:33:00+05:30,84321.05,84335.68,84293.57,84305.46,84341.65883123671,33.985301558066396
2026-01-08T12:36:00+05:30,84304.67,84341.89,84289.34,84332.99,84339.49162342753,42.388175665447854
2026-01-08T12:39:00+05:30,84334.17,84343.42,84300.59,84336.19,84338.66621757064,43.36576578226834
2026-01-08T12:42:00+05:30,84334.13,84340.57,84301,84336.47,84338.11716317799,43.463698411020694
2026-01-08T12:45:00+05:30,84336.85,84339.6,84288.36,84304.6,84329.7378723835,35.34711624382062
2026-01-08T12:48:00+05:30,84306.11,84311.19,84279.47,84280.55,84317.44090428762,30.35626472642643
2026-01-08T12:51:00+05:30,84280.1,84307.34,84250.38,84286.72,84309.76067821571,33.18012493343376
2026-01-08T12:54:00+05:30,84291.81,84316.92,84288.32,84296.68,84306.49050866178,37.920678548755475
2026-01-08T12:57:00+05:30,84297.05,84314.84,84292.62,84301.28,84305.18788149633,40.206400426198705
2026-01-08T13:00:00+05:30,84297.37,84299.45,84253.18,84266.56,84295.53091112225,30.362236157042375
2026-01-08T13:03:00+05:30,84269.13,84342.84,84269.13,84332.64,84304.80818334168,54.88764533917066
2026-01-08T13:06:00+05:30,84333.45,84339.72,84305.29,84315.7,84307.53113750626,49.65714371224305
2026-01-08T13:09:00+05:30,84314.23,84338.33,84296.73,84317.61,84310.0508531297,50.28039496810694
2026-01-08T13:12:00+05:30,84318.85,84333.54,84310.45,84329.09,84314.81063984727,54.25188792556001
2026-01-08T13:15:00+05:30,84329.49,84330.36,84289.57,84289.79,84308.55547988546,41.13032150820041
2026-01-08T13:18:00+05:30,84290.34,84313.4,84278.39,84313.4,84309.76660991409,49.66338640199516
2026-01-08T13:21:00+05:30,84313.73,84315.21,84273.04,84278.22,84301.87995743557,39.66798641580846
2026-01-08T13:24:00+05:30,84275.7,84308.28,84245.05,84245.05,84287.67246807668,32.47770880985793
2026-01-08T13:27:00+05:30,84244.36,84285.01,84230.32,84253.95,84279.24185105751,36.10327174526131
2026-01-08T13:30:00+05:30,84254.32,84256.71,84207.45,84241.84,84269.89138829312,33.26763177253868
2026-01-08T13:33:00+05:30,84242.79,84312.51,84238.75,84271.46,84270.28354121985,45.48570285093388
2026-01-08T13:36:00+05:30,84269.27,84294.9,84260.78,84290.18,84275.25765591489,51.96978120962423
2026-01-08T13:39:00+05:30,84291.74,84307.84,84243.12,84247.53,84268.32574193616,39.48611333352773
2026-01-08T13:42:00+05:30,84254.49,84312.88,84240.75,84299.94,84276.22930645212,54.98738892009305
2026-01-08T13:45:00+05:30,84301.04,84353.79,84265.74,84330.95,84289.90947983909,61.750844430386174
2026-01-08T13:48:00+05:30,84334.47,84356.35,84293.94,84302.07,84292.94960987932,53.08435539570375
2026-01-08T13:51:00+05:30,84298.65,84348.69,84293.19,84311.09,84297.48470740949,55.366871040474145
2026-01-08T13:54:00+05:30,84304.45,84365.88,84304.45,84348.98,84310.35853055712,63.95991029673944
2026-01-08T13:57:00+05:30,84349.88,84389.21,84343.79,84370.83,84325.47639791784,68.09278287364047
2026-01-08T14:00:00+05:30,84370.8,84406.4,84352.98,84376.84,84338.31729843837,69.22526232921203
2026-01-08T14:03:00+05:30,84383.02,84392.52,84322.9,84368.54,84345.87297382878,65.48066685465872
2026-01-08T14:06:00+05:30,84370.85,84403.08,84317.36,84344.51,84345.53223037158,55.364930042803834
2026-01-08T14:09:00+05:30,84337.93,84349.65,84307.44,84317.43,84338.50667277869,46.01827093407
2026-01-08T14:12:00+05:30,84325.05,84371.23,84325.05,84369.81,84346.33250458402,60.91014440773654
2026-01-08T14:15:00+05:30,84369.93,84383.99,84346.09,84369.19,84352.046878438,60.67898379844241
2026-01-08T14:18:00+05:30,84369.96,84407.31,84358.35,84389.2,84361.3351588285,65.59534316433455
2026-01-08T14:21:00+05:30,84386.34,84428.73,84366.28,84367.91,84362.97886912138,56.78262791352467
2026-01-08T14:24:00+05:30,84369.69,84401.3,84342.47,84342.76,84357.92415184103,47.911383258517816
2026-01-08T14:27:00+05:30,84340.35,84375.6,84296,84321.18,84348.73811388077,41.43159309790384
2026-01-08T14:30:00+05:30,84322.62,84392.53,84295.5,84371.88,84354.52358541058,57.271248904037925
2026-01-08T14:33:00+05:30,84368.49,84406.89,84360.55,84394.85,84364.60518905794,62.61535870377932
2026-01-08T14:36:00+05:30,84394.15,84412.67,84373.92,84403.28,84374.27389179345,64.51558860681982
2026-01-08T14:39:00+05:30,84397.7,84404.36,84322.04,84339.48,84365.57541884508,44.5303628721106
2026-01-08T14:42:00+05:30,84333.52,84387.51,84322.4,84354.76,84362.8715641338,48.94909153603117
2026-01-08T14:45:00+05:30,84359.05,84389.25,84336.49,84360.13,84362.18617310036,50.56376647769171
2026-01-08T14:48:00+05:30,84360.88,84366.57,84309.12,84342.24,84357.19962982528,45.028347661535335
2026-01-08T14:51:00+05:30,84341.64,84356.93,84280.75,84303.45,84343.76222236895,35.263020336723045
2026-01-08T14:54:00+05:30,84296.71,84332.84,84273.67,84288.67,84329.98916677671,32.16238635013195
2026-01-08T14:57:00+05:30,84288.15,84290.42,84259.4,84276.23,84316.54937508253,29.60612474976672
2026-01-08T15:00:00+05:30,84287.41,84291.18,84184.61,84215.73,84291.34453131189,20.40449628712365
2026-01-08T15:03:00+05:30,84200.24,84228.53,84110.1,84161.48,84258.87839848391,15.397959084811248
2026-01-08T15:06:00+05:30,84156.34,84188.7,84126.42,84183.2,84239.95879886294,24.09710792214672
2026-01-08T15:09:00+05:30,84185.4,84230.82,84143.23,84222.14,84235.5040991472,37.53205745924727
2026-01-08T15:12:00+05:30,84231.45,84239.08,84169.28,84187.72,84223.55807436041,31.738719938995487
2026-01-08T15:15:00+05:30,84187.29,84189.55,84131.35,84152.48,84205.7885557703,26.797899833614892
2026-01-08T15:18:00+05:30,84152.42,84210.29,84145.24,84188.9,84201.56641682773,38.36642117384959
2026-01-08T15:21:00+05:30,84188.85,84207.37,84148.58,84178,84195.6748126208,36.36004628180875
2026-01-08T15:24:00+05:30,84183.32,84197.47,84158.8,84189.69,84194.1786094656,40.26844969615844
2026-01-08T15:27:00+05:30,84191.71,84195.21,84114.14,84162.02,84186.1389570992,34.429420125240995
2026-01-09T09:15:00+05:30,84107.23,84393.07,84019.5,84393.07,84237.8717178244,72.82161768027925
2026-01-09T09:18:00+05:30,84395.82,84406.22,84314.43,84325.13,84259.6862883683,60.64106191415535
2026-01-09T09:21:00+05:30,84324.13,84325,84188.63,84196.84,84243.97471627622,44.31252336311343
2026-01-09T09:24:00+05:30,84193.01,84193.01,84102.12,84134.91,84216.70853720716,38.4775019811464
2026-01-09T09:27:00+05:30,84141.9,84151.62,84073.76,84081.47,84182.89890290538,33.97377609681264
2026-01-09T09:30:00+05:30,84078.38,84180.34,84066.26,84107.61,84164.07667717904,38.10792439380489
2026-01-09T09:33:00+05:30,84106.76,84106.76,84031.86,84056.79,84137.25500788428,33.368915247055185
2026-01-09T09:36:00+05:30,84053.72,84114.03,84048.49,84048.49,84115.0637559132,32.59653021902433
2026-01-09T09:39:00+05:30,84056.45,84069.35,84029.11,84057.83,84100.7553169349,34.584403237494726
2026-01-09T09:42:00+05:30,84057.35,84167.52,84045.95,84167.52,84117.44648770118,53.41053391018105
2026-01-09T09:45:00+05:30,84176.74,84198.79,84112.59,84198.79,84137.78236577589,57.48036960326925
2026-01-09T09:48:00+05:30,84203.57,84248.72,84133.29,84133.29,84136.6592743319,47.36835565379154
2026-01-09T09:51:00+05:30,84134.83,84158.33,84089.45,84090.69,84125.16695574892,41.79000715943947
2026-01-09T09:54:00+05:30,84088.64,84191.6,84088.64,84191.45,84141.7377168117,56.06692064135354
2026-01-09T09:57:00+05:30,84190.39,84232.81,84188.31,84230.1,84163.82828760878,60.41209700368533
2026-01-09T10:00:00+05:30,84230.59,84254.97,84197.5,84204.65,84174.03371570658,56.14610100223666
2026-01-09T10:03:00+05:30,84207.13,84207.13,84136.32,84141.68,84165.94528677993,46.63917544989659
2026-01-09T10:06:00+05:30,84141.41,84190.32,84132.31,84188.22,84171.51396508495,53.437422988090006
2026-01-09T10:09:00+05:30,84186.65,84210.16,84154.62,84174.8,84172.33547381371,51.241247387757056
2026-01-09T10:12:00+05:30,84171.51,84171.51,84094.86,84121.44,84159.61160536029,43.03644635408348
2026-01-09T10:15:00+05:30,84122.44,84135.47,84103.51,84108.51,84146.83620402022,41.17269837816232
2026-01-09T10:18:00+05:30,84106.47,84137.23,84094.34,84105.56,84136.51715301516,40.703503935860326
2026-01-09T10:21:00+05:30,84104.87,84176.8,84101.23,84166.99,84144.13536476137,53.5604267720722
2026-01-09T10:24:00+05:30,84167.3,84178.76,84109.98,84167.86,84150.06652357103,53.72620544072737
2026-01-09T10:27:00+05:30,84165.15,84235.16,84165.15,84217.16,84166.83989267828,62.561702306415526
2026-01-09T10:30:00+05:30,84216.51,84218.08,84165.19,84165.19,84166.42741950872,50.66433661670519
2026-01-09T10:33:00+05:30,84163.75,84169.43,84104.37,84113.24,84153.13056463154,41.46765148243309
2026-01-09T10:36:00+05:30,84113.96,84114.08,84052.46,84067.74,84131.78292347366,34.979572989987034
2026-01-09T10:39:00+05:30,84067.82,84102.42,84066.48,84080.12,84118.86719260525,38.056103414950776
2026-01-09T10:42:00+05:30,84081.13,84118.66,84070.95,84093.11,84112.42789445394,41.44760007366882
2026-01-09T10:45:00+05:30,84096.03,84133.24,84082.58,84121.87,84114.78842084046,48.7022682777363
2026-01-09T10:48:00+05:30,84120.37,84124.6,84089.32,84106.04,84112.60131563034,45.11294285341119
2026-01-09T10:51:00+05:30,84105.92,84105.92,84018.26,84020.73,84089.63348672276,30.828083024900167
2026-01-09T10:54:00+05:30,84017.08,84028.67,83996.53,84007.21,84069.02761504207,29.123041007331224
2026-01-09T10:57:00+05:30,84011.16,84014.87,83924.65,83978.15,84046.30821128155,25.575851611831652
2026-01-09T11:00:00+05:30,83975.66,83979.73,83932.28,83937.26,84019.04615846116,21.31414243584794
2026-01-09T11:03:00+05:30,83937.45,83961.69,83937.45,83952.56,84002.42461884586,26.649664504580286
2026-01-09T11:06:00+05:30,83953,83973.28,83939.03,83944.31,83987.8959641344,25.55937995047644
2026-01-09T11:09:00+05:30,83944.71,83985.09,83942.66,83965.88,83982.3919731008,33.818397323914596
2026-01-09T11:12:00+05:30,83966.6,83975.66,83918.73,83919.76,83966.7339798256,26.487656351751042
2026-01-09T11:15:00+05:30,83916.7,83932.97,83895.09,83910.77,83952.7429848692,25.24326342442565
2026-01-09T11:18:00+05:30,83915.8,83924.56,83896.36,83914.38,83943.1522386519,26.85318137463753
2026-01-09T11:21:00+05:30,83914.86,83925.65,83888.33,83915.04,83936.12417898893,27.187639723018748
2026-01-09T11:24:00+05:30,83916.46,83930.05,83897.34,83929.48,83934.4631342417,34.79756607496314
2026-01-09T11:27:00+05:30,83929.56,83946.55,83918.23,83931.01,83933.59985068128,35.6292058244227
2026-01-09T11:30:00+05:30,83934.64,83987.71,83931.34,83961.13,83940.48238801096,50.213706179422346
2026-01-09T11:33:00+05:30,83967.17,83970.64,83840.19,83840.19,83915.40929100823,24.359452741197856
2026-01-09T11:36:00+05:30,83839.68,83840.65,83777.2,83779.05,83881.31946825617,18.685189386201372
2026-01-09T11:39:00+05:30,83776.8,83809.07,83775,83783.62,83856.89460119212,20.30407305831025
2026-01-09T11:42:00+05:30,83782.18,83809.91,83781.53,83785.64,83839.08095089409,21.113966840576794
2026-01-09T11:45:00+05:30,83784.44,83792.66,83728.61,83746.37,83815.90321317056,17.159019333788706
2026-01-09T11:48:00+05:30,83747.12,83770.45,83737.59,83749.72,83799.35740987792,18.67510963779199
2026-01-09T11:51:00+05:30,83748.63,83755.83,83707.98,83720.5,83779.64305740844,15.743174591047008
2026-01-09T11:54:00+05:30,83721.42,83760.94,83718.74,83724.85,83765.94479305633,17.979672611654564
2026-01-09T11:57:00+05:30,83725.2,83740.39,83715.17,83737.26,83758.77359479225,24.63771841578881
2026-01-09T12:00:00+05:30,83742.27,83758.54,83731.9,83752.37,83757.17269609419,32.42926056000552
2026-01-09T12:03:00+05:30,83752.67,83789.19,83747.31,83772.53,83761.01202207064,41.7961232028714
2026-01-09T12:06:00+05:30,83773.59,83797.86,83765.72,83782.44,83766.36901655298,46.082543869446674
2026-01-09T12:09:00+05:30,83785.24,83794.22,83735.96,83741.72,83760.20676241475,34.05852564516054
2026-01-09T12:12:00+05:30,83736.97,83766.87,83721.03,83721.03,83750.41257181106,29.496268413577425
2026-01-09T12:15:00+05:30,83721.24,83771.14,83720.58,83749.27,83750.1269288583,41.89126324355175
2026-01-09T12:18:00+05:30,83748.86,83754.01,83725.59,83733.8,83746.04519664372,37.65985173358656
2026-01-09T12:21:00+05:30,83729.5,83745.15,83709.52,83721.69,83739.95639748279,34.479176616387846
2026-01-09T12:24:00+05:30,83724.84,83733.05,83702.92,83709.26,83732.28229811208,31.312311214236075
2026-01-09T12:27:00+05:30,83709.8,83709.8,83658.21,83658.62,83713.86672358407,21.796758953741474
2026-01-09T12:30:00+05:30,83661.29,83686.75,83658.73,83683.98,83706.39504268805,33.5881903893584
2026-01-09T12:33:00+05:30,83686.3,83694.86,83646.01,83650.57,83692.43878201603,27.26872161745537
2026-01-09T12:36:00+05:30,83643.48,83645.93,83541.27,83564.61,83660.48158651203,17.426822712595936
2026-01-09T12:39:00+05:30,83568.59,83597.75,83532.07,83537.56,83629.75118988403,15.38785703039413
2026-01-09T12:42:00+05:30,83536.95,83549.37,83517.74,83548.38,83609.40839241302,19.768552960692105
2026-01-09T12:45:00+05:30,83548.78,83569.77,83536.11,83548.21,83594.10879430977,19.74980984510354
2026-01-09T12:48:00+05:30,83552.72,83558.06,83506.79,83522.14,83576.11659573232,16.885501512438395
2026-01-09T12:51:00+05:30,83521.68,83588.54,83521.68,83587.11,83578.86494679924,41.53752889267967
2026-01-09T12:54:00+05:30,83588.02,83596.85,83559.22,83582.41,83579.75121009944,40.52312578466814
2026-01-09T12:57:00+05:30,83579.76,83588.66,83541.15,83560.49,83574.93590757457,35.770009380377985
2026-01-09T13:00:00+05:30,83560.64,83586.1,83550.54,83556.38,83570.29693068092,34.87518040755705
2026-01-09T13:03:00+05:30,83557.34,83562.37,83532.81,83560.52,83567.8526980107,36.73507898506461
2026-01-09T13:06:00+05:30,83560.64,83579.31,83544.59,83578.5,83570.51452350803,44.73247949413529
2026-01-09T13:09:00+05:30,83579.35,83584.28,83561.75,83582.23,83573.44339263102,46.373196651530534
2026-01-09T13:12:00+05:30,83581.7,83594.14,83570.24,83575.26,83573.89754447326,43.554383157204036
2026-01-09T13:15:00+05:30,83577.22,83589.94,83561.6,83565.88,83571.89315835494,39.75982971877239
2026-01-09T13:18:00+05:30,83569.54,83626.47,83556.11,83622.68,83584.5898687662,62.71090168523896
2026-01-09T13:21:00+05:30,83630.66,83656.88,83615.7,83638.12,83597.97240157465,66.73071596554499
2026-01-09T13:24:00+05:30,83637.79,83637.79,83603.73,83625.91,83604.95680118099,60.69419870742472
2026-01-09T13:27:00+05:30,83624.47,83631.41,83613.94,83627.4,83610.56760088574,61.19397677724068
2026-01-09T13:30:00+05:30,83628.64,83641.34,83582.4,83590.61,83605.57820066431,44.7888176270746
2026-01-09T13:33:00+05:30,83589.83,83634.64,83566.87,83625.78,83610.62865049823,57.49693888728554
2026-01-09T13:36:00+05:30,83616.31,83703.99,83605.04,83687.67,83629.88898787367,71.13645314288573
2026-01-09T13:39:00+05:30,83686.82,83688.04,83625.78,83636.38,83631.51174090525,54.291507871504685
2026-01-09T13:42:00+05:30,83635.57,83638.97,83562.85,83566.94,83615.36880567894,39.5127370646283
2026-01-09T13:45:00+05:30,83567.25,83576.31,83537.26,83541.13,83596.80910425921,35.34105671866435
2026-01-09T13:48:00+05:30,83544.55,83568.94,83526.1,83554.55,83586.24432819441,39.23288633210584
2026-01-09T13:51:00+05:30,83551.2,83561.85,83516,83523.85,83570.6457461458,33.802758994981815
2026-01-09T13:54:00+05:30,83523.2,83527.29,83500.32,83524.6,83559.13430960936,34.06287044407233
2026-01-09T13:57:00+05:30,83524.09,83572.56,83520.78,83571.56,83562.24073220702,48.76814861870284
2026-01-09T14:00:00+05:30,83572.61,83586.83,83559.4,83568.83,83563.88804915527,48.04147253605058
2026-01-09T14:03:00+05:30,83576.12,83576.82,83536.29,83559.25,83562.72853686646,45.2792811138679
2026-01-09T14:06:00+05:30,83558.61,83568.94,83544.36,83568.94,83564.28140264985,48.7561196883352
2026-01-09T14:09:00+05:30,83568.18,83582.03,83534.39,83543.02,83558.96605198739,40.688236368634534
2026-01-09T14:12:00+05:30,83542.44,83561.73,83502.52,83507.06,83545.98953899054,32.09277455936899
2026-01-09T14:15:00+05:30,83506.38,83541,83506.38,83531.77,83542.43465424291,41.92766429585163
2026-01-09T14:18:00+05:30,83530.84,83538.14,83482.59,83519.66,83536.74099068218,38.72124025789656
2026-01-09T14:21:00+05:30,83519.85,83524.04,83494.8,83502.18,83528.10074301163,34.30347641859572
2026-01-09T14:24:00+05:30,83498.48,83538.36,83492.57,83521.73,83526.50805725872,42.816367884856305
2026-01-09T14:27:00+05:30,83521.16,83536.87,83493.42,83496.55,83519.01854294405,35.838264067828874
2026-01-09T14:30:00+05:30,83499.81,83501.3,83477.13,83484.83,83510.47140720804,32.924431682642805
2026-01-09T14:33:00+05:30,83488.5,83538.99,83476.35,83513.31,83511.18105540602,45.48931366597979
2026-01-09T14:36:00+05:30,83514.17,83524.43,83487.93,83501.51,83508.76329155451,41.71231239384207
2026-01-09T14:39:00+05:30,83502.27,83513.51,83446.75,83447.27,83493.38996866588,28.861284508132584
2026-01-09T14:42:00+05:30,83438.91,83510.26,83402.28,83501.97,83495.53497649942,47.787459774355845
2026-01-09T14:45:00+05:30,83500.7,83528.86,83492.36,83527.33,83503.48373237456,54.35574064081603
2026-01-09T14:48:00+05:30,83524.4,83533.81,83496.94,83506.05,83504.12529928092,48.39565587394288
2026-01-09T14:51:00+05:30,83505.49,83521.9,83494.12,83516.91,83507.32147446068,51.55817052782218
2026-01-09T14:54:00+05:30,83516.87,83545.7,83506.23,83545.7,83516.9161058455,59.27689886350394
2026-01-09T14:57:00+05:30,83544.03,83547.84,83519.55,83527.83,83519.64457938413,53.144717390582315
2026-01-09T15:00:00+05:30,83527.98,83566.17,83511.45,83553.66,83528.1484345381,60.10456010455913
2026-01-09T15:03:00+05:30,83553.54,83580.05,83552.8,83568.92,83538.34132590357,63.80974143006417
2026-01-09T15:06:00+05:30,83574.04,83610.55,83549.07,83590.03,83551.26349442768,68.52714317958733
2026-01-09T15:09:00+05:30,83594.19,83609.67,83579.44,83606.28,83565.01762082076,71.82537545152309
2026-01-09T15:12:00+05:30,83607.5,83638.12,83597.14,83610.94,83576.49821561557,72.77974505836359
2026-01-09T15:15:00+05:30,83608.32,83618.55,83571.32,83581.17,83577.66616171168,58.10928584130168
2026-01-09T15:18:00+05:30,83579.39,83606.18,83553.81,83601.86,83583.71462128375,63.994129613328646
2026-01-09T15:21:00+05:30,83606.99,83624.15,83591.18,83597.23,83587.09346596281,61.73010331413203
2026-01-09T15:24:00+05:30,83595.83,83600.79,83557.18,83570.85,83583.0325994721,49.97700986536024
2026-01-09T15:27:00+05:30,83569.18,83639.53,83563.7,83638.66,83596.93944960408,68.15809953209856
2026-01-12T09:15:00+05:30,83486.45,83617.53,83292.54,83306.07,83524.22208720306,22.131002649043793
2026-01-12T09:18:00+05:30,83305.26,83351.22,83231.55,83231.55,83451.05406540229,18.810480062562334
2026-01-12T09:21:00+05:30,83235.24,83244.56,83193.06,83205.86,83389.75554905171,17.739957160033484
2026-01-12T09:24:00+05:30,83207.74,83210.97,83120.89,83129.3,83324.64166178879,14.809580478000171
2026-01-12T09:27:00+05:30,83130.86,83138.21,83043.45,83071.94,83261.46624634159,12.94107173151599
2026-01-12T09:30:00+05:30,83067.07,83202.44,83052.9,83128.12,83228.12968475619,23.91077591558465
2026-01-12T09:33:00+05:30,83127.58,83202.68,83114.59,83193.2,83219.39726356714,34.98270065047643
2026-01-12T09:36:00+05:30,83193.42,83256.78,83150.55,83253.78,83227.99294767535,43.855059691230146
2026-01-12T09:39:00+05:30,83255.44,83262.38,83162.42,83179.43,83215.85221075651,36.68673403679321
2026-01-12T09:42:00+05:30,83179.79,83179.79,83107.96,83148.74,83199.07415806738,34.00964494950773
2026-01-12T09:45:00+05:30,83155.84,83191.54,83132.56,83137.61,83183.70811855054,32.991064885150564
2026-01-12T09:48:00+05:30,83148.8,83321.26,83146.19,83258.68,83202.4510889129,51.445807033107045
2026-01-12T09:51:00+05:30,83260.1,83264.38,83195.64,83221.53,83207.22081668468,46.8288307392237
2026-01-12T09:54:00+05:30,83223.3,83256.74,83205.9,83208.14,83207.45061251351,45.12588072727865
2026-01-12T09:57:00+05:30,83201.41,83201.41,83125.08,83133.87,83189.05545938513,36.529559151282
2026-01-12T10:00:00+05:30,83129.57,83157.21,83128.3,83146.64,83178.45159453884,38.8656852114616
2026-01-12T10:03:00+05:30,83149.66,83235.88,83149.19,83214.76,83187.52869590413,50.259420636857165
2026-01-12T10:06:00+05:30,83214.07,83219.61,83179.46,83192.58,83188.7915219281,46.936460653617644
2026-01-12T10:09:00+05:30,83193.82,83209.73,83136.71,83161.57,83181.98614144608,42.36740439529367
2026-01-12T10:12:00+05:30,83163.76,83177.16,83118.84,83124.35,83167.57710608456,37.28497435953951
2026-01-12T10:15:00+05:30,83116.03,83143.27,83091.92,83140.31,83160.76032956342,40.835587954719266
2026-01-12T10:18:00+05:30,83141.13,83204.72,83140.14,83200.68,83170.74024717257,52.662518237715894
2026-01-12T10:21:00+05:30,83197.08,83207.62,83165.24,83186.96,83174.79518537942,50.011799255385434
2026-01-12T10:24:00+05:30,83190.48,83200.77,83154.08,83184.35,83177.18388903457,49.45928550667709
2026-01-12T10:27:00+05:30,83186.01,83236.2,83186.01,83199.91,83182.86541677592,53.06570917977878
2026-01-12T10:30:00+05:30,83200.15,83229.03,83176.56,83182.77,83182.84156258195,48.608193650662116
2026-01-12T10:33:00+05:30,83183.22,83198.93,83151.38,83169.2,83179.43117193646,45.10832748964811
2026-01-12T10:36:00+05:30,83159.03,83181.68,83145.09,83167.32,83176.40337895235,44.58940980745822
2026-01-12T10:39:00+05:30,83162.12,83190.42,83150.34,83169.83,83174.76003421427,45.56481289655057
2026-01-12T10:42:00+05:30,83167.22,83181.15,83139.58,83156.86,83170.2850256607,41.193307137094024
2026-01-12T10:45:00+05:30,83157.93,83163.66,83072.61,83104.23,83153.77126924552,28.327238044004332
2026-01-12T10:48:00+05:30,83105.58,83187.49,83101.41,83185.9,83161.80345193415,54.215910331210516
2026-01-12T10:51:00+05:30,83187.71,83191.75,83123.78,83135.56,83155.24258895061,43.037089900132834
2026-01-12T10:54:00+05:30,83136,83137.57,83104,83123.65,83147.34444171295,40.71959889636249
2026-01-12T10:57:00+05:30,83123.99,83130.32,83083.61,83090.84,83133.2183312847,34.712057469841085
2026-01-12T11:00:00+05:30,83089.96,83102.79,83071.73,83092.63,83123.07124846353,35.31943771122495
2026-01-12T11:03:00+05:30,83092.98,83104.77,83062.42,83069.97,83109.79593634765,31.052831613043608
2026-01-12T11:06:00+05:30,83071.3,83097.67,83059.58,83096.77,83106.53945226074,40.90323770380711
2026-01-12T11:09:00+05:30,83094.66,83095.99,83060.47,83078.5,83099.52958919556,36.729688927506245
2026-01-12T11:12:00+05:30,83073.38,83088.18,83038.09,83045.17,83085.93969189667,30.1764065053664
2026-01-12T11:15:00+05:30,83047.07,83053.77,82976.98,82976.98,83058.6997689225,21.163551995006785
2026-01-12T11:18:00+05:30,82976.55,83011.98,82968.35,82976.87,83038.24232669186,21.15166264439044
2026-01-12T11:21:00+05:30,82976.72,82980.99,82954.24,82965.53,83020.0642450189,19.812954295766616
2026-01-12T11:24:00+05:30,82965.42,82991.51,82960.63,82975.99,83009.04568376418,24.926184756960566
2026-01-12T11:27:00+05:30,82977.49,82998.56,82957.18,82963.23,82997.59176282314,22.85229023304109
2026-01-12T11:30:00+05:30,82967.37,82967.37,82897.55,82908.25,82975.25632211735,16.11306616383915
2026-01-12T11:33:00+05:30,82904.32,82908.3,82861.07,82893.98,82954.937241588,14.792143745766893
2026-01-12T11:36:00+05:30,82894.14,82915.29,82888.75,82891.05,82938.965431191,14.507255315879988
2026-01-12T11:39:00+05:30,82890.33,82913.13,82887.84,82904.88,82930.44407339324,22.70503508490978
2026-01-12T11:42:00+05:30,82905.08,82905.08,82864.49,82888.2,82919.88305504493,20.00578436356149
2026-01-12T11:45:00+05:30,82887.94,82935.07,82863.45,82935.07,82923.6797912837,42.439131760680375
2026-01-12T11:48:00+05:30,82936.39,82939.98,82891.11,82918.32,82922.33984346277,37.99645034369567
2026-01-12T11:51:00+05:30,82918.5,82932.72,82899.15,82926.83,82923.46238259708,41.618979593022786
2026-01-12T11:54:00+05:30,82927.98,82939.74,82907.96,82925.72,82924.02678694781,41.2522188290251
2026-01-12T11:57:00+05:30,82923.15,82944.54,82917.93,82937.48,82927.39009021086,47.022704380750085
2026-01-12T12:00:00+05:30,82938.29,82972.64,82929.36,82971.68,82938.46256765813,60.26491771412446
2026-01-12T12:03:00+05:30,82970.76,82974.76,82917.84,82953.29,82942.1694257436,52.09578754958204
2026-01-12T12:06:00+05:30,82948.14,83007.45,82948.14,82999.81,82956.57956930771,65.78396656244362
2026-01-12T12:09:00+05:30,83001.58,83016.57,82961.65,82971.28,82960.25467698078,54.61756672482732
2026-01-12T12:12:00+05:30,82975.28,83176.04,82968.76,83176.04,83014.20100773558,81.25693364552905
2026-01-12T12:15:00+05:30,83175.37,83275.56,83156.99,83274.85,83079.36325580168,85.91250079043813
2026-01-12T12:18:00+05:30,83269.72,83308.71,83253.61,83308.71,83136.69994185126,87.18506899578375
2026-01-12T12:21:00+05:30,83308.79,83475.15,83282.91,83394.69,83201.19745638844,89.8904884717892
2026-01-12T12:24:00+05:30,83393.85,83485.94,83393.66,83485.94,83272.38309229133,91.9854639678832
2026-01-12T12:27:00+05:30,83485.5,83512.85,83398.68,83451.06,83317.05231921849,84.20382646248581
2026-01-12T12:30:00+05:30,83453.59,83573.06,83453.59,83558.16,83377.32923941387,87.8775208374662
2026-01-12T12:33:00+05:30,83557.96,83588.5,83546.74,83563.16,83423.7869295604,88.02915713790041
2026-01-12T12:36:00+05:30,83564.01,83603.39,83529.07,83530.09,83450.3626971703,80.28039687008445
2026-01-12T12:39:00+05:30,83529.62,83585.6,83523.74,83583.52,83483.65202287774,83.08668460249118
2026-01-12T12:42:00+05:30,83591.14,83711.93,83586.54,83665.77,83529.1815171583,86.5295096550276
2026-01-12T12:45:00+05:30,83664.28,83706.4,83634.76,83647.46,83558.75113786873,82.18464627984166
2026-01-12T12:48:00+05:30,83648.75,83650.26,83617.21,83647.79,83581.01085340155,82.20343600500327
2026-01-12T12:51:00+05:30,83643.44,83649.83,83626.85,83642.23,83596.31564005115,80.5338376268353
2026-01-12T12:54:00+05:30,83642.9,83663.1,83620.95,83643.16,83608.02673003837,80.61068683818382
2026-01-12T12:57:00+05:30,83642.37,83667.86,83623.6,83623.6,83611.92004752878,73.49152263125575
2026-01-12T13:00:00+05:30,83627.4,83629.03,83532.77,83534.62,83592.59503564658,50.03805181784119
2026-01-12T13:03:00+05:30,83529.83,83607.63,83508.5,83594.37,83593.03877673493,60.03084945542501
2026-01-12T13:06:00+05:30,83593.6,83615.65,83585.58,83599.18,83594.5740825512,60.76780999836806
2026-01-12T13:09:00+05:30,83598.03,83646.41,83598.03,83646.31,83607.5080619134,67.5974480283855
2026-01-12T13:12:00+05:30,83646.29,83658.6,83606.7,83644.31,83616.70854643505,67.01983387344231
2026-01-12T13:15:00+05:30,83641.86,83674.11,83641.86,83644.8,83623.73140982629,67.10018903959669
2026-01-12T13:18:00+05:30,83643.74,83643.74,83572.26,83575.62,83611.7035573697,47.883514003906754
2026-01-12T13:21:00+05:30,83577.64,83599.4,83576.61,83589.11,83606.05516802728,51.07134963443948
2026-01-12T13:24:00+05:30,83589.78,83614.05,83562.81,83577.97,83599.03387602046,48.22917561943492
2026-01-12T13:27:00+05:30,83579.46,83585.71,83543.39,83549.73,83586.70790701534,41.413060083353514
2026-01-12T13:30:00+05:30,83547.6,83688.42,83547.6,83681.27,83610.34843026151,66.86278342841317
2026-01-12T13:33:00+05:30,83684.98,83751.6,83684.98,83739.2,83642.56132269613,72.90918288955932
2026-01-12T13:36:00+05:30,83740.06,83763.26,83690.76,83690.76,83654.61099202209,61.892168761413345
2026-01-12T13:39:00+05:30,83689.6,83759.93,83688.31,83749.03,83678.21574401658,68.55958563408916
2026-01-12T13:42:00+05:30,83753.89,83753.89,83695.89,83695.89,83682.63430801244,57.80002109316169
2026-01-12T13:45:00+05:30,83695.19,83741.75,83695.11,83720.93,83692.20823100932,61.151669362390166
2026-01-12T13:48:00+05:30,83720.74,83739.37,83707.63,83707.63,83696.063673257,58.283178084880134
2026-01-12T13:51:00+05:30,83707.45,83732.95,83678.89,83725.06,83703.31275494274,61.07487200945534
2026-01-12T13:54:00+05:30,83723.65,83741.27,83711.04,83719.85,83707.44706620707,59.68207562591792
2026-01-12T13:57:00+05:30,83720.54,83730.62,83678.14,83721.79,83711.0327996553,60.07758128907569
2026-01-12T14:00:00+05:30,83723.22,83723.39,83642.37,83664.6,83699.42459974147,44.921838688053
2026-01-12T14:03:00+05:30,83665.35,83704.12,83663.19,83699.33,83699.4009498061,53.27328196615916
2026-01-12T14:06:00+05:30,83700.58,83710.34,83675.5,83709,83701.80071235458,55.466767635032745
2026-01-12T14:09:00+05:30,83704.3,83718.26,83693.82,83698.12,83700.88053426593,52.247310317062784
2026-01-12T14:12:00+05:30,83696.19,83716.1,83681.09,83681.71,83696.08790069945,47.405527823814936
2026-01-12T14:15:00+05:30,83680.18,83718.55,83677.99,83715.97,83701.05842552459,57.09089993972538
2026-01-12T14:18:00+05:30,83714.39,83720.14,83682.77,83707.69,83702.71631914345,54.272850488362536
2026-01-12T14:21:00+05:30,83714,83779.98,83703.34,83771.17,83719.82973935759,68.27817680365087
2026-01-12T14:24:00+05:30,83771.99,83812.19,83767.15,83771.15,83732.65980451819,68.2704909520342
2026-01-12T14:27:00+05:30,83771.21,83801.66,83767.73,83771.61,83742.39735338865,68.3660426107883
2026-01-12T14:30:00+05:30,83772.21,83792.73,83743.9,83743.9,83742.77301504149,56.42432642058297
2026-01-12T14:33:00+05:30,83743.04,83743.04,83652.78,83659.5,83721.95476128111,34.81487153804946
2026-01-12T14:36:00+05:30,83660.19,83709.24,83610.03,83708.29,83718.53857096084,48.195587264890946
2026-01-12T14:39:00+05:30,83707.72,83778.37,83702.1,83777.06,83733.16892822064,61.26935002059899
2026-01-12T14:42:00+05:30,83778.15,83784.28,83732.6,83782.82,83745.58169616548,62.20148505424502
2026-01-12T14:45:00+05:30,83781.7,83807.91,83778.09,83795.39,83758.03377212411,64.38386526542777
2026-01-12T14:48:00+05:30,83799.41,83825.78,83774.68,83812.94,83771.76032909309,67.445512652516
2026-01-12T14:51:00+05:30,83816.37,83866.85,83816.37,83863.49,83794.69274681981,74.74179586429835
2026-01-12T14:54:00+05:30,83867.35,83913.68,83858.82,83898.47,83820.63706011485,78.61179294276603
2026-01-12T14:57:00+05:30,83898.36,83945.73,83898.36,83937.39,83849.82529508614,82.15995828797747
2026-01-12T15:00:00+05:30,83923.35,83923.35,83843.8,83864.58,83853.5139713146,60.31985278258335
2026-01-12T15:03:00+05:30,83863.48,83882.56,83850.24,83871.68,83858.05547848596,61.48462957331358
2026-01-12T15:06:00+05:30,83873.44,83881.66,83831.13,83841,83853.79160886447,53.558810522153806
2026-01-12T15:09:00+05:30,83842.07,83869.14,83834.45,83841.82,83850.79870664835,53.74473819022305
2026-01-12T15:12:00+05:30,83842.33,83853.29,83817.85,83836.34,83847.18402998627,52.11791186836291
2026-01-12T15:15:00+05:30,83838.19,83879.27,83838.19,83869.33,83852.7205224897,60.51272367354189
2026-01-12T15:18:00+05:30,83866.19,83875.5,83857.02,83865.23,83855.84789186728,59.012586868246906
2026-01-12T15:21:00+05:30,83863.93,83882,83847.76,83880.19,83861.93341890046,62.925123404180205
2026-01-12T15:24:00+05:30,83883.75,83925.74,83882.98,83921.11,83876.72756417535,71.58186251002525
2026-01-12T15:27:00+05:30,83921.64,83962.31,83907.01,83961.3,83897.87067313152,77.58025036943914
2026-01-13T09:15:00+05:30,84202.49,84258.03,84064.32,84158.95,83963.14050484863,89.8601659655765
2026-01-13T09:18:00+05:30,84164.99,84164.99,83976.15,83976.15,83966.39287863647,56.48014579061339
2026-01-13T09:21:00+05:30,83965.63,84072.16,83941.22,84038.89,83984.51715897735,62.11521571843
2026-01-13T09:24:00+05:30,84035.47,84039.01,83935.48,83935.48,83972.25786923301,49.73247534314557
2026-01-13T09:27:00+05:30,83924.26,83935.17,83769.5,83781.25,83924.50590192476,36.92436818541876
2026-01-13T09:30:00+05:30,83783.12,83823.84,83720.55,83720.55,83873.51692644357,33.019696077929694
2026-01-13T09:33:00+05:30,83713.73,83756.99,83687.6,83717.85,83834.60019483267,32.839481610419895
2026-01-13T09:36:00+05:30,83708.15,83710.02,83665.75,83675.68,83794.87014612451,29.869018522519582
2026-01-13T09:39:00+05:30,83677.51,83715.86,83663.3,83669.43,83763.51010959338,29.409045874002203
2026-01-13T09:42:00+05:30,83665.87,83679.06,83616.14,83679.06,83742.39758219503,31.310536715840684
2026-01-13T09:45:00+05:30,83683.26,83854.13,83683.26,83800.71,83756.97568664627,50.8303261796932
2026-01-13T09:48:00+05:30,83801.3,83806.73,83661.18,83716.03,83746.7392649847,41.299236519623776
2026-01-13T09:51:00+05:30,83717.49,83787.7,83717.49,83759.77,83749.99694873852,47.258799188062376
2026-01-13T09:54:00+05:30,83759.22,83759.22,83585.29,83585.98,83708.99271155389,32.13545375858213
2026-01-13T09:57:00+05:30,83586.75,83630.94,83578.56,83601.24,83682.05453366542,34.28960315537057
2026-01-13T10:00:00+05:30,83607.44,83712.01,83589.21,83706.3,83688.11590024906,47.63921581172305
2026-01-13T10:03:00+05:30,83708.62,83751.63,83686.34,83728.77,83698.2794251868,50.16547199516691
2026-01-13T10:06:00+05:30,83729.98,83761.23,83704.12,83761.23,83714.0170688901,53.91297631538961
2026-01-13T10:09:00+05:30,83758.39,83816.85,83737.77,83745.89,83721.98530166758,51.76669869872652
2026-01-13T10:12:00+05:30,83746.26,83789.2,83725.35,83726.66,83723.15397625069,48.91852385661583
2026-01-13T10:15:00+05:30,83725.36,83769.46,83683.28,83683.28,83713.18548218801,42.73100747571638
2026-01-13T10:18:00+05:30,83691.85,83773.13,83664.92,83772.79,83728.086611641,56.09852894214994
2026-01-13T10:21:00+05:30,83775,83829.46,83772.06,83819.94,83751.04995873076,61.605993497228006
2026-01-13T10:24:00+05:30,83814.14,83861.24,83748.31,83846.7,83774.96246904807,64.55063419114111
2026-01-13T10:27:00+05:30,83847.92,83916.77,83840.92,83907.98,83808.21685178606,70.5790707889758
2026-01-13T10:30:00+05:30,83911.06,83990.82,83902.52,83964.22,83847.21763883955,75.11094617628224
2026-01-13T10:33:00+05:30,83962.44,83996.99,83839.32,83842,83845.91322912966,54.015674072843765
2026-01-13T10:36:00+05:30,83837.99,83908.29,83819.07,83865.29,83850.75742184724,56.718149291713694
2026-01-13T10:39:00+05:30,83865.81,83866.41,83782.4,83786.71,83834.74556638543,46.062324486216376
2026-01-13T10:42:00+05:30,83787.23,83829.2,83758.15,83794.97,83824.80167478908,47.27705377709443
2026-01-13T10:45:00+05:30,83791.65,83803.14,83776.07,83800.99,83818.84875609181,48.267685923038535
2026-01-13T10:48:00+05:30,83799.54,83875.48,83792.85,83875.48,83833.00656706886,59.305773114225865
2026-01-13T10:51:00+05:30,83890.29,83911.48,83873.19,83903.79,83850.70242530164,62.82295972584277
2026-01-13T10:54:00+05:30,83904.97,83907.88,83805.65,83812.88,83841.24681897623,47.456417937417676
2026-01-13T10:57:00+05:30,83813.06,83871.17,83804.97,83857.12,83845.21511423217,53.863400993040315
2026-01-13T11:00:00+05:30,83856.46,83880.91,83796.03,83805.1,83835.18633567412,46.144494031142635
2026-01-13T11:03:00+05:30,83803.83,83861.71,83787.11,83839.48,83836.2597517556,51.50317226424072
2026-01-13T11:06:00+05:30,83842.45,83863.79,83824.45,83845.06,83838.4598138167,52.4000012317441
2026-01-13T11:09:00+05:30,83845.04,83916.76,83845.04,83911.17,83856.63736036253,62.0901085103999
2026-01-13T11:12:00+05:30,83914.39,83914.39,83842.1,83865.3,83858.8030202719,53.305853801950136
2026-01-13T11:15:00+05:30,83864.31,83892.9,83852.42,83860.32,83859.18226520393,52.3674466851833
2026-01-13T11:18:00+05:30,83864.07,83879.15,83838.94,83860.85,83859.59919890294,52.47133467052524
2026-01-13T11:21:00+05:30,83861.08,83892.29,83857.11,83868.52,83861.82939917721,54.15935797291359
2026-01-13T11:24:00+05:30,83868.45,83888.65,83846.84,83867.63,83863.2795493829,53.9002059070175
2026-01-13T11:27:00+05:30,83865.77,83915.12,83856.86,83893.26,83870.77466203718,60.28492689483002
2026-01-13T11:30:00+05:30,83892.81,83925.59,83862.68,83923.95,83884.06849652788,66.72332634025854
2026-01-13T11:33:00+05:30,83922.36,83961.23,83911.94,83940.08,83898.0713723959,69.73209742663136
2026-01-13T11:36:00+05:30,83939.77,83980.8,83921.97,83977.07,83917.82102929693,75.6278564054893
2026-01-13T11:39:00+05:30,83975.42,83978.94,83922.57,83946.71,83925.0432719727,63.73930493217786
2026-01-13T11:42:00+05:30,83947.45,83947.45,83879.13,83887.64,83915.69245397951,46.97669599862027
2026-01-13T11:45:00+05:30,83886.01,83892.11,83852.51,83872.18,83904.81434048463,43.48480167541216
2026-01-13T11:48:00+05:30,83870.72,83871.42,83838.77,83851.34,83891.44575536347,38.933486277268905
2026-01-13T11:51:00+05:30,83850.77,83873.26,83767.75,83796.74,83867.76931652261,29.496856913602755
2026-01-13T11:54:00+05:30,83799.12,83844.47,83744.58,83816.06,83854.84198739196,35.90965387597146
2026-01-13T11:57:00+05:30,83818.16,83841.07,83747.53,83765.42,83832.48649054398,28.095117339894117
2026-01-13T12:00:00+05:30,83764.91,83764.91,83698.24,83731.45,83807.22736790798,24.006556089057852
2026-01-13T12:03:00+05:30,83728.96,83732.46,83676.94,83679.3,83775.24552593098,19.04311198983173
2026-01-13T12:06:00+05:30,83677.95,83706.54,83667.42,83689.21,83753.73664444823,22.59131995506266
2026-01-13T12:09:00+05:30,83689.6,83712.94,83650.14,83659.11,83730.07998333618,19.554363433769453
2026-01-13T12:12:00+05:30,83655.75,83676.46,83613.17,83613.17,83700.85248750214,15.777674294647653
2026-01-13T12:15:00+05:30,83614.04,83659.06,83597.18,83624.68,83681.8093656266,20.278322893676958
2026-01-13T12:18:00+05:30,83624.22,83650.78,83623.75,83632.23,83669.41452421994,23.41042528631266
2026-01-13T12:21:00+05:30,83635.85,83653.91,83607.99,83615.48,83655.93089316496,21.2495761530581
2026-01-13T12:24:00+05:30,83600.9,83619.23,83558.01,83589.99,83639.44566987372,18.25758510202091
2026-01-13T12:27:00+05:30,83591.51,83644.65,83585.3,83643,83640.33425240529,39.07191040009914
2026-01-13T12:30:00+05:30,83646.57,83646.57,83598.36,83608.21,83632.30318930396,32.6970969162098
2026-01-13T12:33:00+05:30,83608.14,83611.24,83570.5,83591.99,83622.22489197797,30.031902513503383
2026-01-13T12:36:00+05:30,83587.85,83628.03,83585.59,83587.3,83613.49366898347,29.228208601326614
2026-01-13T12:39:00+05:30,83594.51,83608.81,83540.37,83544.69,83596.29275173761,22.769487054897795
2026-01-13T12:42:00+05:30,83546.79,83607.04,83525.45,83587.8,83594.16956380321,38.74629468881211
2026-01-13T12:45:00+05:30,83584.9,83584.9,83528.78,83558.11,83585.15467285241,33.223864896706885
2026-01-13T12:48:00+05:30,83558.07,83564.73,83457.44,83457.44,83553.2260046393,21.245392337328227
2026-01-13T12:51:00+05:30,83448.24,83476.58,83437.21,83438.88,83524.63950347948,19.716405571861557
2026-01-13T12:54:00+05:30,83438.73,83451.18,83387.75,83419.52,83498.3596276096,18.128666941004568
2026-01-13T12:57:00+05:30,83420.56,83450.83,83411.68,83415.82,83477.7247207072,17.808901473981777
2026-01-13T13:00:00+05:30,83413.65,83417.78,83324.84,83344.74,83444.4785405304,12.763231661422779
2026-01-13T13:03:00+05:30,83342.61,83379.24,83332.67,83359.02,83423.1139053978,18.19556162057289
2026-01-13T13:06:00+05:30,83360.85,83386.46,83341.24,83370.12,83409.86542904834,22.568237414998876
2026-01-13T13:09:00+05:30,83369.93,83437.55,83356.58,83416.68,83411.56907178625,38.6232626379872
2026-01-13T13:12:00+05:30,83416.89,83437.74,83398.88,83413.51,83412.05430383969,37.99745701716997
2026-01-13T13:15:00+05:30,83411.42,83421.22,83360.74,83385.43,83405.39822787976,32.547503314180034
2026-01-13T13:18:00+05:30,83397.39,83421.44,83394.77,83418.55,83408.68617090982,43.66606015363821
2026-01-13T13:21:00+05:30,83418.15,83454.68,83412.61,83445.94,83417.99962818236,51.39591988482799
2026-01-13T13:24:00+05:30,83446.47,83478.73,83422.23,83444.66,83424.66472113677,51.01427631927605
2026-01-13T13:27:00+05:30,83449.27,83468.67,83412.51,83413.36,83421.83854085258,42.09650215422631
2026-01-13T13:30:00+05:30,83411.42,83449.82,83395.97,83409.66,83418.79390563944,41.10551280580911
2026-01-13T13:33:00+05:30,83409.75,83478.63,83395.87,83475.97,83433.08792922957,60.53193741118131
2026-01-13T13:36:00+05:30,83475.69,83490.63,83447.96,83468.52,83441.94594692218,58.023262363608374
2026-01-13T13:39:00+05:30,83471.95,83475.84,83372.03,83380.06,83426.47446019163,36.86092860456179
2026-01-13T13:42:00+05:30,83380.71,83469.47,83380.71,83464.05,83435.86834514372,55.02937450888243
2026-01-13T13:45:00+05:30,83467.32,83468.16,83428.47,83461.64,83442.3112588578,54.5043411055674
2026-01-13T13:48:00+05:30,83457.72,83468.53,83427.48,83440.98,83441.97844414334,49.75643942395113
2026-01-13T13:51:00+05:30,83440.8,83487.2,83439.22,83454.65,83445.1463331075,52.92215699344121
2026-01-13T13:54:00+05:30,83454.77,83462,83413.26,83426.77,83440.55224983062,46.02242390500177
2026-01-13T13:57:00+05:30,83426.07,83429.1,83409.32,83421.48,83435.78418737296,44.73145011933866
2026-01-13T14:00:00+05:30,83422.72,83436.62,83368.66,83368.66,83419.00314052972,33.714637853150464
2026-01-13T14:03:00+05:30,83368.18,83390.72,83348.53,83367.06,83406.01735539729,33.42372281757201
2026-01-13T14:06:00+05:30,83363.2,83384.85,83328.81,83379.42,83399.36801654796,38.22755408188667
2026-01-13T14:09:00+05:30,83378.68,83388.24,83314.03,83322.41,83380.12851241097,27.53586499034762
2026-01-13T14:12:00+05:30,83320,83369.64,83288.19,83346.03,83371.60388430822,36.165648525750875
2026-01-13T14:15:00+05:30,83340.45,83351.2,83293.56,83332.88,83361.92291323116,33.569029556742976
2026-01-13T14:18:00+05:30,83334.27,83380.01,83315.18,83326.61,83353.09468492337,32.27979678167378
2026-01-13T14:21:00+05:30,83327.25,83327.59,83287.9,83315.39,83343.66851369254,29.883727228771022
2026-01-13T14:24:00+05:30,83315.72,83316.39,83271.46,83295.96,83331.7413852694,25.986598133842847
2026-01-13T14:27:00+05:30,83291.37,83320.01,83277.34,83292.16,83321.84603895205,25.235696733841223
2026-01-13T14:30:00+05:30,83294.57,83418.34,83262.79,83380.07,83336.40202921403,57.99505463876694
2026-01-13T14:33:00+05:30,83375.09,83380.16,83328.03,83360.79,83342.49902191052,52.14851891152034
2026-01-13T14:36:00+05:30,83356.09,83448.16,83351.89,83413.56,83360.26426643289,63.801257101179125
2026-01-13T14:39:00+05:30,83421.29,83517.68,83416.27,83478.83,83389.90569982467,73.21396119873478
2026-01-13T14:42:00+05:30,83480.54,83561.78,83480.54,83532.11,83425.45677486851,78.53061041656498
2026-01-13T14:45:00+05:30,83529.85,83575.65,83513.64,83548.13,83456.12508115137,79.92814363465608
2026-01-13T14:48:00+05:30,83548.97,83549.93,83484.98,83518.78,83471.78881086354,70.16567732635565
2026-01-13T14:51:00+05:30,83518.68,83585.44,83517.83,83582.67,83499.50910814766,77.22905524679341
2026-01-13T14:54:00+05:30,83585.06,83616.31,83571.09,83588.54,83521.76683111074,77.79262223280035
2026-01-13T14:57:00+05:30,83577.97,83614.93,83517.03,83548.1,83528.35012333306,64.88543648124335
2026-01-13T15:00:00+05:30,83564.65,83725.77,83564.65,83661.18,83561.5575924998,77.21713554952986
2026-01-13T15:03:00+05:30,83665.06,83665.06,83535.18,83562.96,83561.90819437485,56.95007160597105
2026-01-13T15:06:00+05:30,83563.54,83678.84,83563.54,83643.79,83582.37864578114,65.61501019813215
2026-01-13T15:09:00+05:30,83641.9,83715.22,83639.02,83688.96,83609.02398433586,69.60376346282864
2026-01-13T15:12:00+05:30,83692.7,83720.55,83659.5,83674.6,83625.4179882519,66.73260292214586
2026-01-13T15:15:00+05:30,83674.42,83710.68,83653.34,83661.84,83634.52349118891,63.99594669112737
2026-01-13T15:18:00+05:30,83658.84,83674.66,83602.65,83621.75,83631.33011839169,55.63320917611181
2026-01-13T15:21:00+05:30,83623.96,83682.88,83623.96,83655.13,83637.28008879378,60.630687246008826
2026-01-13T15:24:00+05:30,83653.04,83661.61,83603.8,83638.15,83637.49756659532,56.83158655322306
2026-01-13T15:27:00+05:30,83632.16,83645.3,83589.1,83608.88,83630.3431749465,50.47145674639684
2026-01-14T09:15:00+05:30,83363.92,83619.41,83288.13,83595.64,83621.66738120987,47.65687533251086
2026-01-14T09:18:00+05:30,83608.42,83608.42,83482.78,83542.44,83601.86053590741,37.78034626137126
2026-01-14T09:21:00+05:30,83543.71,83664.21,83542.58,83557.3,83590.72040193056,41.71655365832334
2026-01-14T09:24:00+05:30,83554.91,83606.83,83535.1,83577.51,83587.41780144793,47.033318377963106
2026-01-14T09:27:00+05:30,83577.37,83664.6,83551.82,83648.23,83602.62085108594,61.40616719240831
2026-01-14T09:30:00+05:30,83651.46,83698.19,83608.49,83615.72,83605.89563831445,53.60488530962854
2026-01-14T09:33:00+05:30,83613.91,83675.97,83572.18,83618.81,83609.12422873583,54.249409150486144
2026-01-14T09:36:00+05:30,83616.76,83682.23,83600.64,83653.52,83620.22317155187,61.295814054463634
2026-01-14T09:39:00+05:30,83653.67,83657.1,83556.65,83623.53,83621.04987866391,53.058354309812096
2026-01-14T09:42:00+05:30,83623.1,83637.18,83536.97,83540.5,83600.91240899793,36.99823270155645
2026-01-14T09:45:00+05:30,83545.53,83552.19,83473.72,83480.31,83570.76180674844,29.457313524248676
2026-01-14T09:48:00+05:30,83481.52,83525.71,83419.93,83524.89,83559.29385506133,40.02078356283937
2026-01-14T09:51:00+05:30,83525.27,83600.09,83520.92,83570.63,83562.127891296,49.137798205828226
2026-01-14T09:54:00+05:30,83569.93,83715.93,83568.33,83648.92,83583.825918472,60.98133038614449
2026-01-14T09:57:00+05:30,83655.27,83656.15,83529.83,83596.26,83586.93443885399,51.55985117316477
2026-01-14T10:00:00+05:30,83599.34,83608.53,83532.82,83532.82,83573.4058291405,42.361279826370996
2026-01-14T10:03:00+05:30,83534.62,83566.31,83505.4,83544.15,83566.09187185537,44.427066968277835
2026-01-14T10:06:00+05:30,83539.08,83545.19,83503.02,83503.02,83550.32390389153,38.57215074167653
2026-01-14T10:09:00+05:30,83501.13,83513.38,83462.42,83474.32,83531.32292791865,34.83485841226394
2026-01-14T10:12:00+05:30,83471.93,83514.4,83453.64,83473.97,83516.98469593898,34.78690362977342
2026-01-14T10:15:00+05:30,83470.69,83519.19,83457.74,83490.58,83510.38352195424,39.405395749525304
2026-01-14T10:18:00+05:30,83495.45,83495.45,83392.53,83434.41,83491.39014146567,30.79958437822036
2026-01-14T10:21:00+05:30,83434.63,83440.51,83375.46,83391.25,83466.35510609925,25.756980241647895
2026-01-14T10:24:00+05:30,83391.48,83442.08,83383.45,83417.94,83454.25132957444,33.600140800107866
2026-01-14T10:27:00+05:30,83411.89,83442.7,83396.81,83442.7,83451.36349718084,40.41309067373275
2026-01-14T10:30:00+05:30,83442.89,83444.5,83369.13,83387.59,83435.42012288563,31.910856591758503
2026-01-14T10:33:00+05:30,83391.35,83455.87,83386.1,83454.75,83440.25259216422,47.58805167617884
2026-01-14T10:36:00+05:30,83456.34,83457.08,83364.82,83373.7,83423.61444412317,35.93788521699949
2026-01-14T10:39:00+05:30,83374.24,83505.96,83374.24,83492.99,83440.95833309238,54.89759593161962
2026-01-14T10:42:00+05:30,83493.85,83541.74,83412.74,83418.59,83435.36624981929,45.170171577195156
2026-01-14T10:45:00+05:30,83418.47,83420.78,83358.45,83382.33,83422.10718736447,41.03580356401536
2026-01-14T10:48:00+05:30,83381.41,83482.64,83377.41,83449.01,83428.83289052335,50.71402072861902
2026-01-14T10:51:00+05:30,83451.29,83499.99,83440.51,83463,83437.37466789251,52.617692619147824
2026-01-14T10:54:00+05:30,83461.77,83522.13,83452.04,83473.59,83446.42850091938,54.18063444599628
2026-01-14T10:57:00+05:30,83469.32,83553.88,83463.75,83553.88,83473.29137568954,64.52974831649809
2026-01-14T11:00:00+05:30,83554.06,83580.77,83515.68,83553.78,83493.41353176716,64.50857656027542
2026-01-14T11:03:00+05:30,83551.1,83604.19,83550,83589.81,83517.51264882537,68.81009698660793
2026-01-14T11:06:00+05:30,83593.53,83593.53,83501.55,83565.02,83529.38948661904,62.70926152209534
2026-01-14T11:09:00+05:30,83561.44,83597.03,83549.97,83579.44,83541.90211496428,64.82566543544442
2026-01-14T11:12:00+05:30,83580.14,83584.71,83531.22,83576.01,83550.42908622322,63.820509393418625
2026-01-14T11:15:00+05:30,83559.47,83640.58,83533.3,83629.52,83570.20181466741,71.78351521059483
2026-01-14T11:18:00+05:30,83627.93,83651.3,83610.71,83630.82,83585.35636100057,71.95844824075087
2026-01-14T11:21:00+05:30,83630.31,83659.47,83614.25,83636.36,83598.10727075042,72.79694201040853
2026-01-14T11:24:00+05:30,83639.88,83648.31,83582.22,83640.24,83608.64045306282,73.44572724795495
2026-01-14T11:27:00+05:30,83639.82,83726.3,83639.82,83721.63,83636.88783979711,83.23247375280721
2026-01-14T11:30:00+05:30,83721.74,83747.06,83616.57,83717.84,83657.12587984784,81.5986623671215
2026-01-14T11:33:00+05:30,83719.46,83737.89,83686.21,83711.48,83670.71440988587,78.5788532119225
2026-01-14T11:36:00+05:30,83711.09,83720.97,83699.12,83706.52,83679.6658074144,76.01914313319216
2026-01-14T11:39:00+05:30,83704.63,83729.03,83691.66,83723.12,83690.52935556081,78.72512736771967
2026-01-14T11:42:00+05:30,83720.79,83744.52,83713.27,83713.37,83696.23951667061,73.07482527469169
2026-01-14T11:45:00+05:30,83713.41,83745.87,83700.04,83745.19,83708.47713750295,78.8536138318082
2026-01-14T11:48:00+05:30,83744.04,83769.23,83738.11,83752.71,83719.53535312721,80.03505178141727
2026-01-14T11:51:00+05:30,83753.29,83777.62,83738.06,83739.82,83724.6065148454,71.99166684430503
2026-01-14T11:54:00+05:30,83739.33,83795.96,83717.76,83762.88,83734.17488613406,76.84792457124895
2026-01-14T11:57:00+05:30,83759.71,83768.1,83735.62,83758.46,83740.24616460054,73.97954973891972
2026-01-14T12:00:00+05:30,83760.89,83807.32,83753.58,83788.7,83752.35962345041,79.95230282049148
2026-01-14T12:03:00+05:30,83788.44,83809.98,83777.14,83783.56,83760.15971758781,76.47143819471334
2026-01-14T12:06:00+05:30,83783.92,83784.62,83719.16,83758.46,83759.73478819086,61.27345617645144
2026-01-14T12:09:00+05:30,83757.95,83759,83678.12,83689.82,83742.25609114315,37.49745532364269
2026-01-14T12:12:00+05:30,83688.16,83692.7,83651.93,83653.9,83720.16706835736,30.315576086080753
2026-01-14T12:15:00+05:30,83657.55,83711.18,83604.6,83666.01,83706.62780126801,35.197412827311595
2026-01-14T12:18:00+05:30,83666.35,83758.62,83666.35,83752.1,83717.995850951,59.012574431752064
2026-01-14T12:21:00+05:30,83751.91,83761.68,83716.07,83737.44,83722.85688821325,54.99716751352969
2026-01-14T12:24:00+05:30,83737.27,83748.12,83706.88,83712.53,83720.27516615993,48.46045962822711
2026-01-14T12:27:00+05:30,83711.62,83711.62,83661.94,83690.59,83712.85387461995,43.18607091330067
2026-01-14T12:30:00+05:30,83690.26,83738.09,83675.56,83728.35,83716.72790596496,53.37532850226186
2026-01-14T12:33:00+05:30,83730.68,83741.74,83694.62,83727.52,83719.42592947371,53.13096949408439
2026-01-14T12:36:00+05:30,83727.59,83778.65,83726.94,83773.99,83733.06694710528,63.92025378360602
2026-01-14T12:39:00+05:30,83768.03,83772.77,83712.77,83748.75,83736.98771032896,55.78309581814346
2026-01-14T12:42:00+05:30,83749.44,83749.44,83680.08,83680.08,83722.76078274671,39.72951269627061
2026-01-14T12:45:00+05:30,83676.04,83729.49,83670.97,83729.49,83724.44308706003,51.45668693530959
2026-01-14T12:48:00+05:30,83730.31,83745.88,83656.88,83660.82,83708.53731529502,39.11594037147069
2026-01-14T12:51:00+05:30,83657.31,83686.39,83627.21,83651.06,83694.16798647126,37.619888416589355
2026-01-14T12:54:00+05:30,83651.26,83693.16,83630.91,83630.91,83678.35348985344,34.44658836842707
2026-01-14T12:57:00+05:30,83631.19,83686.56,83631.19,83667.44,83675.62511739008,44.37122360507786
2026-01-14T13:00:00+05:30,83668.81,83687.62,83617.29,83619.68,83661.63883804256,36.046905333324204
2026-01-14T13:03:00+05:30,83620.86,83679.6,83603.01,83653.21,83659.53162853193,44.56508306672747
2026-01-14T13:06:00+05:30,83658.05,83683.41,83633.13,83657.04,83658.90872139894,45.53188932765908
2026-01-14T13:09:00+05:30,83657.45,83712.37,83637.47,83686.72,83665.8615410492,52.95050587108865
2026-01-14T13:12:00+05:30,83695.63,83702.36,83640.65,83640.65,83659.55865578691,42.47422407872778
2026-01-14T13:15:00+05:30,83640.08,83685.6,83637.83,83679.25,83664.48149184018,51.796671955795325
2026-01-14T13:18:00+05:30,83678.71,83680.57,83604.03,83625.47,83654.72861888014,40.997211080948404
2026-01-14T13:21:00+05:30,83624.74,83632.28,83540.8,83582.66,83636.71146416011,34.346681602423175
2026-01-14T13:24:00+05:30,83580.72,83590.22,83523.37,83550.44,83615.14359812008,30.06434541185037
2026-01-14T13:27:00+05:30,83548.1,83608.13,83532.1,83564.38,83602.45269859006,34.20503489466853
2026-01-14T13:30:00+05:30,83568.26,83571.75,83513.5,83517.69,83581.26202394255,27.778333801956123
2026-01-14T13:33:00+05:30,83516.36,83533.01,83476.61,83524.1,83566.9715179569,29.888271740927507
2026-01-14T13:36:00+05:30,83525.05,83526.34,83418.26,83436.2,83534.27863846767,20.368315885813203
2026-01-14T13:39:00+05:30,83436.09,83449.56,83372.53,83426.05,83507.22147885076,19.53027270663911
2026-01-14T13:42:00+05:30,83426.25,83438.12,83352.66,83381.31,83475.74360913807,16.119585635411894
2026-01-14T13:45:00+05:30,83381.01,83410.52,83334.5,83387.23,83453.61520685354,18.321566220146266
2026-01-14T13:48:00+05:30,83387.18,83409.91,83362.5,83384.31,83436.28890514016,18.04891221278065
2026-01-14T13:51:00+05:30,83384.1,83400.45,83296.29,83331.95,83410.20417885511,13.76388262507325
2026-01-14T13:54:00+05:30,83332.7,83337,83283.82,83309.67,83385.07063414133,12.312710884424206
2026-01-14T13:57:00+05:30,83310.09,83316.28,83266.74,83272.16,83356.842975606,10.200335992172683
2026-01-14T14:00:00+05:30,83278.75,83379.08,83254.9,83364.82,83358.8372317045,39.910631714991986
2026-01-14T14:03:00+05:30,83362.74,83370.28,83284.42,83303.76,83345.06792377838,31.817603981125842
2026-01-14T14:06:00+05:30,83305.68,83354.49,83304.94,83353.88,83347.27094283378,42.90482889193217
2026-01-14T14:09:00+05:30,83354.7,83367.3,83329.97,83350.99,83348.20070712533,42.440564558099844
2026-01-14T14:12:00+05:30,83350.8,83385.95,83322.56,83385.11,83357.428030344,49.906713387118714
2026-01-14T14:15:00+05:30,83385.71,83408.42,83359.1,83363.07,83358.838522758,45.46261293033586
2026-01-14T14:18:00+05:30,83361.07,83394.25,83287.1,83323.25,83349.9413920685,38.277899506073275
2026-01-14T14:21:00+05:30,83322.87,83322.91,83251.41,83263.48,83328.32604405138,29.980788541060278
2026-01-14T14:24:00+05:30,83262.1,83262.1,83185.2,83245.66,83307.65953303853,27.878828056649624
2026-01-14T14:27:00+05:30,83245.01,83281.07,83238.75,83247.16,83292.5346497789,28.371995836627406
2026-01-14T14:30:00+05:30,83242.65,83300.88,83227.36,83240.36,83279.49098733417,27.381718005693102
2026-01-14T14:33:00+05:30,83239.62,83321.01,83237.56,83306.64,83286.27824050063,48.014907509963855
2026-01-14T14:36:00+05:30,83306.3,83349.95,83295.63,83334.13,83298.24118037548,54.29826938530897
2026-01-14T14:39:00+05:30,83351.66,83436.14,83328.9,83428.59,83330.82838528161,69.21497116758201
2026-01-14T14:42:00+05:30,83431.05,83463.31,83403.8,83446.88,83359.84128896121,71.32893041085885
2026-01-14T14:45:00+05:30,83447.25,83522.67,83447.25,83522.67,83400.54846672091,78.47472768186728
2026-01-14T14:48:00+05:30,83522.37,83553.24,83483.29,83488.8,83422.61135004068,69.45009159671038
2026-01-14T14:51:00+05:30,83483.12,83535.55,83477.13,83530.84,83449.66851253051,73.81131103336116
2026-01-14T14:54:00+05:30,83531.35,83531.35,83465.33,83500.67,83462.41888439788,65.93093966529881
2026-01-14T14:57:00+05:30,83498.3,83498.3,83420.62,83462.73,83462.4966632984,57.00230614719091
2026-01-14T15:00:00+05:30,83453.68,83455.89,83336.32,83337.08,83431.1424974738,37.421549967938624
2026-01-14T15:03:00+05:30,83340.05,83490.62,83339.83,83458.43,83437.96437310535,54.883609301070855
2026-01-14T15:06:00+05:30,83462.74,83488.14,83342.98,83366.05,83419.98577982902,43.98320720265534
2026-01-14T15:09:00+05:30,83365.9,83437.37,83337.5,83377.37,83409.33183487176,45.529793419818546
2026-01-14T15:12:00+05:30,83378.13,83389.1,83303.85,83337.99,83391.49637615382,40.94202688374249
2026-01-14T15:15:00+05:30,83338.69,83360.75,83294.76,83313.66,83372.03728211537,38.16974090660605
2026-01-14T15:18:00+05:30,83314.72,83393.19,83314.72,83358.04,83368.53796158652,45.95724280857223
2026-01-14T15:21:00+05:30,83359.3,83405.21,83331.7,83399.79,83376.3509711899,52.520497140627306
2026-01-14T15:24:00+05:30,83397.34,83429.24,83388.8,83409.84,83384.72322839242,54.086451034295976
2026-01-14T15:27:00+05:30,83408.6,83413.89,83365.14,83366.82,83380.24742129432,46.437637721813715
2026-01-16T09:15:00+05:30,83683.73,83726.15,83510.34,83553.18,83423.48056597073,68.76316379363752
2026-01-16T09:18:00+05:30,83559.92,83670.75,83556.35,83642.98,83478.35542447805,74.6931147222821
2026-01-16T09:21:00+05:30,83648.35,83668.64,83584.96,83601.61,83509.16906835855,67.77757530225088
2026-01-16T09:24:00+05:30,83598.74,83649.83,83580.91,83642.55,83542.51430126891,70.88933935713821
2026-01-16T09:27:00+05:30,83646.26,83681.51,83611.63,83670.41,83574.48822595167,72.96233189340322
2026-01-16T09:30:00+05:30,83668.99,83671.05,83557.89,83557.89,83570.33866946376,54.6314358981924
2026-01-16T09:33:00+05:30,83559.65,83603.85,83535.42,83579.61,83572.65650209782,57.06092290346986
2026-01-16T09:36:00+05:30,83585.98,83606.29,83570.3,83591.53,83577.37487657336,58.48434804625511
2026-01-16T09:39:00+05:30,83596.02,83600.4,83528.92,83596.59,83582.17865743002,59.15491596478754
2026-01-16T09:42:00+05:30,83596.99,83684.55,83587.37,83679.55,83606.52149307252,68.79566635435998
2026-01-16T09:45:00+05:30,83677.4,83716.79,83640.3,83703,83630.6411198044,71.04914444735067
2026-01-16T09:48:00+05:30,83701.15,83744.82,83696.35,83734.46,83656.5958398533,73.98919550955873
2026-01-16T09:51:00+05:30,83733.25,83749.57,83705.55,83748.46,83679.56187988998,75.29190859928458
2026-01-16T09:54:00+05:30,83749.13,83773.15,83742.09,83754.45,83698.28390991749,75.89454573290956
2026-01-16T09:57:00+05:30,83751.72,83760.19,83703.3,83708.8,83700.91293243812,62.36921953227425
2026-01-16T10:00:00+05:30,83708.22,83743.76,83702.73,83743.76,83711.62469932859,67.5380184857542
2026-01-16T10:03:00+05:30,83746.45,83784.38,83740.74,83748.87,83720.93602449645,68.2809735197213
2026-01-16T10:06:00+05:30,83749.56,83797.5,83746.23,83797.5,83740.07701837234,74.7078908074679
2026-01-16T10:09:00+05:30,83796.43,83841.26,83782.89,83837.96,83764.54776377925,78.86469669362512
2026-01-16T10:12:00+05:30,83837.07,83871.67,83814.01,83863.5,83789.28582283444,81.14664192320407
2026-01-16T10:15:00+05:30,83859.81,84019.48,83859.17,84014.58,83845.60936712583,89.19656221270085
2026-01-16T10:18:00+05:30,84013.92,84037.43,84004.26,84019.01,83888.95952534437,89.35209098193906
2026-01-16T10:21:00+05:30,84022.81,84069.7,84015.32,84021.9,83922.19464400827,89.46749510776469
2026-01-16T10:24:00+05:30,84021.7,84072.9,84014.38,84067.85,83958.6084830062,91.23054320170185
2026-01-16T10:27:00+05:30,84068.19,84099.56,84057.79,84073.37,83987.29886225465,91.43156101761556
2026-01-16T10:30:00+05:30,84071.38,84090.14,84034.72,84051.77,84003.416646691,82.76999808356211
2026-01-16T10:33:00+05:30,84053.09,84090.89,84047.83,84090.89,84025.28498501825,85.6436604298346
2026-01-16T10:36:00+05:30,84091.92,84126.35,84084.93,84093.99,84042.46123876369,85.86166140053817
2026-01-16T10:39:00+05:30,84094.69,84134.97,84079.88,84091.8,84054.79592907277,84.80035306223112
2026-01-16T10:42:00+05:30,84093.95,84096.9,84024.61,84039.54,84050.98194680458,63.089702092248416
2026-01-16T10:45:00+05:30,84040.59,84088.52,84028.14,84088.52,84060.36646010343,71.16257082806156
2026-01-16T10:48:00+05:30,84095.99,84104.58,84053.87,84062.44,84060.88484507757,62.65040942517623
2026-01-16T10:51:00+05:30,84060.41,84063.02,84035.97,84050.67,84058.33113380818,58.93845501603341
2026-01-16T10:54:00+05:30,84046.33,84057.5,84017.2,84032.94,84051.98335035614,53.3802056746324
2026-01-16T10:57:00+05:30,84033.14,84037.55,83977.95,83979.97,84033.9800127671,40.17458761087599
2026-01-16T11:00:00+05:30,83980.32,84027.14,83980.32,84025.02,84031.74000957533,51.965412011018635
2026-01-16T11:03:00+05:30,84025.98,84026.27,83968.81,83982.7,84019.4800071815,42.73467235211698
2026-01-16T11:06:00+05:30,83985.14,83986.34,83963.78,83985.78,84011.05500538612,43.585544630245295
2026-01-16T11:09:00+05:30,83988.1,84016.83,83961.08,83969.62,84000.69625403959,39.951861340377334
2026-01-16T11:12:00+05:30,83970.5,83970.5,83896.15,83933.57,83983.9146905297,32.82875120353137
2026-01-16T11:15:00+05:30,83932.22,83960.98,83920.3,83921.56,83968.32601789727,30.701234362394445
2026-01-16T11:18:00+05:30,83920.63,83924.22,83884.8,83923.92,83957.22451342296,31.715741316002635
2026-01-16T11:21:00+05:30,83923.57,83943.04,83892.91,83892.91,83941.14588506722,25.902615737431432
2026-01-16T11:24:00+05:30,83896.07,83928.1,83892.59,83918.73,83935.5419138004,37.101535712239034
2026-01-16T11:27:00+05:30,83915.54,83947.8,83910.19,83925.69,83933.0789353503,39.95548590927431
2026-01-16T11:30:00+05:30,83928.04,83974.96,83916.21,83916.21,83928.86170151274,37.268334022877966
2026-01-16T11:33:00+05:30,83915.8,83930.01,83889.88,83926.85,83928.35877613456,42.34558302828047
2026-01-16T11:36:00+05:30,83927.74,83940.67,83880.04,83885.86,83917.73408210091,31.050425775377875
2026-01-16T11:39:00+05:30,83895.45,83908.32,83883.52,83896.23,83912.35806157568,36.082548702883486
2026-01-16T11:42:00+05:30,83894.5,83905.59,83877.82,83887.08,83906.03854618176,33.561127918230994
2026-01-16T11:45:00+05:30,83878.38,83882.72,83836.81,83849.72,83891.95890963632,25.179508549677692
2026-01-16T11:48:00+05:30,83848.37,83868.05,83833.81,83868.05,83885.98168222724,34.53757006086602
2026-01-16T11:51:00+05:30,83868.15,83890.09,83832.85,83884.13,83885.51876167044,41.966321199189174
2026-01-16T11:54:00+05:30,83882.53,83887.95,83860.6,83874.04,83882.64907125282,38.74734648336183
2026-01-16T11:57:00+05:30,83873.44,83880.78,83803.54,83816.86,83866.20180343962,25.70941619846954
2026-01-16T12:00:00+05:30,83817.55,83836.2,83806.15,83825.14,83855.93635257971,29.705381791450733
2026-01-16T12:03:00+05:30,83824.83,83877.74,83819.47,83873.04,83860.21226443478,48.42759920709204
2026-01-16T12:06:00+05:30,83870.11,83914.15,83867.23,83912.85,83873.37169832608,59.01256390891458
2026-01-16T12:09:00+05:30,83911.81,83951.83,83911.81,83934.73,83888.71127374456,63.77939433583187
2026-01-16T12:12:00+05:30,83932.45,83989.07,83932.32,83987.09,83913.30595530842,72.65743783106963
2026-01-16T12:15:00+05:30,83986.29,83994.09,83949.94,83970.14,83927.51446648131,66.50129721089856
2026-01-16T12:18:00+05:30,83971.44,83971.73,83934.36,83955.11,83934.41334986099,61.142041768619904
2026-01-16T12:21:00+05:30,83952.31,83954.31,83918.61,83949.47,83938.17751239575,59.058400574855376
2026-01-16T12:24:00+05:30,83947.16,83947.67,83899.19,83904.09,83929.65563429681,44.74457896182679
2026-01-16T12:27:00+05:30,83904.91,83907.71,83731.52,83754.51,83885.8692257226,23.15936407983361
2026-01-16T12:30:00+05:30,83753.8,83773.76,83704.48,83769.08,83856.67191929196,27.15292994933064
2026-01-16T12:33:00+05:30,83770.56,83810.02,83766.43,83808.95,83844.74143946897,37.51976174726413
2026-01-16T12:36:00+05:30,83810.43,83810.43,83753.62,83782.97,83829.29857960173,33.85689750373061
2026-01-16T12:39:00+05:30,83782.85,83799.46,83759.75,83761.5,83812.3489347013,30.944296150468517
2026-01-16T12:42:00+05:30,83766.43,83795.16,83763.79,83767.3,83801.08670102597,32.76717573925829
2026-01-16T12:45:00+05:30,83766.95,83770.52,83741.21,83765.76,83792.25502576947,32.501409301238226
2026-01-16T12:48:00+05:30,83770.27,83779.53,83725.88,83729.12,83776.4712693271,26.528843121766556
2026-01-16T12:51:00+05:30,83732.98,83758.11,83698.99,83758.11,83771.88095199532,37.18418348832976
2026-01-16T12:54:00+05:30,83757.88,83782.15,83752.1,83760.51,83769.0382139965,38.05192048012854
2026-01-16T12:57:00+05:30,83762.6,83769.58,83705.43,83713.7,83755.20366049737,28.95145372867215
2026-01-16T13:00:00+05:30,83716.2,83716.73,83656.92,83656.92,83730.63274537303,21.630631988564673
2026-01-16T13:03:00+05:30,83657.43,83676.74,83631.91,83636.3,83707.04955902978,19.53749175121135
2026-01-16T13:06:00+05:30,83639.82,83672.28,83628.01,83647.1,83692.06216927234,24.02965080263762
2026-01-16T13:09:00+05:30,83646.97,83665.74,83622.69,83641.23,83679.35412695425,23.208049104687092
2026-01-16T13:12:00+05:30,83635.25,83635.25,83590.25,83627.09,83666.28809521568,21.173515201364452
2026-01-16T13:15:00+05:30,83626.78,83636.78,83612.51,83625.08,83655.98607141177,20.870095228681336
2026-01-16T13:18:00+05:30,83627.03,83627.67,83593.47,83605.9,83643.46455355882,17.998707419520088
2026-01-16T13:21:00+05:30,83597.89,83600.92,83548.15,83555.57,83621.49091516912,12.664407631154901
2026-01-16T13:24:00+05:30,83554.5,83570.88,83456.5,83479.71,83586.04568637685,8.32550840574477
2026-01-16T13:27:00+05:30,83480.02,83569.75,83479.57,83568.28,83581.60426478264,37.495053961922906
2026-01-16T13:30:00+05:30,83577.04,83640.77,83570.42,83624.61,83592.35569858698,49.433414226614985
2026-01-16T13:33:00+05:30,83623.86,83635.18,83532.1,83544.51,83580.39427394024,37.53880260935315
2026-01-16T13:36:00+05:30,83543.52,83604.25,83531.39,83599.85,83585.25820545517,47.685117599783084
2026-01-16T13:39:00+05:30,83600.65,83611.23,83568.27,83600.48,83589.06365409138,47.797742780755605
2026-01-16T13:42:00+05:30,83600.27,83607.36,83560.17,83561.21,83582.10024056854,41.32755220112174
2026-01-16T13:45:00+05:30,83568.93,83616.19,83568.05,83615.18,83590.3701804264,51.791025787400095
2026-01-16T13:48:00+05:30,83614.37,83641.12,83609.34,83630.47,83600.39513531979,54.47450484389184
2026-01-16T13:51:00+05:30,83627.89,83632.44,83565.25,83567.88,83592.26635148984,43.03439328103628
2026-01-16T13:54:00+05:30,83567.16,83577.97,83534.7,83566.74,83585.88476361739,42.84320309737326
2026-01-16T13:57:00+05:30,83563.34,83564.08,83533.17,83548.21,83576.46607271304,39.514155757496845
2026-01-16T14:00:00+05:30,83547.43,83552.46,83524.76,83530.08,83564.86955453479,36.294918139514465
2026-01-16T14:03:00+05:30,83529.85,83553.45,83505.77,83523.34,83554.48716590108,35.05619573213875
2026-01-16T14:06:00+05:30,83523.76,83583.19,83523.76,83578.36,83560.45537442582,50.98725567798499
2026-01-16T14:09:00+05:30,83577.51,83582.95,83507.13,83567.72,83562.27153081936,48.313374229171885
2026-01-16T14:12:00+05:30,83567.66,83580.08,83560.92,83572.98,83564.94864811451,49.83080385602449
2026-01-16T14:15:00+05:30,83572.79,83574.9,83522.7,83524.74,83554.89648608588,37.91945781918939
2026-01-16T14:18:00+05:30,83522.07,83573.62,83513.55,83573.62,83559.57736456441,51.596947285776984
2026-01-16T14:21:00+05:30,83573.79,83573.79,83545.16,83559.75,83559.6205234233,48.089484567313136
2026-01-16T14:24:00+05:30,83559.14,83637.98,83554.93,83628.35,83576.80289256747,62.714672667945024
2026-01-16T14:27:00+05:30,83626.6,83643.18,83562.66,83595.31,83581.4296694256,54.14324588020526
2026-01-16T14:30:00+05:30,83599.36,83615.67,83575.69,83606.87,83587.7897520692,56.56636477874366
2026-01-16T14:33:00+05:30,83607.46,83647.34,83607.13,83647.34,83602.6773140519,64.27628946348956
2026-01-16T14:36:00+05:30,83646.53,83649.98,83556.92,83604.7,83603.18298553894,52.763330899065124
2026-01-16T14:39:00+05:30,83602.63,83632.11,83599.37,83622.74,83608.07223915421,56.60030565098467
2026-01-16T14:42:00+05:30,83624.87,83675.72,83617.19,83653.86,83619.51917936566,62.69831361150881
2026-01-16T14:45:00+05:30,83653.96,83659.41,83584.81,83596.78,83613.83438452423,48.20456691013653
2026-01-16T14:48:00+05:30,83596.19,83620.58,83584.62,83584.62,83606.53078839317,45.585492378020405
2026-01-16T14:51:00+05:30,83585.05,83604.92,83564.14,83575.5,83598.77309129488,43.51666920572307
2026-01-16T14:54:00+05:30,83573.89,83602.01,83560.99,83596.35,83598.16731847115,49.615563901355884
2026-01-16T14:57:00+05:30,83595.67,83617.36,83585.25,83610.92,83601.35548885337,53.69205610820009
2026-01-16T15:00:00+05:30,83603.58,83616.33,83578.21,83586.43,83597.62411664003,46.33980342906516
2026-01-16T15:03:00+05:30,83588.11,83596.8,83557.8,83560.18,83588.26308748002,39.564837872788125
2026-01-16T15:06:00+05:30,83567.08,83571.24,83545.85,83561.03,83581.45481561002,39.89679875966839
2026-01-16T15:09:00+05:30,83560.84,83569.37,83540.77,83541.72,83571.52111170752,34.82666669356594
2026-01-16T15:12:00+05:30,83541.29,83566.5,83528.98,83531.55,83561.52833378065,32.30419870498865
2026-01-16T15:15:00+05:30,83527.62,83583.81,83526.61,83582.1,83566.6712503355,52.327272583939916
2026-01-16T15:18:00+05:30,83580.06,83585.23,83552.62,83581.85,83570.46593775162,52.2381224061447
2026-01-16T15:21:00+05:30,83581.29,83616.5,83577.15,83580.37,83572.94195331371,51.630589653560335
2026-01-16T15:24:00+05:30,83581.06,83609.26,83571.88,83590.2,83577.25646498529,55.62927519619798
2026-01-16T15:27:00+05:30,83594.56,83641.02,83564.97,83595.6,83581.84234873897,57.8618643369251
2026-01-19T09:15:00+05:30,83539.93,83539.93,83028.89,83254.49,83500.00426155422,12.289668954733642
2026-01-19T09:18:00+05:30,83250.93,83303.72,83211.88,83258.57,83439.64569616567,13.243175496007055
2026-01-19T09:21:00+05:30,83260.45,83267.39,83210.24,83249.94,83392.21927212425,12.89718413958225
2026-01-19T09:24:00+05:30,83249.47,83264.84,83162.75,83174.11,83337.69195409318,10.172689519855254
2026-01-19T09:27:00+05:30,83159.86,83201.77,83151.2,83159.41,83293.12146556989,9.708835560554647
2026-01-19T09:30:00+05:30,83162.53,83175.11,83079.44,83169.83,83262.29859917742,12.989882236085407
2026-01-19T09:33:00+05:30,83166.77,83277.71,83166.27,83222.93,83252.45644938305,28.448173058064114
2026-01-19T09:36:00+05:30,83218.7,83247.23,83117.03,83117.03,83218.5998370373,20.12788871563872
2026-01-19T09:39:00+05:30,83116.58,83151.67,83101.28,83117.34,83193.28487777797,20.20758863837014
2026-01-19T09:42:00+05:30,83118.06,83163.49,83102.03,83153.44,83183.32365833348,29.733438561872717
2026-01-19T09:45:00+05:30,83151.93,83162.82,83119.01,83137.02,83171.74774375011,27.96201142071253
2026-01-19T09:48:00+05:30,83136.61,83145.33,83097.95,83134.02,83162.31580781259,27.611371763711617
2026-01-19T09:51:00+05:30,83133.74,83206.05,83123.74,83127.34,83153.57185585944,26.740286479161696
2026-01-19T09:54:00+05:30,83122.86,83138.75,83083.59,83104.93,83141.41139189458,23.801372475499136
2026-01-19T09:57:00+05:30,83104.63,83114.36,83057.05,83064.25,83122.12104392094,19.307399279059595
2026-01-19T10:00:00+05:30,83057.18,83065.01,82964.76,82983.5,83087.46578294071,13.43350435016417
2026-01-19T10:03:00+05:30,82979.48,82981.1,82941.01,82957.2,83054.89933720553,12.04149310350725
2026-01-19T10:06:00+05:30,82959.01,83006.66,82948.34,83006.66,83042.83950290414,28.33472836234992
2026-01-19T10:09:00+05:30,83002.22,83027.64,82976.03,82996.47,83031.24712717811,27.126923206043216
2026-01-19T10:12:00+05:30,82997.61,83032.78,82983.97,83011.8,83026.38534538358,32.199465794607846
2026-01-19T10:15:00+05:30,83013.61,83028.87,82997.79,83016.56,83023.92900903767,33.86705114554516
2026-01-19T10:18:00+05:30,83017.5,83061.45,83014.47,83054.22,83031.50175677825,46.1030470144208
2026-01-19T10:21:00+05:30,83055.97,83067.79,83003.56,83026.4,83030.22631758369,39.76260088412295
2026-01-19T10:24:00+05:30,83026.83,83067.03,82994.25,82998.69,83022.34223818776,34.2835844864655
2026-01-19T10:27:00+05:30,82992.13,82998.35,82925.96,82949.73,83004.18917864082,26.699779403011462
2026-01-19T10:30:00+05:30,82949.17,83020.39,82940.09,82978.26,82997.70688398062,36.28207791724104
2026-01-19T10:33:00+05:30,82977.13,82984.8,82932.67,82960.86,82988.49516298546,33.1944552103577
2026-01-19T10:36:00+05:30,82962.19,82977.12,82934.61,82950.02,82978.8763722391,31.26088407606234
2026-01-19T10:39:00+05:30,82948.78,82953.92,82898.31,82931.01,82966.90977917932,27.932016474144433
2026-01-19T10:42:00+05:30,82933.64,82974.37,82932.41,82962.07,82965.69983438449,40.09230782036183
2026-01-19T10:45:00+05:30,82962.74,82995.59,82944.3,82952.76,82962.46487578837,37.85843091114829
2026-01-19T10:48:00+05:30,82954.72,82976.67,82953.32,82966.82,82963.55365684128,43.4135463603567
2026-01-19T10:51:00+05:30,82969.54,82992.62,82966.38,82986.11,82969.19274263096,50.49687206583005
2026-01-19T10:54:00+05:30,82984.45,83013.22,82955.15,83013.22,82980.19955697321,58.926856249837286
2026-01-19T10:57:00+05:30,83014.4,83070.92,83014.4,83067.71,83002.0771677299,70.64792101764561
2026-01-19T11:00:00+05:30,83068.76,83088.84,83050.53,83068.21,83018.61037579743,70.73731807701857
2026-01-19T11:03:00+05:30,83067.52,83125.91,83063.08,83125.91,83045.43528184807,79.24706285643306
2026-01-19T11:06:00+05:30,83126.3,83126.72,83072.77,83089.76,83056.51646138605,65.35516445697672
2026-01-19T11:09:00+05:30,83088.71,83097.71,83029.95,83030.93,83050.11984603954,49.03507305994102
2026-01-19T11:12:00+05:30,83033.54,83057.97,83014.67,83049.63,83049.99738452965,53.354644216050346
2026-01-19T11:15:00+05:30,83050.07,83053.78,83024.94,83024.94,83043.73303839724,47.19329530835669
2026-01-19T11:18:00+05:30,83026.26,83038.72,82987.29,82987.6,83029.69977879793,39.20513851718555
2026-01-19T11:21:00+05:30,82986.95,83027.48,82966.35,83008.2,83024.32483409846,45.177732197854674
2026-01-19T11:24:00+05:30,83007.31,83007.31,82971.11,82973.21,83011.54612557385,37.81578456308151
2026-01-19T11:27:00+05:30,82971.8,83013.77,82969.76,83012.4,83011.75959418039,48.732428673008144
2026-01-19T11:30:00+05:30,83011.13,83011.65,82973.67,82994.99,83007.56719563529,44.66820337321778
2026-01-19T11:33:00+05:30,82993.12,83006.38,82982,83002.84,83006.38539672646,46.99364445097388
2026-01-19T11:36:00+05:30,83005.06,83039.4,82995.83,83036.32,83013.86904754484,56.16116957936762
2026-01-19T11:39:00+05:30,83038.19,83061.14,83033.2,83037.28,83019.72178565862,56.41334934380248
2026-01-19T11:42:00+05:30,83035.8,83080.69,83035.8,83071.15,83032.57883924397,64.75791324630468
2026-01-19T11:45:00+05:30,83071.87,83084.77,83049.87,83067.93,83041.41662943298,63.411417234067606
2026-01-19T11:48:00+05:30,83069.81,83081.44,83054.53,83070.18,83048.60747207473,64.0212789663271
2026-01-19T11:51:00+05:30,83067.67,83104.4,83051.99,83102.89,83062.17810405605,71.95085885363488
2026-01-19T11:54:00+05:30,83094.82,83105.64,83070.77,83082.06,83067.14857804203,61.82715893415982
2026-01-19T11:57:00+05:30,83083.97,83087.89,83036.19,83067.71,83067.28893353153,55.545665937574825
2026-01-19T12:00:00+05:30,83066.09,83069.01,83014,83014,83053.96670014865,38.47604016593829
2026-01-19T12:03:00+05:30,83014.49,83022.3,83001.95,83007.16,83042.2650251115,36.79599072778003
2026-01-19T12:06:00+05:30,83006.86,83013.4,82982.67,82989.19,83028.99626883362,32.45267890530937
2026-01-19T12:09:00+05:30,82988.18,83004.54,82976.29,82991.15,83019.53470162522,33.452238618874645
2026-01-19T12:12:00+05:30,82990.22,83035.76,82989.86,83034,83023.15102621891,51.68718533483278
2026-01-19T12:15:00+05:30,83031.62,83123.92,83031.62,83119.41,83047.21576966418,70.49058384030161
2026-01-19T12:18:00+05:30,83120.61,83126.21,83077.87,83080.93,83055.64432724813,58.51917331697606
2026-01-19T12:21:00+05:30,83078.92,83113.62,83069.11,83072.1,83059.7582454361,55.974248719608944
2026-01-19T12:24:00+05:30,83070.55,83077.81,83017.59,83024.09,83050.84118407707,43.87165297992817
2026-01-19T12:27:00+05:30,83026.04,83046.2,83006.41,83033.12,83046.4108880578,46.41405364015397
2026-01-19T12:30:00+05:30,83031.49,83046.19,83016.13,83036.75,83043.99566604335,47.528730476914674
2026-01-19T12:33:00+05:30,83038.4,83042.14,83016.61,83020.34,83038.08174953252,42.8298600201306
2026-01-19T12:36:00+05:30,83020.95,83025.23,82998.58,83017.08,83032.83131214938,41.870457677225
2026-01-19T12:39:00+05:30,83016.17,83025.76,82990.97,83014.91,83028.35098411204,41.154543712263056
2026-01-19T12:42:00+05:30,83018.43,83036.09,83002.88,83031.58,83029.15823808403,48.97385558727504
2026-01-19T12:45:00+05:30,83031.15,83057.61,83008.66,83013.4,83025.21867856302,41.89137650654145
2026-01-19T12:48:00+05:30,83012.9,83025.75,82993.24,83010.66,83021.57900892227,40.85254854104369
2026-01-19T12:51:00+05:30,83010.65,83091.51,83010.24,83086.7,83037.8592566917,67.19302155616919
2026-01-19T12:54:00+05:30,83089.22,83133,83089.22,83122,83058.89444251878,73.56821554156902
2026-01-19T12:57:00+05:30,83120.21,83132.73,83096.85,83121.34,83074.50583188908,73.25769065298891
2026-01-19T13:00:00+05:30,83124.25,83137.55,83112.39,83120.26,83085.9443739168,72.67209147101632
2026-01-19T13:03:00+05:30,83121.65,83141.12,83111.99,83134.38,83098.0532804376,75.64202146030387
2026-01-19T13:06:00+05:30,83134.47,83168.7,83125.39,83166.55,83115.1774603282,81.10129656765297
2026-01-19T13:09:00+05:30,83166.65,83170.65,83038.82,83048.67,83098.55059524614,41.417487923411024
2026-01-19T13:12:00+05:30,83051.66,83083.19,83034.79,83066.26,83090.4779464346,46.016056406439425
2026-01-19T13:15:00+05:30,83066.77,83075.13,83038.38,83040.53,83077.99095982595,40.57996145005399
2026-01-19T13:18:00+05:30,83041.88,83096.84,83040.41,83093.05,83081.75571986947,53.626123283769765
2026-01-19T13:21:00+05:30,83094.71,83108.82,83075.73,83089.17,83083.6092899021,52.630171271498796
2026-01-19T13:24:00+05:30,83089.36,83089.36,83046.27,83050.26,83075.27196742658,43.23554969673547
2026-01-19T13:27:00+05:30,83049.62,83058.63,83035.1,83055.19,83070.25147556994,44.69484308441506
2026-01-19T13:30:00+05:30,83052.33,83123.1,83052.33,83123.1,83083.46360667745,60.86370594073667
2026-01-19T13:33:00+05:30,83123.63,83134.41,83103.39,83134.41,83096.20020500809,62.96735937318601
2026-01-19T13:36:00+05:30,83131.43,83144.1,83112.65,83129.97,83104.64265375608,61.4544429545703
2026-01-19T13:39:00+05:30,83130.01,83170.01,83125.92,83151.86,83116.44699031705,66.13464563082084
2026-01-19T13:42:00+05:30,83147.26,83170.74,83107.99,83130.13,83119.86774273778,57.98124759151611
2026-01-19T13:45:00+05:30,83128.94,83144.48,83098.32,83144.48,83126.02080705334,61.62613503165923
2026-01-19T13:48:00+05:30,83144.42,83236.99,83103.6,83236.37,83153.60810529001,76.71550129235622
2026-01-19T13:51:00+05:30,83237.2,83315.14,83234.05,83278.77,83184.8985789675,80.78329387868591
2026-01-19T13:54:00+05:30,83278.11,83306.55,83258.54,83297.07,83212.94143422564,82.33706419834184
2026-01-19T13:57:00+05:30,83296.15,83330.79,83278.49,83283.99,83230.70357566923,77.13626683309866
2026-01-19T14:00:00+05:30,83283.94,83367.78,83283.94,83347.71,83259.95518175192,83.17600896032367
2026-01-19T14:03:00+05:30,83344.99,83391.28,83330.45,83384.16,83291.00638631394,85.69747204273398
2026-01-19T14:06:00+05:30,83383.04,83396.7,83362.25,83385.92,83314.73478973545,85.8172141934601
2026-01-19T14:09:00+05:30,83383.5,83389.12,83307.13,83308.47,83313.16859230159,60.01946098588407
2026-01-19T14:12:00+05:30,83310.43,83311.68,83259.64,83274.11,83303.40394422619,51.938300543463555
2026-01-19T14:15:00+05:30,83274.2,83289.31,83264.28,83274.02,83296.05795816964,51.9169392835948
2026-01-19T14:18:00+05:30,83274.33,83340.59,83269.86,83335.06,83305.80846862722,63.72267771491686
2026-01-19T14:21:00+05:30,83333.75,83354.34,83330.09,83338.48,83313.97635147041,64.29571095168276
2026-01-19T14:24:00+05:30,83344.36,83354.95,83317.22,83322.21,83316.0347636028,59.11323217907343
2026-01-19T14:27:00+05:30,83324.89,83327.88,83287.12,83294.43,83310.63357270209,50.934937017272354
2026-01-19T14:30:00+05:30,83296.9,83327.87,83296.57,83303.78,83308.92017952657,53.46308131145239
2026-01-19T14:33:00+05:30,83303.58,83334.26,83294.61,83309.82,83309.14513464493,55.20269764428481
2026-01-19T14:36:00+05:30,83312.9,83348.11,83311.04,83348.11,83318.8863509837,64.90537650048404
2026-01-19T14:39:00+05:30,83350.3,83362.73,83335.56,83336.11,83323.19226323777,60.14255466485357
2026-01-19T14:42:00+05:30,83335.77,83372.21,83328.55,83345.95,83328.88169742833,62.757052853258806
2026-01-19T14:45:00+05:30,83348.43,83373.84,83344.37,83361.81,83337.11377307124,66.8464877962873
2026-01-19T14:48:00+05:30,83359.94,83377.8,83339.05,83367.49,83344.70782980343,68.30080595129658
2026-01-19T14:51:00+05:30,83367.1,83408.4,83366.73,83386.72,83355.21087235257,72.9820383437974
2026-01-19T14:54:00+05:30,83387.86,83404.97,83360.84,83404.97,83367.65065426443,76.77890278542418
2026-01-19T14:57:00+05:30,83404.22,83404.22,83366.22,83393.53,83374.12049069832,69.62343691855608
2026-01-19T15:00:00+05:30,83392.05,83402.67,83326.68,83326.68,83362.26036802374,42.57383179275049
2026-01-19T15:03:00+05:30,83327.14,83363.04,83317.5,83319.66,83351.6102760178,40.63947726362815
2026-01-19T15:06:00+05:30,83325.33,83335.7,83300.79,83319.87,83343.67520701335,40.733456498806454
2026-01-19T15:09:00+05:30,83318.48,83321.51,83283.73,83284.4,83328.85640526001,31.047381097229547
2026-01-19T15:12:00+05:30,83282.66,83299.57,83257.65,83288.82,83318.84730394502,33.35144843382618
2026-01-19T15:15:00+05:30,83295.09,83306.97,83249.44,83251.2,83301.93547795876,25.042222285859324
2026-01-19T15:18:00+05:30,83251.15,83251.53,83174.94,83182.86,83272.16660846907,16.388694247951435
2026-01-19T15:21:00+05:30,83189.31,83197.07,83162.89,83166.54,83245.7599563518,14.9494408674597
2026-01-19T15:24:00+05:30,83168.06,83191.06,83148.39,83165.47,83225.68746726385,14.849689081806176
2026-01-19T15:27:00+05:30,83164.18,83176.97,83132.17,83140.15,83204.30310044788,12.539701519503666
2026-01-20T09:15:00+05:30,83254.28,83254.28,83085.4,83235.6,83212.12732533591,48.06858006441863
2026-01-20T09:18:00+05:30,83236.02,83239.14,83119.48,83139.35,83193.93299400194,32.5247968182846
2026-01-20T09:21:00+05:30,83154.87,83157.64,83026.37,83035.95,83154.43724550145,23.14460373765712
2026-01-20T09:24:00+05:30,83037.04,83047.47,82999.18,83028.04,83122.83793412609,22.56382247801703
2026-01-20T09:27:00+05:30,83030.25,83030.25,82934.77,82949.11,83079.40595059456,17.462510048061077
2026-01-20T09:30:00+05:30,82945.56,82990.92,82932.14,82978,83054.05446294592,24.729373626813043
2026-01-20T09:33:00+05:30,82985.94,83043.55,82953.83,82953.83,83028.99834720945,22.772418760912117
2026-01-20T09:36:00+05:30,82952.98,82957.03,82873.79,82889.49,82994.12126040709,18.279876706301152
2026-01-20T09:39:00+05:30,82894.59,82951.67,82875.85,82918.86,82975.30594530531,26.04939997257074
2026-01-20T09:42:00+05:30,82917.71,82969.72,82867.71,82925.69,82962.90195897898,27.908959974068836
2026-01-20T09:45:00+05:30,82925.53,82952.65,82890.36,82895.81,82946.12896923424,24.734445239661852
2026-01-20T09:48:00+05:30,82894.07,82906.16,82886.07,82897.13,82933.87922692568,25.17310876487514
2026-01-20T09:51:00+05:30,82897.65,82941.56,82875.31,82875.31,82919.23692019426,22.629565773022208
2026-01-20T09:54:00+05:30,82867.76,82893.37,82812.32,82864.75,82905.6151901457,21.40821968776973
2026-01-20T09:57:00+05:30,82865.7,82899.13,82851.82,82877.09,82898.48389260928,26.794676931188334
2026-01-20T10:00:00+05:30,82875.33,82918.69,82872.31,82892.38,82896.95791945697,33.393711999709154
2026-01-20T10:03:00+05:30,82893.39,82917.94,82873.92,82903.12,82898.49843959272,37.97559472388349
2026-01-20T10:06:00+05:30,82903.5,82975.76,82901.45,82975.28,82917.69382969453,59.704060316874724
2026-01-20T10:09:00+05:30,82972.28,82987.57,82946.21,82963.46,82929.1353722709,55.957825294444376
2026-01-20T10:12:00+05:30,82959.67,82959.67,82914.34,82929.68,82929.27152920318,46.27639302586788
2026-01-20T10:15:00+05:30,82925.58,82937.51,82885.63,82918.3,82926.52864690238,43.329960608347136
2026-01-20T10:18:00+05:30,82920.63,83009.14,82920.63,82995.6,82943.79648517679,62.334715037485694
2026-01-20T10:21:00+05:30,82994.12,83035.91,82981.39,83028.54,82964.98236388259,67.71707262241918
2026-01-20T10:24:00+05:30,83027.11,83029.46,82968.19,82973.7,82967.16177291195,53.00513497603215
2026-01-20T10:27:00+05:30,82974.45,83001.44,82962.87,82981.29,82970.69382968397,54.59785411672657
2026-01-20T10:30:00+05:30,82984.64,83001.36,82960.22,82981.94,82973.50537226297,54.751074109511194
2026-01-20T10:33:00+05:30,82983.77,82985.19,82945.2,82954.98,82968.87402919722,47.065214901932066
2026-01-20T10:36:00+05:30,82954.6,83031.42,82945.99,83028.37,82983.74802189792,63.38781183052346
2026-01-20T10:39:00+05:30,83025.26,83026.61,82977.65,83003.49,82988.68351642344,56.49751790531606
2026-01-20T10:42:00+05:30,82999.53,83007.19,82958.67,82968.57,82983.65513731758,47.960831284066366
2026-01-20T10:45:00+05:30,82967.98,82979.35,82945.18,82975.9,82981.71635298818,49.81772417227908
2026-01-20T10:48:00+05:30,82974.9,82978.36,82949.01,82955.9,82975.26226474113,44.73625874914367
2026-01-20T10:51:00+05:30,82956.42,82956.42,82907.18,82947.53,82968.32919855585,42.613993893448104
2026-01-20T10:54:00+05:30,82947.27,82947.27,82885.72,82885.72,82947.67689891689,30.250270942584066
2026-01-20T10:57:00+05:30,82884.47,82907.14,82876.51,82894.44,82934.36767418767,33.429231412158785
2026-01-20T11:00:00+05:30,82893.02,82901.72,82859,82882.5,82921.40075564076,31.160506975049557
2026-01-20T11:03:00+05:30,82883.27,82893.7,82869.79,82869.79,82908.49806673056,28.738335006218378
2026-01-20T11:06:00+05:30,82871.74,82876.5,82855.5,82869.17,82898.66605004792,28.611762900600837
2026-01-20T11:09:00+05:30,82868.31,82880.5,82863.3,82868.83,82891.20703753593,28.53136716713189
2026-01-20T11:12:00+05:30,82870.75,82887.29,82851.59,82864.13,82884.43777815194,27.294483117266637
2026-01-20T11:15:00+05:30,82859.82,82924.49,82844.25,82906.92,82890.05833361395,50.21759225974359
2026-01-20T11:18:00+05:30,82905.37,82905.37,82860.48,82876.49,82886.66625021046,39.8051638711776
2026-01-20T11:21:00+05:30,82881.32,82896.08,82855.63,82885.14,82886.28468765784,43.67805034124182
2026-01-20T11:24:00+05:30,82884.22,82884.22,82852.91,82871.26,82882.52851574338,38.98270394391838
2026-01-20T11:27:00+05:30,82871.12,82914.68,82869.06,82906.5,82888.52138680754,53.719309168594144
2026-01-20T11:30:00+05:30,82905.9,82922.12,82887.73,82909.87,82893.85854010565,54.93364201992744
2026-01-20T11:33:00+05:30,82909.27,82919.94,82882.7,82916.92,82899.62390507924,57.64594917883645
2026-01-20T11:36:00+05:30,82920.13,82933.56,82911.33,82926.33,82906.30042880942,61.27524510920337
2026-01-20T11:39:00+05:30,82927.92,82929.63,82901.1,82924.33,82910.80782160707,60.00036747989564
2026-01-20T11:42:00+05:30,82926.15,82943.98,82920.22,82937.42,82917.4608662053,65.48391284558295
2026-01-20T11:45:00+05:30,82938.22,82950.06,82914.44,82949.25,82925.40814965399,69.84291152247197
2026-01-20T11:48:00+05:30,82946.54,82958.85,82936.77,82957.11,82933.33361224049,72.53184050268713
2026-01-20T11:51:00+05:30,82957.72,82992.42,82957.18,82989.7,82947.42520918036,80.80919717003249
2026-01-20T11:54:00+05:30,82993.25,83021.6,82981.71,82983.17,82956.36140688528,75.49136076438205
2026-01-20T11:57:00+05:30,82983.23,82994.13,82957.58,82977.44,82961.63105516396,70.72655793716913
2026-01-20T12:00:00+05:30,82977.73,82983.35,82929.5,82933.77,82954.66579137297,45.302487286574475
2026-01-20T12:03:00+05:30,82930.85,82934.29,82897.28,82897.28,82940.31934352973,33.546737867796324
2026-01-20T12:06:00+05:30,82898.51,82912.27,82881.03,82881.03,82925.4970076473,29.561283417918645
2026-01-20T12:09:00+05:30,82878.59,82878.59,82817.61,82831.97,82902.11525573547,20.840483630451743
2026-01-20T12:12:00+05:30,82829.25,82861.51,82827.39,82849.51,82888.9639418016,29.513813787858822
2026-01-20T12:15:00+05:30,82848.13,82870.43,82834.21,82846.08,82878.2429563512,28.794038959120655
2026-01-20T12:18:00+05:30,82844.57,82850.65,82828.56,82850.65,82871.34471726339,31.394781395849677
2026-01-20T12:21:00+05:30,82849.6,82854.35,82804.43,82813.85,82856.97103794754,23.37433330132791
2026-01-20T12:24:00+05:30,82814.55,82830.88,82794,82830.88,82850.44827846065,32.66215748490026
2026-01-20T12:27:00+05:30,82831.44,82850.73,82817.85,82837.54,82847.22120884548,36.19096728981212
2026-01-20T12:30:00+05:30,82836.21,82850.55,82822.47,82829.16,82842.70590663412,33.605737986489075
2026-01-20T12:33:00+05:30,82828.5,82833.86,82808.46,82810.42,82834.63442997559,28.326572613561012
2026-01-20T12:36:00+05:30,82807.23,82836.7,82792.72,82823.56,82831.86582248169,36.48823423672946
2026-01-20T12:39:00+05:30,82823.76,82829.96,82779.83,82779.83,82818.85686686127,25.30160247454789
2026-01-20T12:42:00+05:30,82778.11,82790.96,82758.94,82761.05,82804.40515014596,21.932612214576807
2026-01-20T12:45:00+05:30,82761.16,82786.31,82744.87,82786.3,82799.87886260948,35.42088654441184
2026-01-20T12:48:00+05:30,82788.49,82799.54,82775.87,82792.74,82798.09414695711,38.57863465048275
2026-01-20T12:51:00+05:30,82793.92,82819.5,82778.41,82783.01,82794.32311021784,35.517375904565725
2026-01-20T12:54:00+05:30,82784.41,82805.87,82779.88,82782.36,82791.33233266338,35.299070862896926
2026-01-20T12:57:00+05:30,82784.82,82820.19,82784.82,82805.89,82794.97174949753,48.63310514551267
2026-01-20T13:00:00+05:30,82805.64,82813.5,82782.88,82788.28,82793.29881212315,41.21648234098971
2026-01-20T13:03:00+05:30,82792.59,82796.64,82782.87,82788.15,82792.01160909235,41.16241862862071
2026-01-20T13:06:00+05:30,82788.33,82792.73,82757.2,82773.27,82787.32620681927,35.026999394203614
2026-01-20T13:09:00+05:30,82773.89,82801.7,82768.29,82795.99,82789.49215511445,48.659006708953115
2026-01-20T13:12:00+05:30,82796.34,82797.68,82763.97,82765.37,82783.46161633584,36.58871653220961
2026-01-20T13:15:00+05:30,82765.96,82778.64,82751.45,82778.64,82782.25621225189,43.655452904525326
2026-01-20T13:18:00+05:30,82777.7,82811.42,82763.31,82811.42,82789.54715918892,57.35259050659979
2026-01-20T13:21:00+05:30,82812.65,82822,82779,82779,82786.9103693917,44.78930790564013
2026-01-20T13:24:00+05:30,82778.71,82797.29,82771.54,82787.26,82786.99777704377,48.16444683335938
2026-01-20T13:27:00+05:30,82791.2,82797.6,82770.71,82773.04,82783.50833278283,42.897415209561466
2026-01-20T13:30:00+05:30,82772.34,82788.34,82761.4,82780.53,82782.76374958712,46.49307313581544
2026-01-20T13:33:00+05:30,82780.18,82780.64,82710.24,82713.6,82765.47281219033,28.06772734756585
2026-01-20T13:36:00+05:30,82713.35,82713.35,82652.69,82664.98,82740.34960914275,21.010857715178787
2026-01-20T13:39:00+05:30,82665.2,82665.2,82614.09,82623.47,82711.12970685706,16.802882259148717
2026-01-20T13:42:00+05:30,82627.49,82663.42,82627.49,82641.8,82693.7972801428,24.58412090922171
2026-01-20T13:45:00+05:30,82640.84,82654.84,82625.83,82633.04,82678.6079601071,23.36567243309584
2026-01-20T13:48:00+05:30,82632.18,82640.75,82610.45,82618.53,82663.58847008031,21.323376995692087
2026-01-20T13:51:00+05:30,82617.15,82646.86,82616.22,82644.99,82658.93885256024,33.65972872393564
2026-01-20T13:54:00+05:30,82645.17,82646.72,82620.43,82628.99,82651.45163942018,30.307260661082836
2026-01-20T13:57:00+05:30,82632.77,82662.4,82623.99,82633,82646.83872956513,32.27943714673748
2026-01-20T14:00:00+05:30,82632.8,82645.34,82627.48,82634.61,82643.78154717386,33.16534438238449
2026-01-20T14:03:00+05:30,82635.27,82670.74,82581.84,82597.79,82632.28366038039,24.584445199493473
2026-01-20T14:06:00+05:30,82594.21,82611.68,82568.44,82583.97,82620.2052452853,22.082552870221562
2026-01-20T14:09:00+05:30,82583.07,82600.32,82563.9,82598.24,82614.71393396397,30.591635384384773
2026-01-20T14:12:00+05:30,82599.05,82607.46,82586.72,82599.88,82611.00545047298,31.593279525050065
2026-01-20T14:15:00+05:30,82599.47,82643.32,82596.09,82636.64,82617.41408785473,50.3356601845154
2026-01-20T14:18:00+05:30,82638.33,82651.88,82590.78,82595.42,82611.91556589105,37.05427035131323
2026-01-20T14:21:00+05:30,82594.51,82621.68,82588.43,82617.22,82613.24167441828,45.86725652710368
2026-01-20T14:24:00+05:30,82620.07,82665.95,82607.08,82633.17,82618.22375581371,51.64608070877539
2026-01-20T14:27:00+05:30,82632.39,82672.1,82626.68,82670.15,82631.20531686029,62.480187498016576
2026-01-20T14:30:00+05:30,82669.57,82693.72,82658.85,82666.85,82640.11648764522,61.0559473383071
2026-01-20T14:33:00+05:30,82668.25,82682.52,82646.67,82647.48,82641.95736573392,52.81198719970406
2026-01-20T14:36:00+05:30,82647.99,82648.03,82592.78,82597.03,82630.72552430045,37.44772556673349
2026-01-20T14:39:00+05:30,82592.56,82604.85,82549.04,82549.06,82610.30914322534,28.311013496388966
2026-01-20T14:42:00+05:30,82547.85,82550.75,82484.85,82520.75,82587.91935741901,24.239104967321737
2026-01-20T14:45:00+05:30,82522.28,82541.64,82505.21,82538.66,82575.60451806427,31.509763806047772
2026-01-20T14:48:00+05:30,82541.39,82542.17,82513.54,82530.72,82564.3833885482,30.019693925764457
2026-01-20T14:51:00+05:30,82530.58,82540.38,82478.42,82486.63,82544.94504141115,22.9797006867379
2026-01-20T14:54:00+05:30,82487.14,82518.56,82482.54,82508.07,82535.72628105836,32.02359809020483
2026-01-20T14:57:00+05:30,82508.27,82514.03,82460.03,82460.44,82516.90471079378,24.55165193523277
2026-01-20T15:00:00+05:30,82450.97,82450.97,82297.49,82305.91,82464.15603309534,13.037429813857685
2026-01-20T15:03:00+05:30,82312.43,82385.14,82312.43,82382.33,82443.69952482151,31.556766320444908
2026-01-20T15:06:00+05:30,82389.6,82398.72,82357.46,82357.7,82422.19964361613,29.21719772057901
2026-01-20T15:09:00+05:30,82355.43,82367.92,82192.79,82200.24,82366.7097327121,18.813842633966473
2026-01-20T15:12:00+05:30,82200.81,82207,82159.06,82160.99,82315.27979953408,17.04846968415653
2026-01-20T15:15:00+05:30,82155.46,82232.82,82140.97,82156.41,82275.56234965056,16.833437054211046
2026-01-20T15:18:00+05:30,82156.9,82156.9,82071.38,82071.46,82224.53676223793,13.224084694143102
2026-01-20T15:21:00+05:30,82067.16,82084.66,82036.83,82054.33,82181.98507167844,12.589060081797868
2026-01-20T15:24:00+05:30,82053.83,82089.95,82010.58,82067.85,82153.45130375883,16.290459989084027
2026-01-20T15:27:00+05:30,82075.65,82200,82072.72,82153.08,82153.35847781913,36.16934798319552
2026-01-21T09:15:00+05:30,81868.75,82239.83,81793.23,82138.71,82149.69635836435,34.55520616530127
2026-01-21T09:18:00+05:30,82140.06,82282.25,82048.07,82048.81,82124.47476877326,26.065144284487943
2026-01-21T09:21:00+05:30,82045.86,82110.65,81964.3,82041.44,82103.71607657995,25.46669878595651
2026-01-21T09:24:00+05:30,82040.78,82163.29,82022.41,82105.29,82104.10955743496,39.505251843461764
2026-01-21T09:27:00+05:30,82123.78,82129.89,81985.76,82006.86,82079.79716807621,29.50895414977215
2026-01-21T09:30:00+05:30,82010.71,82149.33,82004.43,82143.44,82095.70787605716,49.99319478298838
2026-01-21T09:33:00+05:30,82142.85,82173.04,82098.46,82131.27,82104.59840704287,48.52723609787717
2026-01-21T09:36:00+05:30,82129.32,82143.22,81996.31,82005.04,82079.70880528215,35.81775121120009
2026-01-21T09:39:00+05:30,82004.2,82061.79,81985.04,82006.99,82061.52910396161,36.11928154138943
2026-01-21T09:42:00+05:30,82005.97,82097.43,82000.46,82040.94,82056.38182797121,41.68414693181403
2026-01-21T09:45:00+05:30,82042.01,82049.18,81948.83,81966.4,82033.8863709784,34.07956542389935
2026-01-21T09:48:00+05:30,81966.59,82066.79,81962.16,81988.66,82022.5797782338,38.01909935134966
2026-01-21T09:51:00+05:30,81989.7,82086.98,81989.26,82023.05,82022.69733367536,44.04619662875403
2026-01-21T09:54:00+05:30,82013.78,82016.18,81948.54,82016.18,82021.06800025652,43.07008959036248
2026-01-21T09:57:00+05:30,82035.39,82038.62,81912.62,81915.8,81994.7510001924,31.260748876165053
2026-01-21T10:00:00+05:30,81912.07,81914.2,81857.66,81862.49,81961.6857501443,26.721187316140814
2026-01-21T10:03:00+05:30,81862.55,81938.72,81862.55,81937.67,81955.68181260822,40.85273236824676
2026-01-21T10:06:00+05:30,81937.08,81937.08,81879.98,81905.85,81943.22385945616,37.300730360982364
2026-01-21T10:09:00+05:30,81905.52,81905.52,81836.85,81863.02,81923.17289459212,32.81966820013611
2026-01-21T10:12:00+05:30,81857.2,81957.07,81831.72,81889.31,81914.7071709441,38.141400422102414
2026-01-21T10:15:00+05:30,81891.11,81891.11,81846.99,81880.81,81906.23287820807,37.034787196615326
2026-01-21T10:18:00+05:30,81878.19,81888.78,81826,81846.65,81891.33715865605,32.600092021277874
2026-01-21T10:21:00+05:30,81853.31,81857.22,81767.62,81771.71,81861.43036899203,24.952690189969545
2026-01-21T10:24:00+05:30,81771.22,81784.19,81671.92,81695.5,81819.94777674403,19.51995086230491
2026-01-21T10:27:00+05:30,81695.6,81757.26,81694.45,81712.84,81793.17083255801,23.917112214845247
2026-01-21T10:30:00+05:30,81716.23,81727.4,81670.81,81696.81,81769.08062441851,22.586173529062265
2026-01-21T10:33:00+05:30,81700.19,81706.65,81670.2,81690.91,81749.53796831387,22.059063052036706
2026-01-21T10:36:00+05:30,81688.56,81714.4,81662.51,81671.81,81730.10597623541,20.2722123013002
2026-01-21T10:39:00+05:30,81667.35,81708.66,81597.41,81609.1,81699.85448217657,15.471684065093385
2026-01-21T10:42:00+05:30,81608.29,81610.1,81500.37,81505.77,81651.33336163242,10.631829555034912
2026-01-21T10:45:00+05:30,81496.47,81499.85,81434.69,81467.7,81605.42502122432,9.371697095984743
2026-01-21T10:48:00+05:30,81465.39,81466.08,81425.7,81434.37,81562.66126591824,8.359660827311217
2026-01-21T10:51:00+05:30,81433.92,81452.07,81399.52,81399.52,81521.87594943869,7.386606564569064
2026-01-21T10:54:00+05:30,81407.7,81407.7,81124.45,81144.38,81427.50196207903,3.7040569110388333
2026-01-21T10:57:00+05:30,81146.84,81395.81,81146.84,81335.09,81404.39897155928,32.883389963389334
2026-01-21T11:00:00+05:30,81334.17,81387.51,81334.17,81356.97,81392.54172866946,35.499471550841335
2026-01-21T11:03:00+05:30,81347.27,81350.52,81287.04,81297.83,81368.86379650209,31.61369898867673
2026-01-21T11:06:00+05:30,81297.94,81354.72,81280.98,81352.37,81364.74034737656,38.81900793647018
2026-01-21T11:09:00+05:30,81355.28,81443.8,81351.1,81426.72,81380.23526053241,47.59971989745313
2026-01-21T11:12:00+05:30,81429,81587.05,81424.16,81559.01,81424.92894539931,59.627632572947036
2026-01-21T11:15:00+05:30,81557.03,81583.97,81505.82,81582.48,81464.31670904948,61.458746460779764
2026-01-21T11:18:00+05:30,81581.33,81623.93,81517.94,81582.02,81493.74253178711,61.395073331601175
2026-01-21T11:21:00+05:30,81582.58,81588.47,81543.84,81553.38,81508.65189884033,57.098160125776786
2026-01-21T11:24:00+05:30,81555.96,81578.13,81517.03,81522.82,81512.19392413025,52.52209471797531
2026-01-21T11:27:00+05:30,81521.6,81560.58,81479.7,81479.71,81504.07294309768,46.40174940314499
2026-01-21T11:30:00+05:30,81480.55,81599.31,81469.31,81584.87,81524.27220732326,59.74987917204991
2026-01-21T11:33:00+05:30,81584.35,81587.01,81533.77,81552.97,81531.44665549244,54.91027011710429
2026-01-21T11:36:00+05:30,81553.97,81576.6,81517.37,81523.24,81529.39499161934,50.46578648693852
2026-01-21T11:39:00+05:30,81521.96,81536.91,81506.4,81516.86,81526.2612437145,49.46342476645618
2026-01-21T11:42:00+05:30,81518.39,81552.1,81514.93,81535.34,81528.53093278587,52.642112227534646
2026-01-21T11:45:00+05:30,81534.27,81591.15,81530,81587.91,81543.37569958941,60.82074946151087
2026-01-21T11:48:00+05:30,81590.16,81596.79,81542.67,81582.13,81553.06427469206,59.50261021846538
2026-01-21T11:51:00+05:30,81583.11,81655.23,81581.05,81620.69,81569.97070601906,65.3477734523134
2026-01-21T11:54:00+05:30,81625.61,81627.27,81568.89,81568.89,81569.70052951429,53.292541566791755
2026-01-21T11:57:00+05:30,81575.09,81625.47,81552.37,81623.51,81583.15289713572,61.93178988606917
2026-01-21T12:00:00+05:30,81623.93,81718.71,81609.3,81718.71,81617.0421728518,72.3364809364258
2026-01-21T12:03:00+05:30,81733.18,81810.22,81730.1,81767.27,81654.59912963885,76.20650365897673
2026-01-21T12:06:00+05:30,81760.92,81796.42,81724.62,81749.75,81678.38684722914,71.96859744235445
2026-01-21T12:09:00+05:30,81749.15,81779.84,81726.94,81750.25,81696.35263542185,72.02040384527106
2026-01-21T12:12:00+05:30,81740.53,81807.36,81740.53,81807.36,81724.10447656638,77.54949418798935
2026-01-21T12:15:00+05:30,81811,81824,81772.7,81817.33,81747.41085742478,78.4181172599959
2026-01-21T12:18:00+05:30,81817.61,81936.7,81817.21,81930.85,81793.2706430686,85.74474621279379
2026-01-21T12:21:00+05:30,81924.67,82003.15,81871.94,82001.69,81845.37548230145,88.56977359548249
2026-01-21T12:24:00+05:30,82002.5,82018.59,81919.56,81946.43,81870.63911172608,75.03659153534394
2026-01-21T12:27:00+05:30,81936.7,81942.13,81775.51,81843.2,81863.77933379456,56.291128207222144
2026-01-21T12:30:00+05:30,81844.76,81957.17,81823.99,81931.68,81880.75450034592,65.0275744897277
2026-01-21T12:33:00+05:30,81933.12,82048.48,81931.59,82048.48,81922.68587525944,73.25917861044806
2026-01-21T12:36:00+05:30,82050.14,82103.53,82043.56,82103.53,81967.89690644458,76.32351988157123
2026-01-21T12:39:00+05:30,82102.13,82221.45,82102.13,82214.76,82029.61267983343,81.35901927597119
2026-01-21T12:42:00+05:30,82211.03,82211.03,82147.71,82153.47,82060.57700987507,71.57333622998043
2026-01-21T12:45:00+05:30,82151.8,82266.59,82150.8,82252.26,82108.4977574063,76.81690539964487
2026-01-21T12:48:00+05:30,82252.08,82333.47,82248.99,82284.25,82152.43581805471,78.327208148566
2026-01-21T12:51:00+05:30,82281.23,82346.47,82281.23,82345.34,82200.66186354103,81.07415667048417
2026-01-21T12:54:00+05:30,82349.5,82350.34,82279.9,82279.9,82220.47139765577,69.98803994468722
2026-01-21T12:57:00+05:30,82279.25,82313.47,82245.16,82313.47,82243.72104824183,72.25834498839691
2026-01-21T13:00:00+05:30,82313.51,82386.42,82312.78,82370.37,82275.38328618137,75.86818212154628
2026-01-21T13:03:00+05:30,82363.32,82407.05,82335.54,82360.96,82296.77746463603,74.01007715134537
2026-01-21T13:06:00+05:30,82358.14,82366.11,82315.06,82341.8,82308.03309847703,69.94100751695696
2026-01-21T13:09:00+05:30,82338.58,82355.64,82132.89,82158.25,82270.58732385776,43.320990958119665
2026-01-21T13:12:00+05:30,82157.95,82213.94,82148.97,82156.94,82242.17549289332,43.1841347961274
2026-01-21T13:15:00+05:30,82176.09,82204.9,82101.05,82178.18,82226.17661966999,46.387886907502434
2026-01-21T13:18:00+05:30,82178.92,82212.53,82106.62,82152.2,82207.68246475249,42.93316119887249
2026-01-21T13:21:00+05:30,82127.53,82161.57,82054.87,82135.69,82189.68434856436,40.68661547217574
2026-01-21T13:24:00+05:30,82130.93,82167.15,82077.29,82077.29,82161.58576142327,33.46101328273879
2026-01-21T13:27:00+05:30,82077.21,82149.98,82070.19,82123.48,82152.05932106744,42.82962849890218
2026-01-21T13:30:00+05:30,82123.91,82147.99,82033.23,82049.98,82126.53949080058,33.95436916702087
2026-01-21T13:33:00+05:30,82049.24,82050.05,81995.9,82017.74,82099.33961810044,30.69889691048276
2026-01-21T13:36:00+05:30,82019.32,82100.57,82001.13,82094.17,82098.04721357532,45.22413323316676
2026-01-21T13:39:00+05:30,82102.47,82185.5,82049.64,82071.29,82091.35791018148,42.139448016035196
2026-01-21T13:42:00+05:30,82069.14,82081.13,81998.53,82057.41,82082.87093263611,40.19885476597518
2026-01-21T13:45:00+05:30,82057.18,82108.04,82050.27,82106.9,82088.87819947708,49.813018740777444
2026-01-21T13:48:00+05:30,82109.11,82111.5,82024.37,82024.37,82072.75114960781,37.944593273503735
2026-01-21T13:51:00+05:30,82027.97,82035.65,81966.78,81981.71,82049.99086220586,33.1775379160446
2026-01-21T13:54:00+05:30,81981.76,81983.11,81941.4,81950.04,82025.00314665439,29.921714989836914
2026-01-21T13:57:00+05:30,81948.97,81963.54,81925.62,81936.17,82002.7948599908,28.49304890963154
2026-01-21T14:00:00+05:30,81936.12,81939.35,81889.84,81926.97,81983.8386449931,27.477773320742642
2026-01-21T14:03:00+05:30,81925.89,81930.65,81898.09,81921.24,81968.18898374483,26.784285761159083
2026-01-21T14:06:00+05:30,81922.67,81936.96,81915.54,81924.68,81957.31173780862,28.056036816290643
2026-01-21T14:09:00+05:30,81927.31,81968.07,81887.7,81887.79,81939.93130335645,23.047426495474966
2026-01-21T14:12:00+05:30,81889.6,81934.25,81880.54,81894.92,81928.67847751734,26.025270684610547
2026-01-21T14:15:00+05:30,81894.32,82032.61,81879.33,82032.61,81954.66135813801,60.48027867823744
2026-01-21T14:18:00+05:30,82041.39,82067.4,81954.58,82004.69,81967.1685186035,54.47757952957985
2026-01-21T14:21:00+05:30,82004.21,82015.6,81912.98,81912.98,81953.62138895263,39.46656133292008
2026-01-21T14:24:00+05:30,81912.51,81936.42,81837.91,81837.91,81924.69354171447,31.2447738687666
2026-01-21T14:27:00+05:30,81836.98,81899.57,81827.58,81830.56,81901.16015628586,30.518553189862004
2026-01-21T14:30:00+05:30,81830.6,81903.87,81830.6,81903.27,81901.6876172144,45.214843624532
2026-01-21T14:33:00+05:30,81904.05,81962.01,81902.05,81915.43,81905.1232129108,47.386169530560615
2026-01-21T14:36:00+05:30,81912.63,81946.87,81900.33,81942.62,81914.4974096831,52.31625951693661
2026-01-21T14:39:00+05:30,81943.13,81945.85,81899.15,81911.77,81913.81555726232,46.54322507197445
2026-01-21T14:42:00+05:30,81913.44,81940.42,81876.24,81909.41,81912.71416794675,46.089313425337885
2026-01-21T14:45:00+05:30,81904.4,81914.46,81892.54,81914.32,81913.11562596005,47.33596548407429
2026-01-21T14:48:00+05:30,81912.23,81918.12,81886.51,81889.19,81907.13421947004,41.59285798898748
2026-01-21T14:51:00+05:30,81891.53,81913.88,81867.2,81867.2,81897.15066460252,37.00889263571627
2026-01-21T14:54:00+05:30,81867.61,81914.56,81857.58,81901.68,81898.28299845189,47.57772976962391
2026-01-21T14:57:00+05:30,81901.34,81915.04,81828.17,81869.12,81890.99224883891,40.15517495582338
2026-01-21T15:00:00+05:30,81869.22,81950.93,81835.85,81858.29,81882.81668662919,37.86296114949326
2026-01-21T15:03:00+05:30,81857.88,82015.75,81857.88,81993.06,81910.37751497189,66.02218252176883
2026-01-21T15:06:00+05:30,81987.96,82009.78,81917.99,81982.52,81928.41313622892,63.40063422317528
2026-01-21T15:09:00+05:30,81974,82006.63,81907.84,81913.35,81924.64735217168,48.61963915052091
2026-01-21T15:12:00+05:30,81912.23,81948.59,81893.69,81909.46,81920.85051412876,47.887139235988656
2026-01-21T15:15:00+05:30,81909.75,81951.47,81892.6,81935.09,81924.41038559657,53.29588746157215
2026-01-21T15:18:00+05:30,81930.04,81955.16,81921.02,81927.8,81925.25778919742,51.52143047883369
2026-01-21T15:21:00+05:30,81929.72,81931.36,81863.18,81891.63,81916.85084189806,43.19637960304196
2026-01-21T15:24:00+05:30,81892.62,81944.58,81882.35,81944.58,81923.78313142355,55.4820395032604
2026-01-21T15:27:00+05:30,81941.17,81978.49,81906.77,81919.06,81922.60234856766,49.466245999151454
2026-01-22T09:15:00+05:30,82536.4,82586.2,82417.89,82423.72,82047.88176142574,85.56808840298919
2026-01-22T09:18:00+05:30,82424.45,82473.53,82383.77,82472.2,82153.9613210693,86.63795870242976
2026-01-22T09:21:00+05:30,82475.64,82525.45,82470.67,82498.14,82240.00599080198,87.22895902754752
2026-01-22T09:24:00+05:30,82491.17,82527.08,82440.93,82526.96,82311.74449310149,87.92142947522872
2026-01-22T09:27:00+05:30,82526.62,82655.55,82526.62,82615.23,82387.61586982611,89.88182261594524
2026-01-22T09:30:00+05:30,82615.14,82704.33,82613.38,82692.56,82463.85190236958,91.32146813686367
2026-01-22T09:33:00+05:30,82694.82,82730.55,82683.14,82717.28,82527.20892677718,91.75878074243275
2026-01-22T09:36:00+05:30,82725.39,82759.99,82700.83,82700.83,82570.61419508289,88.30423083476852
2026-01-22T09:39:00+05:30,82690.02,82714.19,82647.09,82695.31,82601.78814631217,87.02163146179039
2026-01-22T09:42:00+05:30,82690.07,82694.83,82624.44,82657.87,82615.80860973413,78.05084215657601
2026-01-22T09:45:00+05:30,82642.6,82733.41,82619.09,82733,82645.1064573006,82.31816188892356
2026-01-22T09:48:00+05:30,82734.19,82763,82728.4,82750.55,82671.46734297545,83.20788183247207
2026-01-22T09:51:00+05:30,82751.52,82783.18,82653.08,82653.08,82666.8705072316,62.74930318509287
2026-01-22T09:54:00+05:30,82655.04,82678.97,82593.91,82629.48,82657.5228804237,58.67413520561765
2026-01-22T09:57:00+05:30,82633.95,82705.94,82625.49,82671.95,82661.12966031778,63.632787634582364
2026-01-22T10:00:00+05:30,82667.71,82716.72,82542.5,82600.77,82646.03974523833,51.54040103636017
2026-01-22T10:03:00+05:30,82602.81,82607.58,82544.09,82598.16,82634.06980892875,51.124785393312465
2026-01-22T10:06:00+05:30,82598.57,82628.53,82557.26,82588.07,82622.56985669656,49.33063738548202
2026-01-22T10:09:00+05:30,82586.16,82596.95,82544.5,82596.95,82616.16489252241,51.09288684811386
2026-01-22T10:12:00+05:30,82601.66,82648.39,82573.92,82574.07,82605.6411693918,46.2568677117281
2026-01-22T10:15:00+05:30,82572.08,82614.64,82531.82,82532.55,82587.36837704385,38.53487129141609
2026-01-22T10:18:00+05:30,82540.45,82545.79,82387.31,82389.97,82538.01878278289,23.091255754991778
2026-01-22T10:21:00+05:30,82391.49,82465.85,82391.49,82436,82512.51408708717,33.17785236197143
2026-01-22T10:24:00+05:30,82437.17,82467.87,82417.93,82432.58,82492.53056531538,32.80491170961206
2026-01-22T10:27:00+05:30,82429.72,82433.1,82269.14,82270.08,82436.91792398653,20.21113108995253
2026-01-22T10:30:00+05:30,82268.63,82272.33,82118.22,82185.65,82374.1009429899,16.3957440931392
2026-01-22T10:33:00+05:30,82192.65,82363.72,82192.65,82359.75,82370.51320724242,42.50633671633429
2026-01-22T10:36:00+05:30,82355.17,82411.09,82344.45,82349.37,82365.22740543181,41.60257502698081
2026-01-22T10:39:00+05:30,82347.27,82353.27,82250.32,82318.09,82353.44305407385,38.70903946274072
2026-01-22T10:42:00+05:30,82315.03,82322.47,82265.2,82302.74,82340.76729055539,37.226687178165555
2026-01-22T10:45:00+05:30,82302.32,82310.67,82250.06,82250.57,82318.21796791654,32.31920287099692
2026-01-22T10:48:00+05:30,82255.38,82292.53,82189.21,82235.76,82297.6034759374,30.96717056995466
2026-01-22T10:51:00+05:30,82234.74,82252.43,82157.23,82215.14,82276.98760695304,28.996761851496856
2026-01-22T10:54:00+05:30,82216.16,82248.36,82198.99,82233.49,82266.11320521479,33.39668258706433
2026-01-22T10:57:00+05:30,82232.42,82243.41,82056.83,82056.83,82213.7924039111,19.69132102961852
2026-01-22T11:00:00+05:30,82055.23,82128.17,82044.24,82080.79,82180.54180293332,24.588226280952824
2026-01-22T11:03:00+05:30,82085.74,82143.53,82073.76,82073.76,82153.8463522,24.0855015908879
2026-01-22T11:06:00+05:30,82071.47,82074.79,82014.02,82059.27,82130.20226415,22.956812193896297
2026-01-22T11:09:00+05:30,82064.21,82102.8,82034.8,82043.85,82108.6141981125,21.69459779264794
2026-01-22T11:12:00+05:30,82040.59,82071.45,81981.79,82025.1,82087.73564858438,20.12489020602044
2026-01-22T11:15:00+05:30,82024.15,82084.47,82024.15,82025.9,82072.27673643827,20.41154074074379
2026-01-22T11:18:00+05:30,82029.17,82078.37,82003.37,82068.01,82071.21005232871,34.78417365963382
2026-01-22T11:21:00+05:30,82068.19,82142.93,82067.09,82103.51,82079.28503924653,44.62035073578371
2026-01-22T11:24:00+05:30,82107.21,82257.25,82107.21,82238.84,82119.1737794349,66.85419092742681
2026-01-22T11:27:00+05:30,82240.98,82249.01,82155.26,82168.01,82131.38283457617,53.69161971025086
2026-01-22T11:30:00+05:30,82169.35,82178.84,82120.26,82162.83,82139.24462593213,52.804580131574205
2026-01-22T11:33:00+05:30,82161.27,82188.75,82157.74,82183.29,82150.25596944909,56.143408018110925
2026-01-22T11:36:00+05:30,82182.81,82200.79,82118.32,82141.97,82148.18447708682,48.12217869750454
2026-01-22T11:39:00+05:30,82134.91,82147.21,82064.12,82076.86,82130.35335781511,38.11206859091806
2026-01-22T11:42:00+05:30,82073.59,82078.26,81973.94,82017.19,82102.06251836133,31.177884738065814
2026-01-22T11:45:00+05:30,82010.25,82026.38,81928.21,81953.11,82064.824388771,25.39012032854974
2026-01-22T11:48:00+05:30,81952.51,82065.67,81915.85,82057.44,82062.97829157824,44.840166553994294
2026-01-22T11:51:00+05:30,82055.77,82068.18,82005.85,82008.47,82049.35121868367,39.23864528360731
2026-01-22T11:54:00+05:30,82008,82036.08,81987.51,82021.97,82042.50591401276,41.58562304953901
2026-01-22T11:57:00+05:30,82021.44,82021.44,81953.14,81953.55,82020.26693550957,33.85375454823688
2026-01-22T12:00:00+05:30,81953.28,81987.63,81950.43,81963.37,82006.04270163218,35.85088807572092
2026-01-22T12:03:00+05:30,81963.52,82052.23,81959.08,82052.02,82017.53702622413,51.32814102061034
2026-01-22T12:06:00+05:30,82064.03,82136.04,82029.88,82131.36,82045.9927696681,61.1222440262202
2026-01-22T12:09:00+05:30,82133.61,82143.95,82046.89,82079.88,82054.46457725107,53.042399128686775
2026-01-22T12:12:00+05:30,82081.98,82123.28,82061.23,82123.28,82071.6684329383,58.4452434827553
2026-01-22T12:15:00+05:30,82130.45,82135.22,82040.46,82125.56,82085.14132470373,58.73623299468379
2026-01-22T12:18:00+05:30,82127.12,82256.43,82111.98,82247.66,82125.7709935278,71.29489435981391
2026-01-22T12:21:00+05:30,82240.23,82260.12,82159.42,82163.65,82135.24074514584,57.29685080244907
2026-01-22T12:24:00+05:30,82161.13,82161.13,82108.34,82132.11,82134.45805885938,52.75964701536726
2026-01-22T12:27:00+05:30,82133.57,82200.3,82110.2,82177.17,82145.13604414454,58.26779000003196
2026-01-22T12:30:00+05:30,82176.11,82177.25,82141.3,82142.05,82144.36453310841,52.682234539694974
2026-01-22T12:33:00+05:30,82144.11,82225.27,82142.69,82199.18,82158.0683998313,59.96553686282793
2026-01-22T12:36:00+05:30,82197.1,82197.1,82105.82,82160.31,82158.62879987348,53.436632618536954
2026-01-22T12:39:00+05:30,82162.54,82185.59,82071.34,82076.34,82138.0565999051,41.93059062156917
2026-01-22T12:42:00+05:30,82072.53,82145.74,82018.05,82139.21,82138.34494992883,51.12350158474724
2026-01-22T12:45:00+05:30,82140,82175.85,82094.15,82094.15,82127.29621244661,45.14721850667375
2026-01-22T12:48:00+05:30,82090.31,82177.47,82076.7,82151.32,82133.30215933497,53.23858713638412
2026-01-22T12:51:00+05:30,82152.07,82201.97,82076.58,82088.34,82122.06161950123,44.75390590254727
2026-01-22T12:54:00+05:30,82084.92,82117.02,82006.56,82011.67,82094.46371462592,36.49361267884163
2026-01-22T12:57:00+05:30,82012.06,82034.89,82008.96,82015.34,82074.68278596943,37.141524279347465
2026-01-22T13:00:00+05:30,82015.19,82020.85,81960.19,81988.88,82053.23208947707,34.2060900883598
2026-01-22T13:03:00+05:30,81990.9,82060.47,81983.9,82037.28,82049.2440671078,43.701463384067374
2026-01-22T13:06:00+05:30,82037.78,82042.72,81997.68,82001.37,82037.27555033084,38.84839648793772
2026-01-22T13:09:00+05:30,82000.15,82011.21,81976.75,82002.21,82028.50916274813,39.033163581963755
2026-01-22T13:12:00+05:30,82000.67,82018.15,81958.11,81958.11,82010.9093720611,32.937588662465785
2026-01-22T13:15:00+05:30,81957.41,81967.45,81884.7,81884.78,81979.37702904582,25.279244257381492
2026-01-22T13:18:00+05:30,81882.95,81988.77,81878.87,81970.15,81977.07027178437,43.21272236293374
2026-01-22T13:21:00+05:30,81970.73,81985,81946.61,81983.91,81978.78020383828,45.66496351502286
2026-01-22T13:24:00+05:30,81984.2,81999.47,81946.02,81951.57,81971.9776528787,40.830331692925995
2026-01-22T13:27:00+05:30,81950.23,81959.28,81919.05,81921.85,81959.44573965903,36.66811699233597
2026-01-22T13:30:00+05:30,81919.98,81976.88,81876.61,81942.05,81955.09680474427,41.40458450570808
2026-01-22T13:33:00+05:30,81942.97,82065.44,81942.5,82060.75,81981.5101035582,61.264804455180844
2026-01-22T13:36:00+05:30,82059,82082.03,81969.81,81994.02,81984.63757766865,50.122598342366885
2026-01-22T13:39:00+05:30,81997.63,82004.98,81948.51,81983.16,81984.2681832515,48.449561603191526
2026-01-22T13:42:00+05:30,81979.63,82034.05,81940.11,82024.71,81994.37863743863,55.13416504558282
2026-01-22T13:45:00+05:30,82028.38,82028.38,81958.41,82021.15,82001.07147807897,54.42866551172832
2026-01-22T13:48:00+05:30,82020.85,82056.12,81998.56,82016.86,82005.01860855923,53.466800321713286
2026-01-22T13:51:00+05:30,82016.67,82143.68,82015.03,82133.89,82037.23645641943,70.2175351071271
2026-01-22T13:54:00+05:30,82132.09,82134,82091.03,82098.37,82052.51984231456,62.27908513378964
2026-01-22T13:57:00+05:30,82098.99,82136.61,82084.73,82097.88,82063.85988173593,62.165972067960766
2026-01-22T14:00:00+05:30,82097.03,82138.61,82081.99,82124.17,82078.93741130194,66.02814013815993
2026-01-22T14:03:00+05:30,82123.93,82132.97,82052.92,82100.33,82084.28555847646,59.59235425879022
2026-01-22T14:06:00+05:30,82100.98,82112.83,81992.42,81993.56,82061.60416885735,39.48378774322085
2026-01-22T14:09:00+05:30,81996.42,82048,81995.45,82020.86,82051.41812664301,45.01817927770178
2026-01-22T14:12:00+05:30,82020.22,82020.22,81905.2,81941.9,82024.03859498225,34.40190897671336
2026-01-22T14:15:00+05:30,81940.88,81960.63,81911.17,81937.23,82002.33644623669,33.851084589703774
2026-01-22T14:18:00+05:30,81937.17,81989.74,81874.39,81988.41,81998.85483467752,45.09188727693255
2026-01-22T14:21:00+05:30,81996.6,82029.79,81959.54,82020.59,82004.28862600814,51.17778467612278
2026-01-22T14:24:00+05:30,82018.22,82039.62,81966.72,82039.62,82013.1214695061,54.645979160692335
2026-01-22T14:27:00+05:30,82038.69,82128.14,82038.69,82117.17,82039.13360212959,66.0964025978829
2026-01-22T14:30:00+05:30,82126.6,82231.32,82105.03,82231.32,82087.18020159719,76.35002534697617
2026-01-22T14:33:00+05:30,82236.94,82280.21,82197.31,82240.45,82125.49765119789,76.99913399011602
2026-01-22T14:36:00+05:30,82240.87,82341.95,82238.28,82319.1,82173.89823839843,81.972020131975
2026-01-22T14:39:00+05:30,82319.14,82323.03,82245.68,82273.9,82198.89867879881,71.59372984730008
2026-01-22T14:42:00+05:30,82272.45,82300.11,82200.45,82270.54,82216.8090090991,70.81615863557666
2026-01-22T14:45:00+05:30,82269.46,82377.55,82268.35,82353.45,82250.96925682432,77.76749142428903
2026-01-22T14:48:00+05:30,82353.15,82397.06,82290.83,82324.45,82269.33944261823,70.87817657155279
2026-01-22T14:51:00+05:30,82334.03,82363.72,82311.19,82331.46,82284.86958196368,71.58799398730108
2026-01-22T14:54:00+05:30,82329.3,82340.53,82262.96,82294.1,82287.17718647276,62.166493077118794
2026-01-22T14:57:00+05:30,82297.45,82357.53,82280.02,82322.83,82296.09038985457,66.16190330187466
2026-01-22T15:00:00+05:30,82324.23,82324.23,82124.56,82183.74,82268.00279239092,41.44250673967014
2026-01-22T15:03:00+05:30,82190.34,82236.03,82151.16,82197.87,82250.46959429319,43.92557001338923
2026-01-22T15:06:00+05:30,82196.47,82274.08,82147.32,82274.08,82256.37219571989,55.73614697403985
2026-01-22T15:09:00+05:30,82273.96,82332.41,82242.53,82323.95,82273.26664678991,61.86773594455524
2026-01-22T15:12:00+05:30,82317.33,82323.37,82274.3,82280.44,82275.05998509243,54.222361632075476
2026-01-22T15:15:00+05:30,82281.1,82354.68,82278.16,82352.39,82294.39248881933,63.03512774143593
2026-01-22T15:18:00+05:30,82354.93,82370.86,82311.05,82361.21,82311.0968666145,64.02558819139631
2026-01-22T15:21:00+05:30,82357.51,82438.22,82355.76,82402.06,82333.83764996089,68.57534984019637
2026-01-22T15:24:00+05:30,82408.39,82424.13,82367.55,82418.26,82354.94323747067,70.31250360279232
2026-01-22T15:27:00+05:30,82419.52,82428.85,82369.07,82369.5,82358.58242810299,58.88243045630629
2026-01-23T09:15:00+05:30,82458.7,82516.27,82191.83,82205.38,82320.28182107725,35.940009755856124
2026-01-23T09:18:00+05:30,82207.71,82263.55,82195.59,82241.94,82300.69636580793,41.83036291745209
2026-01-23T09:21:00+05:30,82225.31,82384.84,82222.19,82374.79,82319.21977435595,58.14571781764409
2026-01-23T09:24:00+05:30,82372.06,82437.84,82347.08,82414.95,82343.15233076696,61.91321882179894
2026-01-23T09:27:00+05:30,82416.49,82453.44,82364.15,82449.55,82369.75174807521,65.07331319647156
2026-01-23T09:30:00+05:30,82452.12,82452.12,82372.37,82410.86,82380.02881105641,58.717610466521485
2026-01-23T09:33:00+05:30,82411.67,82422.96,82302.78,82312.74,82363.20660829231,45.55358256774416
2026-01-23T09:36:00+05:30,82313.61,82373.63,82298.61,82319.06,82352.16995621924,46.45565285190764
2026-01-23T09:39:00+05:30,82318.65,82351.89,82297.51,82310.79,82341.82496716443,45.30962092220572
2026-01-23T09:42:00+05:30,82311.71,82311.71,82259.78,82262.98,82322.11372537332,38.84614544147342
2026-01-23T09:45:00+05:30,82262.97,82304.56,82207.1,82304.56,82317.72529402998,46.57838375900224
2026-01-23T09:48:00+05:30,82309.49,82332.02,82285.71,82300.62,82313.44897052248,45.93629380604586
2026-01-23T09:51:00+05:30,82303.4,82304.53,82266.09,82275.43,82303.94422789186,41.65337008225389
2026-01-23T09:54:00+05:30,82277.26,82277.26,82233.41,82259.22,82292.76317091889,38.9284537156143
2026-01-23T09:57:00+05:30,82257.61,82276.84,82227.64,82269.09,82286.84487818916,41.64049060285649
2026-01-23T10:00:00+05:30,82268.75,82288.16,82210.71,82220.2,82270.18365864188,33.13665249590852
2026-01-23T10:03:00+05:30,82208.79,82264.45,82175.36,82264.45,82268.75024398141,44.99763212092686
2026-01-23T10:06:00+05:30,82263.3,82314.06,82255.43,82257.4,82265.91268298606,43.56129668651186
2026-01-23T10:09:00+05:30,82259.84,82261.53,82219.52,82236.58,82258.57951223955,39.245200058933705
2026-01-23T10:12:00+05:30,82236.83,82262.85,82221.54,82246.11,82255.46213417966,42.298279387642104
2026-01-23T10:15:00+05:30,82244.8,82245.87,82181.66,82187.04,82238.35660063474,31.024240815595107
2026-01-23T10:18:00+05:30,82188.88,82190.15,82131.49,82157.36,82218.10745047606,26.831938607581648
2026-01-23T10:21:00+05:30,82161.75,82180.74,82152.74,82163.36,82204.42058785705,29.091801112915945
2026-01-23T10:24:00+05:30,82163.57,82178.65,82155.97,82170.79,82196.01294089279,32.120682645169836
2026-01-23T10:27:00+05:30,82172.13,82256.39,82171.4,82249.12,82209.2897056696,55.500004244873935
2026-01-23T10:30:00+05:30,82253.06,82343.82,82253.06,82290.38,82229.56227925219,63.27358128432119
2026-01-23T10:33:00+05:30,82291.23,82318.72,82252.39,82314.22,82250.72670943914,67.14273644250383
2026-01-23T10:36:00+05:30,82314.82,82327.62,82302.86,82306.67,82264.71253207936,64.62714546374103
2026-01-23T10:39:00+05:30,82305.04,82316.58,82265.35,82277.01,82267.78689905952,55.15595845375785
2026-01-23T10:42:00+05:30,82276.62,82284.93,82247.46,82261.69,82266.26267429464,50.68024236904515
2026-01-23T10:45:00+05:30,82261.81,82273.7,82229.55,82232.12,82257.72700572098,42.85022768689907
2026-01-23T10:48:00+05:30,82233,82236.09,82198.35,82230.02,82250.80025429073,42.3086413096609
2026-01-23T10:51:00+05:30,82230.72,82247.69,82211.24,82221.94,82243.58519071805,40.037122633616455
2026-01-23T10:54:00+05:30,82223.05,82242.64,82202.98,82205.47,82234.05639303854,35.50403630261532
2026-01-23T10:57:00+05:30,82204.92,82251.02,82204.92,82241.76,82235.9822947789,50.04388655422115
2026-01-23T11:00:00+05:30,82239.15,82252.55,82229.32,82236.73,82236.16922108419,48.28371154547844
2026-01-23T11:03:00+05:30,82237.38,82237.38,82193.08,82223.06,82232.89191581315,43.439360950455736
2026-01-23T11:06:00+05:30,82222.46,82240.08,82200.48,82232.44,82232.77893685986,47.64448192712716
2026-01-23T11:09:00+05:30,82232.2,82268.51,82232.2,82263.78,82240.52920264489,59.40821748348336
2026-01-23T11:12:00+05:30,82261.73,82302.99,82261.73,82274.98,82249.14190198366,62.88515043958853
2026-01-23T11:15:00+05:30,82275.46,82281.97,82234.67,82259.93,82251.83892648775,55.44040496698694
2026-01-23T11:18:00+05:30,82259.35,82259.35,82179.09,82187.58,82235.77419486581,33.31808691036471
2026-01-23T11:21:00+05:30,82187.54,82226.77,82165.62,82225.21,82233.13314614935,46.316432497274036
2026-01-23T11:24:00+05:30,82223.05,82225.05,82194.63,82212.15,82227.88735961201,42.92816202563869
2026-01-23T11:27:00+05:30,82208.5,82244.34,82206.19,82239.38,82230.760519709,51.54980026553801
2026-01-23T11:30:00+05:30,82240.39,82251.31,82204.43,82212.87,82226.28788978176,44.000088622776616
2026-01-23T11:33:00+05:30,82214.85,82214.85,82166.35,82167.63,82211.62341733632,34.066776592042615
2026-01-23T11:36:00+05:30,82167.42,82184.32,82130.63,82130.63,82191.37506300224,28.029034219088814
2026-01-23T11:39:00+05:30,82129.38,82139.54,82035.46,82041.6,82153.93129725168,18.716761577440735
2026-01-23T11:42:00+05:30,82041.15,82076.76,82031.15,82034.03,82123.95597293875,18.119585897446782
2026-01-23T11:45:00+05:30,82033.84,82034.77,82012.63,82020.15,82098.00447970406,16.961911138140124
2026-01-23T11:48:00+05:30,82016.23,82040.71,81963.17,81969.98,82065.99835977805,13.361873268462631
2026-01-23T11:51:00+05:30,81966.34,82063.92,81964.93,82054.18,82063.04376983354,38.7964154250071
2026-01-23T11:54:00+05:30,82052.3,82052.3,82007.76,82013.78,82050.72782737516,33.32065472507922
2026-01-23T11:57:00+05:30,82018.86,82058.65,82007.91,82057.79,82052.49337053136,43.46228759415039
2026-01-23T12:00:00+05:30,82052.46,82053.94,81990.5,81996.59,82038.51752789851,34.86036815988959
2026-01-23T12:03:00+05:30,81994.08,82054.74,81993.6,82017.32,82033.2181459239,39.58554756680037
2026-01-23T12:06:00+05:30,82018.81,82018.81,81954.52,81970.56,82017.55360944293,33.24016067225436
2026-01-23T12:09:00+05:30,81968.17,81968.17,81949.04,81956.82,82002.37020708219,31.508706333519314
2026-01-23T12:12:00+05:30,81956.52,81981.53,81947.52,81947.85,81988.74015531165,30.306347689557555
2026-01-23T12:15:00+05:30,81950.55,82019.65,81950.41,82019.65,81996.46761648374,48.61693438265171
2026-01-23T12:18:00+05:30,82022.23,82069.18,82006.4,82053.59,82010.74821236281,55.1197113688487
2026-01-23T12:21:00+05:30,82051.69,82054.04,82016.5,82038.04,82017.5711592721,51.627313458828674
2026-01-23T12:24:00+05:30,82037.35,82041.44,81997.83,82000.82,82013.38336945408,43.86596415758622
2026-01-23T12:27:00+05:30,81997.74,82045.13,81985.44,82021.42,82015.39252709056,48.83287495233746
2026-01-23T12:30:00+05:30,82023.71,82041.12,82007.22,82035.45,82020.40689531792,52.19396434966284
2026-01-23T12:33:00+05:30,82033.74,82056.62,82019.83,82022,82020.80517148844,48.621799603406735
2026-01-23T12:36:00+05:30,82022.16,82046.88,82020.28,82040.85,82025.81637861632,53.79260871845802
2026-01-23T12:39:00+05:30,82041.22,82059.27,82029.97,82042.33,82029.94478396224,54.21469658156225
2026-01-23T12:42:00+05:30,82042.04,82104.52,82042.04,82074.79,82041.15608797169,62.88888751165794
2026-01-23T12:45:00+05:30,82074.74,82128.17,82063.6,82080.22,82050.92206597877,64.21212235536441
2026-01-23T12:48:00+05:30,82076.19,82077.54,82023.23,82029.72,82045.62154948407,46.299844262447934
2026-01-23T12:51:00+05:30,82030.04,82041.93,82005.77,82036.98,82043.46116211306,48.700019922318354
2026-01-23T12:54:00+05:30,82037.39,82086.56,82036.91,82055.61,82046.49837158479,54.75436528153695
2026-01-23T12:57:00+05:30,82056.55,82060.9,82010.4,82012.81,82038.07627868859,41.59652180691902
2026-01-23T13:00:00+05:30,82008.93,82023.25,81975.38,82015.25,82032.36970901644,42.5153008415967
2026-01-23T13:03:00+05:30,82013.82,82015.46,81961,81964.33,82015.35978176232,30.740988521075522
2026-01-23T13:06:00+05:30,81964.08,81968.06,81931.89,81931.89,81994.49233632174,25.493424829797974
2026-01-23T13:09:00+05:30,81931.43,81989.73,81920.7,81972.45,81988.9817522413,40.347138868470836
2026-01-23T13:12:00+05:30,81968.9,81989.99,81950.98,81987.33,81988.56881418098,45.03702665192548
2026-01-23T13:15:00+05:30,81986.64,81986.64,81852.52,81862.03,81956.93411063573,25.410605446533154
2026-01-23T13:18:00+05:30,81863.45,81863.45,81821.95,81826.26,81924.2655829768,22.189962165452684
2026-01-23T13:21:00+05:30,81826.33,81829.6,81787.1,81799.39,81893.0466872326,19.97158373676811
2026-01-23T13:24:00+05:30,81800.09,81844.47,81776.41,81811.71,81872.71251542446,24.0340332069987
2026-01-23T13:27:00+05:30,81811.12,81814.94,81768.75,81770.36,81847.12438656835,20.048876635090878
2026-01-23T13:30:00+05:30,81771.66,81776.03,81588.64,81601.2,81785.64328992626,11.191831620387006
2026-01-23T13:33:00+05:30,81593.97,81638.1,81569.86,81582.21,81734.78496744469,10.579698101162847
2026-01-23T13:36:00+05:30,81584.48,81593.19,81558.2,81567.49,81692.96122558352,10.081065067561852
2026-01-23T13:39:00+05:30,81566.92,81623.72,81556.17,81589.72,81667.15091918764,16.97540920035746
2026-01-23T13:42:00+05:30,81594.37,81594.37,81526.7,81530.62,81633.01818939073,13.714027517302156
2026-01-23T13:45:00+05:30,81532.96,81585.4,81510.58,81579.33,81619.59614204304,27.168797944997124
2026-01-23T13:48:00+05:30,81576.35,81587.19,81545.29,81556.58,81603.84210653228,25.041147036360726
2026-01-23T13:51:00+05:30,81560.54,81586.56,81547,81583.59,81598.7790798992,32.37644744355198
2026-01-23T13:54:00+05:30,81586.85,81601.37,81556.42,81574.27,81592.6518099244,31.14934177065234
2026-01-23T13:57:00+05:30,81574.19,81582.46,81542.42,81556.46,81583.6038574433,28.72235394968
2026-01-23T14:00:00+05:30,81554.64,81581.9,81546.61,81568.15,81579.74039308248,32.73564874936605
2026-01-23T14:03:00+05:30,81566.55,81591,81557.94,81572.72,81577.98529481186,34.419754014266914
2026-01-23T14:06:00+05:30,81569.03,81569.03,81518.85,81537.95,81567.9764711089,28.16123881288847
2026-01-23T14:09:00+05:30,81539.44,81580.87,81535.91,81559.28,81565.80235333167,36.433509520966474
2026-01-23T14:12:00+05:30,81559.09,81601.58,81536.03,81563.49,81565.22426499876,38.075484558968
2026-01-23T14:15:00+05:30,81566.67,81632.78,81547.94,81552.16,81561.95819874907,35.2191334809889
2026-01-23T14:18:00+05:30,81552.03,81571.33,81532.98,81549.77,81558.91114906181,34.58070136592028
2026-01-23T14:21:00+05:30,81550.7,81552.12,81489.11,81515.36,81548.02336179635,26.509030212231366
2026-01-23T14:24:00+05:30,81519.58,81558.82,81492.37,81558.71,81550.69502134726,45.28129566624137
2026-01-23T14:27:00+05:30,81560.88,81638.18,81560.76,81588.22,81560.07626601044,54.509731660911456
2026-01-23T14:30:00+05:30,81589.05,81626.4,81580.94,81615.28,81573.87719950783,61.46281804549052
2026-01-23T14:33:00+05:30,81617.38,81688.22,81617.38,81642.02,81590.91289963087,67.23623958535589
2026-01-23T14:36:00+05:30,81643.07,81647.86,81568.59,81581.2,81588.48467472315,48.11028731397983
2026-01-23T14:39:00+05:30,81585.88,81704.61,81580.16,81702.62,81617.01850604237,68.78884072328046
2026-01-23T14:42:00+05:30,81700.87,81702.79,81658.07,81658.07,81627.28137953178,58.764453012032945
2026-01-23T14:45:00+05:30,81667.2,81692.81,81626.72,81637.68,81629.88103464883,54.52190112204872
2026-01-23T14:48:00+05:30,81638.94,81640.81,81570.32,81576.42,81616.51577598663,43.51109665257942
2026-01-23T14:51:00+05:30,81571.92,81641.7,81571.92,81635.24,81621.19683198998,53.932721455906325
2026-01-23T14:54:00+05:30,81634.14,81694.91,81613.07,81681.24,81636.20762399248,60.5698511984608
2026-01-23T14:57:00+05:30,81676.72,81710.87,81675.59,81681.38,81647.50071799436,60.59001215090142
2026-01-23T15:00:00+05:30,81679.82,81687.18,81564.18,81564.18,81626.67053849577,40.41011088936184
2026-01-23T15:03:00+05:30,81570.83,81605.66,81549.19,81584.59,81616.15040387183,44.18684778759714
2026-01-23T15:06:00+05:30,81582.87,81585.08,81547.26,81554.32,81600.69280290387,39.82005834257754
2026-01-23T15:09:00+05:30,81552.89,81553.28,81475.73,81502.91,81576.2471021779,33.29944813283876
2026-01-23T15:12:00+05:30,81502.76,81542.26,81490.88,81539.07,81566.95282663344,41.200542909586666
2026-01-23T15:15:00+05:30,81539.8,81589.26,81534.2,81534.2,81558.76461997507,40.44770912192223
2026-01-23T15:18:00+05:30,81534.03,81536.49,81471.82,81513.96,81547.5634649813,37.15577716727129
2026-01-23T15:21:00+05:30,81510.16,81525.35,81497.57,81521.72,81541.10259873598,39.363227792357016
2026-01-23T15:24:00+05:30,81521.74,81558.86,81508.28,81545.99,81542.32444905199,46.25201360383983
2026-01-23T15:27:00+05:30,81542.57,81592.16,81527.05,81575.99,81550.74083678899,53.8181804609798
2026-01-27T09:15:00+05:30,81543.75,81711.81,81318.34,81329.46,81495.42062759174,22.90513227761275
2026-01-27T09:18:00+05:30,81323.16,81475.5,81190.16,81258.72,81436.2454706938,19.21105408244749
2026-01-27T09:21:00+05:30,81258.2,81258.2,81120.02,81175.44,81371.04410302035,15.727284166138404
2026-01-27T09:24:00+05:30,81170.33,81170.33,81088.59,81132.07,81311.30057726527,14.166456360345109
2026-01-27T09:27:00+05:30,81131.67,81199,81110.07,81148.59,81270.62293294896,17.792076881910063
2026-01-27T09:30:00+05:30,81150.3,81197.42,81103.67,81152.12,81240.99719971171,18.648722373497804
2026-01-27T09:33:00+05:30,81157.73,81372.59,81121.05,81369.17,81273.04039978379,53.447424416032355
2026-01-27T09:36:00+05:30,81370.86,81551.79,81339.13,81548.72,81341.96029983784,67.05011855213499
2026-01-27T09:39:00+05:30,81568.14,81623.29,81562.18,81563.12,81397.25022487837,67.9270074558537
2026-01-27T09:42:00+05:30,81558.55,81812.72,81546.15,81812.72,81501.11766865879,79.14860538945949
2026-01-27T09:45:00+05:30,81815.33,81820.12,81731.23,81815.37,81579.68075149409,79.23858007880541
2026-01-27T09:48:00+05:30,81815.45,81844.75,81775.81,81775.81,81628.71306362057,73.69986364046633
2026-01-27T09:51:00+05:30,81773.75,81830.17,81748.76,81781.56,81666.92479771543,74.0079492019025
2026-01-27T09:54:00+05:30,81775.75,81790.58,81646.19,81659.73,81665.12609828656,57.38984178640025
2026-01-27T09:57:00+05:30,81659.47,81694.29,81627.77,81637.4,81658.19457371492,54.76047214416559
2026-01-27T10:00:00+05:30,81639.89,81786.48,81639.89,81735.78,81677.59093028618,63.383476576146215
2026-01-27T10:03:00+05:30,81730.19,81752.79,81699.31,81711.31,81686.02069771464,60.06139783653875
2026-01-27T10:06:00+05:30,81710.28,81717.85,81581.04,81581.04,81659.77552328598,45.31123030065691
2026-01-27T10:09:00+05:30,81581.15,81645.1,81576.73,81645.1,81656.10664246448,52.064963372766876
2026-01-27T10:12:00+05:30,81645.7,81726.23,81638.69,81719.04,81671.83998184836,58.899811297687
2026-01-27T10:15:00+05:30,81720.28,81835.38,81715.91,81831.89,81711.85248638627,67.2218409281589
2026-01-27T10:18:00+05:30,81836.06,81899.83,81834.11,81853.71,81747.3168647897,68.65360990595224
2026-01-27T10:21:00+05:30,81853.8,81876.96,81844,81857.13,81774.77014859227,68.9020026818763
2026-01-27T10:24:00+05:30,81859.38,81862.77,81820.5,81836.49,81790.20011144421,65.26088462791267
2026-01-27T10:27:00+05:30,81836.9,81848.27,81698.41,81703.88,81768.62008358316,46.74478669907217
2026-01-27T10:30:00+05:30,81699.66,81740.67,81672.95,81701.18,81751.76006268736,46.43185695559127
2026-01-27T10:33:00+05:30,81703.09,81751.5,81676.28,81722.7,81744.49504701552,49.57105582758693
2026-01-27T10:36:00+05:30,81722.93,81722.93,81670.38,81693.84,81731.83128526164,45.40770823932526
2026-01-27T10:39:00+05:30,81692.22,81713.87,81513.61,81513.61,81677.27596394623,28.170015553449417
2026-01-27T10:42:00+05:30,81515.9,81517.5,81381.42,81409.61,81610.35947295968,22.436113972476903
2026-01-27T10:45:00+05:30,81405.83,81430.96,81369.17,81377.86,81552.23460471976,20.91951115254126
2026-01-27T10:48:00+05:30,81378.25,81443.34,81360.93,81379.26,81508.99095353982,21.1935531121821
2026-01-27T10:51:00+05:30,81374.07,81378.56,81282,81283.38,81452.58821515486,16.597896666881937
2026-01-27T10:54:00+05:30,81279.51,81305.28,81256.03,81259.76,81404.38116136614,15.624165078851831
2026-01-27T10:57:00+05:30,81259.59,81331.4,81248.42,81250.25,81365.84837102461,15.205155002157952
2026-01-27T11:00:00+05:30,81249.8,81317.52,81236.65,81294.61,81348.03877826846,26.004355749755007
2026-01-27T11:03:00+05:30,81297.49,81348.24,81273.17,81314.52,81339.65908370135,30.630480722212937
2026-01-27T11:06:00+05:30,81324.61,81329.16,81282.05,81325.21,81336.04681277601,33.24474737799005
2026-01-27T11:09:00+05:30,81328.97,81419.61,81328.97,81362.07,81342.55260958201,42.03271721014126
2026-01-27T11:12:00+05:30,81360.17,81392.48,81359.86,81385.69,81353.3369571865,47.226571649005045
2026-01-27T11:15:00+05:30,81385.71,81458.28,81369.21,81429.77,81372.44521788988,55.84113410628906
2026-01-27T11:18:00+05:30,81431.81,81474.07,81425.63,81451.95,81392.3214134174,59.70267695400063
2026-01-27T11:21:00+05:30,81445.21,81493.08,81424.15,81445.45,81405.60356006306,57.969506973466586
2026-01-27T11:24:00+05:30,81450.3,81459.93,81404.08,81459.93,81419.18517004729,60.91816429073512
2026-01-27T11:27:00+05:30,81460.45,81498.81,81432.33,81478.11,81433.91637753547,64.56004021722535
2026-01-27T11:30:00+05:30,81476.07,81567.68,81476.07,81529.93,81457.91978315159,72.94421980974639
2026-01-27T11:33:00+05:30,81531.16,81531.64,81467.62,81529.95,81475.9273373637,72.94710158780597
2026-01-27T11:36:00+05:30,81531.09,81550.41,81515.41,81546.4,81493.54550302277,75.455714004703
2026-01-27T11:39:00+05:30,81547.19,81638.17,81539.59,81638.17,81529.70162726709,84.69362447575003
2026-01-27T11:42:00+05:30,81643.71,81801.43,81642.23,81796.63,81596.43372045032,91.2943377646169
2026-01-27T11:45:00+05:30,81789.2,81812.67,81754.12,81768.53,81639.45779033774,83.81641391138096
2026-01-27T11:48:00+05:30,81769.22,81772.2,81608.49,81633.23,81637.9008427533,57.40360332967707
2026-01-27T11:51:00+05:30,81633.93,81637.34,81584.17,81612.99,81631.67313206497,54.41111367615343
2026-01-27T11:54:00+05:30,81613.11,81613.11,81571.21,81597.49,81623.12734904874,51.989647775857804
2026-01-27T11:57:00+05:30,81598.01,81669.05,81592.92,81624.27,81623.41301178656,55.941879276081934
2026-01-27T12:00:00+05:30,81625.27,81673.4,81592.68,81673.4,81635.90975883992,62.54178254953617
2026-01-27T12:03:00+05:30,81675.49,81705.21,81664.6,81689.27,81649.24981912994,64.54341990951303
2026-01-27T12:06:00+05:30,81688.85,81696.87,81673.04,81685.82,81658.39236434746,63.68037604545196
2026-01-27T12:09:00+05:30,81685.58,81702.91,81677.36,81699.8,81668.74427326059,65.83979182488414
2026-01-27T12:12:00+05:30,81698.41,81731.53,81680.89,81683.66,81672.47320494545,60.95810896630338
2026-01-27T12:15:00+05:30,81683.62,81695.4,81656.22,81677.56,81673.74490370908,59.028299298824216
2026-01-27T12:18:00+05:30,81677.54,81682.56,81596.45,81628.5,81662.43367778181,45.509705580244336
2026-01-27T12:21:00+05:30,81629.47,81687.73,81627.05,81664.89,81663.04775833635,54.52266738989066
2026-01-27T12:24:00+05:30,81666.47,81733.99,81666.47,81684.77,81668.47831875227,58.85973845940895
2026-01-27T12:27:00+05:30,81689.58,81691.31,81619.25,81625.94,81657.8437390642,44.28028559830072
2026-01-27T12:30:00+05:30,81626.13,81631.43,81586.59,81617.35,81647.72030429816,42.487512572189125
2026-01-27T12:33:00+05:30,81617.05,81639.8,81580.62,81610.69,81638.46272822362,40.986502484517764
2026-01-27T12:36:00+05:30,81609.67,81610.17,81523.51,81564.98,81620.09204616772,31.948757877164866
2026-01-27T12:39:00+05:30,81563.85,81585.33,81550.7,81580.73,81610.25153462579,37.48973867979183
2026-01-27T12:42:00+05:30,81580.13,81580.25,81542.16,81542.16,81593.22865096934,30.414420100528616
2026-01-27T12:45:00+05:30,81540.41,81575.44,81525.87,81554.82,81583.626488227,35.104487756406954
2026-01-27T12:48:00+05:30,81547.64,81547.64,81465.72,81492.25,81560.78236617026,25.279898189867055
2026-01-27T12:51:00+05:30,81492.09,81599,81486.53,81592.13,81568.6192746277,50.881069916681135
2026-01-27T12:54:00+05:30,81593.21,81604.39,81553.11,81563.37,81567.30695597077,45.62910869326637
2026-01-27T12:57:00+05:30,81562.47,81584.95,81552.18,81573.78,81568.92521697807,47.9000766065851
2026-01-27T13:00:00+05:30,81576.91,81580.76,81532.68,81538.81,81561.39641273355,41.16204316934724
2026-01-27T13:03:00+05:30,81537.63,81549.94,81506.09,81545.27,81557.36480955017,42.89332396419236
2026-01-27T13:06:00+05:30,81549.87,81585.34,81536.48,81577.08,81562.29360716263,51.15076751358215
2026-01-27T13:09:00+05:30,81576.9,81594.08,81537.59,81545.57,81558.11270537198,43.827036858448686
2026-01-27T13:12:00+05:30,81545.9,81584.65,81537.32,81580.37,81563.67702902899,52.57599038538958
2026-01-27T13:15:00+05:30,81580.13,81595.52,81558.65,81570.34,81565.34277177174,49.95952178456027
2026-01-27T13:18:00+05:30,81569.2,81612.32,81558.36,81575.86,81567.97207882881,51.50896081153548
2026-01-27T13:21:00+05:30,81579.87,81647.34,81574.84,81624.23,81582.03655912161,63.16798732625909
2026-01-27T13:24:00+05:30,81621.4,81642.15,81580.38,81585.49,81582.8999193412,51.579903187391466
2026-01-27T13:27:00+05:30,81585.61,81673.84,81585.61,81660.83,81602.3824395059,65.81043116351174
2026-01-27T13:30:00+05:30,81663.4,81704.61,81639.78,81683.78,81622.73182962943,69.04374350570558
2026-01-27T13:33:00+05:30,81684.02,81684.47,81588.42,81596.53,81616.18137222207,48.641082854877006
2026-01-27T13:36:00+05:30,81596.41,81598.98,81473.75,81473.75,81580.57352916655,32.75174245847228
2026-01-27T13:39:00+05:30,81474.06,81483.83,81359.69,81478.49,81555.05264687492,33.72681732897561
2026-01-27T13:42:00+05:30,81478.14,81479.35,81408.46,81453.53,81529.6719851562,30.968232310394697
2026-01-27T13:45:00+05:30,81455.76,81479.29,81440.76,81467.46,81514.11898886715,34.458667699407
2026-01-27T13:48:00+05:30,81466.65,81515.79,81450.34,81491.12,81508.36924165036,40.42746840792729
2026-01-27T13:51:00+05:30,81482.34,81495.97,81432.48,81444.76,81492.46693123777,33.461351377101465
2026-01-27T13:54:00+05:30,81443.44,81472.3,81429.13,81451.18,81482.14519842832,35.26354530392294
2026-01-27T13:57:00+05:30,81451.16,81511.1,81451.16,81470.84,81479.31889882124,40.975144852458904
2026-01-27T14:00:00+05:30,81468.03,81484.32,81407.12,81407.12,81461.26917411592,30.7248270721675
2026-01-27T14:03:00+05:30,81406.79,81434.65,81331.19,81340.49,81431.07438058694,23.540661532423073
2026-01-27T14:06:00+05:30,81338.43,81402.94,81310.85,81387.47,81420.1732854402,35.874723433316674
2026-01-27T14:09:00+05:30,81389.23,81466.83,81386.59,81463.08,81430.89996408016,50.782375585472224
2026-01-27T14:12:00+05:30,81461.56,81489.34,81420.41,81429.7,81430.59997306012,45.35199487227773
2026-01-27T14:15:00+05:30,81433.46,81437.02,81394.74,81403.74,81423.88497979508,41.3409050241095
2026-01-27T14:18:00+05:30,81409.59,81418.54,81381.11,81393.55,81416.30123484631,39.73167133758462
2026-01-27T14:21:00+05:30,81394.52,81415.98,81355.48,81369.57,81404.61842613474,35.89547661186394
2026-01-27T14:24:00+05:30,81369.28,81390.88,81363.23,81385.81,81399.91631960105,40.439161925550785
2026-01-27T14:27:00+05:30,81386.64,81424.39,81375.56,81405.63,81401.34473970078,45.89910865078194
2026-01-27T14:30:00+05:30,81405.39,81455.65,81394.06,81451.98,81414.00355477558,56.72288449552897
2026-01-27T14:33:00+05:30,81452.77,81452.77,81386.78,81435.67,81419.42016608169,52.41759396648314
2026-01-27T14:36:00+05:30,81435.92,81517.02,81428.17,81515.44,81443.42512456127,66.79729931544756
2026-01-27T14:39:00+05:30,81514.88,81622.92,81505.48,81573.82,81476.02384342096,73.6074438710189
2026-01-27T14:42:00+05:30,81576.2,81628.6,81572.69,81579.11,81501.79538256572,74.16757090912081
2026-01-27T14:45:00+05:30,81579.7,81658.78,81578.66,81609.45,81528.7090369243,77.37981105562457
2026-01-27T14:48:00+05:30,81607.83,81679.06,81603.81,81671.2,81564.33177769322,82.53623680608321
2026-01-27T14:51:00+05:30,81672.31,81745.54,81672.31,81731.87,81606.21633326991,86.15413575265352
2026-01-27T14:54:00+05:30,81731.23,81774,81705.5,81707.59,81631.55974995243,78.55580237418967
2026-01-27T14:57:00+05:30,81706.69,81742.26,81667.86,81734.06,81657.18481246431,80.71867586728754
2026-01-27T15:00:00+05:30,81734.28,81737.56,81599.06,81698.53,81667.52110934824,69.70848128935043
2026-01-27T15:03:00+05:30,81698.31,81714.64,81672.04,81694.72,81674.32083201117,68.53888877020958
2026-01-27T15:06:00+05:30,81702.44,81782.48,81698.56,81758.67,81695.40812400838,76.31934460036398
2026-01-27T15:09:00+05:30,81760.83,81826.23,81729.37,81818.16,81726.09609300629,81.33028176358856
2026-01-27T15:12:00+05:30,81821.9,81842.37,81796.54,81815.59,81748.46956975471,80.47204674672686
2026-01-27T15:15:00+05:30,81816.36,81892.82,81809.36,81892.82,81784.55717731603,85.745593441836
2026-01-27T15:18:00+05:30,81893.28,81957.05,81893.28,81902.5,81814.04288298702,86.28710931950353
2026-01-27T15:21:00+05:30,81901.87,81971.71,81879.45,81961.48,81850.90216224027,89.20284203281562
2026-01-27T15:24:00+05:30,81962.55,82084.42,81957.2,82077.84,81907.6366216802,92.75066861050779
2026-01-27T15:27:00+05:30,82084.92,82084.92,81987.62,82052.32,81943.80746626016,85.55727815371392
2026-01-28T09:15:00+05:30,82099.39,82407.86,81887.93,82277.03,82027.11309969513,91.96161287804075
2026-01-28T09:18:00+05:30,82294.04,82473.49,82250.53,82443.09,82131.10732477135,94.18481124468246
2026-01-28T09:21:00+05:30,82450.23,82503.97,82421.6,82449.81,82210.78299357851,94.25976442109223
2026-01-28T09:24:00+05:30,82452.41,82478.74,82395.94,82406.4,82259.68724518389,85.91415156595808
2026-01-28T09:27:00+05:30,82410.66,82428.72,82313.54,82428.72,82301.94543388791,86.62453366795785
2026-01-28T09:30:00+05:30,82419.4,82471.23,82349.66,82352.84,82314.66907541594,72.18547890430915
2026-01-28T09:33:00+05:30,82351.02,82365.19,82253.66,82296.05,82310.01430656195,63.014242100600306
2026-01-28T09:36:00+05:30,82299.43,82325.42,82224.95,82231.54,82290.39572992147,53.933190555495734
2026-01-28T09:39:00+05:30,82231.33,82329.89,82231.33,82316.58,82296.9417974411,62.29088930825481
2026-01-28T09:42:00+05:30,82319.29,82337.01,82232.32,82263.25,82288.51884808083,54.99145934871286
2026-01-28T09:45:00+05:30,82264.86,82282.91,82203.64,82208.99,82268.63663606062,48.2763398464241
2026-01-28T09:48:00+05:30,82213.11,82280.4,82198.17,82220.59,82256.62497704546,49.80511273862976
2026-01-28T09:51:00+05:30,82223.61,82265.32,82191.78,82264.07,82258.4862327841,55.55026139931184
2026-01-28T09:54:00+05:30,82263.07,82275.8,82170.05,82172.99,82237.11217458808,43.40816904962579
2026-01-28T09:57:00+05:30,82181.1,82275.8,82168.4,82275.8,82246.78413094106,56.057132667712054
2026-01-28T10:00:00+05:30,82277.88,82320.52,82247.58,82282.89,82255.81059820579,56.833391917529326
2026-01-28T10:03:00+05:30,82284.18,82289.67,82208.75,82250.57,82254.50044865435,51.9525250340276
2026-01-28T10:06:00+05:30,82251.42,82256.41,82102.49,82136.58,82225.02033649076,38.38738903470137
2026-01-28T10:09:00+05:30,82136.14,82174.86,82091.69,82117.81,82198.21775236807,36.553830840896836
2026-01-28T10:12:00+05:30,82115.45,82142.54,82063.95,82130.43,82181.27081427605,38.8451160034808
2026-01-28T10:15:00+05:30,82131.44,82181.36,82111.22,82130.06,82168.46811070704,38.79719088685439
2026-01-28T10:18:00+05:30,82131.89,82192.21,82082.02,82172.88,82169.57108303029,47.53647660516738
2026-01-28T10:21:00+05:30,82174.28,82227.91,82150.45,82197.11,82176.45581227272,52.05599761157275
2026-01-28T10:24:00+05:30,82201.01,82242.86,82178.47,82193.59,82180.73935920454,51.30688579267251
2026-01-28T10:27:00+05:30,82192.02,82211.16,82130.04,82130.38,82168.1495194034,39.42180166080458
2026-01-28T10:30:00+05:30,82121.64,82122.33,82070.04,82097.47,82150.47963955256,34.5590971952232
2026-01-28T10:33:00+05:30,82094.42,82193.9,82094.42,82190.55,82160.49722966443,53.48974295685353
2026-01-28T10:36:00+05:30,82188.7,82251.58,82137.77,82246.98,82182.11792224832,61.38962537811384
2026-01-28T10:39:00+05:30,82245.89,82276.28,82230.93,82256.68,82200.75844168624,62.661479967558016
2026-01-28T10:42:00+05:30,82255.37,82255.44,82209.45,82223.86,82206.53383126468,55.45111333404666
2026-01-28T10:45:00+05:30,82223.26,82230.55,82176.45,82204.91,82206.12787344851,51.46213287068604
2026-01-28T10:48:00+05:30,82203.4,82243.88,82165.64,82241.61,82214.99840508639,58.24836573683377
2026-01-28T10:51:00+05:30,82244.94,82279.82,82236.15,82276.39,82230.34630381479,63.83830569651772
2026-01-28T10:54:00+05:30,82278.65,82285.28,82241.58,82264.88,82238.9797278611,60.70055206918182
2026-01-28T10:57:00+05:30,82267.02,82300.37,82252.66,82260.21,82244.28729589582,59.320390792455996
2026-01-28T11:00:00+05:30,82261.42,82279.75,82230.55,82258.5,82247.84047192187,58.74974163845315
2026-01-28T11:03:00+05:30,82258.97,82368.25,82243.72,82367.96,82277.8703539414,75.99507631391444
2026-01-28T11:06:00+05:30,82369.46,82370.07,82295.97,82360.93,82298.63526545605,73.68683336118653
2026-01-28T11:09:00+05:30,82361.86,82361.86,82287.07,82314.04,82302.48644909203,59.599983137456725
2026-01-28T11:12:00+05:30,82320.26,82349.05,82305.64,82341.5,82312.23983681902,64.26720153152127
2026-01-28T11:15:00+05:30,82339.6,82358.78,82308.11,82308.11,82311.20737761426,55.2178269719814
2026-01-28T11:18:00+05:30,82308.02,82367.88,82300.24,82350.62,82321.0605332107,62.96381609067832
2026-01-28T11:21:00+05:30,82353.87,82381.79,82324.02,82349.99,82328.29289990802,62.77607380399213
2026-01-28T11:24:00+05:30,82351.86,82394.32,82347.75,82374.7,82339.89467493101,67.24522155962265
2026-01-28T11:27:00+05:30,82375.73,82422.8,82371.77,82385.18,82351.21600619826,69.08196998459672
2026-01-28T11:30:00+05:30,82385.48,82399.86,82354.04,82388.46,82360.5270046487,69.70232971103579
2026-01-28T11:33:00+05:30,82390.32,82399.13,82348.18,82353.81,82358.84775348652,55.882982139334295
2026-01-28T11:36:00+05:30,82354.95,82362.7,82274.98,82278.37,82338.72831511489,37.16612975838164
2026-01-28T11:39:00+05:30,82277.77,82303.69,82245.11,82289.46,82326.41123633616,40.579372171633686
2026-01-28T11:42:00+05:30,82292.36,82292.36,82218.62,82237.93,82304.29092725212,31.348126659601064
2026-01-28T11:45:00+05:30,82240.65,82291.41,82220.32,82291.41,82301.07069543909,46.17412968631671
2026-01-28T11:48:00+05:30,82288.99,82328.57,82287.73,82291.81,82298.75552157933,46.27537163464122
2026-01-28T11:51:00+05:30,82286.82,82346.68,82279.85,82317.31,82303.39414118449,52.86871499462621
2026-01-28T11:54:00+05:30,82319.97,82326.24,82278.03,82314.04,82306.05560588837,51.91551549530776
2026-01-28T11:57:00+05:30,82314.7,82323.97,82287.33,82314.46,82308.15670441628,52.04507420124528
2026-01-28T12:00:00+05:30,82316.19,82344.72,82311.45,82337.88,82315.58752831221,59.19721189510652
2026-01-28T12:03:00+05:30,82339.01,82349.65,82318.52,82344.47,82322.80814623417,61.10170131309112
2026-01-28T12:06:00+05:30,82343.46,82360.34,82335.17,82337.81,82326.55860967562,57.91448508827589
2026-01-28T12:09:00+05:30,82336.27,82337.58,82241.41,82279.56,82314.80895725671,37.79668687917003
2026-01-28T12:12:00+05:30,82271.68,82291.26,82249.93,82291.26,82308.92171794253,42.47895956823653
2026-01-28T12:15:00+05:30,82291.76,82299.96,82253.01,82264.21,82297.7437884569,35.3098220380524
2026-01-28T12:18:00+05:30,82264.64,82266,82205.52,82245.75,82284.74534134267,31.127236571947748
2026-01-28T12:21:00+05:30,82243.48,82262.15,82185.49,82188.58,82260.704006007,21.79795302653676
2026-01-28T12:24:00+05:30,82199.67,82214.5,82155.5,82172.05,82238.54050450525,19.796490834688413
2026-01-28T12:27:00+05:30,82170.54,82195.02,82117.48,82132.16,82211.94537837894,15.730159397751862
2026-01-28T12:30:00+05:30,82138.18,82160.46,82108.71,82155.69,82197.88153378421,26.167014860723555
2026-01-28T12:33:00+05:30,82161.28,82176.67,82111.37,82174.65,82192.07365033816,33.86682577638764
2026-01-28T12:36:00+05:30,82179.38,82179.81,82126.21,82126.21,82175.60773775363,25.83589708655103
2026-01-28T12:39:00+05:30,82122.9,82146.3,82079.06,82111.01,82159.45830331522,23.772195874764293
2026-01-28T12:42:00+05:30,82111.09,82136.87,82064.46,82111.17,82147.38622748641,23.846898188789226
2026-01-28T12:45:00+05:30,82115.3,82151.03,82090.12,82115.01,82139.2921706148,25.88070618200541
2026-01-28T12:48:00+05:30,82116.28,82125.26,82092.1,82103.47,82130.33662796111,23.664822413271835
2026-01-28T12:51:00+05:30,82102.24,82163.71,82100.95,82119.52,82127.63247097083,32.97623728238088
2026-01-28T12:54:00+05:30,82123.88,82131.67,82089.02,82115.38,82124.56935322811,31.808600902196247
2026-01-28T12:57:00+05:30,82114.39,82120.93,82079.07,82087.82,82115.38201492108,24.947928640131664
2026-01-28T13:00:00+05:30,82087.44,82105.92,82060.96,82105.92,82113.01651119081,35.592006175902696
2026-01-28T13:03:00+05:30,82101.76,82115.3,82082.26,82105.88,82111.23238339312,35.57899647694741
2026-01-28T13:06:00+05:30,82103.49,82109.68,82054.57,82059.45,82098.28678754484,23.79874944369878
2026-01-28T13:09:00+05:30,82069.59,82112,82069.59,82112,82101.71509065863,46.979420336943924
2026-01-28T13:12:00+05:30,82110.41,82138.48,82094.22,82137.34,82110.62131799397,54.72727123070046
2026-01-28T13:15:00+05:30,82138.29,82172.66,82106.97,82172.66,82126.13098849548,63.419761115595456
2026-01-28T13:18:00+05:30,82167.51,82175.38,82103.44,82103.97,82120.59074137162,44.17527264676478
2026-01-28T13:21:00+05:30,82107.4,82107.4,81934.62,81966.56,82082.08305602871,25.86077727730151
2026-01-28T13:24:00+05:30,81966.06,82015.78,81945.67,82002.39,82062.15979202153,34.16413116118645
2026-01-28T13:27:00+05:30,82002.19,82038.35,81985.82,82009.01,82048.87234401614,35.716039670526555
2026-01-28T13:30:00+05:30,82008.65,82037.67,82002.9,82028.65,82043.81675801211,40.56528350395388
2026-01-28T13:33:00+05:30,82028.46,82028.46,81974.97,81977.13,82027.14506850908,32.95680723865972
2026-01-28T13:36:00+05:30,81980.83,81986.75,81960.97,81981.44,82015.71880138181,34.16203132659024
2026-01-28T13:39:00+05:30,81981.05,82031.48,81955.74,81990.78,82009.48410103636,37.02425030271306
2026-01-28T13:42:00+05:30,81987.56,81991.42,81900.83,81900.83,81982.32057577727,24.874227050428757
2026-01-28T13:45:00+05:30,81897.47,81932.46,81870.53,81876.7,81955.91543183295,22.557452222922805
2026-01-28T13:48:00+05:30,81874.01,81888.65,81820.35,81826.01,81923.43907387472,18.365245196447944
2026-01-28T13:51:00+05:30,81816.27,81905.06,81814.75,81899.98,81917.57430540604,37.98623429829602
2026-01-28T13:54:00+05:30,81908.83,81952.69,81907.77,81930.09,81920.70322905453,44.33947131283305
2026-01-28T13:57:00+05:30,81928.17,81984.52,81926.43,81955.89,81929.4999217909,49.510357609734065
2026-01-28T14:00:00+05:30,81955.59,82001.87,81947.2,81956.23,81936.18244134318,49.58236981157953
2026-01-28T14:03:00+05:30,81956.95,82022.22,81953.21,81982.36,81947.72683100739,55.2988625009427
2026-01-28T14:06:00+05:30,81982.31,81995.48,81945.96,81955.15,81949.58262325554,48.60381713812428
2026-01-28T14:09:00+05:30,81952.02,81976.11,81937.15,81937.99,81946.68446744166,44.62838765557917
2026-01-28T14:12:00+05:30,81943.04,81955.64,81880.36,81898.33,81934.59585058125,36.5643317094603
2026-01-28T14:15:00+05:30,81895.1,81939.92,81859.14,81907.45,81927.80938793594,39.49729125069087
2026-01-28T14:18:00+05:30,81906.87,81977.59,81881.53,81971.35,81938.69454095195,56.091982891929796
2026-01-28T14:21:00+05:30,81967.68,81987.88,81905.23,81916.99,81933.26840571397,44.08985135100961
2026-01-28T14:24:00+05:30,81922.31,81936.61,81907.89,81925.44,81931.31130428548,46.17837059544283
2026-01-28T14:27:00+05:30,81930.42,82001.29,81922.7,81986.14,81945.01847821412,59.01051116931945
2026-01-28T14:30:00+05:30,81988.83,82046.89,81979.22,82027.76,81965.70385866059,65.57595820093603
2026-01-28T14:33:00+05:30,82030.49,82030.49,81949.01,81980.97,81969.52039399545,54.19131881391989
2026-01-28T14:36:00+05:30,81980.77,82010.27,81963.62,82008.65,81979.3027954966,59.092869318304764
2026-01-28T14:39:00+05:30,82010.04,82051.17,81984.36,82015.55,81988.36459662244,60.32741175316693
2026-01-28T14:42:00+05:30,82015.75,82075.94,82002.71,82048.48,82003.39344746683,66.03472342055578
2026-01-28T14:45:00+05:30,82056.2,82121.74,82056.2,82119.32,82032.37508560013,75.04491033738921
2026-01-28T14:48:00+05:30,82117.16,82172.53,82086.67,82164.42,82065.38631420009,79.15258181380602
2026-01-28T14:51:00+05:30,82164.88,82231.96,82155.05,82231.96,82107.02973565007,83.80891313122859
2026-01-28T14:54:00+05:30,82232.05,82293.06,82222.3,82278.86,82149.98730173755,86.2897371285462
2026-01-28T14:57:00+05:30,82268.54,82315.03,82262.73,82274.2,82181.04047630317,84.78384820261664
2026-01-28T15:00:00+05:30,82295.31,82361.14,82293.23,82341.78,82221.22535722738,88.25248521690341
2026-01-28T15:03:00+05:30,82339.62,82357.38,82282.76,82340.95,82251.15651792054,87.96516153625649
2026-01-28T15:06:00+05:30,82343.35,82349.63,82292.97,82301.58,82263.7623884404,74.53611073350176
2026-01-28T15:09:00+05:30,82300.34,82319.06,82261.92,82307.01,82274.5742913303,75.14663237126499
2026-01-28T15:12:00+05:30,82314.11,82317.58,82270.78,82286.48,82277.55071849772,67.9593987642607
2026-01-28T15:15:00+05:30,82291.74,82395.76,82291.74,82389.88,82305.63303887329,79.4873543559801
2026-01-28T15:18:00+05:30,82379.76,82394.83,82338.01,82356.72,82318.40477915497,70.05669504306407
2026-01-28T15:21:00+05:30,82358.52,82390.65,82353.4,82386.83,82335.51108436623,73.39994995108816
2026-01-28T15:24:00+05:30,82384.39,82387.76,82362.47,82369.24,82343.94331327468,68.20937239464203
2026-01-28T15:27:00+05:30,82375.16,82395.39,82314.88,82339.02,82342.712484956,59.74154869039512
2026-01-29T09:15:00+05:30,82386.79,82386.79,82031.6,82089.42,82279.389363717,27.201523207137654
2026-01-29T09:18:00+05:30,82096.2,82122.14,82065.94,82072.59,82227.68952278775,26.08388802684182
2026-01-29T09:21:00+05:30,82057.15,82116.32,82001.01,82083.01,82191.51964209082,28.214355158566022
2026-01-29T09:24:00+05:30,82079.43,82172.7,82050.23,82166.15,82185.17723156812,43.40022075695725
2026-01-29T09:27:00+05:30,82159.58,82165.8,82045.06,82045.06,82150.1479236761,31.924672466891735
2026-01-29T09:30:00+05:30,82048.47,82093.09,81969.39,82066.16,82129.15094275707,35.39726158135713
2026-01-29T09:33:00+05:30,82067.14,82074.46,81995.51,82034.04,82105.37320706781,32.45683898241059
2026-01-29T09:36:00+05:30,82033.01,82033.52,81872.35,81908.91,82056.25740530086,23.561303477499237
2026-01-29T09:39:00+05:30,81908.28,81942.9,81883.14,81892.06,82015.20805397564,22.588685944690482
2026-01-29T09:42:00+05:30,81907.92,81923.47,81853.34,81862.24,81976.96604048173,20.814634936274572
2026-01-29T09:45:00+05:30,81855.34,81930.14,81846.35,81884.07,81953.74203036129,25.792206793439902
2026-01-29T09:48:00+05:30,81887.47,81946.55,81862.22,81938.55,81949.94402277097,37.272673550957684
2026-01-29T09:51:00+05:30,81937.94,81951.23,81831.9,81854.62,81926.11301707823,29.16350013041729
2026-01-29T09:54:00+05:30,81855.52,81855.52,81707.94,81710.49,81872.20726280868,20.3104980115977
2026-01-29T09:57:00+05:30,81715.54,81823.98,81715.54,81768.55,81846.2929471065,30.260019183820262
2026-01-29T10:00:00+05:30,81775.08,81799.23,81728.22,81740.36,81819.80971032988,28.261273109561643
2026-01-29T10:03:00+05:30,81739.68,81811.9,81739.08,81769.46,81807.22228274742,33.54748480156289
2026-01-29T10:06:00+05:30,81768.83,81805.25,81743.59,81785.74,81801.85171206057,36.59685323222819
2026-01-29T10:09:00+05:30,81787.67,81834.32,81755,81780.39,81796.48628404543,35.964129391179085
2026-01-29T10:12:00+05:30,81780.27,81890.88,81780.27,81890.74,81820.04971303407,54.778226772007734
2026-01-29T10:15:00+05:30,81891,81956.08,81874.52,81889.58,81837.43228477555,54.58155663159633
2026-01-29T10:18:00+05:30,81893.38,81937.58,81828.98,81838.15,81837.61171358166,46.03279632243386
2026-01-29T10:21:00+05:30,81837.63,81874.73,81751.42,81871.65,81846.12128518624,51.772943778107496
2026-01-29T10:24:00+05:30,81865.83,81908.09,81780.96,81883.52,81855.47096388967,53.80412661071915
2026-01-29T10:27:00+05:30,81880.87,81892.12,81816.88,81846.61,81853.25572291725,46.672915258143156
2026-01-29T10:30:00+05:30,81846.33,81877.82,81785.83,81849.73,81852.37429218795,47.360954277297175
2026-01-29T10:33:00+05:30,81849.82,81925.61,81832.42,81871.69,81857.20321914097,52.40365674907107
2026-01-29T10:36:00+05:30,81870.25,81920.08,81855.57,81877.69,81862.32491435573,53.81402069779402
2026-01-29T10:39:00+05:30,81883.07,81883.26,81758.77,81770.7,81839.4186857668,33.29152928934627
2026-01-29T10:42:00+05:30,81772.22,81862.99,81772.22,81795.64,81828.4740143251,39.55996792179745
2026-01-29T10:45:00+05:30,81794.8,81848.58,81790.75,81827.27,81828.17301074382,46.93756752110294
2026-01-29T10:48:00+05:30,81828.78,81841.29,81781.06,81841.29,81831.45225805786,50.088141950980805
2026-01-29T10:51:00+05:30,81841.09,81943.85,81827.5,81915.11,81852.3666935434,63.42739027338175
2026-01-29T10:54:00+05:30,81913.88,81937.08,81909.96,81929.49,81871.64752015755,65.52153720377463
2026-01-29T10:57:00+05:30,81928.91,81989.05,81908,81966.39,81895.33314011816,70.56698998332338
2026-01-29T11:00:00+05:30,81966.54,82011.99,81958.69,81960.68,81911.66985508862,68.75069706872766
2026-01-29T11:03:00+05:30,81961.1,81999.07,81944.03,81975.23,81927.55989131646,70.97184461834402
2026-01-29T11:06:00+05:30,81975.83,82020.9,81957.52,82013.5,81949.04491848734,76.16954919668045
2026-01-29T11:09:00+05:30,82014.1,82052.04,81998.51,82046.42,81973.38868886551,79.79951195135196
2026-01-29T11:12:00+05:30,82050.22,82067.04,81990.57,82031.98,81988.03651664912,74.0288569481325
2026-01-29T11:15:00+05:30,82030.54,82103.57,82030.54,82096.04,82015.03738748684,81.10193848709315
2026-01-29T11:18:00+05:30,82096,82100.98,82057.81,82073.21,82029.58054061513,72.85244133494679
2026-01-29T11:21:00+05:30,82070.87,82171.01,82058.84,82151.84,82060.14540546134,80.72891162268199
2026-01-29T11:24:00+05:30,82148.41,82180.27,82049.2,82049.2,82057.409054096,55.98976712461759
2026-01-29T11:27:00+05:30,82049.92,82114.47,82045.57,82104.45,82069.169290572,63.09259813502956
2026-01-29T11:30:00+05:30,82100.5,82153.66,82093.8,82106.08,82078.396967929,63.29648422341899
2026-01-29T11:33:00+05:30,82107.25,82133.42,82024.45,82052.87,82072.01522594676,52.294258019150135
2026-01-29T11:36:00+05:30,82055.39,82067.51,82016.22,82020.82,82059.21641946008,46.60197051602017
2026-01-29T11:39:00+05:30,82020.07,82081.26,81998.5,82074.91,82063.13981459505,56.02649848957736
2026-01-29T11:42:00+05:30,82075.5,82117.92,82058.25,82069.44,82064.71486094629,54.88363494794292
2026-01-29T11:45:00+05:30,82069.23,82079.99,82006.59,82057.69,82062.95864570972,52.21438996089025
2026-01-29T11:48:00+05:30,82055.83,82098.18,82033.25,82095.56,82071.10898428228,59.60208195590927
2026-01-29T11:51:00+05:30,82099.35,82104.13,82005.7,82033.56,82061.72173821171,46.01432244937476
2026-01-29T11:54:00+05:30,82035.44,82037.02,81978.45,82017.26,82050.60630365877,43.00707586153988
2026-01-29T11:57:00+05:30,82020.11,82075.5,82016.4,82055.75,82051.89222774407,51.7027882125206
2026-01-29T12:00:00+05:30,82058.27,82084.12,82021.74,82070.99,82056.66667080806,54.882673324295624
2026-01-29T12:03:00+05:30,82072.96,82104.21,82057.45,82099.49,82067.37250310605,60.54959851821125
2026-01-29T12:06:00+05:30,82095.46,82107.98,82044.08,82107.57,82077.42187732953,62.12318586374825
2026-01-29T12:09:00+05:30,82111.62,82161.26,82111.62,82135.28,82091.88640799714,67.33608807016657
2026-01-29T12:12:00+05:30,82129.18,82142.85,82068.99,82141.85,82104.37730599786,68.53399579258318
2026-01-29T12:15:00+05:30,82142.58,82144.56,82098.79,82108.18,82105.3279794984,56.20902829397082
2026-01-29T12:18:00+05:30,82106.55,82134.33,82083.99,82083.99,82099.9934846238,48.84612071495488
2026-01-29T12:21:00+05:30,82083.54,82137.22,82079.74,82125.71,82106.42261346785,59.51643560083989
2026-01-29T12:24:00+05:30,82128.13,82172.29,82128.03,82145.1,82116.0919601009,63.630033704630954
2026-01-29T12:27:00+05:30,82148.71,82181.79,82101.81,82151.49,82124.94147007568,64.99748602424285
2026-01-29T12:30:00+05:30,82148.57,82237.02,82148.4,82205.63,82145.11360255675,74.48144322488186
2026-01-29T12:33:00+05:30,82212.54,82235.5,82178.65,82211.46,82161.70020191757,75.3214954374344
2026-01-29T12:36:00+05:30,82211.91,82216.86,82178.18,82183.1,82167.05015143818,63.464710653366154
2026-01-29T12:39:00+05:30,82182.19,82204.52,82173.98,82195.22,82174.09261357863,66.12353286863134
2026-01-29T12:42:00+05:30,82194.94,82211.46,82181.08,82181.08,82175.83946018397,60.16406479870255
2026-01-29T12:45:00+05:30,82177.71,82246.84,82146.99,82245.29,82193.20209513797,73.0378451849485
2026-01-29T12:48:00+05:30,82245.2,82289.45,82214.11,82283.08,82215.67157135348,77.93418972695507
2026-01-29T12:51:00+05:30,82282.63,82344.41,82272.91,82315.03,82240.51117851511,81.28629671682367
2026-01-29T12:54:00+05:30,82316.51,82366.32,82313.4,82338.9,82265.10838388633,83.47447010607038
2026-01-29T12:57:00+05:30,82337.23,82348.07,82296.46,82301.26,82274.14628791474,68.69689748941441
2026-01-29T13:00:00+05:30,82300.21,82345.56,82300.21,82345.56,82291.99971593605,74.81812358014508
2026-01-29T13:03:00+05:30,82360.61,82405.25,82360.61,82397.47,82318.36728695204,80.12995207296404
2026-01-29T13:06:00+05:30,82398.89,82444.85,82397.7,82439.59,82348.67296521403,83.43724496685368
2026-01-29T13:09:00+05:30,82440.51,82441.11,82398.31,82422.07,82367.02222391052,77.20145129851693
2026-01-29T13:12:00+05:30,82420.31,82429.13,82370.61,82391.48,82373.1366679329,67.00128855591038
2026-01-29T13:15:00+05:30,82391.21,82408.9,82373.1,82402.23,82380.41000094966,68.69696823304885
2026-01-29T13:18:00+05:30,82402.42,82402.42,82337.54,82355.63,82374.21500071225,54.52664253116323
2026-01-29T13:21:00+05:30,82353.1,82372.9,82346.14,82359.73,82370.59375053419,55.46949684724738
2026-01-29T13:24:00+05:30,82362.24,82381.82,82357.32,82376.4,82372.04531290063,59.45700791779692
2026-01-29T13:27:00+05:30,82374.49,82384.51,82282.4,82324.96,82360.27398467547,44.96241357666388
2026-01-29T13:30:00+05:30,82322.07,82414.18,82307.86,82388.66,82367.3704885066,59.297720832188325
2026-01-29T13:33:00+05:30,82387.58,82481.97,82383.43,82481.97,82396.02036637995,71.83479287473202
2026-01-29T13:36:00+05:30,82482.46,82499.24,82453.51,82478.56,82416.65527478496,70.90364441273407
2026-01-29T13:39:00+05:30,82479.54,82508.39,82463.88,82485.37,82433.83395608873,71.75662700950085
2026-01-29T13:42:00+05:30,82485.12,82544.75,82455.21,82543.35,82461.21296706655,78.12612482519391
2026-01-29T13:45:00+05:30,82549.7,82584.6,82514.23,82579.76,82490.84972529991,81.2277800654185
2026-01-29T13:48:00+05:30,82579.54,82611.84,82551.25,82610.8,82520.83729397494,83.5480241774722
2026-01-29T13:51:00+05:30,82611.08,82613.26,82557.63,82576.31,82534.7054704812,72.01005305125697
2026-01-29T13:54:00+05:30,82579.25,82598.64,82550.56,82583.85,82546.9916028609,72.96238125202372
2026-01-29T13:57:00+05:30,82582.35,82613.83,82572.06,82596.69,82559.41620214567,74.67431235863518
2026-01-29T14:00:00+05:30,82599.89,82628.52,82595.81,82595.81,82568.51465160925,74.29816297243835
2026-01-29T14:03:00+05:30,82596.11,82623.02,82524.06,82524.06,82557.40098870694,50.23017298739542
2026-01-29T14:06:00+05:30,82524.92,82550.48,82475.25,82488.22,82540.1057415302,42.25356902817991
2026-01-29T14:09:00+05:30,82483.47,82516.07,82449.07,82511.24,82532.88930614766,48.394490376603116
2026-01-29T14:12:00+05:30,82511.53,82587.35,82511.53,82557.7,82539.09197961073,58.72869895902819
2026-01-29T14:15:00+05:30,82557.43,82562.71,82514.41,82550.59,82541.96648470804,56.70142559295432
2026-01-29T14:18:00+05:30,82554.95,82562.09,82491.29,82498.46,82531.08986353103,43.77558473471759
2026-01-29T14:21:00+05:30,82499.4,82538.85,82487.48,82527.39,82530.16489764827,51.00675416741284
2026-01-29T14:24:00+05:30,82528.1,82560.49,82503.63,82556.59,82536.7711732362,57.45076876215971
2026-01-29T14:27:00+05:30,82557.46,82605.67,82538.57,82602.59,82553.22587992714,65.73408751513216
2026-01-29T14:30:00+05:30,82602.02,82655.65,82602.02,82649.51,82577.29690994535,72.17918470070005
2026-01-29T14:33:00+05:30,82647.3,82676.46,82619.21,82619.21,82587.77518245901,63.220278520022404
2026-01-29T14:36:00+05:30,82617.69,82650.75,82611.32,82613.05,82594.09388684426,61.41234049572403
2026-01-29T14:39:00+05:30,82611.41,82630.71,82582.8,82620.2,82600.62041513319,62.85096288478242
2026-01-29T14:42:00+05:30,82629.76,82640.04,82595.45,82632.62,82608.62031134989,65.46057424162619
2026-01-29T14:45:00+05:30,82632.41,82660.41,82630.43,82657.74,82620.90023351242,70.37168815859799
2026-01-29T14:48:00+05:30,82657.07,82689.77,82644.6,82668.41,82632.77767513432,72.32194595274163
2026-01-29T14:51:00+05:30,82665.02,82689.96,82655.91,82657.01,82638.83575635075,66.83796946236589
2026-01-29T14:54:00+05:30,82657.94,82664.55,82601.84,82651.33,82641.95931726306,64.01629883962042
2026-01-29T14:57:00+05:30,82649.09,82655.03,82595.48,82620.18,82636.5144879473,50.4021958532233
2026-01-29T15:00:00+05:30,82626.95,82643.04,82524.45,82530.55,82610.02336596047,29.4078067776331
2026-01-29T15:03:00+05:30,82529.45,82619.09,82529.45,82590.1,82605.04252447035,46.63712710586263
2026-01-29T15:06:00+05:30,82592.06,82633.85,82542.58,82543.44,82589.64189335276,38.12991812675469
2026-01-29T15:09:00+05:30,82547.48,82581.91,82538.86,82557.01,82581.48392001457,41.73601508141849
2026-01-29T15:12:00+05:30,82559.02,82590.71,82525.99,82532.62,82569.26794001092,37.19064581977273
2026-01-29T15:15:00+05:30,82525.36,82631.54,82510.54,82538.42,82561.5559550082,39.03276478460569
2026-01-29T15:18:00+05:30,82528.35,82599.67,82528.35,82560.11,82561.19446625614,45.94908008520549
2026-01-29T15:21:00+05:30,82557.69,82594.91,82547.04,82573.36,82564.23584969211,49.99222175274604
2026-01-29T15:24:00+05:30,82577.54,82581.98,82507.22,82534.18,82556.72188726909,39.73772762519872
2026-01-29T15:27:00+05:30,82534.87,82572.22,82480.63,82532.41,82550.64391545182,39.312716322760544
2026-01-30T09:15:00+05:30,82043.66,82190.55,81941.03,82119.48,82442.85293658887,10.051742685158743
2026-01-30T09:18:00+05:30,82117.94,82147.36,82020.92,82085.32,82353.46970244165,9.378057746042401
2026-01-30T09:21:00+05:30,82085.46,82109.6,82017.87,82079.92,82285.08227683124,9.263555014205878
2026-01-30T09:24:00+05:30,82081.01,82148.12,82021.53,82129.06,82246.07670762343,19.675654799299693
2026-01-30T09:27:00+05:30,82130.75,82168.77,82059.14,82059.14,82199.34253071758,16.527373920447303
2026-01-30T09:30:00+05:30,82061.43,82070.66,81983.66,82031.45,82157.36939803818,15.389639128140175
2026-01-30T09:33:00+05:30,82035.67,82161.38,82029.9,82151.21,82155.82954852864,37.2025944178812
2026-01-30T09:36:00+05:30,82154,82237.15,82146.64,82235.7,82175.79716139648,48.19521315434371
2026-01-30T09:39:00+05:30,82233.92,82245.73,82123.06,82181.83,82177.30537104736,42.64266586304939
2026-01-30T09:42:00+05:30,82193.25,82213.68,82122.93,82173.59,82176.37652828552,41.78361011718561
2026-01-30T09:45:00+05:30,82175.29,82197.21,82154.91,82189.85,82179.74489621414,44.363930084084494
2026-01-30T09:48:00+05:30,82191.66,82240.16,82191.31,82216.8,82189.0086721606,48.755879730392145
2026-01-30T09:51:00+05:30,82218.23,82229.35,82200.2,82215.16,82195.54650412046,48.484152859263936
2026-01-30T09:54:00+05:30,82216.43,82269.68,82192.12,82192.12,82194.68987809034,44.42600155927924
2026-01-30T09:57:00+05:30,82198.86,82202.72,82144.96,82175.3,82189.84240856775,41.469694341610605
2026-01-30T10:00:00+05:30,82172.74,82248.46,82168.37,82242.26,82202.94680642581,55.28843461986716
2026-01-30T10:03:00+05:30,82242.52,82272.68,82151.16,82151.65,82190.12260481936,40.27624323828009
2026-01-30T10:06:00+05:30,82153.5,82163.31,82119.25,82158.35,82182.17945361452,41.64317524874259
2026-01-30T10:09:00+05:30,82160.47,82201.99,82147.91,82196.88,82185.85459021089,49.41142590122105
2026-01-30T10:12:00+05:30,82191.64,82267.83,82176.82,82267.52,82206.27094265817,60.62312221260495
2026-01-30T10:15:00+05:30,82266.73,82282.39,82235.56,82244.48,82215.82320699363,55.90821562913943
2026-01-30T10:18:00+05:30,82241.44,82257.04,82191.33,82194.24,82210.42740524522,46.673578436276244
2026-01-30T10:21:00+05:30,82187.38,82217.79,82142.02,82152.15,82195.85805393392,40.18583987975723
2026-01-30T10:24:00+05:30,82152.21,82171.46,82140.16,82158.26,82186.45854045043,41.56155950549202
2026-01-30T10:27:00+05:30,82159.39,82170.91,82132.36,82160.02,82179.84890533783,42.00978739140981
2026-01-30T10:30:00+05:30,82163.03,82223.52,82149.02,82220.08,82189.90667900337,55.57549139360785
2026-01-30T10:33:00+05:30,82221.12,82228.38,82182.49,82200.68,82192.60000925252,51.07310189607671
2026-01-30T10:36:00+05:30,82197.93,82199.03,82156.81,82192.11,82192.4775069394,49.02612382248205
2026-01-30T10:39:00+05:30,82193.26,82257.93,82193.26,82257.93,82208.84063020455,62.49505956824217
2026-01-30T10:42:00+05:30,82249.27,82249.27,82209.78,82220.61,82211.78297265341,53.19679979888651
2026-01-30T10:45:00+05:30,82219.8,82243.75,82209.37,82223.06,82214.60222949006,53.72412900976612
2026-01-30T10:48:00+05:30,82223.16,82246.85,82190.08,82196.19,82209.99917211755,46.95494952226089
2026-01-30T10:51:00+05:30,82196.52,82200,82165.39,82187.3,82204.32437908815,44.77721656287699
2026-01-30T10:54:00+05:30,82187.25,82224.29,82174.81,82205.99,82204.74078431612,50.41755909540449
2026-01-30T10:57:00+05:30,82201.37,82217.39,82190.83,82208.41,82205.65808823709,51.17094648487549
2026-01-30T11:00:00+05:30,82208.28,82233.11,82203.85,82214.94,82207.97856617782,53.40000230243326
2026-01-30T11:03:00+05:30,82211.82,82235.32,82185.12,82195.86,82204.94892463335,46.20911808273849
2026-01-30T11:06:00+05:30,82191.84,82195.71,82124.23,82132.53,82186.84419347502,30.37161257100462
2026-01-30T11:09:00+05:30,82136.72,82146.88,82052.27,82056.26,82154.19814510626,20.499755967527122
2026-01-30T11:12:00+05:30,82055.31,82087,82038.47,82057.75,82130.0861088297,21.08437546664119
2026-01-30T11:15:00+05:30,82057.44,82070.47,82039.35,82056.96,82111.80458162227,20.988902114903524
2026-01-30T11:18:00+05:30,82057.64,82070.72,82040.24,82051.09,82096.6259362167,20.196131722610872
2026-01-30T11:21:00+05:30,82054.14,82060.22,82022.21,82034.95,82081.20695216252,18.01355576409742
2026-01-30T11:24:00+05:30,82034.43,82141.72,82032.22,82133.78,82094.35021412189,53.732994169712526
2026-01-30T11:27:00+05:30,82132.6,82142.61,82072.48,82073.9,82089.23766059142,41.08134789176846
2026-01-30T11:30:00+05:30,82074.25,82079.91,82041.61,82048.5,82079.05324544356,36.79406195337321
2026-01-30T11:33:00+05:30,82048.04,82051.28,81997.99,82035.5,82068.16493408267,34.63572861773466
2026-01-30T11:36:00+05:30,82036.32,82061.17,82017.31,82061.17,82066.416200562,42.41721804982607
2026-01-30T11:39:00+05:30,82065.84,82124.54,82065.84,82113.49,82078.1846504215,55.121481145387705
2026-01-30T11:42:00+05:30,82115.7,82132.81,82100.16,82115.28,82087.45848781613,55.5132407844627
2026-01-30T11:45:00+05:30,82108.39,82118.42,82065.86,82087.71,82087.52136586209,47.98614320551541
2026-01-30T11:48:00+05:30,82090.14,82096.3,82060.96,82096.3,82089.71602439656,50.42934216219313
2026-01-30T11:51:00+05:30,82092.09,82169.68,82091.17,82168.43,82109.39451829743,66.05122663089585
2026-01-30T11:54:00+05:30,82164.15,82182.14,82121.56,82121.61,82112.44838872307,53.32494754486306
2026-01-30T11:57:00+05:30,82121.22,82121.22,82075.51,82081.57,82104.72879154231,44.72691725307528
2026-01-30T12:00:00+05:30,82082.62,82092.25,82031.23,82046.98,82090.29159365673,38.474539027781894
2026-01-30T12:03:00+05:30,82050.61,82083.13,82050.61,82064.38,82083.81369524254,43.1393452540448
2026-01-30T12:06:00+05:30,82063.74,82102.95,82063.74,82098.35,82087.44777143191,51.512705430652716
2026-01-30T12:09:00+05:30,82094.24,82131.02,82092.53,82117.96,82095.07582857393,55.887690256368664
2026-01-30T12:12:00+05:30,82118.11,82180.14,82110.05,82173.27,82114.62437143044,65.986546362463
2026-01-30T12:15:00+05:30,82176.89,82208.24,82171.33,82171.33,82128.80077857283,65.3741071106374
2026-01-30T12:18:00+05:30,82173.91,82173.95,82115.54,82152.43,82134.70808392961,59.13582328776869
2026-01-30T12:21:00+05:30,82153.05,82217.14,82145.34,82217.14,82155.31606294721,70.41330628210171
2026-01-30T12:24:00+05:30,82216.71,82241.78,82184.28,82184.28,82162.5570472104,60.518632467946624
2026-01-30T12:27:00+05:30,82183.88,82190.46,82159.12,82175.1,82165.6927854078,57.86824734282982
2026-01-30T12:30:00+05:30,82178.15,82216.33,82171.2,82207.33,82176.10208905584,64.27648335453642
2026-01-30T12:33:00+05:30,82206.33,82215.64,82149.67,82150.95,82169.81406679188,49.05053702744613
2026-01-30T12:36:00+05:30,82148.94,82194.3,82137.3,82147.74,82164.29555009391,48.290696581521225
2026-01-30T12:39:00+05:30,82148.27,82196.92,82148.27,82174.25,82166.78416257043,55.00625683996544
2026-01-30T12:42:00+05:30,82175.31,82228.95,82168.43,82188.44,82172.19812192782,58.381603361410654
2026-01-30T12:45:00+05:30,82184.63,82190.99,82171.34,82183.28,82174.96859144587,56.58086780404477
2026-01-30T12:48:00+05:30,82184.97,82197.36,82152.46,82159.58,82171.1214435844,48.55561351898509
2026-01-30T12:51:00+05:30,82161.39,82190.36,82161.39,82170.82,82171.0460826883,52.299134024230796
2026-01-30T12:54:00+05:30,82171.87,82201.1,82159.69,82162.99,82169.03206201622,49.37884782093954
2026-01-30T12:57:00+05:30,82168.37,82205.13,82162.44,82202.92,82177.50404651217,62.002178407895414
2026-01-30T13:00:00+05:30,82203.57,82213.44,82143.46,82149.36,82170.46803488414,44.59823537393577
2026-01-30T13:03:00+05:30,82148.33,82154.42,82120.41,82120.63,82158.0085261631,37.934510782729184
2026-01-30T13:06:00+05:30,82119.93,82122,82053.17,82071.12,82136.28639462232,29.171362378147265
2026-01-30T13:09:00+05:30,82066.41,82079.76,82017.9,82071.01,82119.96729596674,29.153905404042263
2026-01-30T13:12:00+05:30,82068.73,82079.69,82042.42,82059.91,82104.95297197506,27.235152087474276
2026-01-30T13:15:00+05:30,82060.12,82066.44,81969.29,82030.08,82086.23472898129,22.5765373102669
2026-01-30T13:18:00+05:30,82033.46,82033.46,81983.46,81989.29,82061.99854673597,17.736557343502085
2026-01-30T13:21:00+05:30,81988.07,82007.09,81985.88,81986.55,82043.13641005197,17.443492766417577
2026-01-30T13:24:00+05:30,81986.89,82012.78,81978.29,82007.36,82034.19230753898,27.986748234215426
2026-01-30T13:27:00+05:30,82006.79,82015.62,81991.24,81991.24,82023.45423065423,25.09087843178449
2026-01-30T13:30:00+05:30,81993.17,82046.44,81988.29,82044.63,82028.74817299067,46.486736259086335
2026-01-30T13:33:00+05:30,82047.65,82079.53,82025.79,82061.17,82036.85362974301,51.494129262611395
2026-01-30T13:36:00+05:30,82064.09,82104.21,82056.83,82102.04,82053.15022230726,61.798969063390295
2026-01-30T13:39:00+05:30,82106.14,82173.52,82081.4,82166.23,82081.42016673044,72.50290109855483
2026-01-30T13:42:00+05:30,82165.73,82225.83,82160.56,82215.56,82114.95512504783,78.02381618741605
2026-01-30T13:45:00+05:30,82217.36,82239.08,82192.69,82192.69,82134.38884378587,70.38055472386523
2026-01-30T13:48:00+05:30,82191.36,82210.72,82170.64,82206.15,82152.3291328394,72.24728950154739
2026-01-30T13:51:00+05:30,82206.56,82242.31,82197.95,82239.35,82174.08434962956,76.50786278896163
2026-01-30T13:54:00+05:30,82237.6,82324.24,82227.06,82304.13,82206.59576222216,82.59160721625285
2026-01-30T13:57:00+05:30,82303.32,82339.54,82282.6,82339.54,82239.83182166662,85.0591052330142
2026-01-30T14:00:00+05:30,82341.26,82353.5,82305.26,82351.41,82267.72636624996,85.84382679289371
2026-01-30T14:03:00+05:30,82354.25,82377.84,82335.3,82376.58,82294.93977468747,87.47166627435685
2026-01-30T14:06:00+05:30,82378.26,82396.7,82366.94,82394.15,82319.7423310156,88.54446087339757
2026-01-30T14:09:00+05:30,82396.52,82430.82,82370.75,82370.75,82332.4942482617,78.14701761796655
2026-01-30T14:12:00+05:30,82374.08,82384.76,82352.07,82373.06,82342.63568619627,78.43861573325495
2026-01-30T14:15:00+05:30,82371.85,82382.37,82358.52,82365.62,82348.3817646472,74.69350567051899
2026-01-30T14:18:00+05:30,82366.45,82380.83,82353.66,82378.77,82355.9788234854,76.96172111300496
2026-01-30T14:21:00+05:30,82377.49,82386.22,82334.6,82334.6,82350.63411761406,56.95647648596799
2026-01-30T14:24:00+05:30,82335.8,82356.24,82324.15,82331.73,82345.90808821053,55.85585226753129
2026-01-30T14:27:00+05:30,82332.77,82341.28,82302.35,82323.06,82340.19606615789,52.294338600337106
2026-01-30T14:30:00+05:30,82325.08,82327.3,82282.9,82317.26,82334.46204961842,49.815294131809274
2026-01-30T14:33:00+05:30,82317.98,82338.28,82279.86,82306.19,82327.39403721382,45.0589117868545
2026-01-30T14:36:00+05:30,82302.49,82347.63,82294.31,82337.44,82329.90552791036,58.20249106889435
2026-01-30T14:39:00+05:30,82339.69,82368.14,82331.59,82342.47,82333.04664593277,59.99948546486654
2026-01-30T14:42:00+05:30,82343.16,82343.16,82219.1,82230.95,82307.52248444958,28.408051636142076
2026-01-30T14:45:00+05:30,82231.95,82327.13,82210.14,82326.7,82312.31686333718,53.12876577493022
2026-01-30T14:48:00+05:30,82329.51,82363.78,82315.89,82360.35,82324.32514750288,58.9416467830731
2026-01-30T14:51:00+05:30,82359.56,82386.03,82345.63,82357.85,82332.70636062717,58.314794056508404
2026-01-30T14:54:00+05:30,82358.36,82374.79,82330.62,82348.55,82336.66727047038,55.74194050478626
2026-01-30T14:57:00+05:30,82349.13,82402.74,82345.56,82363.57,82343.3929528528,59.13882619455128
2026-01-30T15:00:00+05:30,82372.27,82374.62,82167.73,82208.15,82309.5822146396,30.69663348739975
2026-01-30T15:03:00+05:30,82213.95,82250.71,82199.85,82220.09,82287.20916097969,33.560551651692066
2026-01-30T15:06:00+05:30,82220.5,82270.48,82212.04,82246.9,82277.13187073477,40.05036346385677
2026-01-30T15:09:00+05:30,82248.81,82294.38,82237.6,82290.19,82280.39640305107,49.36732893296412
2026-01-30T15:12:00+05:30,82292.13,82292.39,82248.99,82267.5,82277.1723022883,45.08289520342286
2026-01-30T15:15:00+05:30,82265.25,82352.31,82241.47,82300.86,82283.09422671622,52.198811490420326
2026-01-30T15:18:00+05:30,82298.98,82314.86,82263.28,82277.27,82281.63817003716,47.157718893696234
2026-01-30T15:21:00+05:30,82281.34,82288.91,82252.45,82271.09,82279.00112752787,45.80567536222781
2026-01-30T15:24:00+05:30,82275.96,82303.28,82253.47,82297.46,82283.6158456459,52.57456799431154
2026-01-30T15:27:00+05:30,82298.44,82329.74,82261.15,82261.15,82277.99938423443,43.788630852231734
2026-02-01T09:15:00+05:30,82499.5,82499.5,82139.12,82236.21,82267.55203817583,38.61720600413616
2026-02-01T09:18:00+05:30,82234.74,82291.09,82206.08,82276.62,82269.81902863187,49.81983867168461
2026-02-01T09:21:00+05:30,82280.89,82307.23,82244.82,82300.56,82277.50427147391,55.440596763136234
2026-02-01T09:24:00+05:30,82307.49,82314.01,82268.47,82304.02,82284.13320360544,56.26658707633708
2026-02-01T09:27:00+05:30,82300.98,82350.04,82297.95,82346.56,82299.73990270408,65.452467683631
2026-02-01T09:30:00+05:30,82345.51,82354.55,82247.09,82254.86,82288.51992702806,42.82883548912907
2026-02-01T09:33:00+05:30,82256.6,82307.19,82256.45,82285.89,82287.86244527105,49.69350447710019
2026-02-01T09:36:00+05:30,82283.05,82329.25,82279.33,82306.85,82292.6093339533,54.04219162140158
2026-02-01T09:39:00+05:30,82305.4,82323.47,82287.72,82317.69,82298.87950046497,56.32042044956856
2026-02-01T09:42:00+05:30,82319.34,82386.01,82301.49,82375.43,82318.01712534874,66.60730364109217
2026-02-01T09:45:00+05:30,82378.5,82426.43,82367.55,82379.4,82333.36284401154,67.22644445778134
2026-02-01T09:48:00+05:30,82376.84,82378.97,82119.31,82250.01,82312.52463300865,39.42878097229717
2026-02-01T09:51:00+05:30,82258.56,82334.78,82258.56,82323.37,82315.23597475649,52.43758680645199
2026-02-01T09:54:00+05:30,82332.04,82341.01,82296.46,82330.2,82318.97698106736,53.52183391240992
2026-02-01T09:57:00+05:30,82330.94,82347.11,82312.37,82323.82,82320.18773580051,52.22440184064742
2026-02-01T10:00:00+05:30,82324.4,82373.5,82309.96,82322.18,82320.68580185038,51.847480041649085
2026-02-01T10:03:00+05:30,82321.95,82350.49,82317.68,82346.92,82327.24435138778,57.274568221239065
2026-02-01T10:06:00+05:30,82348.46,82378.82,82333.99,82341.04,82330.69326354083,55.53888899178185
2026-02-01T10:09:00+05:30,82340.31,82387.8,82336.77,82371.94,82341.00494765563,62.50525096326461
2026-02-01T10:12:00+05:30,82373.45,82414.9,82367.48,82410.22,82358.30871074172,69.428405886079
2026-02-01T10:15:00+05:30,82411.34,82449.75,82411.34,82428.27,82375.79903305629,72.24737155709512
2026-02-01T10:18:00+05:30,82425.01,82439.19,82384.06,82432.22,82389.90427479222,72.88568934740016
2026-02-01T10:21:00+05:30,82435.1,82484.43,82431.09,82478.44,82412.03820609416,79.3648652611734
2026-02-01T10:24:00+05:30,82477.68,82511.4,82477.68,82488.79,82431.22615457061,80.57737786929553
2026-02-01T10:27:00+05:30,82488.27,82511.52,82486.87,82487.48,82445.28961592796,79.88424289472658
2026-02-01T10:30:00+05:30,82481.84,82492.46,82439.5,82460.79,82449.16471194597,66.32317062962385
2026-02-01T10:33:00+05:30,82458.74,82539.52,82450.4,82537.4,82471.22353395948,78.52902799547974
2026-02-01T10:36:00+05:30,82531.99,82540.29,82490.12,82538.76,82488.10765046961,78.68899896611575
2026-02-01T10:39:00+05:30,82532.96,82542.01,82514.81,82534.8,82499.78073785221,76.7465422103122
2026-02-01T10:42:00+05:30,82534.46,82534.46,82483.8,82504.72,82501.01555338915,62.9710348121783
2026-02-01T10:45:00+05:30,82512.77,82515.9,82472.04,82483.32,82496.59166504187,54.805974090016704
2026-02-01T10:48:00+05:30,82484.29,82503.92,82477.56,82498.72,82497.12374878139,59.242839413510154
2026-02-01T10:51:00+05:30,82500.12,82525.86,82468.63,82507.47,82499.71031158604,61.7331421242048
2026-02-01T10:54:00+05:30,82509.58,82530.55,82498.57,82523.61,82505.68523368952,66.18009811129224
2026-02-01T10:57:00+05:30,82524.64,82550.03,82502.79,82547.84,82516.22392526714,71.89950146786263
2026-02-01T11:00:00+05:30,82550.41,82557.03,82456.7,82459.71,82502.09544395035,41.8599182009472
2026-02-01T11:03:00+05:30,82459.12,82516.51,82436.08,82509.59,82503.96908296277,54.43132521562983
2026-02-01T11:06:00+05:30,82507.59,82605.78,82478.7,82599.27,82527.79431222207,68.65005895878319
2026-02-01T11:09:00+05:30,82596.64,82726.65,82594.23,82687.84,82567.80573416656,76.94056471528899
2026-02-01T11:12:00+05:30,82687.21,82691.44,82586.5,82629.89,82583.32680062491,64.01772101714545
2026-02-01T11:15:00+05:30,82634.38,82634.38,82557.7,82581.42,82582.85010046868,55.00294332692472
2026-02-01T11:18:00+05:30,82582.42,82587.76,82454.76,82460.19,82552.18507535152,38.984229525371425
2026-02-01T11:21:00+05:30,82468.25,82550.72,82463.7,82508.78,82541.33380651363,46.29762099385695
2026-02-01T11:24:00+05:30,82514.92,82584,82486.01,82571.14,82548.78535488523,54.46891310108409
2026-02-01T11:27:00+05:30,82581.32,82598.49,82507.83,82537.92,82546.06901616392,49.762998289071476
2026-02-01T11:30:00+05:30,82537.93,82603.87,82514.65,82514.65,82538.21426212294,46.48116933779666
2026-02-01T11:33:00+05:30,82512.03,82554.73,82510.93,82544.88,82539.88069659221,51.344460268623145
2026-02-01T11:36:00+05:30,82546.19,82563.87,82515.56,82515.56,82533.80052244416,46.55723940900858
2026-02-01T11:39:00+05:30,82519.14,82522.57,82388.21,82388.61,82497.50289183312,31.650422625872253
2026-02-01T11:42:00+05:30,82379.56,82393.33,82289.34,82331.82,82456.08216887484,27.11879662628415
2026-02-01T11:45:00+05:30,82326.37,82333.09,82222.57,82323.2,82422.86162665613,26.448212816387027
2026-02-01T11:48:00+05:30,82322.96,82345.9,82272.03,82341.94,82402.6312199921,30.788984859433896
2026-02-01T11:51:00+05:30,82346.36,82384.72,82346.36,82366.96,82393.71341499407,36.61565293865315
2026-02-01T11:54:00+05:30,82373.12,82386.33,82178.33,82231.23,82353.09256124555,23.88777325963173
2026-02-01T11:57:00+05:30,82224.76,82317.56,82214.71,82230.9,82322.54442093417,23.864243265112904
2026-02-01T12:00:00+05:30,82229.65,82229.65,82118.48,82164.49,82283.03081570062,19.38186878421125
2026-02-01T12:03:00+05:30,82159.79,82178.18,82114.88,82148.93,82249.50561177547,18.43533855374264
2026-02-01T12:06:00+05:30,82154.73,82506.53,82147.57,82501.84,82312.5892088316,64.4169031312558
2026-02-01T12:09:00+05:30,82494.99,82600.18,82270.79,82270.79,82302.1394066237,45.0280024626296
2026-02-01T12:12:00+05:30,82229.22,82229.22,82006.22,82084.91,82247.83205496777,35.10940449155035
2026-02-01T12:15:00+05:30,82087.53,82132.62,81884.48,82005.22,82187.17904122583,31.625090131247575
2026-02-01T12:18:00+05:30,82003.54,82003.54,81408.43,81607.25,82042.19678091937,20.038555277062073
2026-02-01T12:21:00+05:30,81605.38,81605.38,81399.85,81499.2,81906.44758568953,17.95489936956676
2026-02-01T12:24:00+05:30,81497.79,81577.57,81375.73,81396.78,81779.03068926715,16.103169053098554
2026-02-01T12:27:00+05:30,81411.5,81411.5,81002.15,81006.16,81585.81301695036,11.03793844064829
2026-02-01T12:30:00+05:30,81001.76,81007.54,79899.42,80736.07,81373.37726271278,8.804010166488155
2026-02-01T12:33:00+05:30,80755.81,81008.51,80594.62,80919.53,81259.91544703458,21.408781049852493
2026-02-01T12:36:00+05:30,80906.37,81289.3,80854.04,81196.37,81244.02908527594,36.78967217990104
2026-02-01T12:39:00+05:30,81204.35,81380.78,81204.35,81221.65,81238.43431395695,38.08067940995718
2026-02-01T12:42:00+05:30,81208.71,81549.85,81208.62,81417.51,81283.20323546772,47.73022256753243
2026-02-01T12:45:00+05:30,81367.93,81564.63,81357.27,81555.49,81351.27492660079,53.665030057835054
2026-02-01T12:48:00+05:30,81538.59,81541.02,81159.77,81397.93,81362.93869495059,46.61405059591345
2026-02-01T12:51:00+05:30,81407.57,81424.45,81311.72,81360.78,81362.39902121294,44.98807104060046
2026-02-01T12:54:00+05:30,81360.34,81564.31,81345.23,81564.31,81412.8767659097,55.01716055006892
2026-02-01T12:57:00+05:30,81560.64,81637.98,81489.03,81547.5,81446.53257443228,54.06737407314078
2026-02-01T13:00:00+05:30,81549.05,81643.35,81516.11,81582.77,81480.59193082422,55.929710954435315
2026-02-01T13:03:00+05:30,81579.79,81741.3,81579.79,81664.46,81526.55894811817,60.28124894529153
2026-02-01T13:06:00+05:30,81666.62,81682.31,81574.91,81660.6,81560.06921108863,59.95489660072594
2026-02-01T13:09:00+05:30,81658.61,81730.62,81529.26,81529.26,81552.36690831647,49.34916160830358
2026-02-01T13:12:00+05:30,81525.66,81759.99,81525.66,81724.97,81595.51768123735,61.262017873978806
2026-02-01T13:15:00+05:30,81724.46,81727.6,81645.38,81649.08,81608.90826092802,55.37051428860327
2026-02-01T13:18:00+05:30,81652.18,81785.36,81639.49,81751,81644.43119569602,61.214695875714234
2026-02-01T13:21:00+05:30,81755.2,81844.35,81755.2,81801.78,81683.76839677201,63.95809871267123
2026-02-01T13:24:00+05:30,81802.71,81814.32,81657.35,81731.82,81695.781297579,57.428942014795574
2026-02-01T13:27:00+05:30,81727.48,81735.3,81582.59,81584.45,81667.94847318425,45.91079892763353
2026-02-01T13:30:00+05:30,81567.16,81598.04,81440.1,81551.35,81638.79885488818,43.61841560671493
2026-02-01T13:33:00+05:30,81554.84,81673.49,81521.25,81665.8,81645.54914116614,53.07095867753105
2026-02-01T13:36:00+05:30,81667.22,81671.68,81509.21,81542.62,81619.8168558746,43.84164472193885
2026-02-01T13:39:00+05:30,81549.35,81630.79,81537.61,81551.38,81602.70764190594,44.64040432500023
2026-02-01T13:42:00+05:30,81551.8,81638.11,81512.95,81609.64,81604.44073142947,50.14269666563319
2026-02-01T13:45:00+05:30,81607.7,81662.62,81556.65,81569.63,81595.7380485721,46.44418527094642
2026-02-01T13:48:00+05:30,81571.15,81623.21,81478.99,81489.99,81569.30103642907,39.652209123097684
2026-02-01T13:51:00+05:30,81495.75,81497.66,81306.64,81331.52,81509.8557773218,29.60246031081384
2026-02-01T13:54:00+05:30,81333.37,81495.66,81315.69,81488.49,81504.51433299136,45.550238618316435
2026-02-01T13:57:00+05:30,81489.8,81492.42,81425.78,81486.71,81500.06324974351,45.414130557547566
2026-02-01T14:00:00+05:30,81487.85,81527.52,81432.4,81433.45,81483.40993730763,41.124483187316564
2026-02-01T14:03:00+05:30,81442.89,81490.37,81386.32,81403.09,81463.32995298073,38.69384734842716
2026-02-01T14:06:00+05:30,81403.31,81410.58,81341.28,81342.07,81433.01496473554,33.983958725689675
2026-02-01T14:09:00+05:30,81347.45,81360.13,81269.43,81352.3,81412.83622355165,35.519105819129635
2026-02-01T14:12:00+05:30,81345.88,81399.5,81333.6,81363.4,81400.47716766375,37.36295713580211
2026-02-01T14:15:00+05:30,81373.12,81384.52,81304.07,81384.11,81396.3853757478,41.03329159974737
2026-02-01T14:18:00+05:30,81385.45,81472.9,81377.1,81442.97,81408.03153181085,50.62634056230016
2026-02-01T14:21:00+05:30,81440.02,81445.05,81342,81367.55,81397.91114885814,40.72261689694628
2026-02-01T14:24:00+05:30,81367.16,81474.97,81357.19,81454.95,81412.17086164361,53.12115712207607
2026-02-01T14:27:00+05:30,81458.81,81505.18,81452.09,81454.42,81422.7331462327,53.042666439289206
2026-02-01T14:30:00+05:30,81450.03,81491.75,81418.12,81483.17,81437.84235967453,57.05816900601483
2026-02-01T14:33:00+05:30,81481.65,81545.57,81470.97,81504.25,81454.4442697559,59.9852587630071
2026-02-01T14:36:00+05:30,81505.01,81620.12,81482.3,81499.37,81465.67570231692,58.900898960393604
2026-02-01T14:39:00+05:30,81503.22,81540.78,81495.18,81526.74,81480.94177673769,63.24810635044731
2026-02-01T14:42:00+05:30,81527.87,81540.77,81446.95,81450.25,81473.26883255327,47.02918014978671
2026-02-01T14:45:00+05:30,81444.76,81494.84,81401.79,81402.42,81455.55662441495,39.617680027745955
2026-02-01T14:48:00+05:30,81403.09,81403.09,81200.1,81251.96,81404.65746831121,25.100366817400925
2026-02-01T14:51:00+05:30,81252.97,81257.29,81123.05,81123.05,81334.25560123341,18.371361286734057
2026-02-01T14:54:00+05:30,81130.27,81188.63,81119.45,81173.03,81293.94920092505,27.199363372625683
2026-02-01T14:57:00+05:30,81171.46,81185.91,81061.64,81090.07,81242.97940069379,22.489404542370764
2026-02-01T15:00:00+05:30,81091.7,81113.14,81034.17,81103.61,81208.13705052034,24.96356176406846
2026-02-01T15:03:00+05:30,81103.9,81184.15,81094.97,81182.03,81201.61028789025,38.27644480393025
2026-02-01T15:06:00+05:30,81180.98,81184.91,81026.94,81029.88,81158.67771591769,27.30914136868256
2026-02-01T15:09:00+05:30,81023.88,81025.93,80894.17,80913.38,81097.35328693826,21.74367081408944
2026-02-01T15:12:00+05:30,80913.53,80949.87,80845.64,80856.98,81037.2599652037,19.499215556821696
2026-02-01T15:15:00+05:30,80854.19,80854.19,80646.85,80698.36,80952.53497390277,14.565881779623169
2026-02-01T15:18:00+05:30,80692.47,80701.71,80633.64,80645.03,80875.65873042708,13.250874028950747
2026-02-01T15:21:00+05:30,80650.2,80683.42,80554.32,80581.33,80802.07654782031,11.770107468655027
2026-02-01T15:24:00+05:30,80587.64,80587.64,80416.08,80503.18,80727.35241086523,10.147100532619362
2026-02-01T15:27:00+05:30,80514.38,80555.81,80467.45,80484.41,80666.61680814893,9.76961569858696
2026-02-02T09:15:00+05:30,80720.27,80765.32,80480.61,80758.79,80689.6601061117,44.79440880820128
2026-02-02T09:18:00+05:30,80765.57,80888.97,80674.59,80842.8,80727.94507958378,51.51701192158845
2026-02-02T09:21:00+05:30,80844.57,81020.01,80796.79,81013.14,80799.24380968783,62.35975750944977
2026-02-02T09:24:00+05:30,81014.78,81024.94,80885.58,80908.84,80826.64285726588,53.76959960423554
2026-02-02T09:27:00+05:30,80904.92,80929.72,80809.83,80895.19,80843.7796429494,52.661983966838946
2026-02-02T09:30:00+05:30,80902.64,81140.34,80887.12,81125.03,80914.09223221205,66.29934569250409
2026-02-02T09:33:00+05:30,81115.51,81128.11,80985.45,80987.83,80932.52667415903,55.220469894208456
2026-02-02T09:36:00+05:30,80981.58,81103.68,80956.19,81089.6,80971.79500561928,60.87792123339136
2026-02-02T09:39:00+05:30,81093.66,81101.21,80986.54,81080.98,80999.09125421447,60.127254875851314
2026-02-02T09:42:00+05:30,81079.85,81080.05,80988.19,80988.97,80996.56094066086,52.123476300154955
2026-02-02T09:45:00+05:30,80984.42,81071.92,80964.36,81021.62,81002.82570549563,54.624075675314266
2026-02-02T09:48:00+05:30,81026.59,81119.05,81009.74,81009.74,81004.55427912173,53.439230111560555
2026-02-02T09:51:00+05:30,81011.26,81171.98,81011.26,81150.78,81041.1107093413,64.19599931939547
2026-02-02T09:54:00+05:30,81149.74,81211.31,81148.27,81173.24,81074.14303200597,65.66951863473976
2026-02-02T09:57:00+05:30,81173.57,81184.01,80949.63,80961.41,81045.95977400448,45.200662273678994
2026-02-02T10:00:00+05:30,80962.24,80962.24,80872.98,80909.95,81011.95733050336,41.531736382433195
2026-02-02T10:03:00+05:30,80908.73,80908.73,80777.44,80786.02,80955.47299787751,33.819001837037575
2026-02-02T10:06:00+05:30,80785.99,80803.92,80737.4,80737.4,80900.95474840814,31.169616947354214
2026-02-02T10:09:00+05:30,80737.29,80895.17,80735.34,80864.69,80891.88856130611,44.45947573246063
2026-02-02T10:12:00+05:30,80863.26,80868.52,80790.52,80854.09,80882.43892097959,43.64083823791257
2026-02-02T10:15:00+05:30,80847.5,80848.5,80789.51,80805.07,80863.0966907347,39.69716421364789
2026-02-02T10:18:00+05:30,80802.44,80901.25,80797.91,80809.45,80849.68501805102,40.25992173299527
2026-02-02T10:21:00+05:30,80809.04,80834.54,80750.36,80814.21,80840.81626353826,40.9585087672315
2026-02-02T10:24:00+05:30,80814.32,80873.52,80794.99,80873.52,80848.9921976537,49.53674082579637
2026-02-02T10:27:00+05:30,80874.88,80920.17,80843.37,80847.9,80848.71914824027,46.15705337171352
2026-02-02T10:30:00+05:30,80847.12,80952.11,80846.75,80946.73,80873.22186118021,58.805669635968044
2026-02-02T10:33:00+05:30,80946.42,80960.35,80922.65,80947.58,80891.81139588516,58.90254337524596
2026-02-02T10:36:00+05:30,80947.28,80977.03,80911.73,80911.73,80896.79104691387,52.79358968772116
2026-02-02T10:39:00+05:30,80916.51,80987.45,80889.58,80958.19,80912.1407851854,59.19254567756996
2026-02-02T10:42:00+05:30,80961.64,80976.02,80899.96,80900.54,80909.24058888905,49.48239902295431
2026-02-02T10:45:00+05:30,80899.3,80909.71,80874.92,80887.55,80903.81794166678,47.43675359256814
2026-02-02T10:48:00+05:30,80890.56,80950.27,80888.95,80934.96,80911.60345625009,55.30451006775263
2026-02-02T10:51:00+05:30,80936.28,80972.64,80850.96,80850.96,80896.44259218757,42.2364239066373
2026-02-02T10:54:00+05:30,80849.21,80850.58,80715.28,80729.9,80854.80694414067,30.227148735328157
2026-02-02T10:57:00+05:30,80727.34,80731.37,80661.22,80682.36,80811.6952081055,26.743366292220216
2026-02-02T11:00:00+05:30,80682.04,80682.04,80584.61,80651.82,80771.72640607913,24.61696604214079
2026-02-02T11:03:00+05:30,80648.18,80648.18,80589.12,80612.11,80731.82230455935,21.967342862716407
2026-02-02T11:06:00+05:30,80608.5,80614.04,80538.46,80538.46,80683.48172841952,17.817621236320505
2026-02-02T11:09:00+05:30,80542.45,80543.27,80471.03,80519.91,80642.58879631464,16.88060442877071
2026-02-02T11:12:00+05:30,80520.03,80578.74,80505.7,80551.29,80619.76409723598,24.69633512020711
2026-02-02T11:15:00+05:30,80551.15,80568.21,80518.54,80525.7,80596.24807292699,22.66840789843681
2026-02-02T11:18:00+05:30,80526.43,80535.71,80478.5,80502.77,80572.87855469524,20.8763388039752
2026-02-02T11:21:00+05:30,80502.71,80512.41,80396.92,80399.9,80529.63391602143,14.76637040222053
2026-02-02T11:24:00+05:30,80395.01,80487.49,80387.25,80480.63,80517.38293701607,32.779179269111694
2026-02-02T11:27:00+05:30,80479.87,80524.02,80456.47,80523.66,80518.95220276206,40.58708405876186
2026-02-02T11:30:00+05:30,80519.47,80723.52,80517.43,80723.52,80570.09415207154,63.537107772707635
2026-02-02T11:33:00+05:30,80724.36,80851.31,80724.36,80803.08,80628.34061405365,69.08347504772208
2026-02-02T11:36:00+05:30,80804.16,80809.15,80754.4,80796.09,80670.27796054023,68.02289894247727
2026-02-02T11:39:00+05:30,80795.48,80908.11,80789.52,80889.46,80725.07347040517,74.19632440452473
2026-02-02T11:42:00+05:30,80889.81,80990.03,80888.56,80974.39,80787.40260280388,78.58392891292627
2026-02-02T11:45:00+05:30,80974.28,81013.28,80970.16,80988.39,80837.64945210291,79.26207748169269
2026-02-02T11:48:00+05:30,80988.4,80999.43,80958.11,80965.97,80869.72958907718,74.83473963444186
2026-02-02T11:51:00+05:30,80966.25,81015.04,80932.95,80991.05,80900.05969180788,76.54459311772162
2026-02-02T11:54:00+05:30,80992.11,81017.12,80941.02,80996.08,80924.06476885591,76.91165352566104
2026-02-02T11:57:00+05:30,80994.48,81018.47,80953.55,80993.87,80941.51607664193,76.29960208691166
2026-02-02T12:00:00+05:30,80993.56,81021.7,80973.49,80976.17,80950.17955748145,71.01883400434684
2026-02-02T12:03:00+05:30,80973.15,81004.64,80961.64,81002.93,80963.36716811109,74.17186022373897
2026-02-02T12:06:00+05:30,81002.73,81003.96,80964.23,80968.95,80964.76287608332,63.87659497530792
2026-02-02T12:09:00+05:30,80967.56,81001.31,80954.66,80973.77,80967.0146570625,64.68773238141011
2026-02-02T12:12:00+05:30,80972.96,81132.99,80970.03,81132.19,81008.30849279687,81.02536123905789
2026-02-02T12:15:00+05:30,81133.65,81200.65,81128.87,81196.36,81055.32136959766,84.42967716214304
2026-02-02T12:18:00+05:30,81198.08,81198.08,81059.71,81075.17,81060.28352719825,60.50961653352117
2026-02-02T12:21:00+05:30,81073.68,81099.62,81055.91,81099.62,81070.11764539868,62.978390402068214
2026-02-02T12:24:00+05:30,81098.58,81111.8,81065.73,81089.45,81074.95073404901,61.1240437774515
2026-02-02T12:27:00+05:30,81090.69,81108.11,81081.48,81099.69,81081.13555053675,62.42373088876216
2026-02-02T12:30:00+05:30,81098.78,81104.53,81037.18,81042.4,81071.45166290256,51.24199113887301
2026-02-02T12:33:00+05:30,81047.16,81081.67,81026.27,81034.64,81062.24874717693,49.831427528780885
2026-02-02T12:36:00+05:30,81035.42,81044.18,81001.17,81035.54,81055.5715603827,50.01759824838862
2026-02-02T12:39:00+05:30,81036.15,81083.69,81033.63,81046.2,81053.22867028702,52.455634584386
2026-02-02T12:42:00+05:30,81045.95,81059.54,81013.08,81019.52,81044.80150271527,45.915880996698434
2026-02-02T12:45:00+05:30,81019.89,81047.31,80990.28,81032.68,81041.77112703645,49.536349370527496
2026-02-02T12:48:00+05:30,81034.37,81121.88,81034.37,81100.92,81056.55834527734,64.08209323170152
2026-02-02T12:51:00+05:30,81100.23,81102.87,81062.84,81071.53,81060.301258958,55.975104956713736
2026-02-02T12:54:00+05:30,81070.46,81134.09,81059.72,81131.47,81078.09344421851,66.16109232203075
2026-02-02T12:57:00+05:30,81134.64,81236.43,81134.6,81227.42,81115.42508316388,76.37105517779574
2026-02-02T13:00:00+05:30,81229.3,81288.51,81229.3,81246.54,81148.2038123729,77.91986884998215
2026-02-02T13:03:00+05:30,81246.38,81304.93,81232.7,81295.48,81185.02285927968,81.53432457941696
2026-02-02T13:06:00+05:30,81297.06,81311.13,81271.4,81299.56,81213.65714445975,81.82371842487105
2026-02-02T13:09:00+05:30,81298.03,81315.64,81296.06,81306.02,81236.74785834481,82.33511069369142
2026-02-02T13:12:00+05:30,81306.43,81306.43,81211.48,81228.37,81234.6533937586,59.04052238875673
2026-02-02T13:15:00+05:30,81227.84,81232.22,81142.4,81142.4,81211.59004531895,43.23902844521023
2026-02-02T13:18:00+05:30,81140.77,81140.77,81034.81,81042.53,81169.32503398921,31.729722316921382
2026-02-02T13:21:00+05:30,81040.76,81042.52,80954.71,81001.04,81127.2537754919,28.103985312178125
2026-02-02T13:24:00+05:30,80999.26,81026.1,80975.2,81020.56,81100.58033161893,32.3472364616531
2026-02-02T13:27:00+05:30,81018.13,81117.28,81005.74,81096.62,81099.5902487142,46.65861594473368
2026-02-02T13:30:00+05:30,81097.14,81100.72,80991.5,81004.63,81075.85018653565,35.93303273646444
2026-02-02T13:33:00+05:30,81003.79,81044.24,80999.77,81027.49,81063.76013990174,39.936031746499815
2026-02-02T13:36:00+05:30,81028.28,81091.86,81021.75,81091.86,81070.78510492631,50.16515674633355
2026-02-02T13:39:00+05:30,81092.83,81170.29,81077.63,81167.79,81095.03632869472,59.62728977152906
2026-02-02T13:42:00+05:30,81167.94,81298.98,81167.94,81294.04,81144.78724652104,70.49460312648061
2026-02-02T13:45:00+05:30,81293.57,81304.59,81237.4,81265.84,81175.05043489079,65.87385917711396
2026-02-02T13:48:00+05:30,81269.51,81299.16,81255.62,81265.31,81197.61532616809,65.77931844657162
2026-02-02T13:51:00+05:30,81264.3,81347.59,81254.96,81303.37,81224.05399462607,69.45234016771781
2026-02-02T13:54:00+05:30,81310.97,81327.05,81257.43,81261.95,81233.52799596955,61.12271297095717
2026-02-02T13:57:00+05:30,81264.13,81277.64,81242.92,81243.06,81235.91099697715,57.45627136385231
2026-02-02T14:00:00+05:30,81243.61,81255.89,81172.07,81249.77,81239.37574773286,58.48820325299044
2026-02-02T14:03:00+05:30,81248.47,81260.12,81210.02,81257.79,81243.97931079965,59.84632716994368
2026-02-02T14:06:00+05:30,81255.92,81266.07,81184.71,81186.01,81229.48698309973,44.6074978553655
2026-02-02T14:09:00+05:30,81185.34,81190.08,81121.36,81159.21,81211.91773732481,40.15381723644428
2026-02-02T14:12:00+05:30,81159.41,81211.13,81153.61,81207.45,81210.8008029936,50.52673774697601
2026-02-02T14:15:00+05:30,81207.25,81249.6,81194.15,81196.26,81207.1656022452,48.26288860095336
2026-02-02T14:18:00+05:30,81191.98,81214.33,81144.34,81214.33,81208.9567016839,52.29014411837673
2026-02-02T14:21:00+05:30,81212.74,81281.77,81204.8,81265.18,81223.01252626293,62.0010224559922
2026-02-02T14:24:00+05:30,81267.47,81278.68,81231.68,81272.87,81235.4768946972,63.318313899106855
2026-02-02T14:27:00+05:30,81272.52,81304.96,81258.47,81304.96,81252.8476710229,68.61518807981577
2026-02-02T14:30:00+05:30,81307.2,81337.96,81238.56,81251.88,81252.60575326718,53.66169268171785
2026-02-02T14:33:00+05:30,81254.84,81254.84,81192.21,81221.99,81244.95181495039,46.94096542339472
2026-02-02T14:36:00+05:30,81223.27,81258.15,81179.78,81236.86,81242.92886121279,50.53653951982327
2026-02-02T14:39:00+05:30,81238.2,81263.17,81217.31,81227.48,81239.0666459096,48.1359542096376
2026-02-02T14:42:00+05:30,81235.57,81267.27,81234.29,81241.92,81239.7799844322,52.212887261660214
2026-02-02T14:45:00+05:30,81239.97,81326.51,81236.21,81326.51,81261.46248832415,68.91363087340798
2026-02-02T14:48:00+05:30,81324.87,81376.01,81323.43,81375.71,81290.02436624312,74.87253681180519
2026-02-02T14:51:00+05:30,81379.7,81456.06,81375.57,81438.13,81327.05077468234,80.42617599844979
2026-02-02T14:54:00+05:30,81436.22,81469.21,81414.18,81466.22,81361.84308101176,82.4613432614302
2026-02-02T14:57:00+05:30,81464.52,81498.56,81455.22,81490.01,81393.88481075881,84.09529607468346
2026-02-02T15:00:00+05:30,81495.6,81643.92,81495.6,81625.06,81451.67860806911,90.16410965025152
2026-02-02T15:03:00+05:30,81621.08,81667.81,81591.92,81667.52,81505.63895605183,91.3717390324064
2026-02-02T15:06:00+05:30,81669.35,81694.9,81622.49,81622.49,81534.85171703887,79.32188549680178
2026-02-02T15:09:00+05:30,81620.2,81683.29,81616.78,81652.33,81564.22128777915,81.23508452431138
2026-02-02T15:12:00+05:30,81652.47,81676.49,81643.09,81664.74,81589.35096583437,82.04128708965006
2026-02-02T15:15:00+05:30,81660.06,81732.25,81657.86,81712.5,81620.13822437578,84.94535859043654
2026-02-02T15:18:00+05:30,81716.44,81723.94,81650.44,81650.44,81627.71366828184,68.22115617887476
2026-02-02T15:21:00+05:30,81646.28,81673.87,81633.7,81654.47,81634.40275121138,68.68819600437367
2026-02-02T15:24:00+05:30,81653.88,81681.68,81632.9,81671.54,81643.68706340854,70.80826955278462
2026-02-02T15:27:00+05:30,81670.79,81683.61,81552.02,81631.02,81640.5202975564,59.62749029353946
2026-02-03T09:15:00+05:30,85698.66,85871.73,83893.1,83952.92,82218.6202231673,96.50642985332145
2026-02-03T09:18:00+05:30,83936.59,84185.27,83909.38,84174.67,82707.63266737547,96.82915620706918
2026-02-03T09:21:00+05:30,84172.65,84214.48,84134.33,84152.59,83068.8720005316,95.80109805657486
2026-02-03T09:24:00+05:30,84152.09,84152.09,83885.39,83921.68,83282.0740003987,84.81430145318839
2026-02-03T09:27:00+05:30,83921.87,84041.83,83883.4,83977.53,83455.93800029902,85.29032761710714
2026-02-03T09:30:00+05:30,83977.84,83977.84,83887.19,83920.6,83572.10350022427,82.2250828143053
2026-02-03T09:33:00+05:30,83923.66,83954.38,83819.54,83848.25,83641.1401251682,78.06532818974047
2026-02-03T09:36:00+05:30,83850.13,83926.21,83850.11,83907.95,83707.84259387615,79.08397835855504
2026-02-03T09:39:00+05:30,83908.18,83911.29,83800.99,83803.45,83731.74444540711,72.2334938103445
2026-02-03T09:42:00+05:30,83803.7,83819.12,83746.09,83772.61,83741.96083405532,70.14153599296147
2026-02-03T09:45:00+05:30,83769.53,83787.15,83595.6,83716.56,83735.61062554149,66.08350457157312
2026-02-03T09:48:00+05:30,83722.89,83926.56,83709.84,83916.98,83780.95296915612,72.67779547531069
2026-02-03T09:51:00+05:30,83925.26,83966.12,83829.79,83837.87,83795.1822268671,66.70531565079511
2026-02-03T09:54:00+05:30,83838.62,83843.22,83768.65,83788.11,83793.41417015032,62.91147908106108
2026-02-03T09:57:00+05:30,83786.41,83817.9,83658.34,83683.91,83766.03812761274,55.23648039428628
2026-02-03T10:00:00+05:30,83676.39,83736.66,83676.39,83719.45,83754.39109570955,57.30892075805322
2026-02-03T10:03:00+05:30,83718.1,83752.84,83608.08,83608.08,83717.81332178216,49.0129658168476
2026-02-03T10:06:00+05:30,83605.93,83624.54,83501.22,83580.93,83683.59249133662,47.07484238090887
2026-02-03T10:09:00+05:30,83581.61,83649.76,83536.78,83538.78,83647.38936850247,43.928598846371976
2026-02-03T10:12:00+05:30,83540.56,83595.9,83508.94,83575.78,83629.48702637685,47.52065256110374
2026-02-03T10:15:00+05:30,83577.65,83822.46,83577.65,83802.65,83672.77776978264,64.01265414809956
2026-02-03T10:18:00+05:30,83798.58,83876.36,83798.58,83870.56,83722.22332733698,67.57154485240866
2026-02-03T10:21:00+05:30,83865.49,83924.93,83854.13,83922.74,83772.35249550274,70.21224863331098
2026-02-03T10:24:00+05:30,83921.75,83989.22,83899.4,83979.49,83824.13687162705,73.0018142946429
2026-02-03T10:27:00+05:30,83977.83,83982.64,83924.32,83929.38,83850.44765372029,66.5787828779654
2026-02-03T10:30:00+05:30,83930.64,83992.13,83897.52,83976.48,83881.95574029021,69.5196143916856
2026-02-03T10:33:00+05:30,83976.41,84075.23,83966.09,84062.96,83927.20680521766,74.35369837210237
2026-02-03T10:36:00+05:30,84053.37,84083.32,84032.76,84046.8,83957.10510391324,71.86881127666254
2026-02-03T10:39:00+05:30,84046.32,84084.23,84036.15,84084.23,83988.88632793493,74.1988759353689
2026-02-03T10:42:00+05:30,84082.54,84085.83,84016.56,84028.56,83998.8047459512,64.87483186423312
2026-02-03T10:45:00+05:30,84029.39,84045.31,83981.85,83985.62,83995.5085594634,58.28394932430711
2026-02-03T10:48:00+05:30,83987.07,83997.15,83887.5,83897.77,83971.07391959755,46.90898848561502
2026-02-03T10:51:00+05:30,83897.94,83919.6,83846.65,83862.95,83944.04293969816,43.02600328860974
2026-02-03T10:54:00+05:30,83861.08,84021.65,83858.13,83980.75,83953.21970477363,57.05643598931964
2026-02-03T10:57:00+05:30,83981.36,83993.26,83944.7,83962.73,83955.59727858022,54.65441967971705
2026-02-03T11:00:00+05:30,83967.53,84050.02,83967.12,84038.91,83976.42545893516,62.45097771935056
2026-02-03T11:03:00+05:30,84039.22,84062.67,83996.45,84023.9,83988.29409420137,60.07654738865699
2026-02-03T11:06:00+05:30,84021.34,84043.14,83980.65,83984.31,83987.29807065103,53.784020860847406
2026-02-03T11:09:00+05:30,83984.23,83985.43,83908.78,83948.77,83977.66605298826,48.46725843041411
2026-02-03T11:12:00+05:30,83944.78,83981.63,83914.35,83980.37,83978.3420397412,53.26015147654315
2026-02-03T11:15:00+05:30,83981.59,83994.27,83930.78,83945.55,83970.1440298059,47.57219629121603
2026-02-03T11:18:00+05:30,83941.66,83987.3,83934.75,83950.61,83965.26052235442,48.50457206365992
2026-02-03T11:21:00+05:30,83951.65,84004.3,83951.05,83982.35,83969.53289176582,54.43473239842723
2026-02-03T11:24:00+05:30,83992.66,84036.81,83987.47,84020.74,83982.33466882436,60.80410088183466
2026-02-03T11:27:00+05:30,84020.62,84076.66,84019.67,84052.61,83999.90350161828,65.47790335854684
2026-02-03T11:30:00+05:30,84047.34,84103.07,84010.79,84103.07,84025.69512621372,71.70929991769668
2026-02-03T11:33:00+05:30,84106.14,84199.46,84102.55,84181.18,84064.56634466028,78.66435029176262
2026-02-03T11:36:00+05:30,84181.58,84187.92,84108.92,84121.67,84078.84225849522,64.55741113103608
2026-02-03T11:39:00+05:30,84117.81,84175.91,84107.87,84174.28,84102.70169387141,70.08965586761772
2026-02-03T11:42:00+05:30,84174.55,84191.62,84143.21,84149.26,84114.34127040356,64.50335828740407
2026-02-03T11:45:00+05:30,84148.81,84162.61,84093.11,84104.61,84111.90845280267,55.32305116095584
2026-02-03T11:48:00+05:30,84106.56,84108.41,84071.06,84087.76,84105.871339602,52.060845527338564
2026-02-03T11:51:00+05:30,84089.53,84104.77,84063.43,84094.85,84103.1160047015,53.40948491908986
2026-02-03T11:54:00+05:30,84098.78,84115.69,84086.51,84107.52,84104.21700352612,55.99071632089786
2026-02-03T11:57:00+05:30,84112,84136.82,84098.82,84133.51,84111.5402526446,61.142742148947455
2026-02-03T12:00:00+05:30,84133.76,84140.08,84084.55,84084.55,84104.79268948345,48.63074644169699
2026-02-03T12:03:00+05:30,84083.46,84090.93,84043.9,84063.63,84094.5020171126,44.129077211137364
2026-02-03T12:06:00+05:30,84062.02,84098.49,84030.48,84096.68,84095.04651283444,52.272194415869706
2026-02-03T12:09:00+05:30,84094.84,84124.49,84084.55,84111.66,84099.19988462582,55.68741723891055
2026-02-03T12:12:00+05:30,84111.77,84139.27,84091.88,84117.84,84103.85991346936,57.1627586202957
2026-02-03T12:15:00+05:30,84121.25,84121.25,84077.5,84080.31,84097.97243510203,46.25244906589626
2026-02-03T12:18:00+05:30,84079.81,84111.28,84064.86,84092.76,84096.66932632652,49.949614603590426
2026-02-03T12:21:00+05:30,84093.02,84106.97,84057.39,84060.08,84087.5219947449,41.258373374912786
2026-02-03T12:24:00+05:30,84058.18,84064.44,83992.06,84004.62,84066.79649605867,30.686686956875334
2026-02-03T12:27:00+05:30,84007.12,84025.87,83917.52,83933.05,84033.359872044,22.144117913450614
2026-02-03T12:30:00+05:30,83929.31,83995.67,83923.04,83994.27,84023.58740403301,39.07083753770353
2026-02-03T12:33:00+05:30,83993.2,84013.37,83912.71,83913.44,83996.05055302476,29.268868139216735
2026-02-03T12:36:00+05:30,83916.79,83970.44,83893.8,83932.67,83980.20541476857,33.87344784938465
2026-02-03T12:39:00+05:30,83932.45,83995.02,83924.48,83954.31,83973.73156107642,39.08015265297938
2026-02-03T12:42:00+05:30,83956.25,83978.8,83944.75,83978.8,83974.99867080731,44.8169689885825
2026-02-03T12:45:00+05:30,83975.56,83982.42,83935.85,83941.06,83966.51400310549,38.3278402815451
2026-02-03T12:48:00+05:30,83939.87,83951.19,83927.56,83936.39,83958.98300232911,37.54308253886287
2026-02-03T12:51:00+05:30,83934.97,83968.62,83925.41,83967.59,83961.13475174684,46.13879415273906
2026-02-03T12:54:00+05:30,83963.66,84000.04,83953.78,83965.53,83962.23356381012,45.65479224073515
2026-02-03T12:57:00+05:30,83967.39,83971.12,83937.51,83971.12,83964.45517285759,47.40159858135172
2026-02-03T13:00:00+05:30,83972,84022.55,83963.06,83998.04,83972.8513796432,55.447357440485796
2026-02-03T13:03:00+05:30,84000.25,84004.27,83977.91,83993.6,83978.03853473239,53.861984214805005
2026-02-03T13:06:00+05:30,83994,84020.74,83966.04,83970.35,83976.1164010493,45.85256416749278
2026-02-03T13:09:00+05:30,83963.27,83963.27,83935.68,83935.97,83966.07980078697,36.49124405206963
2026-02-03T13:12:00+05:30,83938.69,83954.37,83925.34,83930.93,83957.29235059023,35.260046335053715
2026-02-03T13:15:00+05:30,83930.15,83969.73,83930.15,83943.58,83953.86426294268,41.081087041676014
2026-02-03T13:18:00+05:30,83943.08,83976.98,83941.15,83956.39,83954.495697207,46.73884337370184
2026-02-03T13:21:00+05:30,83954.55,83967.45,83926.61,83960.07,83955.88927290526,48.39953356181715
2026-02-03T13:24:00+05:30,83959.75,83962,83855.99,83856.55,83931.05445467895,23.921133861722495
2026-02-03T13:27:00+05:30,83853.38,83902.02,83806.01,83878.19,83917.8383410092,32.27471113837747
2026-02-03T13:30:00+05:30,83880.36,83887.28,83849.79,83870.24,83905.93875575691,30.82408557421155
2026-02-03T13:33:00+05:30,83871.26,83898.48,83788.89,83797.85,83878.91656681769,20.862669528934163
2026-02-03T13:36:00+05:30,83791.19,83882.38,83766.01,83879.96,83879.17742511327,44.568369974221845
2026-02-03T13:39:00+05:30,83880.48,83936.51,83880.48,83921.76,83889.82306883496,52.940659719446025
2026-02-03T13:42:00+05:30,83923.13,83992.39,83917.21,83976.04,83911.37730162621,61.70368285090178
2026-02-03T13:45:00+05:30,83977.39,84008.49,83960.7,83975.05,83927.29547621966,61.46015763414566
2026-02-03T13:48:00+05:30,83964.11,83993.17,83932.07,83943.4,83931.32160716475,53.57389266020159
2026-02-03T13:51:00+05:30,83944.48,83990.66,83939.8,83990.66,83946.15620537355,62.055741975106145
2026-02-03T13:54:00+05:30,83992.28,84007.29,83978.52,83987.8,83956.56715403017,61.265494116819234
2026-02-03T13:57:00+05:30,83985.38,83993.08,83927.75,83928.38,83949.52036552262,46.81507401281062