time,open,high,low,close,EMA 7,RSI
2025-11-04T11:48:00+05:30,25664.45,25667.75,25660.85,25666.25,25665.62241960001,44.128841008824814
2025-11-04T11:51:00+05:30,25666.5,25675.4,25665.25,25673.55,25667.60431470001,52.54736961781898
2025-11-04T11:54:00+05:30,25674.35,25674.7,25666.25,25666.45,25667.315736025008,44.87491348270079
2025-11-04T11:57:00+05:30,25666.95,25674.15,25663,25663.8,25666.436802018754,42.19234155277378
2025-11-04T12:00:00+05:30,25664.65,25678.8,25664.4,25673.45,25668.190101514065,53.900147519822674
2025-11-04T12:03:00+05:30,25673.65,25679.2,25671.85,25677.45,25670.50507613555,58.0124938805582
2025-11-04T12:06:00+05:30,25677.6,25679.25,25662.75,25666.1,25669.403807101662,44.78669709446372
2025-11-04T12:09:00+05:30,25666.8,25676.5,25666.3,25675.75,25670.99035532625,54.96984388044935
2025-11-04T12:12:00+05:30,25676.1,25681.25,25671.5,25680.5,25673.367766494688,59.282388993203746
2025-11-04T12:15:00+05:30,25680.45,25681.3,25667.45,25674.95,25673.763324871015,52.43677599689536
2025-11-04T12:18:00+05:30,25674.65,25690.4,25674.65,25685.55,25676.70999365326,62.170462420853205
2025-11-04T12:21:00+05:30,25685.5,25686.3,25677.5,25678.5,25677.157495239946,53.65097059344745
2025-11-04T12:24:00+05:30,25678.85,25682.75,25676.55,25678.25,25677.430621429958,53.34852331770344
2025-11-04T12:27:00+05:30,25678.5,25681.2,25669.1,25670.9,25675.797966072467,44.70447454813837
2025-11-04T12:30:00+05:30,25670.7,25673.25,25665.2,25671.6,25674.748474554348,45.68237150972001
2025-11-04T12:33:00+05:30,25671.95,25678.95,25670.35,25675.8,25675.01135591576,51.66586837489741
2025-11-04T12:36:00+05:30,25675.7,25678.5,25670.2,25670.2,25673.80851693682,44.107735016074166
2025-11-04T12:39:00+05:30,25670.8,25671.3,25664.25,25665.75,25671.793887702617,38.8401613664249
2025-11-04T12:42:00+05:30,25666.15,25680.1,25664.6,25679.45,25673.707915776962,57.1993525434144
2025-11-04T12:45:00+05:30,25679.35,25683.6,25676.75,25680.8,25675.480936832722,58.62713741205233
2025-11-04T12:48:00+05:30,25681.4,25686.8,25670.35,25671.9,25674.585702624543,46.65627309169141
2025-11-04T12:51:00+05:30,25672.9,25672.9,25660.3,25664.05,25671.951776968406,38.555297596626005
2025-11-04T12:54:00+05:30,25664.2,25678.9,25657.95,25673.8,25672.413832726306,50.90704034083304
2025-11-04T12:57:00+05:30,25674.3,25676.15,25664.95,25668.9,25671.53537454473,45.539555418653926
2025-11-04T13:00:00+05:30,25669.85,25675.15,25664.8,25664.8,25669.851530908545,41.28974327192454
2025-11-04T13:03:00+05:30,25665.65,25681.9,25654,25678.75,25672.076148181408,57.15956263536925
2025-11-04T13:06:00+05:30,25680.15,25684.7,25671.55,25677.15,25673.344611136057,55.164261821309154
2025-11-04T13:09:00+05:30,25677.65,25678.2,25668.65,25672.35,25673.09595835204,49.158277626326864
2025-11-04T13:12:00+05:30,25673.25,25673.85,25658.55,25658.55,25669.45946876403,36.00855246647344
2025-11-04T13:15:00+05:30,25660.35,25667.55,25657.35,25658.3,25666.669601573023,35.8061177631987
2025-11-04T13:18:00+05:30,25659.35,25665.15,25649.95,25649.95,25662.489701179766,29.371792514130036
2025-11-04T13:21:00+05:30,25651.35,25659.05,25646,25657,25661.117275884826,39.9934826505429
2025-11-04T13:24:00+05:30,25658.2,25662.05,25650,25656.1,25659.862956913617,39.11732003453884
2025-11-04T13:27:00+05:30,25658.05,25670.95,25654.7,25670.95,25662.634717685214,57.17680307551322
2025-11-04T13:30:00+05:30,25671.55,25675.4,25662.8,25663.95,25662.96353826391,49.157768450378555
2025-11-04T13:33:00+05:30,25663.75,25666.1,25652,25664.45,25663.33515369793,49.74512146387669
2025-11-04T13:36:00+05:30,25667.95,25683.05,25663.05,25677.7,25666.926365273448,62.97065701044704
2025-11-04T13:39:00+05:30,25679.1,25682.9,25671.1,25679.25,25670.007273955085,64.25452029335875
2025-11-04T13:42:00+05:30,25681.3,25681.75,25669.55,25674.1,25671.030455466313,56.641919510693604
2025-11-04T13:45:00+05:30,25675.05,25677.7,25669.65,25671.45,25671.135341599736,52.880834868261324
2025-11-04T13:48:00+05:30,25671.75,25674.1,25660.2,25662.25,25668.914006199804,41.673062431783194
2025-11-04T13:51:00+05:30,25662.95,25666.95,25659.15,25665.25,25667.998004649853,46.025103978880765
2025-11-04T13:54:00+05:30,25666.55,25667.1,25654.35,25656,25664.99850348739,36.28580163979147
2025-11-04T13:57:00+05:30,25657.75,25664.65,25655.85,25655.85,25662.711377615542,36.141114169821826
2025-11-04T14:00:00+05:30,25657.45,25657.9,25644.75,25646.7,25658.708533211655,28.152265784399248
2025-11-04T14:03:00+05:30,25648.2,25648.3,25641.25,25644.8,25655.231399908742,26.721330423620543
2025-11-04T14:06:00+05:30,25645.8,25647.6,25640.35,25645.65,25652.836049931557,28.615091489506142
2025-11-04T14:09:00+05:30,25646.15,25647.85,25631.8,25635.55,25648.514537448667,21.067481294325702
2025-11-04T14:12:00+05:30,25636.75,25636.75,25607.4,25616.5,25640.5109030865,13.330391649688863
2025-11-04T14:15:00+05:30,25617.05,25623.65,25613.1,25620.5,25635.508177314874,20.484093368536264
2025-11-04T14:18:00+05:30,25622,25622.5,25611.15,25620.75,25631.818632986156,20.959799592380648
2025-11-04T14:21:00+05:30,25621.95,25623.65,25592.65,25601.8,25624.313974739616,13.707682033111979
2025-11-04T14:24:00+05:30,25603.05,25614,25602.85,25611.45,25621.097981054714,28.421494734408455
2025-11-04T14:27:00+05:30,25613.5,25619,25611.35,25614.35,25619.410985791037,32.45921885018018
2025-11-04T14:30:00+05:30,25615.05,25619.8,25613.05,25613.6,25617.95823934328,31.916002833262652
2025-11-04T14:33:00+05:30,25615.2,25631.3,25614.75,25630.8,25621.16867950746,52.97297695191447
2025-11-04T14:36:00+05:30,25631,25634.65,25619.35,25625.35,25622.214009630596,47.53789934043434
2025-11-04T14:39:00+05:30,25625.7,25629,25613.55,25615.2,25620.460507222946,38.87214773347531
2025-11-04T14:42:00+05:30,25616,25618.65,25608.4,25610.1,25617.87038041721,35.11928375995781
2025-11-04T14:45:00+05:30,25609.9,25610.8,25596.15,25601.5,25613.77778531291,29.51367653112314
2025-11-04T14:48:00+05:30,25600.65,25600.9,25591.5,25591.8,25608.283338984682,24.390709892185015
2025-11-04T14:51:00+05:30,25592.2,25618.6,25584.35,25611.2,25609.01250423851,46.18627218676628
2025-11-04T14:54:00+05:30,25611.8,25611.8,25590.3,25599.15,25606.546878178884,38.20540883028994
2025-11-04T14:57:00+05:30,25599,25609.05,25592.25,25606.85,25606.62265863416,45.257415722098415
2025-11-04T15:00:00+05:30,25607.3,25621.7,25594.05,25607.1,25606.741993975622,45.49303473960515
2025-11-04T15:03:00+05:30,25606.4,25607.7,25591.65,25598.9,25604.781495481715,39.0597199358086
2025-11-04T15:06:00+05:30,25598.3,25611.6,25592.25,25599.3,25603.411121611287,39.54624598504456
2025-11-04T15:09:00+05:30,25598.75,25600.15,25591.3,25599.1,25602.333341208465,39.362927677779886
2025-11-04T15:12:00+05:30,25598.65,25604.45,25589.35,25601.25,25602.06250590635,42.69452094877547
2025-11-04T15:15:00+05:30,25600,25602.95,25588.55,25590.2,25599.096879429762,32.11451838719789
2025-11-04T15:18:00+05:30,25589.6,25602,25584.15,25596.75,25598.51015957232,42.04617205476382
2025-11-04T15:21:00+05:30,25595.9,25598.25,25590.7,25592.1,25596.90761967924,37.50197416205902
2025-11-04T15:24:00+05:30,25592.25,25602.2,25591.1,25598,25597.18071475943,46.121649570129414
2025-11-04T15:27:00+05:30,25598.05,25598.95,25578.4,25585.35,25594.223036069572,34.29137517428421
2025-11-04T15:30:00+05:30,25586.25,25597.65,25586.25,25597.65,25595.07977705218,49.10143730354314
2025-11-06T09:06:00+05:30,25593.35,25593.35,25593.35,25593.35,25594.647332789133,44.96767875778393
2025-11-06T09:15:00+05:30,25610.15,25659.8,25587.2,25644.2,25607.03549959185,74.53978503081674
2025-11-06T09:18:00+05:30,25645.9,25676.1,25643.1,25673.15,25623.564124693887,81.23673710171761
2025-11-06T09:21:00+05:30,25673.95,25679.15,25651.35,25663.6,25633.573093520416,73.76897511745891
2025-11-06T09:24:00+05:30,25661.9,25662.5,25621.55,25631.05,25632.94232014031,54.0219172032239
2025-11-06T09:27:00+05:30,25630.25,25632,25619.9,25626.6,25631.356740105235,51.80985744512982
2025-11-06T09:30:00+05:30,25625.6,25629.85,25609.4,25616.9,25627.742555078927,46.923596393788976
2025-11-06T09:33:00+05:30,25617.05,25630.25,25611.95,25629.7,25628.231916309196,53.652923481832794
2025-11-06T09:36:00+05:30,25630.1,25632.85,25610.25,25628.05,25628.186437231896,52.6490443937197
2025-11-06T09:39:00+05:30,25628.35,25631.35,25604.35,25604.35,25622.227327923923,40.08165980917231
2025-11-06T09:42:00+05:30,25603.5,25612.6,25600.1,25610,25619.17049594294,43.811971312151016
2025-11-06T09:45:00+05:30,25610.05,25618.65,25603.6,25618.4,25618.977871957206,49.28809078099247
2025-11-06T09:48:00+05:30,25617.3,25621.8,25599.3,25621.3,25619.558403967905,51.203592175967856
2025-11-06T09:51:00+05:30,25621.75,25629.85,25612.25,25617.25,25618.981302975928,48.2350768142109
2025-11-06T09:54:00+05:30,25618.35,25633.6,25614.85,25619.05,25618.998477231944,49.74576829514803
2025-11-06T09:57:00+05:30,25618.15,25633.9,25617.65,25628.95,25621.486357923957,57.6721640254399
2025-11-06T10:00:00+05:30,25629.3,25639.7,25629.3,25633.75,25624.552268442967,61.13926841510752
2025-11-06T10:03:00+05:30,25633.3,25637.2,25611.05,25613.7,25621.839201332226,43.69672909435279
2025-11-06T10:06:00+05:30,25612.9,25617.1,25591.85,25591.85,25614.34190099917,32.065780380992095
2025-11-06T10:09:00+05:30,25592.15,25592.65,25553.05,25554.4,25599.356425749378,20.927289325147015
2025-11-06T10:12:00+05:30,25555.2,25555.2,25542.35,25542.75,25585.204819312035,18.58438941031139
2025-11-06T10:15:00+05:30,25542.9,25545.25,25536.5,25540.45,25574.016114484028,18.11721305953006
2025-11-06T10:18:00+05:30,25541,25545.6,25533.7,25544.1,25566.53708586302,21.758713396766495
2025-11-06T10:21:00+05:30,25543.15,25550.3,25531.55,25535.45,25558.765314397264,19.376243827017007
2025-11-06T10:24:00+05:30,25535.75,25547,25534.55,25544.8,25555.273985797947,29.15820630215991
2025-11-06T10:27:00+05:30,25544.3,25545.1,25534.85,25536.95,25550.69298934846,26.061071756321113
2025-11-06T10:30:00+05:30,25537.7,25545,25534.85,25539.9,25547.994742011346,29.35113036522894
2025-11-06T10:33:00+05:30,25539.35,25540.35,25528.75,25529.35,25543.333556508507,24.7551936077396
2025-11-06T10:36:00+05:30,25530.15,25536.5,25522.2,25531.95,25540.48766738138,27.99686005784943
2025-11-06T10:39:00+05:30,25532.1,25532.1,25520.75,25524.3,25536.440750536036,24.389933567699316
2025-11-06T10:42:00+05:30,25524.1,25536.05,25522.55,25536.05,25536.343062902026,38.571417569001774
2025-11-06T10:45:00+05:30,25536.6,25544.25,25533.7,25541.35,25537.59479717652,44.08987059113639
2025-11-06T10:48:00+05:30,25541.95,25546.45,25537.9,25541.55,25538.58359788239,44.31012469929799
2025-11-06T10:51:00+05:30,25541.35,25551.3,25538.85,25550.25,25541.50019841179,53.5889137241265
2025-11-06T10:54:00+05:30,25550.35,25560.2,25549.05,25556.1,25545.150148808843,58.95391902457686
2025-11-06T10:57:00+05:30,25556.7,25565.1,25556.4,25562.5,25549.487611606633,64.23134265905057
2025-11-06T11:00:00+05:30,25562.95,25569.25,25561.4,25563.05,25552.878208704977,64.6865610279255
2025-11-06T11:03:00+05:30,25562.7,25575.05,25560.95,25572.75,25557.846156528733,72.01482362023734
2025-11-06T11:06:00+05:30,25571.55,25575.25,25568.9,25570.4,25560.98461739655,68.02483701767473
2025-11-06T11:09:00+05:30,25568.35,25569.25,25553.85,25559.15,25560.52596304741,51.94943579818586
2025-11-06T11:12:00+05:30,25559.3,25567.8,25556.8,25560.5,25560.51947228556,53.48824602556297
2025-11-06T11:15:00+05:30,25560.7,25561.15,25554,25554.75,25559.07710421417,46.14494150702184
2025-11-06T11:18:00+05:30,25555.05,25556.55,25539.8,25540.65,25554.470328160627,33.131926550441335
2025-11-06T11:21:00+05:30,25540.95,25544.8,25537.75,25538.35,25550.44024612047,31.444392477311368
2025-11-06T11:24:00+05:30,25538.85,25539.85,25534.55,25537.3,25547.155184590352,30.61390545578709
2025-11-06T11:27:00+05:30,25536.6,25544,25534,25543,25546.116388442766,40.55702232743302
2025-11-06T11:30:00+05:30,25542.9,25547.55,25532.6,25533.45,25542.949791332074,31.682502182012556
2025-11-06T11:33:00+05:30,25533,25533.45,25525,25528.9,25539.437343499056,28.246889032623443
2025-11-06T11:36:00+05:30,25528.6,25533.55,25527.3,25533.3,25537.903007624293,36.068364171804035
2025-11-06T11:39:00+05:30,25533,25535.85,25528.85,25535.85,25537.38975571822,40.45684372809658
2025-11-06T11:42:00+05:30,25534.9,25538.4,25531.1,25531.95,25536.029816788665,36.04233483730121
2025-11-06T11:45:00+05:30,25531.1,25546.8,25529.95,25546.5,25538.6473625915,56.63700511067193
2025-11-06T11:48:00+05:30,25547.05,25554.8,25547.05,25554,25542.485521943625,63.67179650282309
2025-11-06T11:51:00+05:30,25554.1,25557.45,25549.6,25551.65,25544.77664145772,60.10718866043321
2025-11-06T11:54:00+05:30,25551.5,25555.1,25547.35,25552.5,25546.70748109329,61.02788513777379
2025-11-06T11:57:00+05:30,25550.65,25561.35,25547,25561.35,25550.368110819967,69.56124188887681
2025-11-06T12:00:00+05:30,25559.3,25573.3,25559,25565.7,25554.201083114975,72.95683901885938
2025-11-06T12:03:00+05:30,25565.75,25566.95,25560.7,25561.75,25556.08831233623,65.24606173239448
2025-11-06T12:06:00+05:30,25561.4,25574.4,25556.7,25565,25558.316234252172,68.44719114462634
2025-11-06T12:09:00+05:30,25564.85,25566.8,25549.85,25551.3,25556.562175689127,47.1080028752774
2025-11-06T12:12:00+05:30,25551.6,25552.8,25543.75,25546.65,25554.084131766846,41.931442934629004
2025-11-06T12:15:00+05:30,25547.25,25555.4,25542.9,25553.3,25553.888098825133,50.92834059906488
2025-11-06T12:18:00+05:30,25552.75,25561.35,25552.75,25556.75,25554.60357411885,55.13558724650293
2025-11-06T12:21:00+05:30,25557.45,25559,25530.55,25534.35,25549.540180589138,33.42673387124195
2025-11-06T12:24:00+05:30,25535,25556.2,25534.35,25544.05,25548.167635441852,44.472238296170104
2025-11-06T12:27:00+05:30,25544.2,25548.45,25542.3,25545.75,25547.56322658139,46.29416596728296
2025-11-06T12:30:00+05:30,25545.6,25559.6,25539.45,25558.65,25550.334919936045,58.38288995205406
2025-11-06T12:33:00+05:30,25559.15,25564.9,25556.15,25560.2,25552.801189952035,59.65588855945859
2025-11-06T12:36:00+05:30,25562.3,25567.8,25557.75,25565.45,25555.963392464026,64.00653741548483
2025-11-06T12:39:00+05:30,25566,25568.45,25559,25566.85,25558.685044348018,65.17491075285406
2025-11-06T12:42:00+05:30,25569.45,25575.75,25559.95,25560.3,25559.088783261013,55.36522427817958
2025-11-06T12:45:00+05:30,25561.1,25575.65,25556.75,25571,25562.06658744576,65.31486392774255
2025-11-06T12:48:00+05:30,25572.65,25600.45,25569.6,25593.55,25569.93744058432,77.5947319144714
2025-11-06T12:51:00+05:30,25593.8,25602.3,25593.25,25596.65,25576.61558043824,78.79859441541262
2025-11-06T12:54:00+05:30,25598.25,25608.15,25596.1,25596.1,25581.48668532868,77.93185303719989
2025-11-06T12:57:00+05:30,25595.8,25603.1,25589.4,25591.1,25583.89001399651,69.79008220820768
2025-11-06T13:00:00+05:30,25591.65,25611.7,25584.25,25611.25,25590.730010497384,79.74116245786679
2025-11-06T13:03:00+05:30,25612.3,25616.85,25591.6,25594,25591.547507873038,60.00136630221228
2025-11-06T13:06:00+05:30,25593.8,25595.9,25577.35,25585.95,25590.148130904778,52.875059136961454
2025-11-06T13:09:00+05:30,25584.25,25584.8,25564.85,25568.65,25584.773598178585,40.74259325751968
2025-11-06T13:12:00+05:30,25568.85,25585.2,25561.8,25583.6,25584.480198633937,51.87545317719454
2025-11-06T13:15:00+05:30,25584.2,25596.95,25582.5,25590.4,25585.960148975453,56.23832586783972
2025-11-06T13:18:00+05:30,25591,25592.8,25575.9,25585.05,25585.73261173159,51.918009228703156
2025-11-06T13:21:00+05:30,25586.75,25597.95,25586.2,25592.8,25587.49945879869,57.44319538954412
2025-11-06T13:24:00+05:30,25593.9,25603.1,25586,25586,25587.12459409902,51.397323027926596
2025-11-06T13:27:00+05:30,25587.55,25588.45,25581.25,25583.85,25586.305945574262,49.47646450503931
2025-11-06T13:30:00+05:30,25583.8,25599.15,25575.25,25596.6,25588.879459180695,59.85630610261064
2025-11-06T13:33:00+05:30,25597.1,25599.95,25572.55,25574.75,25585.34709438552,42.42850007915275
2025-11-06T13:36:00+05:30,25574.35,25598.05,25574.35,25581.3,25584.33532078914,47.74912919496619
2025-11-06T13:39:00+05:30,25582.15,25583.6,25569.4,25577.8,25582.701490591855,45.147968461841465
2025-11-06T13:42:00+05:30,25578.5,25586.8,25565.6,25567.45,25578.888617943892,38.00523767700939
2025-11-06T13:45:00+05:30,25567.4,25573.7,25560.1,25569.95,25576.65396345792,40.65120468609526
2025-11-06T13:48:00+05:30,25571.05,25571.7,25534.6,25534.6,25566.14047259344,23.855138733249277
2025-11-06T13:51:00+05:30,25535.65,25541.35,25521.65,25523.75,25555.54285444508,20.780603855468627
2025-11-06T13:54:00+05:30,25523.4,25535.5,25515.95,25531.3,25549.48214083381,28.28430755485168
2025-11-06T13:57:00+05:30,25532.05,25539.9,25528.35,25539.9,25547.086605625358,36.30230896320918
2025-11-06T14:00:00+05:30,25539.2,25541.9,25532.9,25539.2,25545.114954219018,35.9209394287748
2025-11-06T14:03:00+05:30,25539.3,25544.15,25527.55,25533.1,25542.111215664263,32.45463240561578
2025-11-06T14:06:00+05:30,25533.25,25541.3,25525.55,25541.3,25541.908411748198,41.333193655601804
2025-11-06T14:09:00+05:30,25541.45,25546.8,25533.85,25542.3,25542.00630881115,42.41021770156947
2025-11-06T14:12:00+05:30,25542.2,25555.5,25539.25,25552.95,25544.74223160836,53.10668334101139
2025-11-06T14:15:00+05:30,25552.25,25555.75,25536.15,25543,25544.30667370627,44.16544388556329
2025-11-06T14:18:00+05:30,25543.8,25548.6,25541.85,25546.85,25544.9425052797,48.109312256308726
2025-11-06T14:21:00+05:30,25547.75,25553.75,25540,25541.2,25544.006878959775,42.91889380949951
2025-11-06T14:24:00+05:30,25542.2,25544.15,25538.7,25542.9,25543.73015921983,45.00179654170915
2025-11-06T14:27:00+05:30,25542.75,25543.75,25520.6,25541.6,25543.197619414874,43.58295308046093
2025-11-06T14:30:00+05:30,25542.1,25552.15,25542.1,25548.1,25544.423214561153,52.347118944188
2025-11-06T14:33:00+05:30,25549.25,25555.15,25546.85,25551.2,25546.117410920866,56.138350618199546
2025-11-06T14:36:00+05:30,25551.7,25560.6,25549.1,25549.4,25546.93805819065,53.26749697921881
2025-11-06T14:39:00+05:30,25551.35,25552.55,25527.55,25530.3,25542.778543642988,32.61779890665659
2025-11-06T14:42:00+05:30,25530.45,25546.9,25529.7,25542.4,25542.68390773224,47.62431624837784
2025-11-06T14:45:00+05:30,25542.55,25557.6,25542.05,25556.8,25546.212930799178,59.9945475210247
2025-11-06T14:48:00+05:30,25557.4,25557.65,25526.95,25534.35,25543.247198099383,41.96641832001948
2025-11-06T14:51:00+05:30,25534.4,25551.3,25534.05,25548.15,25544.47289857454,52.25540537114332
2025-11-06T14:54:00+05:30,25548.6,25549.45,25535.75,25537.4,25542.704673930904,45.004023794134206
2025-11-06T14:57:00+05:30,25538.7,25564.6,25538.7,25555.55,25545.916005448176,56.809696701624866
2025-11-06T15:00:00+05:30,25555.1,25555.1,25522.05,25526.3,25541.012004086133,40.47415201261673
2025-11-06T15:03:00+05:30,25525.35,25528.2,25507.45,25514.15,25534.2965030646,35.52388322871947
2025-11-06T15:06:00+05:30,25512.85,25514.65,25501.35,25512.95,25528.95987729845,35.03020333728426
2025-11-06T15:09:00+05:30,25512.3,25513.3,25495.7,25496.9,25520.944907973837,28.787537348249202
2025-11-06T15:12:00+05:30,25496.45,25502.75,25491.55,25500.6,25515.85868098038,32.04459125544514
2025-11-06T15:15:00+05:30,25500.35,25512.7,25498.7,25508.8,25514.094010735284,39.230970915389534
2025-11-06T15:18:00+05:30,25509.15,25515.2,25499.25,25506.3,25512.145508051464,37.80879944678009
2025-11-06T15:21:00+05:30,25506.2,25517.1,25499.9,25509.45,25511.4716310386,40.95525424299309
2025-11-06T15:24:00+05:30,25509.55,25510.25,25500.85,25504.5,25509.72872327895,37.47892342623821
2025-11-06T15:27:00+05:30,25504.1,25521.45,25504.1,25519.95,25512.284042459214,52.2407226282164
2025-11-06T15:30:00+05:30,25519.35,25519.35,25509.7,25509.7,25511.63803184441,44.168900148049445
2025-11-07T09:06:00+05:30,25433.8,25433.8,25433.8,25433.8,25492.178523883307,18.91736539827825
2025-11-07T09:15:00+05:30,25443.15,25447.1,25355.7,25371.4,25461.98389291248,12.21772848268651
2025-11-07T09:18:00+05:30,25372.05,25382.4,25358.55,25359.3,25436.312919684362,11.311460054247362
2025-11-07T09:21:00+05:30,25359,25362.7,25325.15,25327.4,25409.084689763273,9.210169506898964
2025-11-07T09:24:00+05:30,25330.65,25346.4,25327.75,25334.75,25390.501017322455,13.528196977174389
2025-11-07T09:27:00+05:30,25336.2,25352.9,25331.85,25348.95,25380.113262991843,21.900487907207093
2025-11-07T09:30:00+05:30,25348.85,25362.35,25333.95,25333.95,25368.57244724388,19.565856301298453
2025-11-07T09:33:00+05:30,25335.3,25338.15,25318.75,25320.95,25356.666835432912,17.66212200611271
2025-11-07T09:36:00+05:30,25320.7,25337.4,25318.45,25337,25351.750126574683,27.783147204389266
2025-11-07T09:39:00+05:30,25336.3,25353.05,25335.5,25343.85,25349.775094931014,31.948256631903348
2025-11-07T09:42:00+05:30,25343.65,25356.5,25340.45,25355.05,25351.09382119826,38.69309421337098
2025-11-07T09:45:00+05:30,25354.25,25383.35,25347.4,25383.35,25359.157865898695,52.555369318192085
2025-11-07T09:48:00+05:30,25383.15,25391.15,25375.4,25389.85,25366.83089942402,55.26580115892567
2025-11-07T09:51:00+05:30,25389.3,25390.95,25362.3,25362.95,25365.860674568015,43.31762169119106
2025-11-07T09:54:00+05:30,25363.35,25364.35,25338.95,25339.7,25359.32050592601,35.56445836299376
2025-11-07T09:57:00+05:30,25340.65,25351.3,25336.95,25342.25,25355.05287944451,37.00713728601696
2025-11-07T10:00:00+05:30,25342.9,25346.5,25332.45,25344,25352.28965958338,38.11647531974752
2025-11-07T10:03:00+05:30,25343.9,25352.3,25340.3,25340.3,25349.292244687535,36.52965205786233
2025-11-07T10:06:00+05:30,25340.75,25351.95,25337.05,25347.7,25348.89418351565,42.14920705242
2025-11-07T10:09:00+05:30,25347.75,25347.75,25332.7,25341.65,25347.08313763674,38.86688474979811
2025-11-07T10:12:00+05:30,25341,25348.5,25331.05,25343.25,25346.124853227553,40.3012780444485
2025-11-07T10:15:00+05:30,25343.95,25349.6,25340.75,25348.3,25346.668639920666,45.04900228570495
2025-11-07T10:18:00+05:30,25349.85,25354.5,25339.35,25351.95,25347.9889799405,48.50246796888778
2025-11-07T10:21:00+05:30,25352.05,25353.55,25338.2,25352.15,25349.029234955375,48.70853503457616
2025-11-07T10:24:00+05:30,25352.5,25354.8,25348.15,25350.05,25349.28442621653,46.43249308630761
2025-11-07T10:27:00+05:30,25350.35,25357.25,25342.3,25356.85,25351.1758196624,54.46980954962663
2025-11-07T10:30:00+05:30,25356.8,25359.25,25348.65,25353.85,25351.8443647468,50.56484207261384
2025-11-07T10:33:00+05:30,25353.55,25364.95,25353.1,25359.75,25353.820773560103,57.54779844129171
2025-11-07T10:36:00+05:30,25360.65,25371.95,25358.25,25365.15,25356.65308017008,63.11171273626168
2025-11-07T10:39:00+05:30,25365.3,25378.4,25363.45,25376.2,25361.53981012756,71.90304628759299
2025-11-07T10:42:00+05:30,25376,25385.9,25373.3,25378.6,25365.80485759567,73.50317826341092
2025-11-07T10:45:00+05:30,25379.1,25386.55,25377.05,25383.8,25370.303643196752,76.8375898547615
2025-11-07T10:48:00+05:30,25385.1,25385.65,25371.75,25372,25370.727732397565,57.63575059792786
2025-11-07T10:51:00+05:30,25372.5,25382.85,25365.45,25378,25372.545799298176,63.105273265466096
2025-11-07T10:54:00+05:30,25377.25,25378.9,25362.95,25364.9,25370.634349473632,47.4881240702164
2025-11-07T10:57:00+05:30,25365.5,25366.85,25354.2,25356.45,25367.088262105222,40.03254311139219
2025-11-07T11:00:00+05:30,25357.75,25373,25355.95,25368.1,25367.341196578916,52.12292663630132
2025-11-07T11:03:00+05:30,25369.6,25372.55,25355.15,25355.8,25364.455897434185,41.75371871758184
2025-11-07T11:06:00+05:30,25355.5,25363.3,25354.4,25361.55,25363.729423075638,47.45482521688007
2025-11-07T11:09:00+05:30,25362.05,25385.1,25361.8,25383.2,25368.597067306728,63.254088111779375
2025-11-07T11:12:00+05:30,25384.05,25413.8,25384.05,25409.95,25378.935300480047,74.36500496536353
2025-11-07T11:15:00+05:30,25410.55,25418.45,25405.15,25415.2,25388.001475360034,76.02491063970304
2025-11-07T11:18:00+05:30,25415.5,25420.75,25412.25,25413.6,25394.401106520025,74.31399633463317
2025-11-07T11:21:00+05:30,25413.7,25431.75,25413.15,25427.9,25402.77582989002,79.19585366725748
2025-11-07T11:24:00+05:30,25428.3,25432.3,25424.65,25428.3,25409.156872417516,79.32409376510788
2025-11-07T11:27:00+05:30,25428.45,25441.75,25427.6,25440.25,25416.930154313137,82.98064554439159
2025-11-07T11:30:00+05:30,25439.7,25465.85,25439.7,25464.75,25428.885115734854,88.03990352403953
2025-11-07T11:33:00+05:30,25464.65,25471.35,25460.4,25460.7,25436.83883680114,83.26627513353463
2025-11-07T11:36:00+05:30,25460.6,25467.7,25449.5,25451.85,25440.591627600854,73.1541373134258
2025-11-07T11:39:00+05:30,25452.2,25458.15,25440.75,25444.5,25441.56872070064,65.45237501208572
2025-11-07T11:42:00+05:30,25444.45,25453.7,25443.55,25447.15,25442.964040525483,66.91743599866072
2025-11-07T11:45:00+05:30,25446.95,25456.25,25436.65,25443.9,25443.198030394113,63.08938198784319
2025-11-07T11:48:00+05:30,25443.7,25444.4,25425.1,25430.4,25439.998522795584,49.39557982247344
2025-11-07T11:51:00+05:30,25431.45,25441.55,25431.45,25432.3,25438.073892096687,51.13704240993263
2025-11-07T11:54:00+05:30,25431.95,25442.2,25429.6,25441.45,25438.917919072515,59.053895238917576
2025-11-07T11:57:00+05:30,25442.05,25443.15,25432.25,25437.95,25438.675939304387,55.07193518845226
2025-11-07T12:00:00+05:30,25437.75,25449.8,25429.05,25448.6,25441.15695447829,63.74938452857297
2025-11-07T12:03:00+05:30,25448.65,25451,25443.85,25443.85,25441.830215858718,57.92766609666786
2025-11-07T12:06:00+05:30,25443.7,25445.85,25438,25444.65,25442.53516189404,58.6693026059537
2025-11-07T12:09:00+05:30,25445.8,25449.5,25441.6,25443.3,25442.72637142053,56.701508388809266
2025-11-07T12:12:00+05:30,25442.95,25460.05,25442.5,25454.2,25445.5947785654,67.09697705121656
2025-11-07T12:15:00+05:30,25454.85,25457.8,25447.05,25449.95,25446.68358392405,60.49053055850758
2025-11-07T12:18:00+05:30,25450.3,25460.6,25449.85,25457.25,25449.325187943035,67.00142774103543
2025-11-07T12:21:00+05:30,25458.3,25466.15,25450.15,25450.15,25449.531390957276,56.44642482350792
2025-11-07T12:24:00+05:30,25450.55,25465,25449.9,25459.95,25452.136043217957,65.2594580290695
2025-11-07T12:27:00+05:30,25459.85,25462.8,25452.05,25457.15,25453.38953241347,61.13585961311485
2025-11-07T12:30:00+05:30,25456.9,25465.8,25456.85,25464.1,25456.0671493101,67.1472881519953
2025-11-07T12:33:00+05:30,25464.65,25468.7,25459.8,25460.45,25457.162861982575,61.334453468890715
2025-11-07T12:36:00+05:30,25459.15,25472.2,25458.2,25469.45,25460.234646486933,69.043601106577
2025-11-07T12:39:00+05:30,25469.15,25484.45,25469.15,25481.9,25465.6509848652,76.57972239950449
2025-11-07T12:42:00+05:30,25481.8,25483.2,25475.8,25482.6,25469.8882386489,76.94783830349024
2025-11-07T12:45:00+05:30,25483.05,25489.35,25478.9,25479.65,25472.328678986676,71.42793579092898
2025-11-07T12:48:00+05:30,25479.85,25501.55,25474.5,25499.25,25479.05900924001,81.63811087831574
2025-11-07T12:51:00+05:30,25501,25502.65,25474.95,25475.55,25478.181756930007,54.276466126582534
2025-11-07T12:54:00+05:30,25475.75,25483.85,25473.9,25473.9,25477.111317697505,52.83806973466841
2025-11-07T12:57:00+05:30,25473.85,25492.95,25472.55,25491.25,25480.64598827313,64.40902534064507
2025-11-07T13:00:00+05:30,25491.5,25499.8,25489,25491.35,25483.321991204844,64.46764576380883
2025-11-07T13:03:00+05:30,25491.45,25497.25,25488.9,25492.7,25485.666493403634,65.36609004662951
2025-11-07T13:06:00+05:30,25493,25494.2,25479.5,25481.5,25484.624870052725,52.51401069306154
2025-11-07T13:09:00+05:30,25481.7,25490.05,25481.15,25488.15,25485.506152539543,58.20624415575055
2025-11-07T13:12:00+05:30,25488,25490.7,25477.75,25486.3,25485.704614404658,56.02649006136718
2025-11-07T13:15:00+05:30,25487.5,25497.05,25483.75,25491.8,25487.228460803493,61.081600499134616
2025-11-07T13:18:00+05:30,25492.5,25494.2,25483.65,25485.7,25486.846345602622,53.172286979282184
2025-11-07T13:21:00+05:30,25485.8,25494.7,25485.15,25490.7,25487.809759201966,58.33192018597909
2025-11-07T13:24:00+05:30,25490.25,25526.85,25488.45,25525.2,25497.157319401475,77.91806326255423
2025-11-07T13:27:00+05:30,25526.15,25540.85,25526.15,25531.2,25505.667989551104,79.84071047428786
2025-11-07T13:30:00+05:30,25531.8,25538.95,25526,25535.8,25513.20099216333,81.29724690805403
2025-11-07T13:33:00+05:30,25535.65,25545,25533.35,25540.55,25520.038244122497,82.79481965203505
2025-11-07T13:36:00+05:30,25540.25,25543.2,25533.75,25535,25523.778683091874,74.64700844307352
2025-11-07T13:39:00+05:30,25534.2,25545.05,25533.95,25537.95,25527.321512318907,76.10520770883907
2025-11-07T13:42:00+05:30,25538.6,25547.85,25534,25537.05,25529.75363423918,74.57845627674212
2025-11-07T13:45:00+05:30,25537.2,25551.25,25534,25534,25530.815225679384,69.09792002850986
2025-11-07T13:48:00+05:30,25534.2,25538.65,25524,25524.3,25529.18641925954,54.29390738538201
2025-11-07T13:51:00+05:30,25524.7,25528,25521.5,25524.7,25528.064814444653,54.76021239031557
2025-11-07T13:54:00+05:30,25524.55,25527.95,25509.8,25511,25523.798610833488,38.901454042171935
2025-11-07T13:57:00+05:30,25510.8,25510.8,25491.35,25492.85,25516.061458125114,26.872746521719435
2025-11-07T14:00:00+05:30,25493.9,25496.55,25474.85,25482.8,25507.746093593836,22.39859979237785
2025-11-07T14:03:00+05:30,25482.25,25482.75,25459.75,25459.75,25495.74707019538,15.495376101315202
2025-11-07T14:06:00+05:30,25460.95,25477.9,25456.6,25473.55,25490.197802646533,30.464392833418657
2025-11-07T14:09:00+05:30,25473.95,25482.95,25468.75,25476.4,25486.7483519849,33.310698469382345
2025-11-07T14:12:00+05:30,25476.65,25481,25471.65,25474.4,25483.661263988677,32.230572936133186
2025-11-07T14:15:00+05:30,25474,25483.45,25469.3,25474.95,25481.483447991508,32.92833771970484
2025-11-07T14:18:00+05:30,25474.6,25490.35,25474.1,25489.95,25483.600085993632,49.47920533670296
2025-11-07T14:21:00+05:30,25489.5,25513.55,25487.2,25512.5,25490.825064495224,64.73972853570069
2025-11-07T14:24:00+05:30,25513.15,25522.35,25512.85,25521,25498.36879837142,68.87435919521896
2025-11-07T14:27:00+05:30,25521.3,25536.65,25521.3,25533.65,25507.189098778566,74.13946359912092
2025-11-07T14:30:00+05:30,25533.2,25540.5,25526.8,25531.05,25513.154324083924,71.24945046014417
2025-11-07T14:33:00+05:30,25530.65,25534.1,25516.75,25520.6,25515.01574306294,60.23872614220695
2025-11-07T14:36:00+05:30,25521.2,25524.5,25515.3,25517.35,25515.599307297205,57.040343900434905
2025-11-07T14:39:00+05:30,25518.2,25519.6,25507.75,25513.9,25515.174480472902,53.521002872591154
2025-11-07T14:42:00+05:30,25513.7,25518.8,25510.8,25512.75,25514.56836035468,52.26690470392314
2025-11-07T14:45:00+05:30,25512.85,25513.8,25501.3,25508.45,25513.03877026601,47.41977961988023
2025-11-07T14:48:00+05:30,25508.95,25511.75,25499.1,25499.55,25509.666577699507,38.7436453082604
2025-11-07T14:51:00+05:30,25500.85,25502.55,25494.7,25497.1,25506.52493327463,36.593379626087916
2025-11-07T14:54:00+05:30,25497.15,25503.6,25494.8,25499.6,25504.793699955975,40.52309179698165
2025-11-07T14:57:00+05:30,25500.5,25504.05,25484.6,25490.2,25501.14527496698,31.861040903283367
2025-11-07T15:00:00+05:30,25490.1,25496.75,25478.9,25479.05,25495.621456225235,24.587752690565296
2025-11-07T15:03:00+05:30,25480.15,25482.5,25473.1,25479.4,25491.566092168927,25.212978704884023
2025-11-07T15:06:00+05:30,25479.95,25486.65,25474,25482.45,25489.287069126694,31.026706644898
2025-11-07T15:09:00+05:30,25482.75,25483.65,25476.85,25482.3,25487.54030184502,30.888931914648907
2025-11-07T15:12:00+05:30,25481.75,25487.4,25477.6,25486.85,25487.367726383764,40.27450087383537
2025-11-07T15:15:00+05:30,25486.6,25513.25,25485.75,25511.5,25493.400794787824,67.86103714161072
2025-11-07T15:18:00+05:30,25510.75,25512.2,25496.5,25502.25,25495.613096090867,56.446768941010184
2025-11-07T15:21:00+05:30,25501.35,25516.1,25496.9,25498.25,25496.27232206815,52.03148301665145
2025-11-07T15:24:00+05:30,25498.1,25501.05,25495.85,25499,25496.954241551113,52.838450202445934
2025-11-07T15:27:00+05:30,25497.25,25511.75,25496.5,25510.8,25500.415681163337,63.96560934233128
2025-11-07T15:30:00+05:30,25510.05,25510.05,25492.3,25492.3,25498.3867608725,44.68271270512005
2025-11-10T09:06:00+05:30,25503.5,25503.5,25503.5,25503.5,25499.665070654377,54.393336276017926
2025-11-10T09:15:00+05:30,25522.05,25591.45,25515.8,25546.7,25511.423802990783,74.52068332139923
2025-11-10T09:18:00+05:30,25548.55,25574.1,25548.15,25560.45,25523.680352243086,78.10828173265605
2025-11-10T09:21:00+05:30,25560.85,25565.7,25527.95,25529.9,25525.235264182316,57.22294232736851
2025-11-10T09:24:00+05:30,25529.85,25537.05,25515.3,25531.55,25526.813948136736,57.931733963609254
2025-11-10T09:27:00+05:30,25530.75,25541.3,25524.6,25539.25,25529.92296110255,61.41274301798965
2025-11-10T09:30:00+05:30,25539.6,25561.9,25538.65,25556.2,25536.492220826913,68.17568128829919
2025-11-10T09:33:00+05:30,25555.9,25570.7,25542.55,25569.95,25544.856665620184,72.7034037454961
2025-11-10T09:36:00+05:30,25570.1,25578.25,25566.65,25575.35,25552.47999921514,74.37388390861929
2025-11-10T09:39:00+05:30,25574.8,25579.15,25556.75,25565.65,25555.772499411352,65.91968064300721
2025-11-10T09:42:00+05:30,25566.35,25566.35,25543.55,25552.75,25555.016874558514,56.036669114946974
2025-11-10T09:45:00+05:30,25553.2,25570.95,25548.7,25570.95,25559.000155918886,64.73838459215098
2025-11-10T09:48:00+05:30,25571.4,25583.15,25570.95,25576.05,25563.262616939166,66.88143032723535
2025-11-10T09:51:00+05:30,25575.75,25593.5,25574.45,25589.75,25569.884462704373,72.18025511123604
2025-11-10T09:54:00+05:30,25589.95,25595.75,25578.55,25579.6,25572.313347028277,63.4109618780494
2025-11-10T09:57:00+05:30,25579.3,25583.65,25565.05,25568.1,25571.26001027121,54.63672374728032
2025-11-10T10:00:00+05:30,25568.2,25575.35,25560.95,25561.5,25568.820007703405,50.00393846016785
2025-11-10T10:03:00+05:30,25559.55,25564.65,25552.3,25553.2,25564.915005777555,44.47145857581667
2025-11-10T10:06:00+05:30,25552.8,25566.85,25552.8,25562.15,25564.223754333165,51.256110128505824
2025-11-10T10:09:00+05:30,25562.3,25571.25,25558.65,25570.05,25565.680315749873,56.70379479486416
2025-11-10T10:12:00+05:30,25570.25,25579.55,25569.1,25576,25568.260236812406,60.57543792311544
2025-11-10T10:15:00+05:30,25575.9,25598.1,25575.2,25594,25574.695177609305,70.03319668242956
2025-11-10T10:18:00+05:30,25594.1,25611.65,25591.4,25611.2,25583.821383206978,76.35640623370945
2025-11-10T10:21:00+05:30,25611.4,25615.85,25605.75,25614.7,25591.541037405234,77.48430198178684
2025-11-10T10:24:00+05:30,25614.5,25619.9,25609.7,25616,25597.655778053926,77.94031462326807
2025-11-10T10:27:00+05:30,25614.7,25622.05,25612.8,25615.6,25602.141833540445,77.37775183311409
2025-11-10T10:30:00+05:30,25615.35,25623.3,25612.05,25619.7,25606.531375155333,79.17521511474051
2025-11-10T10:33:00+05:30,25618.85,25625.25,25611.55,25612.85,25608.111031366498,68.55746457664053
2025-11-10T10:36:00+05:30,25612.75,25614.65,25603.8,25608.35,25608.17077352487,62.16780753055257
2025-11-10T10:39:00+05:30,25607.9,25610.35,25601.1,25607.55,25608.015580143652,60.98885173834949
2025-11-10T10:42:00+05:30,25607.25,25607.55,25598.45,25601.45,25606.37418510774,52.18514614500779
2025-11-10T10:45:00+05:30,25600.85,25601.7,25592.6,25601.7,25605.205638830805,52.51289989293245
2025-11-10T10:48:00+05:30,25601.15,25605.8,25594.05,25594.5,25602.5292291231,42.68244893870769
2025-11-10T10:51:00+05:30,25595.1,25605.9,25587.75,25605.15,25603.18442184233,56.6777524091914
2025-11-10T10:54:00+05:30,25605.45,25611.95,25601.05,25610.7,25605.063316381747,62.27768945259291
2025-11-10T10:57:00+05:30,25610.5,25614.45,25608.2,25612.2,25606.84748728631,63.75497887177875
2025-11-10T11:00:00+05:30,25612.8,25627,25610.25,25623.7,25611.060615464732,73.1574890320219
2025-11-10T11:03:00+05:30,25623.5,25632,25623.1,25627.85,25615.25796159855,75.80049960285906
2025-11-10T11:06:00+05:30,25626.75,25628.4,25619.55,25623.2,25617.24347119891,67.15648726257051
2025-11-10T11:09:00+05:30,25622.25,25625,25617.85,25619.55,25617.820103399183,60.806405163008286
2025-11-10T11:12:00+05:30,25618.5,25629.9,25617.1,25629.9,25620.840077549386,70.14534701386744
2025-11-10T11:15:00+05:30,25629.1,25632.5,25625.95,25628.3,25622.70505816204,67.25510474367717
2025-11-10T11:18:00+05:30,25627.95,25637.05,25627.55,25636.8,25626.22879362153,73.91627734151308
2025-11-10T11:21:00+05:30,25636.25,25641.75,25633.5,25640.15,25629.709095216145,76.14736256125384
2025-11-10T11:24:00+05:30,25638.7,25650.6,25637.7,25650.15,25634.81932141211,81.62191697831491
2025-11-10T11:27:00+05:30,25649.75,25651.95,25645.15,25649.8,25638.56449105908,80.86406779245232
2025-11-10T11:30:00+05:30,25649.1,25649.35,25641.55,25642.6,25639.57336829431,66.12824926129926
2025-11-10T11:33:00+05:30,25642.5,25645.65,25637.8,25640,25639.680026220733,61.41338335705096
2025-11-10T11:36:00+05:30,25639.55,25643.9,25638.95,25641,25640.010019665548,62.60961610204269
2025-11-10T11:39:00+05:30,25639.35,25641.95,25631.65,25631.95,25637.99501474916,47.16990000274924
2025-11-10T11:42:00+05:30,25633,25637.3,25629.75,25633,25636.74626106187,48.87640348039493
2025-11-10T11:45:00+05:30,25632.75,25644.5,25631.65,25632.2,25635.609695796404,47.512202413152295
2025-11-10T11:48:00+05:30,25632.6,25635.9,25628.8,25633.2,25635.007271847302,49.5650992103521
2025-11-10T11:51:00+05:30,25631.6,25637.55,25628.5,25629.55,25633.642953885475,42.48856675538138
2025-11-10T11:54:00+05:30,25629.4,25634.35,25624.45,25625.95,25631.719715414107,36.49323390117126
2025-11-10T11:57:00+05:30,25624.75,25627.5,25619.05,25620.85,25629.00228656058,29.591958065526683
2025-11-10T12:00:00+05:30,25620.2,25631.45,25620.2,25626.45,25628.364214920435,43.322619172528846
2025-11-10T12:03:00+05:30,25625.25,25628.95,25620.05,25622.15,25626.810661190328,36.879686154434665
2025-11-10T12:06:00+05:30,25621.7,25626.2,25618.75,25620.35,25625.195495892745,34.38246631463815
2025-11-10T12:09:00+05:30,25620.5,25629.8,25619.45,25628.35,25625.98412191956,51.43407903653652
2025-11-10T12:12:00+05:30,25627.75,25633.5,25621.75,25624.3,25625.563091439668,44.59027543028389
2025-11-10T12:15:00+05:30,25623.1,25632.85,25621.85,25623.85,25625.13481857975,43.83420203636279
2025-11-10T12:18:00+05:30,25623.4,25632.1,25620.3,25628.7,25626.026113934815,53.704656061961174
2025-11-10T12:21:00+05:30,25628.2,25634.95,25624.3,25634.85,25628.232085451113,63.257175006153616
2025-11-10T12:24:00+05:30,25634.5,25639.8,25630.8,25636.95,25630.411564088336,66.04802565108871
2025-11-10T12:27:00+05:30,25637.35,25639.45,25631.15,25633.05,25631.07117306625,56.7144163026705
2025-11-10T12:30:00+05:30,25634.15,25641.9,25630.55,25633.95,25631.79087979969,58.300919495702026
2025-11-10T12:33:00+05:30,25633.6,25637.1,25632.45,25633.85,25632.305659849768,58.025230881950336
2025-11-10T12:36:00+05:30,25633.65,25638.65,25629.7,25638.25,25633.791744887327,66.22403722971907
2025-11-10T12:39:00+05:30,25637.4,25639.65,25635.7,25636.95,25634.581308665496,62.04652940296656
2025-11-10T12:42:00+05:30,25636.25,25647.3,25636.25,25646.15,25637.473481499124,75.04417744435628
2025-11-10T12:45:00+05:30,25644.3,25646.5,25639.45,25644.05,25639.117611124344,68.77220047748622
2025-11-10T12:48:00+05:30,25644.55,25648.2,25643.2,25646.2,25640.888208343258,71.60665781306295
2025-11-10T12:51:00+05:30,25645.5,25649.9,25644.65,25648.05,25642.67865625744,73.97777504514515
2025-11-10T12:54:00+05:30,25647.2,25652.15,25643.8,25648.15,25644.046492193083,74.11409983704746
2025-11-10T12:57:00+05:30,25647.95,25650.8,25645.85,25647.2,25644.83486914481,70.04695116077858
2025-11-10T13:00:00+05:30,25647.55,25653.45,25647.55,25650.95,25646.36365185861,76.08963495768911
2025-11-10T13:03:00+05:30,25651.8,25652.9,25638.9,25640.35,25644.860238893958,45.69155470772852
2025-11-10T13:06:00+05:30,25639.55,25641.25,25631.4,25635.9,25642.62017917047,38.21422331055368
2025-11-10T13:09:00+05:30,25635.7,25639.35,25632.2,25637.7,25641.390134377853,42.643687543095325
2025-11-10T13:12:00+05:30,25637.6,25639.95,25629.1,25630.25,25638.60510078339,31.67771614314711
2025-11-10T13:15:00+05:30,25630.75,25638.95,25629.95,25633.85,25637.41632558754,40.328445511794335
2025-11-10T13:18:00+05:30,25633.65,25636.9,25625.9,25627,25634.812244190653,31.48011206779408
2025-11-10T13:21:00+05:30,25626.6,25636.05,25624.35,25633.85,25634.57168314299,45.444843653690654
2025-11-10T13:24:00+05:30,25633.3,25642.95,25632.35,25638.9,25635.653762357244,53.581638262185436
2025-11-10T13:27:00+05:30,25638.4,25639.9,25634.1,25638.25,25636.30282176793,52.40786877404524
2025-11-10T13:30:00+05:30,25637.65,25642.6,25632.65,25634.7,25635.90211632595,45.98868764285124
2025-11-10T13:33:00+05:30,25634.5,25638.95,25632.9,25635.2,25635.726587244462,47.054307261056934
2025-11-10T13:36:00+05:30,25635.15,25639.65,25634,25638.7,25636.469940433348,54.40137514737281
2025-11-10T13:39:00+05:30,25638.15,25638.8,25631.15,25632.9,25635.577455325012,42.893782044472026
2025-11-10T13:42:00+05:30,25631.55,25633.95,25607.55,25607.55,25628.570591493757,20.63562983414164
2025-11-10T13:45:00+05:30,25607.25,25609.55,25582,25583.45,25617.290443620317,13.097440183524938
2025-11-10T13:48:00+05:30,25582.75,25612.65,25579.5,25604.25,25614.030332715236,36.46665552298409
2025-11-10T13:51:00+05:30,25604.55,25609.55,25603.45,25608.1,25612.547749536425,39.953582457592155
2025-11-10T13:54:00+05:30,25608.3,25609.95,25603.45,25605.95,25610.89831215232,38.57426783259709
2025-11-10T13:57:00+05:30,25605.25,25606.9,25598.95,25599.95,25608.16123411424,34.676609047935855
2025-11-10T14:00:00+05:30,25599.8,25604.7,25597.4,25604.7,25607.29592558568,40.25250869292569
2025-11-10T14:03:00+05:30,25603.9,25623.35,25602.65,25623.35,25611.30944418926,57.04713600125819
2025-11-10T14:06:00+05:30,25623.6,25625.3,25610.35,25614.4,25612.082083141948,49.29001393133036
2025-11-10T14:09:00+05:30,25614.1,25617.85,25612.8,25617,25613.31156235646,51.52405014954536
2025-11-10T14:12:00+05:30,25615.9,25621.05,25611.85,25618.9,25614.708671767345,53.27888776074703
2025-11-10T14:15:00+05:30,25620.2,25626.1,25620.2,25625.35,25617.369003825508,59.137425539054966
2025-11-10T14:18:00+05:30,25624.8,25626.15,25620.85,25622.05,25618.53925286913,55.01936567460081
2025-11-10T14:21:00+05:30,25621.8,25641.8,25615.45,25641.8,25624.35443965185,69.73481492284145
2025-11-10T14:24:00+05:30,25640.8,25649.45,25633.85,25638.85,25627.978329738886,65.97366810552344
2025-11-10T14:27:00+05:30,25638.2,25639.9,25633.7,25636.8,25630.183747304163,63.20970017974761
2025-11-10T14:30:00+05:30,25636.9,25641.7,25626.25,25629.75,25630.07531047812,54.113678795192634
2025-11-10T14:33:00+05:30,25629.3,25629.5,25622.7,25624.2,25628.60648285859,47.796611455740184
2025-11-10T14:36:00+05:30,25623.85,25636.8,25623.6,25631.7,25629.379862143942,55.9109679052716
2025-11-10T14:39:00+05:30,25631.45,25631.75,25621.4,25623.4,25627.884896607957,46.565818534506796
2025-11-10T14:42:00+05:30,25622.85,25623.2,25601.15,25602.75,25621.60117245597,31.354240367821745
2025-11-10T14:45:00+05:30,25603.5,25613.2,25596.65,25604.65,25617.363379341976,33.679829559320325
2025-11-10T14:48:00+05:30,25603.8,25610.7,25601.6,25602.95,25613.760034506482,32.529457779432605
2025-11-10T14:51:00+05:30,25602.35,25608.45,25596.25,25602.9,25611.045025879863,32.491377131778364
2025-11-10T14:54:00+05:30,25602.35,25614.25,25600.2,25612.65,25611.4462694099,46.68926063922422
2025-11-10T14:57:00+05:30,25611.7,25612.15,25601.95,25605.9,25610.059702057424,39.90987052997005
2025-11-10T15:00:00+05:30,25606,25606.85,25583.95,25584.85,25603.757276543067,26.114144757804425
2025-11-10T15:03:00+05:30,25584.25,25592.45,25583.7,25588.85,25600.0304574073,31.373255458869252
2025-11-10T15:06:00+05:30,25588.55,25589.35,25579.6,25581.1,25595.297843055476,27.025084861491266
2025-11-10T15:09:00+05:30,25581.25,25582.2,25567.45,25568.55,25588.610882291607,21.417206077580275
2025-11-10T15:12:00+05:30,25568.8,25572.3,25562.1,25565.45,25582.820661718706,20.208737160769957
2025-11-10T15:15:00+05:30,25565.05,25575.35,25563.55,25571.75,25580.05299628903,29.623817290564233
2025-11-10T15:18:00+05:30,25572.1,25573.9,25564.3,25567.5,25576.91474721677,27.106503509548475
2025-11-10T15:21:00+05:30,25567.15,25572.8,25563.6,25569.15,25574.973560412578,29.8081278635144
2025-11-10T15:24:00+05:30,25570.2,25575.3,25567.6,25574.15,25574.767670309433,37.93983875095459
2025-11-10T15:27:00+05:30,25574.2,25579.05,25567,25574.25,25574.638252732075,38.10714509319515
2025-11-10T15:30:00+05:30,25575.3,25575.3,25574.35,25574.35,25574.566189549056,38.301199279835835
2025-11-11T09:06:00+05:30,25617,25617,25617,25617,25585.174642161794,75.89970837768693
2025-11-11T09:15:00+05:30,25620,25637.6,25558.35,25559.85,25578.843481621345,38.86990658620547
2025-11-11T09:18:00+05:30,25560.75,25571.4,25526.35,25526.6,25565.782611216007,29.20009939825617
2025-11-11T09:21:00+05:30,25525.7,25544.9,25513.35,25534.35,25557.924458412006,33.686161945296135
2025-11-11T09:24:00+05:30,25531.9,25540,25516.6,25517.1,25547.718343809003,28.926625694567377
2025-11-11T09:27:00+05:30,25517.7,25529.3,25513.85,25526.6,25542.43875785675,34.84174922878216
2025-11-11T09:30:00+05:30,25527.25,25528.1,25511.1,25516.5,25535.954068392562,31.58161298660363
2025-11-11T09:33:00+05:30,25517.6,25517.65,25499.4,25505.85,25528.42805129442,28.3215375479257
2025-11-11T09:36:00+05:30,25505.05,25511.75,25488.9,25509.65,25523.733538470817,31.274722346063072
2025-11-11T09:39:00+05:30,25509.5,25523.25,25500.35,25521.95,25523.287653853113,40.527763957384025
2025-11-11T09:42:00+05:30,25522.75,25532.6,25516.55,25529.65,25524.878240389837,45.85228502408882
2025-11-11T09:45:00+05:30,25529.45,25532.8,25514.95,25520.05,25523.67118029238,40.56917391689611
2025-11-11T09:48:00+05:30,25519.8,25520.5,25486.65,25495.45,25516.615885219282,30.175058315334397
2025-11-11T09:51:00+05:30,25496.2,25501.5,25491.3,25493.55,25510.84941391446,29.494144010521822
2025-11-11T09:54:00+05:30,25493.85,25504.6,25491.35,25503.75,25509.074560435845,38.22488779256169
2025-11-11T09:57:00+05:30,25503.7,25519.8,25502.15,25519.05,25511.568420326883,49.227434293297456
2025-11-11T10:00:00+05:30,25517.85,25521.4,25511.85,25520.3,25513.75131524516,50.07498030871243
2025-11-11T10:03:00+05:30,25519.25,25528.05,25514.55,25517,25514.56348643387,47.62630189242706
2025-11-11T10:06:00+05:30,25516.3,25521.65,25507.95,25518.45,25515.535114825405,48.90707610486899
2025-11-11T10:09:00+05:30,25517.25,25537.4,25514.9,25530.2,25519.201336119055,58.50131132564158
2025-11-11T10:12:00+05:30,25532.15,25532.15,25501.95,25501.95,25514.888502089292,38.31838372249807
2025-11-11T10:15:00+05:30,25502.3,25509.2,25497.2,25508.75,25513.35387656697,43.76655213505419
2025-11-11T10:18:00+05:30,25507.85,25512.3,25504.4,25508.65,25512.177907425226,43.70032783898782
2025-11-11T10:21:00+05:30,25507.85,25509.3,25491.25,25492.35,25507.220930568918,33.93551621282785
2025-11-11T10:24:00+05:30,25493.8,25501.95,25487.6,25500.95,25505.653197926687,41.92350116343039
2025-11-11T10:27:00+05:30,25500.8,25501.75,25490.4,25491.9,25502.214898445018,36.50457312245849
2025-11-11T10:30:00+05:30,25490.8,25492.05,25484.55,25485.65,25498.073673833765,33.06142550880652
2025-11-11T10:33:00+05:30,25480.45,25482.25,25466.1,25469.8,25491.005255375323,25.848132447881326
2025-11-11T10:36:00+05:30,25470.3,25470.85,25449.25,25459.6,25483.15394153149,22.210001802411597
2025-11-11T10:39:00+05:30,25458.35,25461.2,25452.95,25459.05,25477.12795614862,22.015071868703288
2025-11-11T10:42:00+05:30,25458.75,25461.45,25453.3,25458.2,25472.395967111464,21.672119074702564
2025-11-11T10:45:00+05:30,25458.3,25462.4,25452.05,25461.2,25469.5969753336,26.393607094045365
2025-11-11T10:48:00+05:30,25462.35,25464.6,25451.8,25460.6,25467.3477315002,26.027530249057662
2025-11-11T10:51:00+05:30,25459.75,25477.55,25459.3,25476.45,25469.62329862515,48.17905576831927
2025-11-11T10:54:00+05:30,25474.7,25485.8,25473.5,25483.5,25473.092473968863,55.148763712898955
2025-11-11T10:57:00+05:30,25483.65,25487.6,25473.3,25486.6,25476.46935547665,58.043617669478074
2025-11-11T11:00:00+05:30,25486.55,25494.05,25481.6,25494.05,25480.864516607486,64.47278554912168
2025-11-11T11:03:00+05:30,25494,25494,25476.1,25479.3,25480.473387455615,47.61836721787159
2025-11-11T11:06:00+05:30,25479.2,25488.65,25476.6,25487.9,25482.33004059171,55.52677691952149
2025-11-11T11:09:00+05:30,25487.3,25488.85,25478.15,25480.45,25481.860030443782,48.17582032830679
2025-11-11T11:12:00+05:30,25479.9,25483.25,25474.95,25478.45,25481.007522832835,46.25782682711393
2025-11-11T11:15:00+05:30,25478.55,25483.7,25469.95,25473.4,25479.105642124625,41.402156953564116
2025-11-11T11:18:00+05:30,25472.2,25474.65,25468.45,25470.5,25476.954231593467,38.68181102043863
2025-11-11T11:21:00+05:30,25469.35,25474.1,25466.95,25469.65,25475.1281736951,37.831797447632646
2025-11-11T11:24:00+05:30,25470.1,25472.95,25463.2,25471.75,25474.283630271326,41.53487736861913
2025-11-11T11:27:00+05:30,25470.6,25474.45,25469,25472.55,25473.850222703495,43.042738534007114
2025-11-11T11:30:00+05:30,25473.05,25478.65,25470,25473.7,25473.81266702762,45.404186996948745
2025-11-11T11:33:00+05:30,25473.5,25476.95,25468.45,25468.6,25472.509500270717,37.38476371180213
2025-11-11T11:36:00+05:30,25468.7,25485.45,25467.4,25484.4,25475.482125203038,61.78228314492745
2025-11-11T11:39:00+05:30,25484.65,25491.05,25482.9,25491.05,25479.37409390228,67.92005346277038
2025-11-11T11:42:00+05:30,25491.1,25499.35,25489.55,25496.6,25483.68057042671,72.25815197306895
2025-11-11T11:45:00+05:30,25496.45,25501.15,25495.4,25499.7,25487.685427820034,74.50482214921458
2025-11-11T11:48:00+05:30,25498.9,25507.15,25498.6,25502.2,25491.314070865024,76.30989997345819
2025-11-11T11:51:00+05:30,25501.75,25531.15,25499.3,25530.9,25501.21055314877,87.84036879604471
2025-11-11T11:54:00+05:30,25530.45,25539.85,25527.4,25537.5,25510.28291486158,89.24481979484749
2025-11-11T11:57:00+05:30,25537.45,25538.3,25523.6,25528.05,25514.724686146183,74.81085981252336
2025-11-11T12:00:00+05:30,25527.95,25540.15,25527.9,25536.05,25520.056014609636,78.28031285139733
2025-11-11T12:03:00+05:30,25535.4,25556.45,25526.4,25542.55,25525.679510957227,80.78859790952961
2025-11-11T12:06:00+05:30,25543.3,25543.3,25533.5,25535.05,25528.02213321792,69.91900538296413
2025-11-11T12:09:00+05:30,25534.9,25544.3,25534.6,25537.65,25530.42909991344,71.47140135151167
2025-11-11T12:12:00+05:30,25537.05,25539.75,25529.55,25538.3,25532.39682493508,71.89444893392005
2025-11-11T12:15:00+05:30,25538.2,25547.35,25534.3,25541.7,25534.72261870131,74.2267780902944
2025-11-11T12:18:00+05:30,25541.95,25557.25,25539.05,25555.45,25539.90446402598,81.4785398607909
2025-11-11T12:21:00+05:30,25555.85,25559.85,25552.1,25558.55,25544.565848019487,82.7548263521484
2025-11-11T12:24:00+05:30,25558.1,25561.6,25549.5,25554.95,25547.161886014615,75.68854828760168
2025-11-11T12:27:00+05:30,25554,25575.65,25551.6,25574.3,25553.94641451096,84.1666098161701
2025-11-11T12:30:00+05:30,25573,25585.35,25571.2,25585.35,25561.79731088322,87.15171105440861
2025-11-11T12:33:00+05:30,25584.8,25590.55,25582.6,25584.15,25567.385483162416,85.11853471627896
2025-11-11T12:36:00+05:30,25583.3,25586.85,25571.2,25575.65,25569.451612371813,71.3608962136017
2025-11-11T12:39:00+05:30,25575.15,25577.7,25571.45,25576.35,25571.17620927886,71.79883430277098
2025-11-11T12:42:00+05:30,25575.75,25579.4,25563.15,25572.9,25571.607156959144,65.9960173824111
2025-11-11T12:45:00+05:30,25572.35,25573.85,25565.7,25571.5,25571.580367719358,63.56388268709433
2025-11-11T12:48:00+05:30,25571.45,25581.6,25567.95,25580.6,25573.83527578952,71.52241806603159
2025-11-11T12:51:00+05:30,25580.05,25582.75,25574,25576.05,25574.38895684214,63.43934435205274
2025-11-11T12:54:00+05:30,25575.35,25576.9,25562,25564.1,25571.816717631606,47.12166831113586
2025-11-11T12:57:00+05:30,25561.45,25567.35,25558.85,25567.35,25570.700038223702,51.111618941463064
2025-11-11T13:00:00+05:30,25568.15,25571.55,25561.5,25571.55,25570.912528667777,56.10523579147864
2025-11-11T13:03:00+05:30,25571,25578.5,25565.9,25578.5,25572.809396500834,63.335270053152975
2025-11-11T13:06:00+05:30,25579.6,25580.5,25567.9,25571.45,25572.469547375626,53.00332970589976
2025-11-11T13:09:00+05:30,25571.1,25579,25567.4,25579,25574.10216053172,60.96029425664823
2025-11-11T13:12:00+05:30,25578.35,25588.35,25576.85,25588.35,25577.66412039879,68.63323029754592
2025-11-11T13:15:00+05:30,25587.85,25600.9,25586.8,25599.45,25583.110590299093,75.3447711503218
2025-11-11T13:18:00+05:30,25599.75,25612.95,25598.45,25610.25,25589.89544272432,80.16289805138719
2025-11-11T13:21:00+05:30,25609.8,25613.8,25605.9,25610.8,25595.12158204324,80.39057537154586
2025-11-11T13:24:00+05:30,25611.05,25615.6,25607.2,25613.2,25599.64118653243,81.47310437836268
2025-11-11T13:27:00+05:30,25612.35,25618.05,25605.65,25608.35,25601.818389899323,72.09037362120947
2025-11-11T13:30:00+05:30,25606.85,25620.5,25605.35,25619.65,25606.276292424493,78.74425221272446
2025-11-11T13:33:00+05:30,25618.45,25628.4,25617.45,25628.4,25611.80721931837,82.5109692053008
2025-11-11T13:36:00+05:30,25627.6,25641.65,25624.45,25641.3,25619.180414488776,86.59639027139546
2025-11-11T13:39:00+05:30,25641.95,25648.35,25626.35,25631.55,25622.272810866583,71.80560810336465
2025-11-11T13:42:00+05:30,25630.75,25634.4,25623.3,25626.45,25623.31710814994,65.0276092729315
2025-11-11T13:45:00+05:30,25625.8,25649.7,25625.8,25649.2,25629.787831112455,76.54824576963898
2025-11-11T13:48:00+05:30,25650.55,25670.6,25649.4,25666.15,25638.87837333434,81.76865877276953
2025-11-11T13:51:00+05:30,25664.95,25671.4,25661.75,25670.65,25646.821280000757,82.94458840431815
2025-11-11T13:54:00+05:30,25669.2,25672.8,25655.05,25656.9,25649.34096000057,67.43834513647201
2025-11-11T13:57:00+05:30,25655.55,25655.55,25622.25,25635.05,25645.768220000427,50.08088833034484
2025-11-11T14:00:00+05:30,25634.4,25651.05,25632.35,25643.75,25645.26366500032,55.41193423881298
2025-11-11T14:03:00+05:30,25642.7,25653.55,25630.15,25653.55,25647.335248750238,60.89951950346383
2025-11-11T14:06:00+05:30,25652.4,25660.4,25649.85,25660.4,25650.60143656268,64.46583714653764
2025-11-11T14:09:00+05:30,25658.9,25663.45,25653.6,25657.85,25652.41357742201,62.00947508374411
2025-11-11T14:12:00+05:30,25655.9,25659.05,25644.15,25647.2,25651.110183066507,52.29953030415471
2025-11-11T14:15:00+05:30,25646.4,25663.1,25645.15,25655.3,25652.15763729988,58.11870044114826
2025-11-11T14:18:00+05:30,25655.2,25682.9,25652.05,25679.9,25659.09322797491,70.75839305810672
2025-11-11T14:21:00+05:30,25681.25,25684.05,25669.85,25683.15,25665.107420981185,72.05816263483393
2025-11-11T14:24:00+05:30,25682.75,25692.85,25679.25,25692.6,25671.98056573589,75.71934064667914
2025-11-11T14:27:00+05:30,25691.95,25693.85,25683.35,25690.05,25676.497924301915,72.71967416218638
2025-11-11T14:30:00+05:30,25690.65,25699.9,25688.25,25699.05,25682.135943226436,76.5456230702699
2025-11-11T14:33:00+05:30,25698.25,25698.9,25689.75,25691.5,25684.47695741983,67.30711541381856
2025-11-11T14:36:00+05:30,25690.65,25691.45,25663.1,25665.65,25679.77021806487,45.41318247326087
2025-11-11T14:39:00+05:30,25665.7,25679.05,25653.7,25663.6,25675.727663548652,44.086376809566346
2025-11-11T14:42:00+05:30,25663.3,25669.4,25658.15,25663.45,25672.65824766149,43.9766956178775
2025-11-11T14:45:00+05:30,25662.85,25670,25660.75,25670,25671.993685746118,50.27855005571517
2025-11-11T14:48:00+05:30,25669.4,25678.8,25662.6,25678,25673.49526430959,57.147240125527
2025-11-11T14:51:00+05:30,25676.35,25693.2,25674.75,25678.8,25674.821448232193,57.826932066915354
2025-11-11T14:54:00+05:30,25678.05,25681.85,25670.75,25679.7,25676.041086174144,58.68697402962084
2025-11-11T14:57:00+05:30,25679.35,25683.45,25673.5,25676.55,25676.16831463061,54.175655858516855
2025-11-11T15:00:00+05:30,25677.95,25694.75,25677.95,25694,25680.62623597296,69.38540207396362
2025-11-11T15:03:00+05:30,25693.8,25702.75,25687.8,25694.8,25684.16967697972,69.91941688919191
2025-11-11T15:06:00+05:30,25693.8,25700.65,25679.3,25685.3,25684.45225773479,56.31123246342809
2025-11-11T15:09:00+05:30,25684.85,25692.05,25670.6,25692.05,25686.35169330109,62.38057320184578
2025-11-11T15:12:00+05:30,25690.75,25697.1,25678.55,25694.9,25688.48876997582,64.79006175090213
2025-11-11T15:15:00+05:30,25695.3,25697.55,25690.8,25697.55,25690.754077481863,67.0775193240338
2025-11-11T15:18:00+05:30,25696.8,25701.3,25686.95,25697.9,25692.540558111396,67.4038240752072
2025-11-11T15:21:00+05:30,25698.65,25705.2,25695.35,25704.3,25695.480418583546,73.09305926243545
2025-11-11T15:24:00+05:30,25705.85,25713.3,25698.15,25710.55,25699.247813937658,77.55611321263038
2025-11-11T15:27:00+05:30,25709.25,25715.8,25703.05,25705.55,25700.823360453243,67.15908211437977
2025-11-11T15:30:00+05:30,25705.6,25705.6,25694.95,25694.95,25699.35502033993,50.43599215169834
2025-11-12T09:06:00+05:30,25834.3,25834.3,25834.3,25834.3,25733.09126525495,89.71506490450165
2025-11-12T09:15:00+05:30,25822.6,25837.3,25804.45,25813.1,25753.09344894121,78.65189285599129
2025-11-12T09:18:00+05:30,25811.7,25820.15,25805.4,25820.15,25769.857586705908,79.62660792318653
2025-11-12T09:21:00+05:30,25820.5,25832.9,25820.25,25825.75,25783.83069002943,80.45365378368213
2025-11-12T09:24:00+05:30,25826.75,25850.2,25822.65,25825.3,25794.198017522074,80.14863005257806
2025-11-12T09:27:00+05:30,25825.05,25826.9,25791.1,25794,25794.148513141554,61.29179471895273
2025-11-12T09:30:00+05:30,25792.75,25799.6,25787.15,25795.85,25794.573884856167,61.90975512553071
2025-11-12T09:33:00+05:30,25795.3,25804.7,25783.15,25790.25,25793.492913642127,58.60560438730942
2025-11-12T09:36:00+05:30,25790.3,25796,25781.15,25793.85,25793.582185231593,60.198761530374306
2025-11-12T09:39:00+05:30,25795.1,25846.35,25783.75,25845.7,25806.611638923696,75.82985531625309
2025-11-12T09:42:00+05:30,25844.65,25851.2,25837.4,25844.75,25816.14622919277,75.19857243415314
2025-11-12T09:45:00+05:30,25845,25857.95,25843.7,25852.75,25825.297171894577,77.073700438281
2025-11-12T09:48:00+05:30,25853.8,25855.9,25847.9,25849.4,25831.32287892093,74.32827347267468
2025-11-12T09:51:00+05:30,25849.2,25860.75,25846.5,25857.15,25837.7796591907,76.5798988549246
2025-11-12T09:54:00+05:30,25855.9,25856.8,25848.7,25853.9,25841.809744393024,73.4289815122798
2025-11-12T09:57:00+05:30,25854.85,25861.2,25853.7,25856.85,25845.569808294767,74.53839500410598
2025-11-12T10:00:00+05:30,25859.4,25864.45,25851.4,25854.85,25847.889856221074,72.15547586165493
2025-11-12T10:03:00+05:30,25855.55,25855.55,25844.1,25850.75,25848.604892165808,67.03038429633047
2025-11-12T10:06:00+05:30,25851.95,25858.05,25846.15,25846.15,25847.991169124354,61.3285355475921
2025-11-12T10:09:00+05:30,25847.1,25849.2,25839.25,25841.75,25846.430876843267,56.01157539235377
2025-11-12T10:12:00+05:30,25841.95,25845.4,25836.2,25839.85,25844.78565763245,53.66756043041468
2025-11-12T10:15:00+05:30,25839.75,25852.55,25835.95,25848.3,25845.664243224335,61.93323746630723
2025-11-12T10:18:00+05:30,25847.6,25849.7,25836.25,25840.25,25844.31068241825,51.68510701498996
2025-11-12T10:21:00+05:30,25839.75,25840.15,25832.1,25836.6,25842.383011813687,47.52515625997898
2025-11-12T10:24:00+05:30,25836.4,25841.35,25829.95,25835.75,25840.724758860266,46.50814757327235
2025-11-12T10:27:00+05:30,25835.95,25841.25,25833.05,25840.3,25840.618569145197,52.814124623756484
2025-11-12T10:30:00+05:30,25840.2,25850.1,25835.45,25850.1,25842.988926858896,63.59755179102535
2025-11-12T10:33:00+05:30,25850.15,25861.4,25847.05,25854.7,25845.916695144173,67.64651977498562
2025-11-12T10:36:00+05:30,25854.75,25866,25853.2,25864.7,25850.61252135813,74.76523951074687
2025-11-12T10:39:00+05:30,25864.65,25875.3,25864.65,25873.25,25856.271891018598,79.30694018785613
2025-11-12T10:42:00+05:30,25873.85,25878,25870.6,25871.65,25860.116418263948,76.30851657081146
2025-11-12T10:45:00+05:30,25871.4,25874.75,25866.65,25871.85,25863.04981369796,76.43842666140746
2025-11-12T10:48:00+05:30,25872.1,25876.1,25869,25870.65,25864.949860273467,73.61288002184855
2025-11-12T10:51:00+05:30,25870.75,25876.55,25870.05,25875.1,25867.4873952051,77.25101147654125
2025-11-12T10:54:00+05:30,25875.3,25877.15,25871.4,25873.05,25868.878046403825,71.92151862446308
2025-11-12T10:57:00+05:30,25872.9,25875.7,25863.9,25865.35,25867.99603480287,55.22573322206859
2025-11-12T11:00:00+05:30,25865.45,25872.7,25862.95,25872.7,25869.17202610215,64.42303278624374
2025-11-12T11:03:00+05:30,25872.1,25874.8,25865.8,25873.15,25870.166519576615,64.93748714554131
2025-11-12T11:06:00+05:30,25873.35,25882.65,25872,25881.25,25872.93738968246,73.10469626935019
2025-11-12T11:09:00+05:30,25881.1,25883.15,25877.2,25878.85,25874.415542261846,67.65695935239663
2025-11-12T11:12:00+05:30,25877.75,25884.2,25873.65,25881.9,25876.286656696386,70.87487085611139
2025-11-12T11:15:00+05:30,25882.6,25884.75,25879.2,25881.2,25877.51499252229,69.03574167609773
2025-11-12T11:18:00+05:30,25881.55,25883.9,25878.5,25879.9,25878.11124439172,65.36096851883775
2025-11-12T11:21:00+05:30,25880,25886.65,25879.15,25885.35,25879.92093329379,72.51632511749001
2025-11-12T11:24:00+05:30,25884.8,25889.6,25882.85,25885,25881.190699970342,71.41110288122165
2025-11-12T11:27:00+05:30,25885.45,25891.6,25884.2,25887.1,25882.668024977756,74.16713595464171
2025-11-12T11:30:00+05:30,25886.85,25890.8,25884.35,25887.4,25883.851018733316,74.5756302247601
2025-11-12T11:33:00+05:30,25886.55,25900.55,25885.75,25895.65,25886.800764049985,83.1328750363926
2025-11-12T11:36:00+05:30,25895.95,25897.85,25890.45,25892.7,25888.27557303749,72.89734517481565
2025-11-12T11:39:00+05:30,25893,25895.05,25888.8,25891.9,25889.181679778118,70.16416869897336
2025-11-12T11:42:00+05:30,25892.4,25895.65,25888.25,25892.35,25889.97375983359,70.88065337216334
2025-11-12T11:45:00+05:30,25892.4,25900.1,25892.25,25898.8,25892.18031987519,79.22378620112721
2025-11-12T11:48:00+05:30,25898.2,25901.4,25894.15,25895.6,25893.035239906392,67.95435760060326
2025-11-12T11:51:00+05:30,25895.75,25897.4,25892.35,25897.15,25894.063929929795,70.33868156169444
2025-11-12T11:54:00+05:30,25897.1,25903.25,25895.95,25902.75,25896.235447447347,77.42011435437458
2025-11-12T11:57:00+05:30,25901.4,25907.85,25892.65,25893.15,25895.46408558551,52.39989554979434
2025-11-12T12:00:00+05:30,25892.5,25894.15,25886.9,25887.4,25893.448064189135,42.746479045259896
2025-11-12T12:03:00+05:30,25887.8,25895.55,25886.7,25892.95,25893.323548141852,52.58328331186665
2025-11-12T12:06:00+05:30,25893.1,25895.95,25889.25,25895.75,25893.93016110639,56.937981411973404
2025-11-12T12:09:00+05:30,25895.7,25901.3,25893.8,25895.3,25894.27262082979,55.97411885181818
2025-11-12T12:12:00+05:30,25895.75,25895.75,25886.1,25888.75,25892.891965622344,43.47614416346109
2025-11-12T12:15:00+05:30,25887.9,25892.55,25887.5,25889.95,25892.156474216757,46.05082793136805
2025-11-12T12:18:00+05:30,25889.75,25892.5,25887.15,25892.45,25892.22985566257,51.42833130213982
2025-11-12T12:21:00+05:30,25892.15,25894.4,25890.35,25891.85,25892.134891746926,50.03195830957321
2025-11-12T12:24:00+05:30,25891.4,25897,25891.05,25896.45,25893.213668810196,59.79585560553453
2025-11-12T12:27:00+05:30,25895.85,25901.8,25893.7,25897.75,25894.347751607645,62.229283104276924
2025-11-12T12:30:00+05:30,25897.6,25905.55,25897.6,25903.75,25896.698313705732,71.51343696099474
2025-11-12T12:33:00+05:30,25903.9,25910.1,25900.85,25909.65,25899.9362352793,77.77942931455081
2025-11-12T12:36:00+05:30,25908.95,25919.45,25908.9,25915.6,25903.852176459473,82.34779209227878
2025-11-12T12:39:00+05:30,25915.8,25924.3,25914.65,25922.3,25908.464132344605,86.10161881070562
2025-11-12T12:42:00+05:30,25922.45,25922.75,25914.9,25917.75,25910.785599258452,73.68660716972674
2025-11-12T12:45:00+05:30,25917.1,25920.35,25914.15,25917.25,25912.40169944384,72.34916583941653
2025-11-12T12:48:00+05:30,25918.05,25918.65,25911.05,25914.45,25912.913774582878,64.67932305285771
2025-11-12T12:51:00+05:30,25915,25915,25901.05,25903,25910.435330937158,42.95451331956159
2025-11-12T12:54:00+05:30,25903.2,25910.4,25900.2,25910.4,25910.42649820287,54.48225586577722
2025-11-12T12:57:00+05:30,25910.1,25917.55,25909.45,25915.7,25911.74487365215,61.05783503095526
2025-11-12T13:00:00+05:30,25915.8,25917.25,25912.8,25913.9,25912.283655239113,57.75212558453507
2025-11-12T13:03:00+05:30,25913.45,25919,25912.55,25915.45,25913.075241429335,59.93150236379114
2025-11-12T13:06:00+05:30,25915.85,25920.65,25913.5,25916.15,25913.843931072002,60.991725619145825
2025-11-12T13:09:00+05:30,25916.9,25924.6,25912.5,25920.55,25915.520448304,67.33090201384292
2025-11-12T13:12:00+05:30,25920.7,25926.75,25920,25923.25,25917.452836228,70.73556492731683
2025-11-12T13:15:00+05:30,25922.95,25926.05,25918.1,25919.55,25917.977127170998,60.63301729527473
2025-11-12T13:18:00+05:30,25919.75,25923,25916.3,25920.25,25918.545345378247,61.83608241432189
2025-11-12T13:21:00+05:30,25922.8,25928.1,25918.75,25927.3,25920.734009033684,71.91936258126333
2025-11-12T13:24:00+05:30,25927.15,25928.7,25922.75,25926.65,25922.213006775262,69.93191654704458
2025-11-12T13:27:00+05:30,25926.1,25929.55,25912.75,25915.55,25920.547255081445,45.101024036089434
2025-11-12T13:30:00+05:30,25915.85,25915.85,25903.2,25904.3,25916.485441311084,31.764659956420985
2025-11-12T13:33:00+05:30,25903.95,25913.7,25903.05,25911.8,25915.314080983313,44.523605855383686
2025-11-12T13:36:00+05:30,25911.85,25924.05,25906.95,25923.55,25917.373060737486,58.65419527758257
2025-11-12T13:39:00+05:30,25923.6,25934.55,25917.35,25917.35,25917.367295553115,50.703729537579356
2025-11-12T13:42:00+05:30,25916.65,25922.15,25913.7,25921,25918.275471664834,54.90225048567587
2025-11-12T13:45:00+05:30,25921.75,25922.9,25917.4,25922.25,25919.269103748626,56.38636853986433
2025-11-12T13:48:00+05:30,25922.15,25927.1,25920.55,25922.55,25920.089327811467,56.78457690483018
2025-11-12T13:51:00+05:30,25921.85,25925,25919.4,25922.2,25920.6169958586,56.08755216166094
2025-11-12T13:54:00+05:30,25922.75,25922.95,25915.95,25920.85,25920.67524689395,53.151614849273656
2025-11-12T13:57:00+05:30,25920.75,25922.1,25914.4,25915.75,25919.44393517046,43.18782009704088
2025-11-12T14:00:00+05:30,25916.1,25918.8,25907.4,25908.35,25916.670451377846,32.7842591396478
2025-11-12T14:03:00+05:30,25907.85,25912.95,25904.95,25906.85,25914.215338533384,31.017282503421015
2025-11-12T14:06:00+05:30,25906.6,25908.85,25889.7,25890.6,25908.311503900037,18.449495289164375
2025-11-12T14:09:00+05:30,25890.55,25896.1,25878.1,25891,25903.983627925027,19.38751251016602
2025-11-12T14:12:00+05:30,25890.7,25894.35,25886.25,25893.3,25901.31272094377,25.162092834419
2025-11-12T14:15:00+05:30,25893.2,25893.6,25888.8,25891.8,25898.93454070783,23.861543447237693
2025-11-12T14:18:00+05:30,25890.25,25896,25883.75,25884.35,25895.28840553087,18.36214385379901
2025-11-12T14:21:00+05:30,25884,25886.7,25878.9,25880.9,25891.691304148153,16.328925735450284
2025-11-12T14:24:00+05:30,25880.45,25901.25,25878.2,25901.25,25894.080978111117,52.51347104106682
2025-11-12T14:27:00+05:30,25901.6,25908.5,25887.4,25888.5,25892.685733583337,39.900471868223114
2025-11-12T14:30:00+05:30,25887.3,25896.65,25886.35,25887.45,25891.376800187503,39.000470049113304
2025-11-12T14:33:00+05:30,25887.75,25897.3,25887.5,25896.95,25892.770100140628,50.73105598618229
2025-11-12T14:36:00+05:30,25897,25898,25890.95,25891.9,25892.55257510547,45.32538864549306
2025-11-12T14:39:00+05:30,25891.2,25895.8,25879.85,25883.85,25890.3769313291,37.82900760071871
2025-11-12T14:42:00+05:30,25883.7,25887.2,25869.6,25886.55,25889.420198496824,41.60801734889043
2025-11-12T14:45:00+05:30,25886.6,25890.35,25882.8,25887.95,25889.052648872617,43.67897778476357
2025-11-12T14:48:00+05:30,25888.1,25888.95,25883.2,25887,25888.539486654463,42.48606832398135
2025-11-12T14:51:00+05:30,25886.75,25898.3,25882.75,25895.95,25890.39211499085,55.76462683962252
2025-11-12T14:54:00+05:30,25896.15,25897.9,25891.35,25892,25890.794086243135,49.839807884510776
2025-11-12T14:57:00+05:30,25890.6,25898.45,25887.65,25894.55,25891.73306468235,53.556298046931225
2025-11-12T15:00:00+05:30,25896.4,25896.4,25886.85,25892.6,25891.949798511763,50.23561991031852
2025-11-12T15:03:00+05:30,25892.3,25894.4,25885.1,25890.55,25891.599848883823,46.685338454807805
2025-11-12T15:06:00+05:30,25890.35,25896.8,25887.85,25896.15,25892.73738666287,56.48610295080675
2025-11-12T15:09:00+05:30,25895.6,25897,25886.9,25886.9,25891.278039997153,41.710148881283864
2025-11-12T15:12:00+05:30,25887.4,25892.05,25880.85,25884.4,25889.558529997863,38.53195742032177
2025-11-12T15:15:00+05:30,25884.35,25885,25876.35,25877.75,25886.6063974984,31.16300061316265
2025-11-12T15:18:00+05:30,25877.4,25879.1,25865.45,25867.6,25881.8547981238,23.24649387136496
2025-11-12T15:21:00+05:30,25867.75,25868.15,25859.45,25863.8,25877.34109859285,20.924727711163953
2025-11-12T15:24:00+05:30,25864.1,25865.8,25853.55,25858.55,25872.643323944638,18.023265068438945
2025-11-12T15:27:00+05:30,25859.25,25877.3,25855.9,25874,25872.98249295848,44.46293637475018
2025-11-12T15:30:00+05:30,25872.25,25875.8,25867.45,25875.8,25873.68686971886,46.79535137287887
2025-11-13T09:06:00+05:30,25906.1,25906.1,25906.1,25906.1,25881.790152289144,70.84330477673382
2025-11-13T09:15:00+05:30,25906.8,25906.8,25834.2,25854.75,25875.030114216857,37.41074993982037
2025-11-13T09:18:00+05:30,25854.7,25856.15,25826.35,25826.9,25862.997585662644,28.808333993720012
2025-11-13T09:21:00+05:30,25827.4,25833.15,25808.4,25831,25854.998189246984,31.513143615047966
2025-11-13T09:24:00+05:30,25830.45,25874.5,25830.35,25873.45,25859.61114193524,53.05684934494908
2025-11-13T09:27:00+05:30,25873.25,25887.75,25869.15,25875.55,25863.59585645143,53.89391554797485
2025-11-13T09:30:00+05:30,25875.8,25877.75,25865.5,25870.85,25865.409392338574,51.49625038356624
2025-11-13T09:33:00+05:30,25871.2,25874.55,25842.35,25842.35,25859.64454425393,39.16859293085459
2025-11-13T09:36:00+05:30,25840.5,25842.55,25831.9,25837.95,25854.220908190448,37.54952881199043
2025-11-13T09:39:00+05:30,25838.95,25847.95,25835.95,25841.45,25851.028181142836,39.85667784348316
2025-11-13T09:42:00+05:30,25841,25858.4,25837.3,25857,25852.521135857125,49.52265140448097
2025-11-13T09:45:00+05:30,25856.3,25877.55,25855.55,25875.65,25858.303351892842,58.79000934862374
2025-11-13T09:48:00+05:30,25875.85,25887.55,25874.2,25886.8,25865.427513919632,63.468155867064766
2025-11-13T09:51:00+05:30,25887,25888.4,25872.55,25873.05,25867.333135439723,54.55766377460342
2025-11-13T09:54:00+05:30,25873,25873.25,25858.8,25870.75,25868.187351579792,53.102758172814056
2025-11-13T09:57:00+05:30,25871.05,25880,25870.3,25877.65,25870.553013684847,57.10626825682829
2025-11-13T10:00:00+05:30,25876.9,25886.8,25873.05,25882.75,25873.602260263637,60.04734997427594
2025-11-13T10:03:00+05:30,25880.65,25884.8,25873.9,25876,25874.201695197728,54.29849397166051
2025-11-13T10:06:00+05:30,25876.1,25897.05,25874.9,25894.35,25879.238771398297,64.94329906539471
2025-11-13T10:09:00+05:30,25894.3,25900.25,25892.2,25895.5,25883.304078548725,65.53031923656084
2025-11-13T10:12:00+05:30,25895.55,25898.95,25891.45,25898.5,25887.103058911543,67.20180297369052
2025-11-13T10:15:00+05:30,25898.55,25907.25,25896.8,25900.8,25890.52729418366,68.56521993135388
2025-11-13T10:18:00+05:30,25901.15,25907.45,25892.95,25892.95,25891.132970637744,58.82768382951319
2025-11-13T10:21:00+05:30,25892.6,25906.55,25892.45,25906.55,25894.98722797831,68.01038188762492
2025-11-13T10:24:00+05:30,25906.2,25915.3,25905.6,25910.3,25898.81542098373,70.15189582809683
2025-11-13T10:27:00+05:30,25909.55,25912.6,25905.1,25912.45,25902.2240657378,71.4311549308425
2025-11-13T10:30:00+05:30,25911.7,25923.65,25911.5,25922.4,25907.268049303348,76.79980211336085
2025-11-13T10:33:00+05:30,25920.5,25926.4,25918.55,25923.4,25911.30103697751,77.29997734229875
2025-11-13T10:36:00+05:30,25923.25,25925.5,25920.25,25923.35,25914.313277733134,77.20288592977839
2025-11-13T10:39:00+05:30,25923.15,25929.1,25921.35,25927.95,25917.72245829985,79.9111507561249
2025-11-13T10:42:00+05:30,25928.2,25930,25924.75,25928.45,25920.404343724887,80.20929841914813
2025-11-13T10:45:00+05:30,25928.3,25930.75,25925.6,25928.45,25922.415757793664,80.20929841914813
2025-11-13T10:48:00+05:30,25927.85,25944.35,25927.6,25943.1,25927.586818345248,87.56775902346266
2025-11-13T10:51:00+05:30,25942.65,25947.75,25939.25,25945.8,25932.140113758935,88.48809403015613
2025-11-13T10:54:00+05:30,25946.5,25948.15,25941.95,25947.35,25935.9425853192,89.03189842063065
2025-11-13T10:57:00+05:30,25946.95,25947.1,25941.45,25946.85,25938.6694389894,87.47674518834539
2025-11-13T11:00:00+05:30,25947.4,25951.75,25947,25950.35,25941.58957924205,89.04016748248286
2025-11-13T11:03:00+05:30,25950.8,25975.05,25949.65,25974.8,25949.892184431537,94.56750526810879
2025-11-13T11:06:00+05:30,25975,25975.95,25970.15,25972.8,25955.61913832365,90.22503294130014
2025-11-13T11:09:00+05:30,25972.3,25974.8,25956,25957.2,25956.01435374274,63.6344087210853
2025-11-13T11:12:00+05:30,25958.55,25965.9,25954.6,25963.35,25957.848265307053,67.97534358583255
2025-11-13T11:15:00+05:30,25963.4,25969.95,25961.7,25965.1,25959.66119898029,69.19604329991165
2025-11-13T11:18:00+05:30,25964.6,25967.35,25960.55,25964.5,25960.87089923522,68.15685582705424
2025-11-13T11:21:00+05:30,25964.1,25970.95,25961.95,25966.1,25962.178174426415,69.57824320013977
2025-11-13T11:24:00+05:30,25966.2,25976.35,25964.65,25974.3,25965.208630819812,75.98711413819632
2025-11-13T11:27:00+05:30,25974.1,25978.5,25968.65,25969.35,25966.24397311486,66.16975067159711
2025-11-13T11:30:00+05:30,25969.55,25969.75,25959.15,25962.75,25965.370479836143,55.09672662912988
2025-11-13T11:33:00+05:30,25962.2,25964.55,25958.05,25962.1,25964.552859877105,54.057338822932905
2025-11-13T11:36:00+05:30,25962.05,25971.05,25959.55,25968.7,25965.58964490783,62.44904350988807
2025-11-13T11:39:00+05:30,25968.85,25973.35,25959.6,25960.3,25964.267233680872,49.12541737083064
2025-11-13T11:42:00+05:30,25960.1,25963.3,25959.05,25963.2,25964.000425260652,53.151287906516785
2025-11-13T11:45:00+05:30,25963.15,25966.8,25959.1,25966.8,25964.700318945488,57.96839410777651
2025-11-13T11:48:00+05:30,25966.9,25972.05,25966.9,25969.55,25965.912739209118,61.496679688397386
2025-11-13T11:51:00+05:30,25969.5,25974.15,25965.9,25972.45,25967.547054406838,65.10092059308028
2025-11-13T11:54:00+05:30,25972.35,25974.1,25967.2,25973.15,25968.947790805127,65.9972678124254
2025-11-13T11:57:00+05:30,25973.3,25983.95,25967.75,25983.95,25972.698343103846,76.74727348456878
2025-11-13T12:00:00+05:30,25984.4,25984.4,25970.05,25970.65,25972.186257327885,52.77543376977065
2025-11-13T12:03:00+05:30,25970.8,25974.9,25968.1,25974.05,25972.652192995913,56.7998062435552
2025-11-13T12:06:00+05:30,25973.85,25983.6,25970.25,25983.6,25975.389144746936,66.230201670272
2025-11-13T12:09:00+05:30,25983.35,25984.8,25980.55,25982.85,25977.254358560203,64.93151487262982
2025-11-13T12:12:00+05:30,25982.4,25984.4,25978.9,25980.1,25977.965768920152,59.906466228090345
2025-11-13T12:15:00+05:30,25980.5,25986.35,25976.15,25984.5,25979.599326690113,64.96733100122253
2025-11-13T12:18:00+05:30,25984.3,25987,25981.6,25985,25980.949495017587,65.5439383204596
2025-11-13T12:21:00+05:30,25985.05,25987.2,25980.4,25983.9,25981.68712126319,62.887259432248925
2025-11-13T12:24:00+05:30,25984.6,25987.6,25978.85,25980.75,25981.452840947393,55.38695822662935
2025-11-13T12:27:00+05:30,25980.7,25984.4,25977.9,25980.15,25981.127130710545,53.95691029296979
2025-11-13T12:30:00+05:30,25980.55,25980.9,25968.85,25970.1,25978.37034803291,35.862477616231146
2025-11-13T12:33:00+05:30,25970.45,25970.45,25960.75,25961.45,25974.14026102468,26.828311472766927
2025-11-13T12:36:00+05:30,25961.95,25962.15,25942.05,25944.7,25966.78019576851,17.097830839993506
2025-11-13T12:39:00+05:30,25944.65,25954.6,25942.05,25950.7,25962.760146826382,28.00967850703215
2025-11-13T12:42:00+05:30,25951.05,25953.1,25944.2,25949.3,25959.395110119785,27.040786669532793
2025-11-13T12:45:00+05:30,25949.9,25954.25,25945.55,25946.75,25956.233832589838,25.189214151358613
2025-11-13T12:48:00+05:30,25947.3,25959.85,25944.25,25959.4,25957.02537444238,46.421931978671836
2025-11-13T12:51:00+05:30,25960.35,25961.8,25938.65,25940.25,25952.831530831783,30.92190021380918
2025-11-13T12:54:00+05:30,25939.35,25955.3,25936.85,25952.45,25952.736148123837,44.656445053444834
2025-11-13T12:57:00+05:30,25952,25970.2,25952,25969.7,25956.977111092878,58.32506998770693
2025-11-13T13:00:00+05:30,25970.45,25989.65,25970.45,25988.4,25964.83283331966,68.24431393379567
2025-11-13T13:03:00+05:30,25988.55,25988.8,25979.65,25987.15,25970.412124989743,67.0006644394694
2025-11-13T13:06:00+05:30,25987.5,25988.55,25979.25,25979.9,25972.78409374231,59.645626559691436
2025-11-13T13:09:00+05:30,25980.85,25982.7,25972.75,25975.25,25973.40057030673,55.11809256418908
2025-11-13T13:12:00+05:30,25975.5,25981.25,25974.85,25977.95,25974.53792773005,57.313096811360175
2025-11-13T13:15:00+05:30,25978.55,25983.3,25976.55,25980.25,25975.965945797536,59.291696447909025
2025-11-13T13:18:00+05:30,25980.9,25981.65,25970.9,25978.75,25976.661959348152,57.27186641734278
2025-11-13T13:21:00+05:30,25978.4,25989.1,25977.2,25988.5,25979.621469511112,66.04387773564886
2025-11-13T13:24:00+05:30,25987.7,25988.8,25973.6,25976.85,25978.928602133332,51.3484903300638
2025-11-13T13:27:00+05:30,25977,25983.4,25977,25981,25979.4464516,55.466646707388925
2025-11-13T13:30:00+05:30,25981.35,25982.95,25976.5,25977.35,25978.922338700002,51.034051075684424
2025-11-13T13:33:00+05:30,25977.1,25988.55,25975.15,25986.95,25980.929254025003,60.67678849323195
2025-11-13T13:36:00+05:30,25986.7,25997.4,25986.7,25996,25984.696940518752,67.67740810112592
2025-11-13T13:39:00+05:30,25996.8,26006.9,25993.15,26006.05,25990.035205389064,73.73533058504339
2025-11-13T13:42:00+05:30,26006.1,26010.7,25998.6,25998.6,25992.1764040418,63.45065405856382
2025-11-13T13:45:00+05:30,25999.65,26003.45,25996.75,25996.8,25993.332303031348,61.0503503949621
2025-11-13T13:48:00+05:30,25997.6,25999.35,25982.55,25985,25991.24922727351,47.35061936272678
2025-11-13T13:51:00+05:30,25985.35,25987.15,25974.5,25976.25,25987.499420455133,39.65275756302047
2025-11-13T13:54:00+05:30,25976.55,25979.3,25966.45,25968.95,25982.86206534135,34.23546518225207
2025-11-13T13:57:00+05:30,25969.05,25969.95,25928.45,25929.15,25969.434049006013,18.317607221964693
2025-11-13T14:00:00+05:30,25931.55,25936.65,25901.75,25916,25956.07553675451,15.53360205389636
2025-11-13T14:03:00+05:30,25916.25,25922.7,25907.25,25922.5,25947.681652565883,22.340226768327526
2025-11-13T14:06:00+05:30,25922.8,25923.65,25893.4,25895.8,25934.71123942441,16.116368280586002
2025-11-13T14:09:00+05:30,25896,25898.9,25886.25,25891.2,25923.83342956831,15.261754380732768
2025-11-13T14:12:00+05:30,25891.8,25898.4,25871.1,25894.45,25916.487572176233,18.810500668770217
2025-11-13T14:15:00+05:30,25894,25910.95,25892.9,25909.85,25914.828179132175,34.07349335484635
2025-11-13T14:18:00+05:30,25910.25,25919.65,25909.3,25911.25,25913.93363434913,35.362276913382914
2025-11-13T14:21:00+05:30,25911.55,25914.4,25897.35,25897.35,25909.787725761846,28.833266961819447
2025-11-13T14:24:00+05:30,25897.85,25914.05,25892.9,25911.3,25910.165794321383,41.48333529249628
2025-11-13T14:27:00+05:30,25911.5,25922.65,25911.5,25921.6,25913.024345741036,49.253523550483735
2025-11-13T14:30:00+05:30,25921.25,25927.7,25917.35,25923.25,25915.580759305776,50.48239130718741
2025-11-13T14:33:00+05:30,25923.2,25932.85,25906,25912.45,25914.798069479333,42.60402011998083
2025-11-13T14:36:00+05:30,25915.95,25921.35,25909,25911.45,25913.961052109502,41.8976869502933
2025-11-13T14:39:00+05:30,25912.4,25923.9,25908.7,25923.9,25916.44578908213,53.17389742321476
2025-11-13T14:42:00+05:30,25924.2,25939.95,25918.35,25924.05,25918.346841811595,53.301289769001094
2025-11-13T14:45:00+05:30,25923.8,25931.4,25919.3,25929.35,25921.097631358694,58.01029864026028
2025-11-13T14:48:00+05:30,25930.35,25931,25920.6,25922.95,25921.560723519022,50.794386511476176
2025-11-13T14:51:00+05:30,25921.95,25922.35,25886.4,25886.4,25912.770542639268,27.774981039154497
2025-11-13T14:54:00+05:30,25886.55,25902.05,25882.15,25896.7,25908.75290697945,37.1407644761859
2025-11-13T14:57:00+05:30,25897,25898.6,25878.5,25878.7,25901.23968023459,29.374544921575747
2025-11-13T15:00:00+05:30,25878.35,25884.95,25869.85,25882.65,25896.592260175945,32.9632922563779
2025-11-13T15:03:00+05:30,25883.3,25889.95,25880.35,25883.2,25893.24419513196,33.51212054593259
2025-11-13T15:06:00+05:30,25882.5,25886.75,25876.75,25879.2,25889.733146348968,31.335397799501948
2025-11-13T15:09:00+05:30,25879.3,25882.2,25866.1,25872.7,25885.474859761725,27.899799048215257
2025-11-13T15:12:00+05:30,25870.4,25881,25870.4,25878.55,25883.743644821294,35.34318948577764
2025-11-13T15:15:00+05:30,25878.2,25903.1,25876.5,25877.45,25882.170233615972,34.560485106828736
2025-11-13T15:18:00+05:30,25876.25,25885.55,25868.45,25881.25,25881.94017521198,39.922653722087645
2025-11-13T15:21:00+05:30,25880.5,25881.55,25871.7,25874.05,25879.967631408985,33.80032122105369
2025-11-13T15:24:00+05:30,25873.5,25888.8,25872.25,25882.9,25880.70072355674,45.73419238869696
2025-11-13T15:27:00+05:30,25882.6,25885.6,25873.4,25884.1,25881.550542667555,47.23880551782644
2025-11-13T15:30:00+05:30,25884.9,25884.9,25879.15,25879.15,25880.950407000666,41.677565247590316
2025-11-14T09:06:00+05:30,25767.9,25767.9,25767.9,25767.9,25852.687805250498,10.197988585681742
2025-11-14T09:15:00+05:30,25766.3,25826.75,25766.3,25788.05,25836.528353937872,22.558148541923543
2025-11-14T09:18:00+05:30,25787.3,25812.55,25782.25,25786.7,25824.071265453404,22.318044389154323
2025-11-14T09:21:00+05:30,25786.05,25803.15,25783.55,25788.2,25815.103449090053,23.37527427821699
2025-11-14T09:24:00+05:30,25789.35,25808.65,25784.6,25801.05,25811.590086817538,32.54994058109732
2025-11-14T09:27:00+05:30,25799.65,25823.2,25786.65,25823.2,25814.492565113153,45.63943078471303
2025-11-14T09:30:00+05:30,25824,25855.1,25819,25854.85,25824.581923834863,58.92695502883008
2025-11-14T09:33:00+05:30,25854.55,25879.15,25854.25,25860.45,25833.548942876147,60.89983112023018
2025-11-14T09:36:00+05:30,25860.6,25863.55,25835.95,25841.1,25835.43670715711,51.020503625752525
2025-11-14T09:39:00+05:30,25842.7,25851.8,25837.45,25849.65,25838.990030367833,54.800383347216886
2025-11-14T09:42:00+05:30,25851.65,25860.95,25850.55,25856.2,25843.292522775875,57.71682461372222
2025-11-14T09:45:00+05:30,25855.5,25866.75,25855.5,25864.55,25848.606892081905,61.41920954501571
2025-11-14T09:48:00+05:30,25864.85,25864.85,25836.45,25837.6,25845.85516906143,46.18990351378234
2025-11-14T09:51:00+05:30,25837.55,25837.55,25801.95,25802.7,25835.066376796072,33.60197764543065
2025-11-14T09:54:00+05:30,25802.4,25818,25790.2,25816.55,25830.437282597053,41.041190167819856
2025-11-14T09:57:00+05:30,25816,25816.3,25805.15,25810.7,25825.50296194779,38.89382755169611
2025-11-14T10:00:00+05:30,25810.35,25814.85,25770.9,25772.3,25812.202221460844,27.767636649122437
2025-11-14T10:03:00+05:30,25772.95,25793.05,25764.9,25791.85,25807.114166095635,38.258378101025976
2025-11-14T10:06:00+05:30,25792.15,25804.15,25789.6,25794.75,25804.023124571726,39.77218164242681
2025-11-14T10:09:00+05:30,25794.5,25796.9,25782.65,25784.15,25799.054843428796,36.00741482412239
2025-11-14T10:12:00+05:30,25784.8,25784.8,25773.85,25780.05,25794.303632571595,34.53235496258573
2025-11-14T10:15:00+05:30,25779.7,25800.55,25774.9,25790.5,25793.352724428696,41.641261758613375
2025-11-14T10:18:00+05:30,25790.95,25801.45,25790.8,25796.3,25794.089543321523,45.4750644251003
2025-11-14T10:21:00+05:30,25796.25,25804.8,25789.65,25794.7,25794.242157491142,44.53350121498509
2025-11-14T10:24:00+05:30,25794.5,25794.5,25782.2,25788.25,25792.744118118357,40.58171803400499
2025-11-14T10:27:00+05:30,25787.65,25792.35,25782.2,25783.35,25790.395588588766,37.62275198222504
2025-11-14T10:30:00+05:30,25783.85,25791.8,25775.15,25786.4,25789.396691441576,40.759494413862924
2025-11-14T10:33:00+05:30,25786.35,25786.35,25769.7,25770.3,25784.62251858118,31.121511430712232
2025-11-14T10:36:00+05:30,25771,25777.6,25769.15,25770.3,25781.041888935884,31.121511430712246
2025-11-14T10:39:00+05:30,25770.5,25777.95,25751.7,25755,25774.531416701913,23.832275444820752
2025-11-14T10:42:00+05:30,25755.05,25771.6,25752.6,25770.1,25773.423562526434,40.0104418830934
2025-11-14T10:45:00+05:30,25769.85,25781.55,25768.1,25769.4,25772.417671894826,39.55604115368034
2025-11-14T10:48:00+05:30,25769.8,25793.35,25768.25,25789.65,25776.72575392112,56.30453657655432
2025-11-14T10:51:00+05:30,25790.7,25806.35,25788.55,25805.5,25783.919315440842,65.1281895878045
2025-11-14T10:54:00+05:30,25806.5,25839.2,25806.4,25834.05,25796.451986580632,75.51757974325473
2025-11-14T10:57:00+05:30,25833.85,25852.15,25829.35,25848.15,25809.376489935476,79.10454509031788
2025-11-14T11:00:00+05:30,25849.15,25861.4,25846.45,25852.85,25820.244867451605,80.23092456002365
2025-11-14T11:03:00+05:30,25852.8,25854.9,25837.8,25841.45,25825.546150588703,69.61220674345682
2025-11-14T11:06:00+05:30,25841.5,25850.5,25839.95,25849.5,25831.534612941527,72.59980225799531
2025-11-14T11:09:00+05:30,25849.05,25853.4,25845.3,25850.7,25836.325959706144,73.06042516136377
2025-11-14T11:12:00+05:30,25850.05,25864.05,25849.05,25855.25,25841.05696977961,74.92511946523439
2025-11-14T11:15:00+05:30,25854.75,25863.1,25842.1,25842.6,25841.442727334706,61.18765364307744
2025-11-14T11:18:00+05:30,25842.45,25844,25814.95,25824.9,25837.30704550103,47.09273371229322
2025-11-14T11:21:00+05:30,25825.5,25828,25813.95,25821.6,25833.38028412577,44.84571233876243
2025-11-14T11:24:00+05:30,25821.55,25822.45,25814.55,25818.4,25829.635213094327,42.548905248259125
2025-11-14T11:27:00+05:30,25818.2,25821.9,25813.15,25815.2,25826.026409820744,40.14988095946192
2025-11-14T11:30:00+05:30,25814.55,25821.6,25809.3,25812.4,25822.619807365558,37.96473015469153
2025-11-14T11:33:00+05:30,25812.55,25814.65,25799.1,25807.5,25818.83985552417,34.16806437815693
2025-11-14T11:36:00+05:30,25807.1,25815.15,25804.45,25805.25,25815.442391643126,32.43062144587702
2025-11-14T11:39:00+05:30,25804.1,25805.9,25799.05,25802.6,25812.231793732346,30.312631211468926
2025-11-14T11:42:00+05:30,25802.5,25804.6,25786.15,25789.95,25806.66134529926,22.227995933500026
2025-11-14T11:45:00+05:30,25789.1,25805.75,25788.9,25798.8,25804.696008974446,36.131467915990115
2025-11-14T11:48:00+05:30,25798.75,25804.5,25793.5,25802.4,25804.122006730835,41.126368204000805
2025-11-14T11:51:00+05:30,25802.35,25809.05,25797.65,25798.2,25802.641505048126,37.16975854058687
2025-11-14T11:54:00+05:30,25797.85,25802.3,25790.15,25794.5,25800.606128786094,33.82517447287667
2025-11-14T11:57:00+05:30,25793.75,25796.7,25788.3,25789.45,25797.81709658957,29.586053087130324
2025-11-14T12:00:00+05:30,25788.95,25799.25,25788.95,25791.05,25796.125322442178,32.703531643890884
2025-11-14T12:03:00+05:30,25789.55,25798.8,25788.8,25795.2,25795.893991831632,40.654297519622816
2025-11-14T12:06:00+05:30,25795.5,25801.95,25795.1,25800.95,25797.157993873723,50.170611943091046
2025-11-14T12:09:00+05:30,25800.65,25811.4,25795.55,25809.95,25800.35599540529,61.45682911460534
2025-11-14T12:12:00+05:30,25810.1,25834.95,25809.7,25826.4,25806.866996553967,74.0097246005631
2025-11-14T12:15:00+05:30,25824.75,25826.7,25817.9,25823.6,25811.050247415475,69.51392249407755
2025-11-14T12:18:00+05:30,25823.8,25836.85,25816.95,25835.5,25817.162685561605,76.57078749619826
2025-11-14T12:21:00+05:30,25834.65,25836.6,25818.1,25828.75,25820.059514171204,66.39944434953873
2025-11-14T12:24:00+05:30,25828.5,25837,25827.25,25834.55,25823.6821356284,70.34801549387937
2025-11-14T12:27:00+05:30,25833.95,25839.25,25832.15,25834.1,25826.286601721302,69.60758991260462
2025-11-14T12:30:00+05:30,25833.15,25836.3,25812,25817.6,25824.114951290976,47.99716279274471
2025-11-14T12:33:00+05:30,25817.15,25817.15,25805.6,25812.5,25821.211213468232,43.16470016981366
2025-11-14T12:36:00+05:30,25810.15,25817.5,25803.85,25805.4,25817.258410101174,37.098169699735095
2025-11-14T12:39:00+05:30,25805.1,25811.15,25802.5,25806.95,25814.68130757588,39.27197648661787
2025-11-14T12:42:00+05:30,25806.55,25816,25805.45,25811.05,25813.77348068191,45.124401719000154
2025-11-14T12:45:00+05:30,25810.75,25812.65,25792.05,25804.3,25811.405110511434,38.076354639777044
2025-11-14T12:48:00+05:30,25804.15,25816.4,25804.15,25813.6,25811.953832883577,50.5031893257788
2025-11-14T12:51:00+05:30,25812.7,25813.15,25803.6,25806.1,25810.49037466268,42.48207304899896
2025-11-14T12:54:00+05:30,25805.15,25809.45,25800.9,25807.3,25809.69278099701,44.138215111065605
2025-11-14T12:57:00+05:30,25807.85,25808.8,25797.7,25799.9,25807.244585747758,36.56388888494513
2025-11-14T13:00:00+05:30,25799.65,25800.9,25786.3,25789.4,25802.78343931082,28.474877122240997
2025-11-14T13:03:00+05:30,25789.5,25797.7,25781.75,25792.3,25800.162579483116,33.23427634645094
2025-11-14T13:06:00+05:30,25792.15,25795.8,25783.8,25791.2,25797.921934612335,32.283633449769965
2025-11-14T13:09:00+05:30,25791.3,25791.9,25784.9,25786.4,25795.041450959252,28.180008659329346
2025-11-14T13:12:00+05:30,25785.9,25804.75,25784.55,25799.6,25796.18108821944,48.98483231716944
2025-11-14T13:15:00+05:30,25799,25816.7,25795,25812.2,25800.18581616458,61.42807145760788
2025-11-14T13:18:00+05:30,25811.25,25812.45,25803.6,25807.05,25801.901862123435,55.027782063921926
2025-11-14T13:21:00+05:30,25807.6,25810.7,25801.95,25802.75,25802.11389659258,49.95740117772055
2025-11-14T13:24:00+05:30,25803.25,25817,25803.15,25814.05,25805.097922444435,60.980368446539444
2025-11-14T13:27:00+05:30,25813.5,25820.2,25812.6,25818.3,25808.398441833328,64.41934978290809
2025-11-14T13:30:00+05:30,25818,25819.15,25809.35,25810.15,25808.836331374994,53.80925829391165
2025-11-14T13:33:00+05:30,25810.25,25810.75,25801.1,25805.75,25808.064748531244,48.75176840742084
2025-11-14T13:36:00+05:30,25804.55,25805.65,25785.4,25789.75,25803.486061398435,34.85400756018112
2025-11-14T13:39:00+05:30,25789.3,25790.6,25765.15,25769.95,25795.102046048825,24.69161521459131
2025-11-14T13:42:00+05:30,25769,25772.55,25759.3,25762.45,25786.93903453662,21.873237660517773
2025-11-14T13:45:00+05:30,25758.25,25770.55,25747,25768.15,25782.241775902465,29.0535107521776
2025-11-14T13:48:00+05:30,25768.4,25769.2,25758.4,25758.4,25776.28133192685,24.550718662009828
2025-11-14T13:51:00+05:30,25759,25761.4,25749.1,25755.4,25771.060998945137,23.256829110185592
2025-11-14T13:54:00+05:30,25754.85,25759.1,25740.8,25757,25767.545749208854,25.693545875588725
2025-11-14T13:57:00+05:30,25757.4,25766.4,25756.4,25762.3,25766.23431190664,33.81489616776243
2025-11-14T14:00:00+05:30,25762.55,25770.3,25760.05,25763.2,25765.47573392998,35.21761955289108
2025-11-14T14:03:00+05:30,25762.6,25774.15,25761.7,25773.5,25767.481800447484,49.506257926253305
2025-11-14T14:06:00+05:30,25774.1,25777.6,25766.65,25768,25767.611350335614,43.52557577580598
2025-11-14T14:09:00+05:30,25767.4,25773.05,25761.75,25766.15,25767.24601275171,41.55553451042527
2025-11-14T14:12:00+05:30,25766.9,25774.75,25760.9,25774.4,25769.034509563782,52.69505195480975
2025-11-14T14:15:00+05:30,25772.85,25774.15,25759.2,25763.2,25767.575882172838,40.47613125766157
2025-11-14T14:18:00+05:30,25764.1,25774.65,25757.65,25757.8,25765.13191162963,35.80588340862124
2025-11-14T14:21:00+05:30,25758.35,25764.25,25757.15,25759.65,25763.761433722222,38.63584443132466
2025-11-14T14:24:00+05:30,25759.55,25771.6,25759.3,25764.4,25763.921075291666,45.7940018375545
2025-11-14T14:27:00+05:30,25763.1,25790.4,25760.25,25784,25768.94080646875,65.2872655828516
2025-11-14T14:30:00+05:30,25783.8,25793.25,25772.1,25793.25,25775.018104851562,71.02447803043333
2025-11-14T14:33:00+05:30,25792.4,25796.25,25782.05,25785.05,25777.52607863867,60.65620855793205
2025-11-14T14:36:00+05:30,25783.8,25796.5,25782.95,25796.5,25782.269558979002,68.215091429048
2025-11-14T14:39:00+05:30,25795.95,25802.7,25790.15,25797.65,25786.11466923425,68.91488985358038
2025-11-14T14:42:00+05:30,25796.8,25797.3,25785.35,25789.65,25786.99850192569,58.467547892170145
2025-11-14T14:45:00+05:30,25790.8,25800.15,25788.25,25788.95,25787.486376444267,57.57651656651982
2025-11-14T14:48:00+05:30,25789.2,25790.15,25781.45,25787.4,25787.4647823332,55.39562531925553
2025-11-14T14:51:00+05:30,25787,25791.7,25759.15,25759.9,25780.573586749902,31.050720193984404
2025-11-14T14:54:00+05:30,25760.4,25777.7,25759.1,25763.65,25776.342690062425,35.55637525921608
2025-11-14T14:57:00+05:30,25764,25767,25759.1,25766.3,25773.832017546818,38.85080569573815
2025-11-14T15:00:00+05:30,25767.6,25864.65,25767.6,25864.65,25796.536513160114,80.97103807885337
2025-11-14T15:03:00+05:30,25865.35,25902.7,25865.35,25898.2,25821.952384870085,85.06519530676213
2025-11-14T15:06:00+05:30,25899.15,25927.45,25899.15,25926.4,25848.064288652564,87.66723169545733
2025-11-14T15:09:00+05:30,25927,25940.2,25907.15,25913.4,25864.398216489422,80.15632053615545
2025-11-14T15:12:00+05:30,25913.2,25931.9,25913.2,25930.2,25880.84866236707,82.42634319429786
2025-11-14T15:15:00+05:30,25930.95,25935.25,25919.9,25921.45,25890.998996775303,77.06918678639089
2025-11-14T15:18:00+05:30,25922.15,25925.45,25913.65,25923.75,25899.186747581476,77.5172955296263
2025-11-14T15:21:00+05:30,25924.9,25933.5,25920.8,25933.15,25907.67756068611,79.4336182996417
2025-11-14T15:24:00+05:30,25933.55,25935.55,25926.2,25930.85,25913.47067051458,77.54679710861504
2025-11-14T15:27:00+05:30,25931.95,25936.8,25906.3,25916.8,25914.303002885936,66.31977182395327
2025-11-14T15:30:00+05:30,25915.15,25915.15,25910.05,25910.05,25913.239752164453,61.342020985445906
2025-11-17T09:06:00+05:30,25948.2,25948.2,25948.2,25948.2,25921.97981412334,74.14029208084207
2025-11-17T09:15:00+05:30,25948.5,25958.65,25906.35,25934.1,25925.009860592505,64.8786998230369
2025-11-17T09:18:00+05:30,25933.9,25963.5,25924.05,25961.75,25934.19489544438,72.6851416804397
2025-11-17T09:21:00+05:30,25962.05,25966.75,25952.9,25959.25,25940.458671583285,71.01998620138
2025-11-17T09:24:00+05:30,25960.4,25964.2,25942.65,25964.2,25946.394003687463,72.47653244357369
2025-11-17T09:27:00+05:30,25965.15,25975.65,25964.3,25964.55,25950.933002765596,72.59017515432869
2025-11-17T09:30:00+05:30,25966.45,25978.95,25966.45,25974.4,25956.7997520742,75.86242893363072
2025-11-17T09:33:00+05:30,25973.95,25977.85,25960.25,25963,25958.349814055648,65.33124782822352
2025-11-17T09:36:00+05:30,25962.65,25973,25961.95,25970.15,25961.299860541738,68.52809148893616
2025-11-17T09:39:00+05:30,25969.85,25973.45,25958.05,25972.6,25964.124895406305,69.64699270532121
2025-11-17T09:42:00+05:30,25972.1,25974.75,25960.6,25971.4,25965.943671554727,68.26024185790878
2025-11-17T09:45:00+05:30,25971.85,25972.9,25955.9,25955.9,25963.432753666046,52.50586777296972
2025-11-17T09:48:00+05:30,25955.1,25967.65,25949,25965.85,25964.037065249533,59.5053944890877
2025-11-17T09:51:00+05:30,25965.5,25968.75,25958.05,25966,25964.52779893715,59.61008723760923
2025-11-17T09:54:00+05:30,25966.85,25974.85,25963.85,25974.25,25966.95834920286,65.35711120026416
2025-11-17T09:57:00+05:30,25974.05,25979.8,25965.2,25965.2,25966.518761902145,55.28895598153042
2025-11-17T10:00:00+05:30,25966,25969.6,25958.35,25959.15,25964.676571426608,49.35868888269438
2025-11-17T10:03:00+05:30,25958.75,25962.4,25949.4,25958.5,25963.132428569956,48.703895419835675
2025-11-17T10:06:00+05:30,25958.1,25960,25949.1,25951.15,25960.136821427466,41.449790511738016
2025-11-17T10:09:00+05:30,25950.45,25953.25,25944.3,25949.95,25957.590116070598,40.30629693250342
2025-11-17T10:12:00+05:30,25949.5,25951.95,25945.05,25949.3,25955.51758705295,39.61564845342883
2025-11-17T10:15:00+05:30,25949.45,25956,25947.6,25954.6,25955.288190289713,48.078901641465684
2025-11-17T10:18:00+05:30,25954.65,25967.4,25953.75,25966,25957.966142717283,61.58867323029502
2025-11-17T10:21:00+05:30,25965.45,25971.35,25964.45,25967.85,25960.437107037964,63.39207667602128
2025-11-17T10:24:00+05:30,25968.5,25969,25960.15,25960.95,25960.565330278474,52.63832918936673
2025-11-17T10:27:00+05:30,25961.75,25962.15,25935.75,25939.35,25955.261497708856,32.50182568427313
2025-11-17T10:30:00+05:30,25939.95,25947.25,25938.5,25945.75,25952.883623281643,40.38515065292283
2025-11-17T10:33:00+05:30,25946.3,25949.1,25944.65,25947.8,25951.612717461234,42.87824999555821
2025-11-17T10:36:00+05:30,25947.9,25950.9,25933.65,25934,25947.209538095925,32.277124314370795
2025-11-17T10:39:00+05:30,25933.55,25937.1,25924.75,25926.45,25942.019653571944,27.877781581158345
2025-11-17T10:42:00+05:30,25926.75,25936.9,25926.75,25936,25940.514740178958,39.955141237969876
2025-11-17T10:45:00+05:30,25936.05,25942.3,25933.3,25942.3,25940.96105513422,46.81025684709535
2025-11-17T10:48:00+05:30,25942.25,25944.4,25933.5,25934.95,25939.458291350664,40.51456182891264
2025-11-17T10:51:00+05:30,25935.55,25936.2,25929.3,25932.25,25937.656218513,38.30656193976937
2025-11-17T10:54:00+05:30,25931.8,25945.6,25931.8,25945.15,25939.52966388475,52.68113502954938
2025-11-17T10:57:00+05:30,25944.5,25945.6,25939.45,25943.2,25940.447247913562,50.6018498116076
2025-11-17T11:00:00+05:30,25942.45,25953.45,25942.45,25947.6,25942.23543593517,55.25132542140236
2025-11-17T11:03:00+05:30,25948.65,25954.2,25942,25944.2,25942.726576951376,50.92978884232418
2025-11-17T11:06:00+05:30,25944.35,25946.1,25934.95,25945.55,25943.432432713533,52.645554189043715
2025-11-17T11:09:00+05:30,25945.9,25949.05,25942.75,25944.55,25943.71182453515,51.10141683876081
2025-11-17T11:12:00+05:30,25944.7,25948.25,25943.1,25946.2,25944.33386840136,53.71476591720726
2025-11-17T11:15:00+05:30,25946.8,25950.55,25943.15,25944.1,25944.27540130102,49.765539734217434
2025-11-17T11:18:00+05:30,25944.2,25945.5,25937,25938.6,25942.856550975765,40.63650510486439
2025-11-17T11:21:00+05:30,25938.75,25940.1,25929.25,25939.95,25942.129913231824,43.59927997824017
2025-11-17T11:24:00+05:30,25940.35,25941.5,25930.65,25930.65,25939.259934923866,31.117431554327226
2025-11-17T11:27:00+05:30,25932.5,25933.65,25920.9,25928,25936.444951192898,28.413282016627193
2025-11-17T11:30:00+05:30,25928.25,25930.1,25915.1,25928.4,25934.433713394676,29.492289559110205
2025-11-17T11:33:00+05:30,25928.25,25939.4,25926.5,25938.15,25935.362785046007,50.64665612829438
2025-11-17T11:36:00+05:30,25938.4,25939.5,25929.75,25931,25934.272088784506,40.301579793313394
2025-11-17T11:39:00+05:30,25931.5,25935.65,25929.3,25935,25934.45406658838,47.3241375073845
2025-11-17T11:42:00+05:30,25935.15,25943.35,25930.05,25943.15,25936.628049941286,58.834940748244065
2025-11-17T11:45:00+05:30,25943.5,25945.5,25934.85,25934.95,25936.208537455965,46.82425322764926
2025-11-17T11:48:00+05:30,25935.6,25948.2,25933.7,25947.15,25938.943903091975,60.73690337846084
2025-11-17T11:51:00+05:30,25948.05,25956.65,25947.3,25956.2,25943.25792731898,67.98583473897561
2025-11-17T11:54:00+05:30,25956.65,25961.5,25954,25961.5,25947.818445489236,71.57184987966008
2025-11-17T11:57:00+05:30,25961.95,25971,25961,25965.3,25952.188834116925,74.00728260793264
2025-11-17T12:00:00+05:30,25964.8,25968.65,25959.2,25961.6,25954.54162558769,67.44379796224908
2025-11-17T12:03:00+05:30,25962.45,25963.95,25949.25,25954.6,25954.556219190767,56.40289661982284
2025-11-17T12:06:00+05:30,25954.4,25973.7,25952.45,25967.95,25957.904664393074,68.04303322159666
2025-11-17T12:09:00+05:30,25968.35,25973.8,25964.5,25970.4,25961.028498294807,69.77107693774968
2025-11-17T12:12:00+05:30,25970.8,25971.35,25965.95,25967.65,25962.683873721107,65.15721012610726
2025-11-17T12:15:00+05:30,25968.5,25975.45,25967.4,25975.45,25965.87540529083,71.41281982684774
2025-11-17T12:18:00+05:30,25975.3,25976.7,25971.1,25971.1,25967.181553968123,63.94329187159123
2025-11-17T12:21:00+05:30,25971.45,25974.45,25967.45,25972.5,25968.51116547609,65.30586133940875
2025-11-17T12:24:00+05:30,25975.1,25976.15,25967.8,25970.35,25968.970874107068,61.16462416285014
2025-11-17T12:27:00+05:30,25969.9,25975.35,25966.95,25967.6,25968.6281555803,55.87709489422672
2025-11-17T12:30:00+05:30,25968.9,25972.6,25962.7,25967.7,25968.396116685224,56.03832302520976
2025-11-17T12:33:00+05:30,25967.8,25985.4,25965.95,25984.3,25972.37208751392,74.25635932249297
2025-11-17T12:36:00+05:30,25984.2,25988.7,25982.95,25986.45,25975.89156563544,75.7733990682916
2025-11-17T12:39:00+05:30,25986.5,25986.6,25981,25984.45,25978.03117422658,71.21870321927193
2025-11-17T12:42:00+05:30,25984.75,25990.7,25984.55,25987.2,25980.323380669935,73.74988486252161
2025-11-17T12:45:00+05:30,25986.85,25989.45,25984.3,25987.95,25982.230035502453,74.46443672539847
2025-11-17T12:48:00+05:30,25987.9,25995.9,25985.5,25986.2,25983.22252662684,69.32719780114854
2025-11-17T12:51:00+05:30,25986.7,25987.85,25979.3,25987.75,25984.35439497013,71.36831614116537
2025-11-17T12:54:00+05:30,25987.5,25996.85,25987.5,25993.1,25986.540796227597,77.41924517875565
2025-11-17T12:57:00+05:30,25994.15,25995.6,25989.85,25994.1,25988.430597170696,78.41405320284133
2025-11-17T13:00:00+05:30,25994.9,25996.9,25988.55,25988.55,25988.460447878024,61.01027376125201
2025-11-17T13:03:00+05:30,25988.2,25990.95,25984.35,25984.95,25987.582835908517,52.23661046314356
2025-11-17T13:06:00+05:30,25985.75,25986.5,25973.8,25974.45,25984.299626931388,35.073640985757734
2025-11-17T13:09:00+05:30,25974.05,25981.9,25972.8,25979.15,25983.012220198543,44.58233763169925
2025-11-17T13:12:00+05:30,25979.9,25984.45,25976.95,25980.95,25982.49666514891,47.98596440244413
2025-11-17T13:15:00+05:30,25980.35,25983.5,25977.7,25980.75,25982.05999886168,47.6069390437046
2025-11-17T13:18:00+05:30,25981.4,25983.45,25977.9,25980.1,25981.56999914626,46.22261209030374
2025-11-17T13:21:00+05:30,25981.9,25982.35,25972.3,25973.05,25979.439999359696,33.78964895540311
2025-11-17T13:24:00+05:30,25972.35,25977.2,25969.3,25975.25,25978.392499519774,39.69510053387742
2025-11-17T13:27:00+05:30,25974.8,25981.05,25974.45,25975.75,25977.73187463983,41.088330058318945
2025-11-17T13:30:00+05:30,25976.75,25979.15,25965.65,25968.85,25975.511405979873,29.948641023330154
2025-11-17T13:33:00+05:30,25969.1,25990.35,25969,25990.25,25979.196054484906,64.63826589318744
2025-11-17T13:36:00+05:30,25989.85,25997.05,25984.7,25985.15,25980.68454086368,56.81561509705617
2025-11-17T13:39:00+05:30,25985.35,25986.9,25981.8,25983.25,25981.325905647762,53.97639949433112
2025-11-17T13:42:00+05:30,25983.3,25997.7,25980.1,25993.5,25984.36942923582,64.98827365061005
2025-11-17T13:45:00+05:30,25993.7,26000.2,25992.4,25995.75,25987.214571926866,67.00976330133881
2025-11-17T13:48:00+05:30,25996.75,26000.6,25993.6,25999.15,25990.19842894515,70.05757515369936
2025-11-17T13:51:00+05:30,25999.35,26003.2,25987.85,25989.45,25990.011321708862,53.58140041708885
2025-11-17T13:54:00+05:30,25989.8,25999.6,25988.9,25994.1,25991.033491281647,58.97718666523012
2025-11-17T13:57:00+05:30,25995.3,25998.1,25991.65,25997.35,25992.612618461237,62.528888326507996
2025-11-17T14:00:00+05:30,25997.4,26008.25,25997.1,26008.25,25996.521963845928,72.01072733341414
2025-11-17T14:03:00+05:30,26008.1,26023.25,26006.25,26012.45,26000.503972884446,74.86942369918897
2025-11-17T14:06:00+05:30,26012.75,26015.05,26008.7,26012.2,26003.427979663335,74.34213440917188
2025-11-17T14:09:00+05:30,26013.05,26015,26010.1,26013.3,26005.8959847475,75.23737667485997
2025-11-17T14:12:00+05:30,26013.85,26015.35,26009.2,26010.5,26007.046988560625,68.17343116782871
2025-11-17T14:15:00+05:30,26011.2,26013.25,26002.8,26005.25,26006.597741420468,56.55754589049096
2025-11-17T14:18:00+05:30,26005.3,26005.3,25980,25985.05,26001.21080606535,32.04666697733305
2025-11-17T14:21:00+05:30,25985.85,25998.8,25980.05,25997.1,26000.183104549014,47.79300280390455
2025-11-17T14:24:00+05:30,25996.5,25997.7,25991.55,25994.2,25998.68732841176,44.87345244166302
2025-11-17T14:27:00+05:30,25995.3,26002.1,25991,25994.45,25997.62799630882,45.210073415696336
2025-11-17T14:30:00+05:30,25994.35,26002.35,25990.1,26000.05,25998.233497231617,52.750147946984235
2025-11-17T14:33:00+05:30,26001.1,26006.95,25994.65,25998.35,25998.262622923714,50.29861017355428
2025-11-17T14:36:00+05:30,25999.6,26002.95,25996,25999.15,25998.484467192786,51.5352097682631
2025-11-17T14:39:00+05:30,25999.6,26008.6,25999.6,26002.05,25999.37585039459,56.149355892873764
2025-11-17T14:42:00+05:30,26002.5,26004.9,25980,25981.15,25994.819387795942,31.1854639518764
2025-11-17T14:45:00+05:30,25981.4,25988.75,25977.2,25988.1,25993.139540846954,41.308842921709136
2025-11-17T14:48:00+05:30,25988.9,25993.5,25987.6,25987.95,25991.842155635215,41.15638997376913
2025-11-17T14:51:00+05:30,25988.85,25994,25988.4,25991.7,25991.80661672641,46.874858015174276
2025-11-17T14:54:00+05:30,25991.85,25995.95,25988.35,25995.4,25992.70496254481,52.21982881622439
2025-11-17T14:57:00+05:30,25995.8,25998.85,25992.15,25993.95,25993.016221908605,49.92335213590681
2025-11-17T15:00:00+05:30,25996.5,26013.15,25990,26011.65,25997.674666431456,69.2081320065128
2025-11-17T15:03:00+05:30,26012.6,26012.75,26005.5,26006.1,25999.78099982359,60.662119516638064
2025-11-17T15:06:00+05:30,26006.65,26010.95,26005.1,26009.75,26002.273249867692,64.06660379362256
2025-11-17T15:09:00+05:30,26010.55,26014.5,26009.45,26014.2,26005.25493740077,68.00513745141943
2025-11-17T15:12:00+05:30,26014.5,26014.95,26011.75,26012.4,26007.041203050576,64.66060552332135
2025-11-17T15:15:00+05:30,26013.15,26013.55,26009.35,26013.45,26008.643402287933,65.80511235200429
2025-11-17T15:18:00+05:30,26014,26020.2,26013.1,26016.95,26010.72005171595,69.63008548367878
2025-11-17T15:21:00+05:30,26017.45,26018.25,26013.7,26015.45,26011.902538786962,65.9420132833298
2025-11-17T15:24:00+05:30,26016.75,26024.2,26013.1,26020.95,26014.16440409022,72.23336491298078
2025-11-17T15:27:00+05:30,26019.45,26023.05,26009.4,26014.3,26014.198303067664,57.30197262994461
2025-11-17T15:30:00+05:30,26012.9,26013.45,26012.9,26013.45,26014.011227300747,55.58844521824072
2025-11-18T09:06:00+05:30,26021.8,26021.8,26021.8,26021.8,26015.95842047556,66.92411714017508
2025-11-18T09:15:00+05:30,26027.6,26029.85,25930.15,25951.85,25999.93131535667,19.150773345246975
2025-11-18T09:18:00+05:30,25953.25,25954.6,25939.15,25951.15,25987.735986517502,18.99248754715859
2025-11-18T09:21:00+05:30,25951.05,25960.35,25947.3,25957.3,25980.126989888126,25.319339198650454
2025-11-18T09:24:00+05:30,25957.55,25970.75,25953.3,25969.7,25977.520242416096,36.9101813913145
2025-11-18T09:27:00+05:30,25969.25,25971.65,25959.1,25963,25973.890181812072,33.62079613597247
2025-11-18T09:30:00+05:30,25963.2,25970.35,25951.6,25966.75,25972.105136359052,37.27118316560838
2025-11-18T09:33:00+05:30,25966.8,25971.75,25958.35,25958.35,25968.66635226929,32.58782797462081
2025-11-18T09:36:00+05:30,25957.45,25957.8,25948.75,25949.3,25963.824764201967,28.142863592221204
2025-11-18T09:39:00+05:30,25949.55,25954.85,25938.95,25951.95,25960.856073151474,31.342108001966594
2025-11-18T09:42:00+05:30,25951.9,25954.45,25943.95,25952.05,25958.654554863606,31.476421130978025
2025-11-18T09:45:00+05:30,25949.15,25959.05,25949.15,25952.75,25957.178416147704,32.553951066726356
2025-11-18T09:48:00+05:30,25952.7,25954.95,25917.2,25918.1,25947.408812110778,17.06078257389275
2025-11-18T09:51:00+05:30,25918.25,25923.45,25912.3,25914.3,25939.131609083084,16.08153780344054
2025-11-18T09:54:00+05:30,25913,25917.8,25909.95,25911.25,25932.161206812314,15.261287286372152
2025-11-18T09:57:00+05:30,25911.45,25912.95,25895.8,25896.2,25923.170905109237,11.797246227625877
2025-11-18T10:00:00+05:30,25895.85,25904.35,25881.9,25900.05,25917.39067883193,17.393255066646674
2025-11-18T10:03:00+05:30,25899.25,25912.85,25899.25,25911.4,25915.893009123945,32.19016014249662
2025-11-18T10:06:00+05:30,25912,25914.6,25898.8,25899.75,25911.85725684296,26.504813120517895
2025-11-18T10:09:00+05:30,25899.15,25903.7,25897.15,25901.55,25909.28044263222,28.772458628750087
2025-11-18T10:12:00+05:30,25901.85,25902.4,25894.7,25895.85,25905.922831974163,25.828299865150456
2025-11-18T10:15:00+05:30,25895.25,25900.15,25893.45,25899.05,25904.204623980622,30.48707477989437
2025-11-18T10:18:00+05:30,25899.5,25916.15,25896.95,25915.2,25906.953467985466,49.25436354237736
2025-11-18T10:21:00+05:30,25915.15,25917.65,25908.9,25915.5,25909.0901009891,49.54955007046755
2025-11-18T10:24:00+05:30,25915.55,25917.6,25911.2,25912,25909.817575741825,45.91426056322202
2025-11-18T10:27:00+05:30,25912.55,25913,25898.5,25898.8,25907.06318180637,34.70954405362798
2025-11-18T10:30:00+05:30,25898.7,25902.85,25887.4,25887.4,25902.14738635478,27.859361480220088
2025-11-18T10:33:00+05:30,25887.6,25888.85,25877.5,25878.85,25896.323039766085,23.756847250054122
2025-11-18T10:36:00+05:30,25879.6,25888.75,25877.1,25888,25894.242279824564,35.59767936283403
2025-11-18T10:39:00+05:30,25888.15,25894.85,25884.1,25894.25,25894.244209868422,42.69042343392054
2025-11-18T10:42:00+05:30,25893.55,25893.75,25886.6,25891.8,25893.633157401317,40.643342352213594
2025-11-18T10:45:00+05:30,25891.95,25901.25,25886.65,25900.05,25895.237368050988,50.05254095724204
2025-11-18T10:48:00+05:30,25899.95,25918.25,25899.9,25916.55,25900.56552603824,63.53878738346101
2025-11-18T10:51:00+05:30,25915.95,25916,25905.3,25908.75,25902.611644528683,55.30335149016109
2025-11-18T10:54:00+05:30,25909.75,25924.35,25905.6,25924.35,25908.04623339651,65.68210311554736
2025-11-18T10:57:00+05:30,25924.55,25930.85,25919.2,25921.9,25911.509675047382,63.00163731110566
2025-11-18T11:00:00+05:30,25922.55,25936.2,25921.55,25932.65,25916.794756285537,69.39518792432042
2025-11-18T11:03:00+05:30,25932.75,25933,25924.4,25925.8,25919.046067214153,61.495146968612126
2025-11-18T11:06:00+05:30,25926.15,25929.45,25923.45,25928.5,25921.409550410615,63.41061571511559
2025-11-18T11:09:00+05:30,25929.6,25935.3,25928.9,25932.35,25924.14466280796,66.20719774189548
2025-11-18T11:12:00+05:30,25932.75,25934.9,25929,25933.9,25926.58349710597,67.37830518074861
2025-11-18T11:15:00+05:30,25932.6,25938.2,25931.35,25938.1,25929.462622829476,70.59933047264927
2025-11-18T11:18:00+05:30,25938.2,25947.3,25937.2,25943.75,25933.034467122106,74.54410301253952
2025-11-18T11:21:00+05:30,25943.85,25949.4,25943.55,25947.4,25936.62585034158,76.88190633295997
2025-11-18T11:24:00+05:30,25948.1,25948.1,25941,25942.65,25938.131887756186,67.47379898621276
2025-11-18T11:27:00+05:30,25942.35,25943.55,25924.85,25924.85,25934.811415817137,43.95695975531059
2025-11-18T11:30:00+05:30,25925,25935.6,25924.2,25935.6,25935.00856186285,55.0061856145818
2025-11-18T11:33:00+05:30,25935.7,25940.7,25935.2,25940.7,25936.431421397137,59.433002252573054
2025-11-18T11:36:00+05:30,25940.45,25944.75,25939.45,25942.2,25937.873566047852,60.7578305698997
2025-11-18T11:39:00+05:30,25941.75,25955.45,25941.15,25954.2,25941.95517453589,69.92490113841463
2025-11-18T11:42:00+05:30,25954.05,25956.65,25950.45,25956.35,25945.55388090192,71.32508082270385
2025-11-18T11:45:00+05:30,25956.7,25977.35,25955.15,25969.95,25951.65291067644,78.65777585790222
2025-11-18T11:48:00+05:30,25970.25,25973.1,25965.4,25966.15,25955.27718300733,72.60545234623628
2025-11-18T11:51:00+05:30,25966.3,25975.85,25963.65,25972.95,25959.695387255495,76.39702456241292
2025-11-18T11:54:00+05:30,25974.25,25983.2,25968.9,25969.6,25962.17154044162,70.7674997871538
2025-11-18T11:57:00+05:30,25970.55,25975.85,25967.7,25974.65,25965.291155331215,74.12125842896027
2025-11-18T12:00:00+05:30,25974.3,25981.4,25970.6,25974.65,25967.63086649841,74.12125842896027
2025-11-18T12:03:00+05:30,25975.35,25976.25,25963.95,25965,25966.973149873807,57.08671764099988
2025-11-18T12:06:00+05:30,25966.85,25969.9,25963.1,25966.7,25966.904862405354,59.02226581479626
2025-11-18T12:09:00+05:30,25966,25968.8,25963.5,25964.05,25966.191146804016,54.54787581169944
2025-11-18T12:12:00+05:30,25964.6,25967.15,25962.45,25962.5,25965.26836010301,51.8648567691459
2025-11-18T12:15:00+05:30,25962.1,25964.25,25953,25956.75,25963.138770077258,42.76184190845372
2025-11-18T12:18:00+05:30,25956.95,25959.05,25951.4,25954.35,25960.941577557944,39.394852614126194
2025-11-18T12:21:00+05:30,25954.65,25955.95,25944.85,25949.7,25958.131183168458,33.4426871127383
2025-11-18T12:24:00+05:30,25949.45,25956.55,25943.6,25947.65,25955.510887376346,31.031216274870374
2025-11-18T12:27:00+05:30,25947.6,25954.8,25939.85,25953,25954.883165532257,43.44721258619057
2025-11-18T12:30:00+05:30,25953.1,25959.2,25948.75,25952.95,25954.399874149192,43.36209832973985
2025-11-18T12:33:00+05:30,25952.8,25955.4,25946.8,25948.05,25952.812405611894,35.42706985423547
2025-11-18T12:36:00+05:30,25947.75,25947.75,25930.8,25943.15,25950.396804208922,29.194276760765504
2025-11-18T12:39:00+05:30,25942.9,25946.15,25936.4,25940.9,25948.022603156693,26.679717205005318
2025-11-18T12:42:00+05:30,25941.1,25945.15,25937.95,25940.95,25946.25445236752,26.843080277265315
2025-11-18T12:45:00+05:30,25940.8,25944.9,25937.2,25944.05,25945.703339275642,36.99691430901904
2025-11-18T12:48:00+05:30,25943.8,25946.15,25927.6,25928,25941.27750445673,20.124866657905116
2025-11-18T12:51:00+05:30,25928.15,25939,25928.15,25938.7,25940.63312834255,41.03838817250795
2025-11-18T12:54:00+05:30,25938.55,25956.2,25938.55,25952.4,25943.574846256914,57.61542721824433
2025-11-18T12:57:00+05:30,25952.15,25952.85,25942.1,25943.4,25943.531134692686,47.4013902677726
2025-11-18T13:00:00+05:30,25943.55,25956.1,25943.55,25954.3,25946.223351019515,57.93758172963712
2025-11-18T13:03:00+05:30,25954.6,25963.3,25953.6,25960.95,25949.905013264637,63.18637967441555
2025-11-18T13:06:00+05:30,25961.3,25963.65,25956.25,25956.75,25951.616259948478,57.865765641999346
2025-11-18T13:09:00+05:30,25956.1,25965.2,25956.1,25962.8,25954.41219496136,63.08907855308334
2025-11-18T13:12:00+05:30,25962.35,25963.3,25953.2,25953.5,25954.184146221018,51.614061585151426
2025-11-18T13:15:00+05:30,25952.95,25972.2,25952.95,25970.7,25958.313109665763,65.25138047183266
2025-11-18T13:18:00+05:30,25970.75,25973.1,25965.65,25970.45,25961.347332249323,64.94100514831419
2025-11-18T13:21:00+05:30,25970.35,25976.7,25969.4,25974.6,25964.66049918699,67.89821123537317
2025-11-18T13:24:00+05:30,25974.55,25974.85,25967.25,25967.9,25965.470374390243,58.58976152493356
2025-11-18T13:27:00+05:30,25967.75,25974,25966.9,25969.6,25966.50278079268,60.20475622512802
2025-11-18T13:30:00+05:30,25969.65,25977.5,25969.2,25975.65,25968.78958559451,65.75062142083628
2025-11-18T13:33:00+05:30,25975.1,25978.7,25970.4,25977.55,25970.979689195883,67.41444865615892
2025-11-18T13:36:00+05:30,25977.6,25984.85,25977.1,25984.05,25974.247266896913,72.7064720392696
2025-11-18T13:39:00+05:30,25984.7,25987.8,25966.85,25967.75,25972.622950172685,49.287986900824514
2025-11-18T13:42:00+05:30,25967.5,25982.55,25957.65,25978.4,25974.067212629514,59.28460631708253
2025-11-18T13:45:00+05:30,25978.5,25983.9,25964.7,25973.9,25974.025409472135,54.03389350175201
2025-11-18T13:48:00+05:30,25973.7,25979.55,25970.85,25978.4,25975.1190571041,58.338720642918915
2025-11-18T13:51:00+05:30,25978.6,25979.55,25974.15,25974.15,25974.876792828076,52.88180233066485
2025-11-18T13:54:00+05:30,25974.3,25975.4,25967.75,25968.35,25973.245094621056,46.02708053008041
2025-11-18T13:57:00+05:30,25969.55,25973.25,25968.4,25970.55,25972.57132096579,48.95512205642294
2025-11-18T14:00:00+05:30,25970.95,25977.35,25969.95,25974.3,25973.003490724343,53.92578838367656
2025-11-18T14:03:00+05:30,25974.25,25996.55,25974.25,25994.75,25978.440118043258,71.551098742608
2025-11-18T14:06:00+05:30,25994.6,25997.15,25971.7,25974.35,25977.417588532444,49.50922068607414
2025-11-18T14:09:00+05:30,25974.4,25983.95,25971.6,25983.5,25978.938191399335,56.51851606134576
2025-11-18T14:12:00+05:30,25982.85,25990.85,25981.8,25988.7,25981.378643549502,60.18336347593019
2025-11-18T14:15:00+05:30,25988.45,25994.95,25981.1,25982.05,25981.546482662125,53.46056385972422
2025-11-18T14:18:00+05:30,25982.1,25982.3,25973.35,25976.1,25980.184861996593,47.87779137814422
2025-11-18T14:21:00+05:30,25976.2,25987.55,25969.5,25987.55,25982.026146497446,57.777005816269615
2025-11-18T14:24:00+05:30,25987.2,25990.7,25976.7,25976.95,25980.757109873084,47.942627293525035
2025-11-18T14:27:00+05:30,25976.9,25981.5,25964.5,25966.5,25977.192832404813,40.093474289035676
2025-11-18T14:30:00+05:30,25966.25,25973.7,25952.6,25954.15,25971.43212430361,32.70974757404059
2025-11-18T14:33:00+05:30,25954.2,25963.3,25953.3,25959.4,25968.42409322771,38.3413866272345
2025-11-18T14:36:00+05:30,25959.65,25967.05,25958.5,25967,25968.06806992078,45.97728499796303
2025-11-18T14:39:00+05:30,25967.35,25971.95,25962.6,25966.4,25967.651052440586,45.45876151080249
2025-11-18T14:42:00+05:30,25966.95,25970,25953.95,25955.05,25964.50078933044,36.3991804198448
2025-11-18T14:45:00+05:30,25955.25,25960.05,25949.2,25951.6,25961.27559199783,33.99650651555578
2025-11-18T14:48:00+05:30,25950.55,25953.1,25946.9,25951.35,25958.794193998372,33.80784279704484
2025-11-18T14:51:00+05:30,25950.6,25953.75,25937.85,25940.15,25954.13314549878,26.20653246800822
2025-11-18T14:54:00+05:30,25940.55,25946.95,25937.2,25945.7,25952.024859124085,34.69517115692554
2025-11-18T14:57:00+05:30,25945.1,25947.05,25938.15,25942.4,25949.618644343063,32.13119077692983
2025-11-18T15:00:00+05:30,25942.45,25946.6,25918.85,25923.55,25943.1014832573,21.528703758953156
2025-11-18T15:03:00+05:30,25923.1,25932.4,25920.5,25925.5,25938.701112442974,24.53409994655506
2025-11-18T15:06:00+05:30,25924.6,25930.1,25915.3,25917.25,25933.33833433223,20.63351115508044
2025-11-18T15:09:00+05:30,25917.05,25929.5,25901.45,25925.15,25931.291250749175,32.60405163371563
2025-11-18T15:12:00+05:30,25924.75,25925.8,25897.35,25897.75,25922.905938061882,20.24712943507656
2025-11-18T15:15:00+05:30,25896.95,25909.05,25891.05,25904.45,25918.29195354641,28.028730023439834
2025-11-18T15:18:00+05:30,25904.55,25905.8,25893.8,25897.7,25913.14396515981,25.14502732582818
2025-11-18T15:21:00+05:30,25896.5,25900.45,25876.5,25893.2,25908.157973869857,23.281985487086885
2025-11-18T15:24:00+05:30,25892.25,25902.15,25880.5,25884.65,25902.280980402393,19.997634820190754
2025-11-18T15:27:00+05:30,25884.6,25901.1,25882.65,25894.7,25900.385735301796,32.96565337722072
2025-11-18T15:30:00+05:30,25892.05,25910.05,25891.3,25910.05,25902.801801476347,47.98868921743842
2025-11-19T09:06:00+05:30,25918.1,25918.1,25918.1,25918.1,25906.62635110726,54.2604120940458
2025-11-19T09:15:00+05:30,25933.65,25933.65,25858.3,25893.5,25903.344763330446,37.94679725138948
2025-11-19T09:18:00+05:30,25893.4,25894.7,25856.2,25870.55,25895.146072497835,28.59083715079744
2025-11-19T09:21:00+05:30,25870.2,25889.55,25867.8,25886.6,25893.009554373377,40.55007908922985
2025-11-19T09:24:00+05:30,25886.95,25913.55,25884.4,25913.45,25898.119665780032,55.19513225807281
2025-11-19T09:27:00+05:30,25913.65,25915.55,25904.5,25904.5,25899.714749335024,50.36971675543607
2025-11-19T09:30:00+05:30,25903.65,25916.15,25894.8,25910.85,25902.498562001267,53.71887252335204
2025-11-19T09:33:00+05:30,25910.8,25911.35,25884.6,25891.9,25899.84892150095,43.49891108596385
2025-11-19T09:36:00+05:30,25891.5,25911.9,25890.65,25911.4,25902.736691125712,54.00429316192753
2025-11-19T09:39:00+05:30,25910.7,25915.3,25907.2,25912.4,25905.152518344286,54.510327540209815
2025-11-19T09:42:00+05:30,25912.05,25912.35,25901.2,25909.3,25906.189388758216,52.42437478285509
2025-11-19T09:45:00+05:30,25909.8,25911.3,25902.55,25909.55,25907.029541568663,52.59505157023641
2025-11-19T09:48:00+05:30,25908.9,25909.75,25886.15,25887.2,25902.0721561765,38.27392302744453
2025-11-19T09:51:00+05:30,25887.85,25899.3,25883.8,25898.1,25901.079117132373,46.55414776463965
2025-11-19T09:54:00+05:30,25898.3,25922.95,25897.75,25917.9,25905.28433784928,58.384847258354114
2025-11-19T09:57:00+05:30,25917.95,25924.05,25917.5,25920.35,25909.05075338696,59.67349634477721
2025-11-19T10:00:00+05:30,25920.15,25921.35,25913.2,25919.8,25911.73806504022,59.19343129663169
2025-11-19T10:03:00+05:30,25918.55,25930.6,25915.85,25930.6,25916.453548780162,65.54373699763293
2025-11-19T10:06:00+05:30,25929.5,25936.2,25928.9,25934.9,25921.065161585124,67.86654577020047
2025-11-19T10:09:00+05:30,25934.7,25935.55,25925.95,25925.95,25922.286371188842,58.31966169198836
2025-11-19T10:12:00+05:30,25925.6,25954.85,25925.55,25952.1,25929.73977839163,71.8283595547203
2025-11-19T10:15:00+05:30,25952.3,25963.75,25951.45,25963.55,25938.192333793722,75.830011245781
2025-11-19T10:18:00+05:30,25962.7,25968.25,25962.05,25967.35,25945.48175034529,77.09002878547508
2025-11-19T10:21:00+05:30,25966.6,25970.45,25961.8,25968.25,25951.173812758967,77.41535503941691
2025-11-19T10:24:00+05:30,25969.9,25971.2,25966.4,25968.7,25955.555359569225,77.60089693572073
2025-11-19T10:27:00+05:30,25969,25971.55,25956.5,25957.85,25956.12901967692,63.03398481964349
2025-11-19T10:30:00+05:30,25957.55,25975.6,25957.35,25971,25959.84676475769,70.78769254365034
2025-11-19T10:33:00+05:30,25970.3,25978.6,25968.45,25976.4,25963.98507356827,73.45517433074693
2025-11-19T10:36:00+05:30,25975.6,25979.15,25972.35,25973.35,25966.326305176204,69.28614575233881
2025-11-19T10:39:00+05:30,25973.1,25973.65,25964.65,25964.95,25965.982228882152,58.599682894591055
2025-11-19T10:42:00+05:30,25964.65,25968.05,25961.4,25963.1,25965.261671661614,56.36588864869266
2025-11-19T10:45:00+05:30,25962.7,25969.6,25961.15,25962.05,25964.45875374621,54.978166516798176
2025-11-19T10:48:00+05:30,25963.05,25963.05,25946.4,25951.8,25961.29406530966,42.938501658632326
2025-11-19T10:51:00+05:30,25951.65,25968.3,25951.3,25968,25962.970548982245,59.35200297776997
2025-11-19T10:54:00+05:30,25968.1,25969.75,25956.65,25959.8,25962.177911736682,50.73406521506107
2025-11-19T10:57:00+05:30,25959.75,25960.95,25951.6,25952.1,25959.658433802513,43.771309264532924
2025-11-19T11:00:00+05:30,25951.8,25955.1,25950.4,25950.45,25957.356325351884,42.319330362133535
2025-11-19T11:03:00+05:30,25951.5,25952.25,25940,25950.65,25955.679744013913,42.588645893727865
2025-11-19T11:06:00+05:30,25950.3,25955.85,25939.55,25939.55,25951.647308010433,32.70206617953163
2025-11-19T11:09:00+05:30,25937.95,25940.2,25925.6,25931.3,25946.560481007826,27.222375749602733
2025-11-19T11:12:00+05:30,25931.25,25934.6,25926.25,25927,25941.67036075587,24.70511077400073
2025-11-19T11:15:00+05:30,25927.2,25928.45,25917.8,25927.05,25938.015270566902,24.79944565141028
2025-11-19T11:18:00+05:30,25927.6,25939.45,25927.55,25939.3,25938.336452925178,44.628632801618764
2025-11-19T11:21:00+05:30,25939.4,25941.6,25935.95,25938.15,25938.289839693884,43.37594917120317
2025-11-19T11:24:00+05:30,25937.95,25949.8,25937.2,25948.8,25940.917379770413,56.55225386582438
2025-11-19T11:27:00+05:30,25949,25952.25,25946.05,25948.3,25942.76303482781,55.84053342602102
2025-11-19T11:30:00+05:30,25948.75,25952.2,25947.85,25951.9,25945.04727612086,60.062543003488834
2025-11-19T11:33:00+05:30,25950.9,25952.1,25949,25950.65,25946.447957090644,57.823045119570054
2025-11-19T11:36:00+05:30,25951.35,25952.5,25949.4,25950.45,25947.448467817983,57.42337431781637
2025-11-19T11:39:00+05:30,25950.6,25962.9,25950.05,25962.2,25951.13635086349,71.1101555738716
2025-11-19T11:42:00+05:30,25962.4,25972.1,25960.95,25968.9,25955.577263147617,76.19986735764962
2025-11-19T11:45:00+05:30,25969.25,25976.75,25968.8,25970.3,25959.25794736071,77.17995411882565
2025-11-19T11:48:00+05:30,25970.7,25976.25,25970,25973.15,25962.730960520534,79.21297183783605
2025-11-19T11:51:00+05:30,25972.95,25976.85,25971.8,25973.5,25965.4232203904,79.47495819420793
2025-11-19T11:54:00+05:30,25973.65,25973.9,25968.95,25972.45,25967.1799152928,76.11729106837345
2025-11-19T11:57:00+05:30,25972.85,25976,25971.7,25974.25,25968.9474364696,77.97806179741983
2025-11-19T12:00:00+05:30,25974.05,25994.8,25974.05,25987.65,25973.6230773522,86.86580896549015
2025-11-19T12:03:00+05:30,25987.9,25994.05,25985.25,25992.65,25978.37980801415,88.82852959404302
2025-11-19T12:06:00+05:30,25992.9,25999.75,25990.4,25990.6,25981.434856010612,82.90263223829487
2025-11-19T12:09:00+05:30,25993.1,25993.8,25988.4,25992.35,25984.16364200796,83.96781779428834
2025-11-19T12:12:00+05:30,25992.6,25996.75,25992.05,25993.3,25986.44773150597,84.57639307779226
2025-11-19T12:15:00+05:30,25993.5,26010.35,25993.5,25996.7,25989.01079862948,86.68654844896014
2025-11-19T12:18:00+05:30,25996.25,25999.65,25993.9,25997.5,25991.13309897211,87.16845763725945
2025-11-19T12:21:00+05:30,25997.4,26004.7,25996.45,26003.45,25994.212324229084,90.23538471698649
2025-11-19T12:24:00+05:30,26003.4,26011.25,26002.55,26009,25997.909243171813,92.25094627639623
2025-11-19T12:27:00+05:30,26008.8,26016.85,26007.75,26013.3,26001.75693237886,93.46941711008392
2025-11-19T12:30:00+05:30,26013,26024.5,26012.25,26023.3,26007.142699284144,95.4223502042586
2025-11-19T12:33:00+05:30,26022.8,26031.7,26022.25,26023,26011.10702446311,94.43395271959531
2025-11-19T12:36:00+05:30,26023.25,26027.7,26014,26017.15,26012.617768347332,76.4246673184642
2025-11-19T12:39:00+05:30,26017.25,26018.9,26012.55,26016.55,26013.6008262605,74.71958658728111
2025-11-19T12:42:00+05:30,26016.4,26022.05,26015.5,26017.6,26014.600619695375,75.82096168169916
2025-11-19T12:45:00+05:30,26016.25,26022.8,26012.3,26019.7,26015.875464771532,78.05207361895596
2025-11-19T12:48:00+05:30,26019.5,26031.45,26018.75,26030.3,26019.481598578648,85.77945027686864
2025-11-19T12:51:00+05:30,26031,26031.2,26016.85,26020.35,26019.698698933986,61.9091678089795
2025-11-19T12:54:00+05:30,26020.6,26026.8,26018.5,26023.6,26020.67402420049,65.56116033381564
2025-11-19T12:57:00+05:30,26023.85,26025,26015.35,26017.4,26019.85551815037,54.03160833764076
2025-11-19T13:00:00+05:30,26016.95,26023.15,26016.4,26022.65,26020.554138612777,60.83570557187272
2025-11-19T13:03:00+05:30,26022.05,26038.9,26021.7,26033.3,26023.74060395958,70.99599825930846
2025-11-19T13:06:00+05:30,26033.9,26034.35,26022.5,26022.9,26023.530452969688,54.79944529480081
2025-11-19T13:09:00+05:30,26023.3,26024.05,26018.2,26021.1,26022.922839727267,52.38625253805351
2025-11-19T13:12:00+05:30,26022,26030.05,26020.25,26027.9,26024.167129795453,60.12543381153642
2025-11-19T13:15:00+05:30,26029,26030.65,26021.3,26022.45,26023.73784734659,52.19295500922486
2025-11-19T13:18:00+05:30,26022.3,26023.35,26015.9,26018.7,26022.478385509945,47.1946263998002
2025-11-19T13:21:00+05:30,26019.45,26022.3,26018.2,26020.45,26021.97128913246,49.81143104566429
2025-11-19T13:24:00+05:30,26021.25,26022.6,26007.95,26008.9,26018.703466849343,36.0539996016718
2025-11-19T13:27:00+05:30,26008.85,26011.6,26001.95,26002.4,26014.627600137006,30.519655830513287
2025-11-19T13:30:00+05:30,26002.7,26011.55,26001.65,26009.45,26013.333200102756,41.82037647626317
2025-11-19T13:33:00+05:30,26010.15,26012.25,25995.5,25995.75,26008.937400077066,30.55388186824713
2025-11-19T13:36:00+05:30,25998.2,26004.2,25994.3,26001.2,26007.0030500578,38.27191129180312
2025-11-19T13:39:00+05:30,26000.95,26002.55,25991.55,25994.7,26003.92728754335,33.14618257226991
2025-11-19T13:42:00+05:30,25995.35,26004.55,25987.3,26004.55,26004.08296565751,45.94526585903899
2025-11-19T13:45:00+05:30,26004.75,26009.6,26002.5,26004.1,26004.087224243132,45.48117035753304
2025-11-19T13:48:00+05:30,26004.65,26014.85,26000.5,26014.05,26006.57791818235,56.75064316438574
2025-11-19T13:51:00+05:30,26014.45,26014.85,26009.1,26011,26007.683438636763,52.84422980545207
2025-11-19T13:54:00+05:30,26011.35,26016.25,26009.65,26011.2,26008.562578977573,53.09125325646129
2025-11-19T13:57:00+05:30,26012,26017.75,26006.85,26006.85,26008.13443423318,46.86207311613993
2025-11-19T14:00:00+05:30,26007.25,26007.85,25993.4,25995.95,26005.088325674886,34.89362106784354
2025-11-19T14:03:00+05:30,25996.45,26021.1,25996,26018.95,26008.553744256165,60.026306400111686
2025-11-19T14:06:00+05:30,26019.4,26022.95,26012.15,26013,26009.665308192125,53.76259816330033
2025-11-19T14:09:00+05:30,26012.85,26018.05,26008.7,26016.65,26011.411481144096,56.97571315245101
2025-11-19T14:12:00+05:30,26017.7,26034,26017.7,26033,26016.808610858072,68.43795684058102
2025-11-19T14:15:00+05:30,26033.1,26044.2,26032.55,26043.4,26023.456458143555,73.64790574541951
2025-11-19T14:18:00+05:30,26042.9,26048.35,26040.8,26043.7,26028.517343607666,73.7934892803052
2025-11-19T14:21:00+05:30,26043.55,26044.6,26040.55,26042,26031.888007705747,71.19326683345918
2025-11-19T14:24:00+05:30,26042.75,26045.25,26041,26043.9,26034.89100577931,72.4586697720697
2025-11-19T14:27:00+05:30,26043.6,26048.95,26043.4,26045.15,26037.455754334485,73.35697026904893
2025-11-19T14:30:00+05:30,26045.85,26051.3,26042.2,26043.1,26038.866815750865,69.0479535747384
2025-11-19T14:33:00+05:30,26042.8,26045.35,26041.35,26042.15,26039.687611813148,66.92262400081873
2025-11-19T14:36:00+05:30,26042.95,26044.85,26040.65,26042.95,26040.50320885986,67.89353872239674
2025-11-19T14:39:00+05:30,26043,26069.2,26042.2,26069.15,26047.664906644895,84.86631377476814
2025-11-19T14:42:00+05:30,26069.55,26074.65,26061.25,26061.5,26051.12367998367,71.91568210187305
2025-11-19T14:45:00+05:30,26062.65,26064.3,26057.85,26061.85,26053.805259987752,72.14259007003874
2025-11-19T14:48:00+05:30,26061.7,26063.85,26057.95,26063.25,26056.166444990813,73.15477461571484
2025-11-19T14:51:00+05:30,26063.2,26066.3,26062.5,26063.25,26057.93733374311,73.15477461571484
2025-11-19T14:54:00+05:30,26063.35,26065.25,26060.45,26062.85,26059.165500307332,72.13549458497253
2025-11-19T14:57:00+05:30,26063.4,26063.7,26052.55,26054.85,26058.0866252305,54.43744652219019
2025-11-19T15:00:00+05:30,26055.85,26063.5,26054.3,26057.1,26057.839968922875,57.832115928131856
2025-11-19T15:03:00+05:30,26057,26059.15,26046.85,26050.3,26055.954976692155,45.80030529243904
2025-11-19T15:06:00+05:30,26049.45,26054.4,26049.2,26053.45,26055.328732519116,51.278426557874596
2025-11-19T15:09:00+05:30,26053.05,26055.9,26050.4,26055.9,26055.471549389338,55.371498916181785
2025-11-19T15:12:00+05:30,26055.7,26062.1,26054.95,26059.1,26056.378662042003,60.43623080693514
2025-11-19T15:15:00+05:30,26059.25,26059.65,26053.45,26055.4,26056.133996531502,52.41248044343258
2025-11-19T15:18:00+05:30,26055.05,26055.4,26050.8,26053.8,26055.550497398624,49.122271158543974
2025-11-19T15:21:00+05:30,26054.05,26056.25,26043.3,26046.55,26053.30037304897,36.88248567869732
2025-11-19T15:24:00+05:30,26046.2,26050.5,26044.75,26047.7,26051.90027978673,39.66459519881415
2025-11-19T15:27:00+05:30,26047.25,26053.15,26041.15,26052.7,26052.100209840046,50.68966280091385
2025-11-19T15:30:00+05:30,26051.7,26053.05,26050.95,26052.65,26052.237657380036,50.58183013093546
2025-11-20T09:06:00+05:30,26132.1,26132.1,26132.1,26132.1,26072.203243035026,90.00376802098798
2025-11-20T09:15:00+05:30,26136,26136,26083.15,26093.3,26077.477432276268,61.87943352981031
2025-11-20T09:18:00+05:30,26093.9,26102.1,26088.7,26099.95,26083.0955742072,64.12122823781806
2025-11-20T09:21:00+05:30,26099.9,26105.4,26086.9,26088.15,26084.3591806554,57.16214311771526
2025-11-20T09:24:00+05:30,26087.15,26097.25,26080.5,26089.85,26085.73188549155,57.92957687663549
2025-11-20T09:27:00+05:30,26089.3,26104.95,26082.9,26104.95,26090.536414118662,64.51690726231536
2025-11-20T09:30:00+05:30,26103.7,26111.4,26102.75,26109.75,26095.339810588997,66.46428930134257
2025-11-20T09:33:00+05:30,26108.95,26111.1,26095.85,26111.05,26099.267357941746,67.0359251931757
2025-11-20T09:36:00+05:30,26111.2,26111.9,26096.3,26099.15,26099.238018456308,56.712151070604314
2025-11-20T09:39:00+05:30,26099.9,26105.35,26099.55,26102.85,26100.14101384223,59.00244087327676
2025-11-20T09:42:00+05:30,26103.6,26103.6,26063.2,26077.95,26094.593260381673,41.68598769889306
2025-11-20T09:45:00+05:30,26077.5,26093.2,26068.2,26089.65,26093.357445286256,49.76773120232033
2025-11-20T09:48:00+05:30,26090.2,26093.65,26083.25,26093.55,26093.40558396469,52.33660431475404
2025-11-20T09:51:00+05:30,26094.1,26095.55,26086.4,26087.5,26091.929187973517,47.90297011858696
2025-11-20T09:54:00+05:30,26087.35,26091.3,26079.5,26091.25,26091.759390980136,50.91021066112652
2025-11-20T09:57:00+05:30,26090.6,26091.95,26074.1,26077.2,26088.1195432351,40.65280433983167
2025-11-20T10:00:00+05:30,26076.95,26087.7,26076.15,26077.2,26085.389657426327,40.65280433983167
2025-11-20T10:03:00+05:30,26077.15,26091.95,26076.2,26090.55,26086.679743069744,52.920500771522484
2025-11-20T10:06:00+05:30,26090.95,26103.45,26090.5,26101.75,26090.447307302307,60.84290245360571
2025-11-20T10:09:00+05:30,26101.8,26102.05,26090.45,26091.65,26090.74798047673,51.69138105083831
2025-11-20T10:12:00+05:30,26091.7,26105.9,26091.7,26099.65,26092.97348535755,57.586622977028156
2025-11-20T10:15:00+05:30,26100.7,26109.35,26097.4,26101.45,26095.092614018162,58.90310616213144
2025-11-20T10:18:00+05:30,26102.1,26106.2,26100.75,26102.05,26096.83196051362,59.393264143416474
2025-11-20T10:21:00+05:30,26102.35,26104.15,26100,26100.4,26097.723970385217,57.204316546098326
2025-11-20T10:24:00+05:30,26100.5,26107.1,26098.25,26104.35,26099.380477788913,61.19832171358425
2025-11-20T10:27:00+05:30,26104.1,26115.25,26103.75,26113.75,26102.972858341684,69.18327947708312
2025-11-20T10:30:00+05:30,26114,26121.95,26113.55,26116.5,26106.35464375626,71.20573830835214
2025-11-20T10:33:00+05:30,26115.6,26120.65,26112.75,26116.45,26108.878482817196,71.10674902192237
2025-11-20T10:36:00+05:30,26116.95,26121.75,26114.55,26119.2,26111.458862112897,73.47305007237719
2025-11-20T10:39:00+05:30,26118.45,26130.85,26117,26126.3,26115.169146584674,78.72204271190341
2025-11-20T10:42:00+05:30,26126.65,26130.2,26123.15,26128.4,26118.476859938506,80.08204936662058
2025-11-20T10:45:00+05:30,26128.25,26133.85,26124.1,26132.65,26122.02014495388,82.6937871212405
2025-11-20T10:48:00+05:30,26132.95,26142.2,26132.95,26139.5,26126.390108715408,86.11689100900796
2025-11-20T10:51:00+05:30,26139.2,26145.05,26138.7,26141.1,26130.067581536554,86.82692851142528
2025-11-20T10:54:00+05:30,26141.5,26142.05,26134.7,26136.6,26131.700686152413,74.34982382240868
2025-11-20T10:57:00+05:30,26136.2,26138.4,26128.7,26130.55,26131.41301461431,60.67404725308967
2025-11-20T11:00:00+05:30,26129.85,26132.85,26126.05,26130.25,26131.122260960732,60.03520923842066
2025-11-20T11:03:00+05:30,26130.55,26139.35,26129.9,26136.9,26132.56669572055,68.58835149286699
2025-11-20T11:06:00+05:30,26136.8,26139.7,26131.95,26139.35,26134.262521790413,71.23448378351988
2025-11-20T11:09:00+05:30,26139,26141.3,26137.4,26138.05,26135.20939134281,67.70380693041133
2025-11-20T11:12:00+05:30,26138.75,26140.7,26133.1,26133.1,26134.682043507106,55.48677270045201
2025-11-20T11:15:00+05:30,26133.4,26135.95,26130.7,26132.15,26134.04903263033,53.331979479295136
2025-11-20T11:18:00+05:30,26132.25,26132.75,26126.85,26130.35,26133.124274472746,49.115675217064656
2025-11-20T11:21:00+05:30,26130.1,26135.35,26127.9,26134.85,26133.55570585456,58.65029633436499
2025-11-20T11:24:00+05:30,26134.3,26140.3,26133.9,26138.15,26134.70427939092,64.3633070066906
2025-11-20T11:27:00+05:30,26138.1,26139.6,26133,26136.6,26135.17820954319,59.83328774089782
2025-11-20T11:30:00+05:30,26136.7,26140.75,26133.15,26140.3,26136.458657157393,66.41607684836994
2025-11-20T11:33:00+05:30,26140.85,26148.65,26139.75,26145.35,26138.681492868043,73.36646315366252
2025-11-20T11:36:00+05:30,26144.8,26145.95,26141.2,26142.7,26139.686119651033,65.11619917867648
2025-11-20T11:39:00+05:30,26142.65,26144.65,26138.9,26139.6,26139.664589738273,56.452280597600115
2025-11-20T11:42:00+05:30,26139.5,26146.6,26138.55,26145.75,26141.185942303706,66.70545988514114
2025-11-20T11:45:00+05:30,26146.2,26146.45,26133.75,26134.4,26139.48945672778,44.26536391273149
2025-11-20T11:48:00+05:30,26134.65,26137.75,26132,26134.45,26138.229592545835,44.361560397296685
2025-11-20T11:51:00+05:30,26135,26136.25,26125.85,26130.55,26136.309694409378,38.33977848082205
2025-11-20T11:54:00+05:30,26130.4,26138.75,26130.3,26137,26136.482270807035,51.13757319307147
2025-11-20T11:57:00+05:30,26136.6,26144.35,26136.2,26143.5,26138.236703105278,60.72224323802017
2025-11-20T12:00:00+05:30,26143.75,26152.95,26143.75,26144.7,26139.85252732896,62.314422587212604
2025-11-20T12:03:00+05:30,26145.75,26148.55,26142.15,26145.35,26141.22689549672,63.25569271265128
2025-11-20T12:06:00+05:30,26145.6,26147.75,26142.05,26143,26141.67017162254,57.226771079602045
2025-11-20T12:09:00+05:30,26142.45,26143.25,26140.15,26143.25,26142.065128716906,57.726832954057194
2025-11-20T12:12:00+05:30,26143.4,26146.45,26141.95,26146.05,26143.06134653768,63.328812226909555
2025-11-20T12:15:00+05:30,26146.15,26149.6,26135.75,26136.15,26141.333509903263,40.94608345788966
2025-11-20T12:18:00+05:30,26135.85,26150,26135.35,26143.85,26141.962632427447,55.28627272039848
2025-11-20T12:21:00+05:30,26144.15,26151.6,26142.9,26150.25,26144.034474320586,63.8084314933762
2025-11-20T12:24:00+05:30,26149.85,26158.15,26149.8,26155.55,26146.91335574044,69.43644685523431
2025-11-20T12:27:00+05:30,26155.9,26162.65,26153.5,26160,26150.185016805328,73.47668208029297
2025-11-20T12:30:00+05:30,26160.05,26163.2,26158.2,26160.1,26152.663762603996,73.56828618013746
2025-11-20T12:33:00+05:30,26160.15,26171.25,26160.15,26167.25,26156.310321952995,79.48004064591724
2025-11-20T12:36:00+05:30,26166.75,26168.75,26164,26167.65,26159.145241464747,79.77528005026524
2025-11-20T12:39:00+05:30,26166.65,26172.5,26165.65,26167.4,26161.20893109856,78.94703196893539
2025-11-20T12:42:00+05:30,26166.7,26175.35,26166.45,26170.35,26163.49419832392,81.57981402119083
2025-11-20T12:45:00+05:30,26170.05,26176.55,26169.6,26174.5,26166.245648742937,84.71665716974836
2025-11-20T12:48:00+05:30,26174.95,26177.55,26173.3,26175.35,26168.521736557203,85.31425947188684
2025-11-20T12:51:00+05:30,26174.6,26176.05,26169.25,26170.45,26169.0038024179,67.55012643848413
2025-11-20T12:54:00+05:30,26170.15,26174.05,26168.65,26168.65,26168.915351813426,62.0159967253456
2025-11-20T12:57:00+05:30,26169.5,26174.6,26167.6,26172.15,26169.72401386007,67.9689985303786
2025-11-20T13:00:00+05:30,26172.7,26182.45,26171,26179.8,26172.24301039505,77.11492642249047
2025-11-20T13:03:00+05:30,26178.8,26184.75,26178.75,26180.1,26174.207257796286,77.41003338360895
2025-11-20T13:06:00+05:30,26179.95,26179.95,26172.6,26173.25,26173.967943347216,57.617626470141715
2025-11-20T13:09:00+05:30,26173.05,26180.15,26171,26177.9,26174.950957510413,64.75458476318222
2025-11-20T13:12:00+05:30,26177.3,26181.3,26173.75,26177.8,26175.66321813281,64.48215080781085
2025-11-20T13:15:00+05:30,26177.1,26182.15,26174.95,26180.25,26176.80991359961,68.29485671434847
2025-11-20T13:18:00+05:30,26179.7,26185.8,26173.2,26174.85,26176.319935199706,53.52122793289299
2025-11-20T13:21:00+05:30,26174.7,26187.7,26172.9,26185.85,26178.70245139978,69.30264159833078
2025-11-20T13:24:00+05:30,26186.2,26200.7,26186.2,26199.45,26183.889338549834,79.39444197237769
2025-11-20T13:27:00+05:30,26198.5,26204.4,26195.4,26203.25,26188.729503912375,81.38892598958988
2025-11-20T13:30:00+05:30,26203.2,26205.05,26198.85,26201.9,26192.02212793428,78.24967747244133
2025-11-20T13:33:00+05:30,26201.55,26206.4,26198.8,26203.65,26194.929095950713,79.44850020885588
2025-11-20T13:36:00+05:30,26204.35,26210.55,26203.35,26207.75,26198.134321963036,82.13929438864925
2025-11-20T13:39:00+05:30,26208.55,26215.35,26206.8,26209.15,26200.888241472276,83.0247060366037
2025-11-20T13:42:00+05:30,26208.65,26210.85,26204.55,26206.1,26202.19118110421,73.73429851038753
2025-11-20T13:45:00+05:30,26206.15,26217.2,26200.85,26200.85,26201.855885828154,60.2052301069887
2025-11-20T13:48:00+05:30,26201.35,26214.25,26201.35,26213.55,26204.779414371114,73.78184859154588
2025-11-20T13:51:00+05:30,26213.35,26227.05,26210.6,26225,26209.834560778334,80.70564672972772
2025-11-20T13:54:00+05:30,26225.95,26228,26220.85,26224.2,26213.42592058375,79.00494598877731
2025-11-20T13:57:00+05:30,26224.7,26225.9,26218.6,26218.9,26214.794440437814,67.93927925472849
2025-11-20T14:00:00+05:30,26218.55,26221.05,26213.55,26213.65,26214.50833032836,58.47432073795356
2025-11-20T14:03:00+05:30,26212.85,26228.2,26211.75,26224.85,26217.093747746272,69.16576665111317
2025-11-20T14:06:00+05:30,26225.2,26226.85,26217.35,26221.2,26218.120310809703,62.9987740463813
2025-11-20T14:09:00+05:30,26221.05,26227.35,26220.1,26224.6,26219.740233107277,66.2673977112675
2025-11-20T14:12:00+05:30,26224.65,26227.75,26221.95,26224.65,26220.96767483046,66.31844572028385
2025-11-20T14:15:00+05:30,26224.25,26236.6,26224.25,26236.15,26224.763256122846,76.04564908001713
2025-11-20T14:18:00+05:30,26235.95,26246.65,26230.95,26234,26227.072442092132,71.53926939110666
2025-11-20T14:21:00+05:30,26233.8,26238.65,26231.8,26231.8,26228.2543315691,66.81272638022544
2025-11-20T14:24:00+05:30,26232.95,26237.15,26228.5,26228.55,26228.328248676826,59.98255579832496
2025-11-20T14:27:00+05:30,26228.6,26229.4,26198.8,26200.55,26221.38368650762,29.58407737456791
2025-11-20T14:30:00+05:30,26200.25,26218.9,26199.3,26200.55,26216.175264880716,29.58407737456791
2025-11-20T14:33:00+05:30,26200.8,26211.45,26199.7,26210.8,26214.831448660538,43.78035258477597
2025-11-20T14:36:00+05:30,26210.6,26225.05,26210.6,26221.5,26216.498586495403,54.862987948933316
2025-11-20T14:39:00+05:30,26221.75,26223.6,26216.05,26222.3,26217.948939871552,55.626008821932146
2025-11-20T14:42:00+05:30,26222.15,26223.8,26195.3,26195.3,26212.286704903665,33.396645459642485
2025-11-20T14:45:00+05:30,26195.05,26220.85,26192.85,26206.5,26210.840028677747,44.19011979125438
2025-11-20T14:48:00+05:30,26206.15,26210.65,26198.7,26210.1,26210.65502150831,47.38743811768748
2025-11-20T14:51:00+05:30,26210.3,26215.95,26201.15,26201.2,26208.291266131233,40.66761574251686
2025-11-20T14:54:00+05:30,26199.85,26211.25,26191,26207.6,26208.118449598423,46.97581395127098
2025-11-20T14:57:00+05:30,26207.9,26211.3,26199.95,26208.35,26208.176337198816,47.7355245840987
2025-11-20T15:00:00+05:30,26209.9,26217.85,26172.25,26174.25,26199.69475289911,27.122443472999137
2025-11-20T15:03:00+05:30,26174.5,26196.7,26169.6,26185.8,26196.221064674333,37.74543448337014
2025-11-20T15:06:00+05:30,26186.15,26202.25,26177.35,26177.65,26191.578298505752,33.701329185345855
2025-11-20T15:09:00+05:30,26178.65,26188.9,26173.5,26188.9,26190.908723879314,43.45741073367694
2025-11-20T15:12:00+05:30,26188.65,26208.05,26186.7,26203.2,26193.981542909485,53.586018048966665
2025-11-20T15:15:00+05:30,26204.6,26205.25,26187.3,26198.4,26195.086157182115,50.07338349565914
2025-11-20T15:18:00+05:30,26197.85,26199.8,26188,26196.6,26195.464617886588,48.67737928292766
2025-11-20T15:21:00+05:30,26197.6,26200.35,26187.3,26193.7,26195.023463414942,46.25357589985482
2025-11-20T15:24:00+05:30,26194.3,26202.1,26192.2,26200.25,26196.330097561207,52.48758454779475
2025-11-20T15:27:00+05:30,26201.05,26204.65,26191.8,26197.4,26196.597573170904,49.56896157674862
2025-11-20T15:30:00+05:30,26193.6,26195.2,26192.15,26192.15,26195.485679878177,44.27760788722079
2025-11-21T09:06:00+05:30,26109.55,26109.55,26109.55,26109.55,26174.00175990863,14.961652133089615
2025-11-21T09:15:00+05:30,26126.15,26131.4,26094.45,26118,26160.001319931474,21.189359746973153
2025-11-21T09:18:00+05:30,26117,26142.15,26112.9,26138.1,26154.525989948605,34.50106714423259
2025-11-21T09:21:00+05:30,26138,26153.75,26134.45,26147.85,26152.856992461453,40.21573687025232
2025-11-21T09:24:00+05:30,26147.55,26169,26144.45,26158.6,26154.29274434609,46.248273504724736
2025-11-21T09:27:00+05:30,26158.2,26169.95,26157.35,26158.2,26155.26955825957,46.04657219887223
2025-11-21T09:30:00+05:30,26158.55,26173.9,26149.05,26173.7,26159.87716869468,54.93236957805496
2025-11-21T09:33:00+05:30,26172.95,26174,26144.15,26146.25,26156.470376521007,40.9857802795636
2025-11-21T09:36:00+05:30,26147.1,26147.4,26139.7,26142.5,26152.977782390757,39.39180610477617
2025-11-21T09:39:00+05:30,26141.85,26159.25,26140.45,26150.05,26152.245836793067,44.46495570642818
2025-11-21T09:42:00+05:30,26149.8,26150.95,26129.15,26131.3,26147.0093775948,35.7861106092294
2025-11-21T09:45:00+05:30,26129.9,26130.15,26112.35,26126.3,26141.8320331961,33.737441854026486
2025-11-21T09:48:00+05:30,26125.95,26128.35,26117.65,26118.95,26136.111524897075,30.721241853324912
2025-11-21T09:51:00+05:30,26118.85,26123.95,26111.8,26115.3,26130.908643672807,29.208351849957566
2025-11-21T09:54:00+05:30,26115.05,26115.75,26093.45,26108.9,26125.406482754606,26.535193174721343
2025-11-21T09:57:00+05:30,26108.4,26120.35,26102.05,26119.4,26123.904862065956,37.486106687908055
2025-11-21T10:00:00+05:30,26119.8,26120.7,26102,26102,26118.428646549466,29.099844812548298
2025-11-21T10:03:00+05:30,26101.7,26102.85,26089.05,26090.75,26111.5089849121,24.898226806853046
2025-11-21T10:06:00+05:30,26091.25,26096.95,26087.3,26089.45,26105.994238684074,24.42282652294017
2025-11-21T10:09:00+05:30,26088.95,26090.4,26080.65,26090.4,26102.095679013055,25.633413254081773
2025-11-21T10:12:00+05:30,26089.2,26096.5,26085.2,26087.4,26098.421759259792,24.204997147251632
2025-11-21T10:15:00+05:30,26088,26088,26074.05,26074.05,26092.328819444843,18.77368632324317
2025-11-21T10:18:00+05:30,26073.7,26074,26061.6,26062.4,26084.846614583632,15.28241854276817
2025-11-21T10:21:00+05:30,26062.3,26069.9,26055.95,26069.9,26081.109960937723,25.665078235429505
2025-11-21T10:24:00+05:30,26069.5,26074.8,26064.15,26064.7,26077.00747070329,23.350265982542155
2025-11-21T10:27:00+05:30,26064.35,26068.15,26061.2,26068.15,26074.79310302747,28.352206698999538
2025-11-21T10:30:00+05:30,26068,26075,26062.45,26072.35,26074.182327270602,34.429540617192984
2025-11-21T10:33:00+05:30,26072.05,26074.3,26059.95,26067,26072.386745452954,30.575351506359596
2025-11-21T10:36:00+05:30,26067.35,26079.75,26066.75,26072.6,26072.440059089713,38.924629761193515
2025-11-21T10:39:00+05:30,26073.05,26077.05,26070.3,26074.5,26072.955044317285,41.699970944299146
2025-11-21T10:42:00+05:30,26074.45,26074.95,26068.8,26071.55,26072.603783237962,38.52858878598248
2025-11-21T10:45:00+05:30,26071.85,26073.7,26064.25,26070.7,26072.127837428474,37.56813567142451
2025-11-21T10:48:00+05:30,26071.05,26077.55,26064.85,26075.05,26072.858378071356,45.65645280224997
2025-11-21T10:51:00+05:30,26074.55,26078.25,26062.6,26063.2,26070.443783553517,32.34045150423688
2025-11-21T10:54:00+05:30,26062.4,26079.8,26061.1,26079.8,26072.782837665138,54.180668124458855
2025-11-21T10:57:00+05:30,26079.1,26094.15,26079.1,26093.95,26078.074628248854,65.31501018025968
2025-11-21T11:00:00+05:30,26093.2,26095.35,26085.65,26086.45,26080.16847118664,56.78241264222689
2025-11-21T11:03:00+05:30,26087.05,26090.15,26075.5,26075.5,26079.00135338998,46.44704368763304
2025-11-21T11:06:00+05:30,26075.6,26083.1,26064.8,26082,26079.751015042486,52.441947661253266
2025-11-21T11:09:00+05:30,26081.25,26093.95,26080.1,26093.75,26083.250761281866,61.52528581610846
2025-11-21T11:12:00+05:30,26093.6,26110.55,26093.6,26106.7,26089.1130709614,69.11110498800232
2025-11-21T11:15:00+05:30,26107.2,26108.15,26100.55,26101.4,26092.18480322105,63.16470089885327
2025-11-21T11:18:00+05:30,26100.45,26103.25,26096.55,26096.85,26093.35110241579,58.153256269625366
2025-11-21T11:21:00+05:30,26096.4,26101,26091.1,26092.35,26093.100826811842,53.276077845832496
2025-11-21T11:24:00+05:30,26091.75,26095.05,26081.2,26093.75,26093.26312010888,54.656376732786086
2025-11-21T11:27:00+05:30,26093.3,26105.2,26089.15,26103,26095.69734008166,63.06669617352802
2025-11-21T11:30:00+05:30,26103.2,26104.2,26088.7,26088.7,26093.948005061247,47.257545825771395
2025-11-21T11:33:00+05:30,26089.85,26090.95,26079.95,26087.9,26092.436003795934,46.496812624093174
2025-11-21T11:36:00+05:30,26087.55,26097.65,26087.35,26094.55,26092.96450284695,53.721498125209216
2025-11-21T11:39:00+05:30,26093.3,26096.3,26079.35,26081.6,26090.123377135213,41.10966664362768
2025-11-21T11:42:00+05:30,26081.85,26086.7,26070.95,26086.35,26089.180032851407,46.485796390221935
2025-11-21T11:45:00+05:30,26086.3,26091.4,26085.6,26089.85,26089.347524638557,50.37987577003403
2025-11-21T11:48:00+05:30,26088.65,26092.25,26087.45,26091.25,26089.82314347892,52.00953743813849
2025-11-21T11:51:00+05:30,26091,26096.65,26088.95,26092.6,26090.51735760919,53.71951354011476
2025-11-21T11:54:00+05:30,26092.35,26098.9,26092.35,26097.2,26092.188018206893,59.46163282018565
2025-11-21T11:57:00+05:30,26096.7,26097.1,26092.2,26093.1,26092.41601365517,52.6667270369003
2025-11-21T12:00:00+05:30,26093.3,26099.25,26086.1,26099.25,26094.124510241378,60.55491958359012
2025-11-21T12:03:00+05:30,26098.2,26110.75,26097.95,26110.4,26098.193382681035,70.8354021471821
2025-11-21T12:06:00+05:30,26110.05,26110.9,26104.7,26105.8,26100.095037010775,62.93995328197113
2025-11-21T12:09:00+05:30,26106.3,26111.7,26105.25,26108.75,26102.25877775808,65.79265766392372
2025-11-21T12:12:00+05:30,26108.45,26126.35,26108.45,26123.9,26107.66908331856,76.58953646383982
2025-11-21T12:15:00+05:30,26124.55,26131.7,26122.55,26131.35,26113.58931248892,80.17875744577172
2025-11-21T12:18:00+05:30,26131.1,26141.15,26128.3,26140.9,26120.41698436669,83.87585401694903
2025-11-21T12:21:00+05:30,26140.7,26152.75,26140.6,26149.85,26127.77523827502,86.60715319128946
2025-11-21T12:24:00+05:30,26150.2,26160.7,26149.9,26151.65,26133.743928706266,87.11911154149138
2025-11-21T12:27:00+05:30,26152.35,26160.1,26147.15,26152.75,26138.495446529698,87.46085225270636
2025-11-21T12:30:00+05:30,26151.45,26152.75,26137.5,26138.4,26138.471584897274,62.303317661723796
2025-11-21T12:33:00+05:30,26138.3,26144.95,26135.1,26143.65,26139.766188672955,66.42542324963344
2025-11-21T12:36:00+05:30,26143.15,26147.45,26136.05,26143.9,26140.799641504716,66.62815589307868
2025-11-21T12:39:00+05:30,26143.6,26148.1,26140,26145.8,26142.049731128536,68.3240664431836
2025-11-21T12:42:00+05:30,26147.2,26153.4,26145.65,26149.05,26143.7997983464,71.24067395399642
2025-11-21T12:45:00+05:30,26149,26156.35,26148.55,26154.7,26146.5248487598,75.76631321563505
2025-11-21T12:48:00+05:30,26154.9,26165.8,26154.15,26162.9,26150.618636569852,80.86484756395136
2025-11-21T12:51:00+05:30,26163.7,26179.2,26163.7,26172.4,26156.063977427388,85.10151602460397
2025-11-21T12:54:00+05:30,26172.2,26176.7,26170.5,26174.45,26160.66048307054,85.88811714643427
2025-11-21T12:57:00+05:30,26175.2,26177.3,26165.3,26166,26161.995362302907,68.49680227699982
2025-11-21T13:00:00+05:30,26166.2,26170.45,26161.2,26168.3,26163.57152172718,70.40010316403762
2025-11-21T13:03:00+05:30,26168.6,26169.3,26165.05,26166.3,26164.253641295385,66.33435679590457
2025-11-21T13:06:00+05:30,26166.55,26168.15,26158.75,26161.05,26163.452730971538,56.365283672324765
2025-11-21T13:09:00+05:30,26161.1,26164.7,26152.7,26152.7,26160.764548228653,44.074543368139814
2025-11-21T13:12:00+05:30,26152.75,26153.75,26133.95,26135.55,26154.46091117149,28.94869426610913
2025-11-21T13:15:00+05:30,26136.4,26140.6,26124.35,26124.35,26146.933183378616,22.94826318560777
2025-11-21T13:18:00+05:30,26122.8,26124.75,26114.35,26120.15,26140.23738753396,21.04024575512271
2025-11-21T13:21:00+05:30,26121.25,26121.25,26112.5,26112.75,26133.36554065047,17.9691746939598
2025-11-21T13:24:00+05:30,26111.15,26112.6,26104.75,26111.05,26127.786655487853,17.2926785622316
2025-11-21T13:27:00+05:30,26111.35,26119.5,26111.1,26116.35,26124.92749161589,27.254062307745954
2025-11-21T13:30:00+05:30,26116.8,26119,26110.85,26115.8,26122.64561871192,26.862362347515997
2025-11-21T13:33:00+05:30,26116.45,26126.55,26113.6,26120.4,26122.084214033937,35.85754148714261
2025-11-21T13:36:00+05:30,26120.8,26123.45,26111.3,26123.4,26122.41316052545,41.3463045162158
2025-11-21T13:39:00+05:30,26122.05,26124.9,26113.15,26115.6,26120.709870394086,32.82581518975063
2025-11-21T13:42:00+05:30,26115.65,26116.45,26101.35,26103.4,26116.382402795563,23.855189639316137
2025-11-21T13:45:00+05:30,26103.45,26112.5,26099.35,26110.1,26114.811802096672,35.201038992453505
2025-11-21T13:48:00+05:30,26109.9,26118.75,26102.6,26117.5,26115.483851572506,45.63843902584102
2025-11-21T13:51:00+05:30,26117.4,26122.35,26108.7,26120.75,26116.80038867938,49.78295546558346
2025-11-21T13:54:00+05:30,26120.65,26133,26120.45,26130.95,26120.337791509537,60.7420202620142
2025-11-21T13:57:00+05:30,26130.8,26138.6,26128.7,26138.6,26124.90334363215,67.03654717805571
2025-11-21T14:00:00+05:30,26138.85,26138.95,26134.25,26134.85,26127.390007724112,61.405857759176705
2025-11-21T14:03:00+05:30,26133.95,26137.3,26129.55,26131,26128.292505793084,55.7927432420793
2025-11-21T14:06:00+05:30,26130.75,26138.85,26123.65,26138.3,26130.794379344814,63.22834608271113
2025-11-21T14:09:00+05:30,26138,26145.15,26137.55,26141.05,26133.35828450861,65.75950425944218
2025-11-21T14:12:00+05:30,26138.1,26148.7,26138.1,26147.15,26136.806213381456,70.93670396948164
2025-11-21T14:15:00+05:30,26146.75,26154.95,26144.65,26150.95,26140.342160036093,73.81423903539833
2025-11-21T14:18:00+05:30,26151.45,26152.05,26140.35,26146.15,26141.79412002707,64.41548148154152
2025-11-21T14:21:00+05:30,26145.85,26153.05,26145.4,26151.75,26144.2830900203,69.67168488450682
2025-11-21T14:24:00+05:30,26151.35,26152.65,26146.75,26149.2,26145.512317515226,64.60227048589624
2025-11-21T14:27:00+05:30,26149.65,26152.4,26145.55,26149.95,26146.62173813642,65.46452366400557
2025-11-21T14:30:00+05:30,26150.25,26155.4,26148.1,26150.65,26147.628803602314,66.35688183494548
2025-11-21T14:33:00+05:30,26150.4,26154.9,26145.55,26153.65,26149.134102701737,70.20608891446366
2025-11-21T14:36:00+05:30,26153.15,26161.7,26150.85,26155.2,26150.650577026303,72.12827784533127
2025-11-21T14:39:00+05:30,26154.9,26156.15,26138,26143.6,26148.88793276973,46.13840279838432
2025-11-21T14:42:00+05:30,26143.45,26146.75,26127.45,26128.1,26143.690949577296,29.543344416004516
2025-11-21T14:45:00+05:30,26126.95,26133.45,26118.45,26118.45,26137.380712182974,23.42383470921601
2025-11-21T14:48:00+05:30,26118.3,26120.2,26105.5,26106.85,26129.74803413723,18.15108622157439
2025-11-21T14:51:00+05:30,26106.8,26111.65,26094.05,26099.3,26122.136025602922,15.501445390138088
2025-11-21T14:54:00+05:30,26100.2,26102.3,26079.45,26080.35,26111.68951920219,10.859475717334163
2025-11-21T14:57:00+05:30,26080.2,26082.7,26067.75,26070.35,26101.354639401645,9.16906337849467
2025-11-21T15:00:00+05:30,26071.05,26084.35,26065.75,26083.3,26096.840979551234,26.463399737510514
2025-11-21T15:03:00+05:30,26083.35,26083.75,26072.9,26073.05,26090.893234663425,22.506314705365497
2025-11-21T15:06:00+05:30,26073.7,26077.55,26068.15,26073.25,26086.48242599757,22.769204166223375
2025-11-21T15:09:00+05:30,26073.85,26074.55,26068.35,26068.55,26081.999319498176,20.83168538567385
2025-11-21T15:12:00+05:30,26069.05,26070.8,26064.05,26069.35,26078.836989623633,22.147246313864528
2025-11-21T15:15:00+05:30,26070.15,26080.4,26067.55,26071.65,26077.040242217725,26.2574411490575
2025-11-21T15:18:00+05:30,26072.1,26073,26063.65,26066.55,26074.417681663293,23.102210593819194
2025-11-21T15:21:00+05:30,26066.7,26069.85,26055.2,26056.5,26069.93826124747,18.101461955498905
2025-11-21T15:24:00+05:30,26056.8,26067.55,26052.2,26064.5,26068.5786959356,31.809520382908147
2025-11-21T15:27:00+05:30,26064.85,26067.45,26056.35,26063.95,26067.4215219517,31.388129892273028
2025-11-21T15:30:00+05:30,26062.2,26068.15,26062.2,26068.15,26067.603641463775,38.630990307783755
2025-11-24T09:06:00+05:30,26122.8,26122.8,26122.8,26122.8,26081.40273109783,76.4192248243293
2025-11-24T09:15:00+05:30,26133.35,26137.55,26082.3,26083.85,26082.014548323372,50.54175186672799
2025-11-24T09:18:00+05:30,26084.4,26117.1,26084.4,26107.25,26088.323411242527,60.028632338161096
2025-11-24T09:21:00+05:30,26107.45,26120.4,26107.45,26112.3,26094.317558431896,61.87013470357812
2025-11-24T09:24:00+05:30,26113.8,26117.4,26098.2,26108.75,26097.925668823922,59.6175498440324
2025-11-24T09:27:00+05:30,26108.55,26114.9,26107.3,26113.6,26101.844251617942,61.83245194651199
2025-11-24T09:30:00+05:30,26115.1,26116.8,26100,26100.25,26101.44568871346,52.57253475010193
2025-11-24T09:33:00+05:30,26100.75,26100.75,26079.05,26082,26096.584266535094,42.436679081235255
2025-11-24T09:36:00+05:30,26081.9,26088.85,26077.6,26085,26093.68819990132,44.48918437097363
2025-11-24T09:39:00+05:30,26085.45,26093.25,26081.2,26081.95,26090.75364992599,42.68397063013114
2025-11-24T09:42:00+05:30,26082.8,26088.75,26074.05,26074.9,26086.790237444493,38.47401285644407
2025-11-24T09:45:00+05:30,26076.2,26082.9,26064.7,26082.9,26085.81767808337,45.579923399450536
2025-11-24T09:48:00+05:30,26082.2,26103.65,26080.85,26103.1,26090.13825856253,59.39489402423089
2025-11-24T09:51:00+05:30,26103.15,26107.9,26094.95,26095.85,26091.566193921895,53.68798026176338
2025-11-24T09:54:00+05:30,26095.55,26096.85,26085.65,26090.15,26091.212145441423,49.339563695142274
2025-11-24T09:57:00+05:30,26090.9,26093.25,26084,26085.4,26089.759109081067,45.737956262221005
2025-11-24T10:00:00+05:30,26086.65,26107.15,26086.3,26106.75,26094.006831810802,60.758802003004426
2025-11-24T10:03:00+05:30,26107,26113.75,26102.7,26112.55,26098.6426238581,63.92395067855381
2025-11-24T10:06:00+05:30,26111.8,26118.05,26108.7,26115.4,26102.831967893577,65.518372639517
2025-11-24T10:09:00+05:30,26115.45,26121.25,26113.6,26116.75,26106.31147592018,66.3404788461377
2025-11-24T10:12:00+05:30,26116.05,26130.35,26114.25,26128.5,26111.858606940135,72.90107279313712
2025-11-24T10:15:00+05:30,26129.05,26129.55,26111.3,26112.6,26112.043955205103,55.74713515701509
2025-11-24T10:18:00+05:30,26112.35,26120.25,26110.5,26117.35,26113.370466403827,59.10128774954526
2025-11-24T10:21:00+05:30,26117.55,26127.9,26116.35,26125.85,26116.49034980287,64.68888352313124
2025-11-24T10:24:00+05:30,26126.55,26128.7,26121.9,26125.4,26118.717762352153,64.1475859977885
2025-11-24T10:27:00+05:30,26125.55,26128.8,26121.25,26121.25,26119.350821764114,58.8493597385199
2025-11-24T10:30:00+05:30,26122.45,26125.05,26117,26123.75,26120.450616323084,61.10702744976111
2025-11-24T10:33:00+05:30,26124.9,26134.75,26123.25,26133.6,26123.73796224231,68.94001848407628
2025-11-24T10:36:00+05:30,26133.7,26142.8,26132.3,26140.3,26127.87847168173,73.22008950369491
2025-11-24T10:39:00+05:30,26140.75,26141.75,26134.65,26137,26130.1588537613,67.84766163182861
2025-11-24T10:42:00+05:30,26137.1,26141.75,26130.5,26130.95,26130.356640320973,58.644155625294516
2025-11-24T10:45:00+05:30,26131.9,26133.4,26126.85,26129.6,26130.16748024073,56.64384996875277
2025-11-24T10:48:00+05:30,26130.5,26137.3,26126.25,26128.95,26129.863110180548,55.57895113851782
2025-11-24T10:51:00+05:30,26129.05,26131.8,26118.9,26119.25,26127.20983263541,41.87334115916969
2025-11-24T10:54:00+05:30,26118.55,26119.8,26108.15,26115.2,26124.20737447656,37.38288080123414
2025-11-24T10:57:00+05:30,26114.4,26115.3,26108.25,26108.4,26120.25553085742,30.893280390049767
2025-11-24T11:00:00+05:30,26108.6,26110.5,26096.3,26097.85,26114.654148143065,23.506910128446307
2025-11-24T11:03:00+05:30,26097.35,26107.25,26094.4,26103.8,26111.940611107297,33.90486312564143
2025-11-24T11:06:00+05:30,26104,26105.2,26099.7,26102.6,26109.605458330472,32.85404967057016
2025-11-24T11:09:00+05:30,26101.85,26102.8,26094.95,26096.35,26106.291593747854,27.64734825176086
2025-11-24T11:12:00+05:30,26095.95,26102.7,26095,26098.1,26104.24369531089,31.20867841534094
2025-11-24T11:15:00+05:30,26098.4,26098.4,26092,26092.95,26101.42027148317,26.697017058318792
2025-11-24T11:18:00+05:30,26093.55,26096.95,26088.1,26096.65,26100.227703612378,34.61932632278629
2025-11-24T11:21:00+05:30,26096.7,26099.35,26094.05,26095.55,26099.058277709282,33.368478992732335
2025-11-24T11:24:00+05:30,26095.9,26109.6,26093.75,26109.6,26101.69370828196,56.6881652664142
2025-11-24T11:27:00+05:30,26109.2,26123.45,26107.4,26122.6,26106.92028121147,68.56439553841597
2025-11-24T11:30:00+05:30,26122.2,26125.15,26118.65,26122.15,26110.727710908603,67.813457904843
2025-11-24T11:33:00+05:30,26123.35,26126,26119.9,26124.4,26114.14578318145,69.74631728798907
2025-11-24T11:36:00+05:30,26124.85,26130.95,26124.15,26124.85,26116.821837386087,70.16437654194102
2025-11-24T11:39:00+05:30,26124.75,26125.6,26115,26118.5,26117.241378039565,57.16072500508563
2025-11-24T11:42:00+05:30,26118.85,26120.45,26114.6,26117.15,26117.218533529674,54.64863716524812
2025-11-24T11:45:00+05:30,26117.3,26117.3,26103.2,26105.45,26114.276400147257,37.83585655712488
2025-11-24T11:48:00+05:30,26105.8,26105.8,26089.45,26089.45,26108.069800110443,25.378862192330914
2025-11-24T11:51:00+05:30,26090.2,26091.65,26072.7,26073.8,26099.502350082832,18.447850667901307
2025-11-24T11:54:00+05:30,26073.35,26076.9,26068.3,26074.15,26093.164262562124,19.02485186834889
2025-11-24T11:57:00+05:30,26074,26079.1,26063.2,26077.4,26089.223196921594,24.789611992027503
2025-11-24T12:00:00+05:30,26078.45,26089.45,26075.45,26087.85,26088.879897691193,40.64182065262015
2025-11-24T12:03:00+05:30,26088.2,26089.5,26082.95,26083.95,26087.647423268394,37.22557946714776
2025-11-24T12:06:00+05:30,26084.3,26085.85,26073.4,26076.8,26084.935567451295,31.552738024071132
2025-11-24T12:09:00+05:30,26078.9,26079.15,26068,26070.8,26081.401675588473,27.45640834787517
2025-11-24T12:12:00+05:30,26071.1,26072,26065.6,26069.1,26078.326256691355,26.32661919097424
2025-11-24T12:15:00+05:30,26068.65,26075.6,26066.55,26072.85,26076.957192518516,33.38132346960806
2025-11-24T12:18:00+05:30,26073.25,26085.85,26072.6,26084.55,26078.855394388887,50.599905301993545
2025-11-24T12:21:00+05:30,26084.65,26089.35,26076.55,26078.15,26078.679045791665,43.43540145659758
2025-11-24T12:24:00+05:30,26077.45,26080,26061.65,26066.6,26075.659284343747,33.46034025651288
2025-11-24T12:27:00+05:30,26066.75,26068.6,26059.3,26065.55,26073.13196325781,32.6647218929711
2025-11-24T12:30:00+05:30,26066.75,26071.95,26046.75,26071.65,26072.76147244336,42.01041974807242
2025-11-24T12:33:00+05:30,26071.9,26080.35,26070.9,26078.5,26074.19610433252,50.93257665998871
2025-11-24T12:36:00+05:30,26079.15,26083.85,26078.5,26079.6,26075.54707824939,52.30731660935817
2025-11-24T12:39:00+05:30,26081,26081,26073.3,26075.25,26075.472808687042,46.31991468155385
2025-11-24T12:42:00+05:30,26075.95,26079.3,26074.6,26078,26076.10460651528,50.498990533080736
2025-11-24T12:45:00+05:30,26078.2,26085.5,26077.15,26080.1,26077.10345488646,53.709626951622596
2025-11-24T12:48:00+05:30,26082.05,26091,26078.25,26089.15,26080.115091164844,65.0928953162778
2025-11-24T12:51:00+05:30,26090.8,26093.3,26087.2,26087.6,26081.98631837363,62.04424437460664
2025-11-24T12:54:00+05:30,26089,26089,26068.3,26081,26081.739738780223,50.33337379156757
2025-11-24T12:57:00+05:30,26081.75,26085.7,26078.4,26084.75,26082.492304085168,55.85654069596787
2025-11-24T13:00:00+05:30,26085.7,26088.35,26075.25,26075.55,26080.756728063876,42.37035914336473
2025-11-24T13:03:00+05:30,26076.95,26077.45,26069.8,26069.8,26078.017546047908,36.02761383853785
2025-11-24T13:06:00+05:30,26070.7,26089.2,26065.65,26086.2,26080.06315953593,57.2983518349026
2025-11-24T13:09:00+05:30,26087.4,26092.95,26082.55,26085.3,26081.37236965195,56.10400806795267
2025-11-24T13:12:00+05:30,26087.1,26090.2,26079.65,26080.6,26081.17927723896,49.78191409836934
2025-11-24T13:15:00+05:30,26081.8,26087.05,26078.2,26086.05,26082.39695792922,56.424734811710216
2025-11-24T13:18:00+05:30,26086.45,26096.05,26083.75,26093.55,26085.185218446917,64.05793934356679
2025-11-24T13:21:00+05:30,26094.5,26095.65,26091.4,26091.7,26086.813913835187,60.98369858924319
2025-11-24T13:24:00+05:30,26093,26095.7,26084.85,26087.9,26087.08543537639,54.69356587440914
2025-11-24T13:27:00+05:30,26088.65,26090.7,26077.55,26083.45,26086.176576532293,47.938171373080124
2025-11-24T13:30:00+05:30,26083.7,26083.7,26076.2,26077.75,26084.06993239922,40.46862017940939
2025-11-24T13:33:00+05:30,26078.4,26088.8,26077.3,26085.75,26084.489949299415,52.569848993151304
2025-11-24T13:36:00+05:30,26087,26091,26079.3,26079.9,26083.342461974564,44.800585014072546
2025-11-24T13:39:00+05:30,26081.1,26081.7,26062.8,26070.75,26080.194346480923,35.28483098558229
2025-11-24T13:42:00+05:30,26072.25,26088.4,26071.4,26086.55,26081.78325986069,54.67808096285928
2025-11-24T13:45:00+05:30,26088.35,26090.05,26079.75,26079.75,26081.27494489552,47.52683071445518
2025-11-24T13:48:00+05:30,26081.1,26087.6,26079,26079.4,26080.806208671638,47.156477608617934
2025-11-24T13:51:00+05:30,26080.25,26086.15,26074.65,26075.8,26079.55465650373,43.12395367865442
2025-11-24T13:54:00+05:30,26076.4,26081.6,26074.5,26081.4,26080.015992377797,50.76483279066295
2025-11-24T13:57:00+05:30,26082.55,26083.25,26069,26069.55,26077.39949428335,38.12151193823284
2025-11-24T14:00:00+05:30,26069.9,26072.95,26056.15,26056.15,26072.087120712513,28.693584324826304
2025-11-24T14:03:00+05:30,26057.25,26060.6,26043.6,26044.5,26065.190340534384,22.939269458425642
2025-11-24T14:06:00+05:30,26046.8,26053.05,26040.75,26044.35,26059.980255400787,22.870373428194625
2025-11-24T14:09:00+05:30,26044.95,26049.75,26034.55,26048.75,26057.17269155059,30.059131132600356
2025-11-24T14:12:00+05:30,26049.35,26058.35,26048.15,26057.15,26057.16701866294,42.082262785518914
2025-11-24T14:15:00+05:30,26054.65,26057.35,26047.7,26052.1,26055.900263997206,37.554278752799036
2025-11-24T14:18:00+05:30,26053.75,26060.05,26029.35,26033.35,26050.262697997903,25.61539837564588
2025-11-24T14:21:00+05:30,26034.35,26039.45,26026.45,26026.45,26044.30952349843,22.539057007853685
2025-11-24T14:24:00+05:30,26027.9,26039.1,26025.75,26034.1,26041.75714262382,32.954176864109456
2025-11-24T14:27:00+05:30,26034.7,26036.35,26026.15,26026.15,26037.855356967866,28.335067662597993
2025-11-24T14:30:00+05:30,26027.3,26040.75,26026.3,26035.45,26037.2540177259,39.842983123964125
2025-11-24T14:33:00+05:30,26036.85,26039.35,26020.75,26022.4,26033.540513294425,31.54920004628424
2025-11-24T14:36:00+05:30,26022.7,26033.75,26018.75,26025.6,26031.55538497082,35.396391988398776
2025-11-24T14:39:00+05:30,26027.1,26031.5,26023.1,26027,26030.416538728114,37.19801348382048
2025-11-24T14:42:00+05:30,26027.7,26036.85,26025.7,26025.7,26029.237404046085,36.1071702517069
2025-11-24T14:45:00+05:30,26027.1,26037.25,26026.2,26035.35,26030.765553034566,49.047345528057996
2025-11-24T14:48:00+05:30,26036.3,26039.05,26028,26038.25,26032.636664775924,52.42550172987117
2025-11-24T14:51:00+05:30,26038.75,26038.95,26022.6,26025.75,26030.914998581942,39.31702186265638
2025-11-24T14:54:00+05:30,26025.35,26034,26015.6,26031.8,26031.136248936455,46.8247937724621
2025-11-24T14:57:00+05:30,26032.05,26043.45,26028.8,26039.05,26033.11468670234,54.66622734019459
2025-11-24T15:00:00+05:30,26039.8,26057.75,25994.6,25998.9,26024.561015026757,27.994431137391416
2025-11-24T15:03:00+05:30,25999.7,26000.65,25964.95,25965.1,26009.695761270068,18.92546669525916
2025-11-24T15:06:00+05:30,25964.3,25966.55,25955.2,25965.65,25998.68432095255,19.421031590492717
2025-11-24T15:09:00+05:30,25966.5,25968.1,25962,25962.35,25989.600740714413,18.624155659142858
2025-11-24T15:12:00+05:30,25962.85,25962.85,25952.3,25954.4,25980.80055553581,16.698431524226976
2025-11-24T15:15:00+05:30,25954.55,25960.65,25950.1,25952.8,25973.80041665186,16.302632372146334
2025-11-24T15:18:00+05:30,25952.9,25954.55,25947.05,25947.95,25967.337812488895,15.04177272026115
2025-11-24T15:21:00+05:30,25947.9,25948,25928.75,25929.65,25957.915859366673,11.221357598549048
2025-11-24T15:24:00+05:30,25929.55,25934.75,25926,25929.25,25950.749394525003,11.14914569140727
2025-11-24T15:27:00+05:30,25929.05,25952.25,25912.15,25943.35,25948.89954589375,29.742644567004206
2025-11-24T15:30:00+05:30,25946.9,25961.25,25946.9,25959.5,25951.549659420314,45.09601103427355
2025-11-25T09:06:00+05:30,25998.5,25998.5,25998.5,25998.5,25963.287244565236,66.01790024918778
2025-11-25T09:15:00+05:30,25998.8,26005.45,25924.15,25940.75,25957.652933423928,39.810323097879056
2025-11-25T09:18:00+05:30,25940.25,25976.35,25939.55,25960.7,25958.414700067944,48.11206544494479
2025-11-25T09:21:00+05:30,25961,25964.3,25942.55,25955.6,25957.711025050958,46.21112779721863
2025-11-25T09:24:00+05:30,25955.7,25969.15,25950.2,25964.75,25959.47076878822,50.31974250188914
2025-11-25T09:27:00+05:30,25965.3,25967.1,25946.45,25955.2,25958.403076591163,46.0377479020067
2025-11-25T09:30:00+05:30,25954.85,25971.2,25953.8,25968.9,25961.02730744337,52.76497162517347
2025-11-25T09:33:00+05:30,25968.95,25979.6,25964.4,25975.15,25964.55798058253,55.704081079960154
2025-11-25T09:36:00+05:30,25975.55,25980.65,25961.65,25962.4,25964.018485436896,48.51887456768267
2025-11-25T09:39:00+05:30,25962,25977.25,25960.95,25972.65,25966.176364077673,54.07488398146102
2025-11-25T09:42:00+05:30,25974.15,25978.7,25968.25,25969.1,25966.907273058256,51.81532120110694
2025-11-25T09:45:00+05:30,25969,25975.8,25964.55,25973.65,25968.59295479369,54.648968657564296
2025-11-25T09:48:00+05:30,25973.15,25973.35,25952.1,25955.3,25965.269716095267,42.8048811793404
2025-11-25T09:51:00+05:30,25955.15,25976.55,25954.85,25976.15,25967.98978707145,55.56972299467919
2025-11-25T09:54:00+05:30,25976.35,25990.6,25975.3,25987.75,25972.929840303586,61.19159534479942
2025-11-25T09:57:00+05:30,25988,25990.15,25978.95,25988.4,25976.79738022769,61.50998009075473
2025-11-25T10:00:00+05:30,25987.65,26000.1,25987.65,25998.3,25982.173035170767,66.40711819425286
2025-11-25T10:03:00+05:30,25997.4,26003.25,25985.55,26000.25,25986.692276378075,67.36138996710395
2025-11-25T10:06:00+05:30,26000.1,26000.1,25994.1,25997.85,25989.481707283558,64.72143584708618
2025-11-25T10:09:00+05:30,25998.05,26021.9,25997.6,26018.9,25996.836280462667,74.81948691243834
2025-11-25T10:12:00+05:30,26020.45,26025.5,26016.35,26018.6,26002.277210346998,74.46508561836042
2025-11-25T10:15:00+05:30,26019.35,26024,26017.35,26021.95,26007.19540776025,75.94924206428067
2025-11-25T10:18:00+05:30,26022.55,26022.55,26007.2,26016.3,26009.471555820186,68.15468530526299
2025-11-25T10:21:00+05:30,26016.35,26019.95,26008.4,26008.4,26009.20366686514,58.3808729405312
2025-11-25T10:24:00+05:30,26008.65,26015.6,26005.5,26006.45,26008.515250148856,56.06551363776531
2025-11-25T10:27:00+05:30,26006.2,26020.25,26005.1,26010.55,26009.02393761164,59.960717010371205
2025-11-25T10:30:00+05:30,26010.85,26020.4,26010.7,26016.85,26010.98045320873,65.4517507329208
2025-11-25T10:33:00+05:30,26016.35,26017.35,25997,25998,26007.735339906547,44.26231015783262
2025-11-25T10:36:00+05:30,25997.5,26011.95,25992.45,26011.25,26008.61400492991,55.955674893653345
2025-11-25T10:39:00+05:30,26011.95,26012.65,26002.1,26006.4,26008.060503697434,51.354763055737045
2025-11-25T10:42:00+05:30,26006.55,26006.8,25991.4,25991.4,26003.895377773075,39.604645458262524
2025-11-25T10:45:00+05:30,25991.75,25991.9,25982.35,25986.6,25999.571533329807,36.487861750508785
2025-11-25T10:48:00+05:30,25986.25,25986.9,25981.8,25983.35,25995.516149997355,34.35233178351811
2025-11-25T10:51:00+05:30,25983.45,25990.55,25979.4,25986.7,25993.312112498017,38.66897091951177
2025-11-25T10:54:00+05:30,25987.25,25987.55,25950,25953.25,25983.296584373515,21.89645193681875
2025-11-25T10:57:00+05:30,25952.75,25956.55,25938.45,25939.1,25972.247438280137,18.035671518321635
2025-11-25T11:00:00+05:30,25938.95,25939.9,25927.15,25932,25962.1855787101,16.348257961181503
2025-11-25T11:03:00+05:30,25932.3,25938.3,25929.1,25934.5,25955.264184032574,19.44434869773403
2025-11-25T11:06:00+05:30,25934.7,25938.85,25931.05,25935.25,25950.260638024432,20.474528398485603
2025-11-25T11:09:00+05:30,25935.55,25941.6,25933.1,25934.25,25946.257978518326,20.075170982270024
2025-11-25T11:12:00+05:30,25934.5,25945.35,25933.85,25945.2,25945.993483888746,36.018034632985646
2025-11-25T11:15:00+05:30,25945.25,25953.8,25944.45,25947.75,25946.43261291656,39.307264169016435
2025-11-25T11:18:00+05:30,25948.5,25953.2,25946.65,25948.4,25946.92445968742,40.22117525067238
2025-11-25T11:21:00+05:30,25949.15,25950.5,25942.35,25947.1,25946.968344765563,38.855958401160585
2025-11-25T11:24:00+05:30,25946.85,25960.25,25944.75,25951.25,25948.03875857417,45.718012786428034
2025-11-25T11:27:00+05:30,25952.4,25964.8,25951.25,25962.8,25951.72906893063,60.21554552677357
2025-11-25T11:30:00+05:30,25962.7,25965.75,25958.1,25963.95,25954.78430169797,61.41268717869123
2025-11-25T11:33:00+05:30,25964.5,25967.8,25960.3,25966,25957.588226273478,63.68526036945073
2025-11-25T11:36:00+05:30,25966.15,25968.65,25962,25965.3,25959.516169705108,62.2253320447802
2025-11-25T11:39:00+05:30,25966.6,25969.1,25964.65,25967.95,25961.62462727883,65.69831523190877
2025-11-25T11:42:00+05:30,25968.25,25969.8,25950.55,25952.15,25959.255970459122,40.07146436680665
2025-11-25T11:45:00+05:30,25952,25956.55,25950.65,25955.75,25958.37947784434,45.701616297010936
2025-11-25T11:48:00+05:30,25955.65,25972.45,25953.65,25969.55,25961.172108383256,61.765882557707855
2025-11-25T11:51:00+05:30,25970.75,25976.35,25967.5,25972.95,25964.116581287442,64.76246437450831
2025-11-25T11:54:00+05:30,25974.1,25984.3,25970.75,25982.45,25968.699935965582,71.93314393492813
2025-11-25T11:57:00+05:30,25982.6,25994.75,25982.5,25987.45,25973.387451974188,75.05064939120925
2025-11-25T12:00:00+05:30,25987.5,25990.7,25979.05,25984.7,25976.21558898064,70.05746770245437
2025-11-25T12:03:00+05:30,25985.2,25988.45,25974.9,25986.6,25978.811691735482,71.5814919793013
2025-11-25T12:06:00+05:30,25986.5,25991.15,25978,25988.15,25981.14626880161,72.89455274003652
2025-11-25T12:09:00+05:30,25987.2,25990.65,25980.95,25986.6,25982.509701601208,69.16614085310228
2025-11-25T12:12:00+05:30,25986.8,25987.3,25973.45,25981.4,25982.232276200906,57.62921841282238
2025-11-25T12:15:00+05:30,25981.6,25986,25976.65,25977.6,25981.07420715068,50.45423217772276
2025-11-25T12:18:00+05:30,25977.25,25978.65,25954.75,25954.75,25974.49315536301,26.931484991090215
2025-11-25T12:21:00+05:30,25954.95,25961.6,25954.35,25958.3,25970.444866522255,32.62497203037637
2025-11-25T12:24:00+05:30,25958.8,25971.3,25955.25,25970.75,25970.52114989169,48.912366897875934
2025-11-25T12:27:00+05:30,25970.55,25975.9,25954.55,25957.95,25967.378362418767,37.917700299285606
2025-11-25T12:30:00+05:30,25958.2,25967.65,25958.2,25965.6,25966.933771814074,46.329639965358666
2025-11-25T12:33:00+05:30,25965.3,25972.4,25962.2,25969.15,25967.487828860554,49.99766543198631
2025-11-25T12:36:00+05:30,25967.45,25977.8,25966.7,25973.95,25969.103371645415,54.8637836756751
2025-11-25T12:39:00+05:30,25973.55,25978.65,25972.7,25976.25,25970.890028734062,57.1926476961495
2025-11-25T12:42:00+05:30,25976.4,25990.15,25975.25,25987.45,25975.03002155055,66.89625279875543
2025-11-25T12:45:00+05:30,25987.25,25994.2,25986.6,25988.5,25978.397516162913,67.69714438196809
2025-11-25T12:48:00+05:30,25988.65,25992.9,25979.25,25983.7,25979.723137122186,59.96037516681474
2025-11-25T12:51:00+05:30,25984.9,25998.8,25982.95,25994.95,25983.52985284164,69.49357478227554
2025-11-25T12:54:00+05:30,25995.35,25998.3,25985.15,25997.25,25986.95988963123,71.13293153063276
2025-11-25T12:57:00+05:30,25997.05,26002.2,25983.9,25983.9,25986.194917223424,52.1540565103621
2025-11-25T13:00:00+05:30,25984.05,25984.2,25971.05,25973.3,25982.971187917567,41.81839060205236
2025-11-25T13:03:00+05:30,25973.65,25983,25969.65,25981.4,25982.578390938175,50.554243946304425
2025-11-25T13:06:00+05:30,25980.2,25996.95,25979.4,25996.35,25986.02129320363,62.63486209441015
2025-11-25T13:09:00+05:30,25995.75,26009.3,25993.85,26002.15,25990.053469902723,66.35542593018494
2025-11-25T13:12:00+05:30,26001.25,26001.25,25986.15,25990.25,25990.102602427043,53.58391285704479
2025-11-25T13:15:00+05:30,25990,26001.7,25988.75,25999,25992.326951820283,60.161632070017596
2025-11-25T13:18:00+05:30,25998.05,26000.5,25984.6,25985.1,25990.520213865213,47.647506269855064
2025-11-25T13:21:00+05:30,25984.65,26001.75,25983.35,26001.05,25993.15266039891,59.05056780887658
2025-11-25T13:24:00+05:30,25999.75,26003.95,25998.15,26002.6,25995.514495299183,60.03742732681658
2025-11-25T13:27:00+05:30,26002.15,26014.85,26000.85,26009.2,25998.935871474387,64.31020706235776
2025-11-25T13:30:00+05:30,26008.6,26012.6,25993.55,25996.55,25998.33940360579,51.901411840065066
2025-11-25T13:33:00+05:30,25996.25,26011.8,25989.2,26001.1,25999.02955270434,55.504182066069916
2025-11-25T13:36:00+05:30,26001.5,26009.9,26000.4,26007.6,26001.172164528256,60.44252806090852
2025-11-25T13:39:00+05:30,26007.85,26013.4,25997,25997,26000.129123396193,49.90486108460214
2025-11-25T13:42:00+05:30,25996.65,26008.05,25992.8,25996.45,25999.209342547147,49.38367968304341
2025-11-25T13:45:00+05:30,25995.7,26008,25987.2,26008,26001.40700691036,59.696073710688836
2025-11-25T13:48:00+05:30,26008.25,26009.25,25997.4,25997.4,26000.40525518277,49.00583520301571
2025-11-25T13:51:00+05:30,25997.15,26008.75,25996.2,26003.2,26001.10394138708,54.23728786474026
2025-11-25T13:54:00+05:30,26003.3,26010.5,26001.8,26004.65,26001.99045604031,55.56681159452078
2025-11-25T13:57:00+05:30,26004.5,26008.55,26001.2,26008.35,26003.580342030233,59.103906214197245
2025-11-25T14:00:00+05:30,26008.45,26022.5,26006.45,26008.55,26004.822756522673,59.30818408935747
2025-11-25T14:03:00+05:30,26008.2,26023.45,26007.3,26021.25,26008.929567392006,70.29902136525413
2025-11-25T14:06:00+05:30,26021.35,26029.15,26016.05,26016.45,26010.809675544006,62.81751938214237
2025-11-25T14:09:00+05:30,26016.25,26022.45,26012.9,26019.25,26012.919756658004,65.32867452385652
2025-11-25T14:12:00+05:30,26019.15,26023.85,26016.6,26020.25,26014.752317493505,66.277621914678
2025-11-25T14:15:00+05:30,26020.6,26027.75,26016.05,26025.6,26017.464238120127,71.19796548628929
2025-11-25T14:18:00+05:30,26025.55,26032.6,26002.5,26004.6,26014.248178590096,42.68018067891978
2025-11-25T14:21:00+05:30,26004.55,26012.9,26000.2,26002.25,26011.248633942574,40.559217501283996
2025-11-25T14:24:00+05:30,26002.45,26002.85,25987.2,25990.95,26006.17397545693,31.717077074871867
2025-11-25T14:27:00+05:30,25990.8,25991.75,25972.1,25973.65,25998.0429815927,22.828096027276544
2025-11-25T14:30:00+05:30,25972.55,25972.75,25953.75,25965,25989.782236194522,19.620461783237715
2025-11-25T14:33:00+05:30,25966.3,25970.75,25956.5,25967.6,25984.23667714589,23.395103296527196
2025-11-25T14:36:00+05:30,25966.8,25968.9,25947.15,25950.7,25975.852507859418,17.25156207536648
2025-11-25T14:39:00+05:30,25951.1,25954.05,25942.9,25949.9,25969.364380894564,17.004947255743915
2025-11-25T14:42:00+05:30,25948.55,25966.5,25947.45,25963.4,25967.873285670925,35.232830375092476
2025-11-25T14:45:00+05:30,25962.75,25966.85,25951.65,25953.15,25964.192464253196,29.494760966028124
2025-11-25T14:48:00+05:30,25952.1,25963.6,25947.8,25951.7,25961.069348189896,28.72272967731044
2025-11-25T14:51:00+05:30,25949.25,25953.05,25927.3,25927.3,25952.627011142424,18.972969352101757
2025-11-25T14:54:00+05:30,25928.7,25932.6,25910.5,25928.95,25946.707758356817,21.086271998640925
2025-11-25T14:57:00+05:30,25927.6,25931.5,25897.7,25899.8,25934.980818767614,13.714044463206605
2025-11-25T15:00:00+05:30,25897.5,25920.4,25868.8,25872.5,25919.36061407571,9.923291058075321
2025-11-25T15:03:00+05:30,25873,25888.6,25871.8,25887,25911.270460556785,23.095636396352106
2025-11-25T15:06:00+05:30,25886.15,25901.2,25883.4,25889.8,25905.90284541759,25.548431486473277
2025-11-25T15:09:00+05:30,25890.2,25901.85,25881.65,25897.3,25903.752134063194,32.296386177597554
2025-11-25T15:12:00+05:30,25897.25,25899.7,25883.75,25886,25899.314100547395,27.85811351283691
2025-11-25T15:15:00+05:30,25886.05,25886.05,25879.25,25882.6,25895.135575410546,26.576083216606463
2025-11-25T15:18:00+05:30,25882.7,25885.4,25877,25878.35,25890.939181557907,24.904668749408316
2025-11-25T15:21:00+05:30,25878.9,25882.6,25871,25872.85,25886.41688616843,22.744943101612563
2025-11-25T15:24:00+05:30,25873.2,25874.5,25868.6,25870.5,25882.437664626323,21.80245645385031
2025-11-25T15:27:00+05:30,25869.9,25873.9,25857.5,25860.3,25876.90324846974,18.021077483489904
2025-11-25T15:30:00+05:30,25860.75,25884.8,25860.75,25884.8,25878.877436352304,44.833369377527234
2025-11-26T09:06:00+05:30,25842.95,25842.95,25842.95,25842.95,25869.89557726423,27.142288627086742
2025-11-26T09:15:00+05:30,25899.9,25960,25889.75,25948.5,25889.546682948174,66.2864518148805
2025-11-26T09:18:00+05:30,25948.35,25975.45,25947.55,25970.35,25909.74751221113,70.15858979202022
2025-11-26T09:21:00+05:30,25971.95,25978.3,25965.1,25968.8,25924.510634158345,69.49797912093287
2025-11-26T09:24:00+05:30,25967.9,25974.55,25965.6,25974.55,25937.02047561876,70.69232214979945
2025-11-26T09:27:00+05:30,25974.65,25983.9,25966.75,25979.3,25947.59035671407,71.75810056830898
2025-11-26T09:30:00+05:30,25979.9,25996.95,25979.6,25992.1,25958.717767535552,74.65564380935204
2025-11-26T09:33:00+05:30,25991.8,26016.05,25991.8,26013.15,25972.325825651664,78.82403247276036
2025-11-26T09:36:00+05:30,26012.1,26013.95,26002.05,26002.45,25979.85686923875,71.81907920358259
2025-11-26T09:39:00+05:30,26002.65,26006.75,25999.1,26004.25,25985.95515192906,72.30216900786075
2025-11-26T09:42:00+05:30,26004,26025.8,26003.7,26024.6,25995.616363946796,77.40991465274914
2025-11-26T09:45:00+05:30,26024.1,26047.4,26024.1,26042.95,26007.4497729601,81.08033205852266
2025-11-26T09:48:00+05:30,26042.35,26068.6,26040.75,26067.25,26022.399829720074,84.87665003060526
2025-11-26T09:51:00+05:30,26067.7,26080.15,26063.45,26064.35,26032.887372290053,82.56985448438277
2025-11-26T09:54:00+05:30,26062.85,26085.25,26062.85,26070.45,26042.27802921754,83.65968726084544
2025-11-26T09:57:00+05:30,26070.8,26080.4,26068.05,26077.95,26051.196021913158,85.00460289289734
2025-11-26T10:00:00+05:30,26077.45,26093.15,26077.45,26087.3,26060.22201643487,86.60778951687148
2025-11-26T10:03:00+05:30,26086.35,26093.6,26079.5,26092.5,26068.291512326152,87.47652860012154
2025-11-26T10:06:00+05:30,26092,26098.35,26089.9,26095.2,26075.018634244614,87.9500394439873
2025-11-26T10:09:00+05:30,26095.3,26096.5,26076.15,26076.15,26075.30147568346,67.0743920965518
2025-11-26T10:12:00+05:30,26076.7,26087.95,26074.75,26084.5,26077.601106762595,70.63827747924051
2025-11-26T10:15:00+05:30,26084.25,26092.7,26083.05,26086,26079.700830071946,71.28957748687745
2025-11-26T10:18:00+05:30,26086.25,26089.25,26078.65,26079.4,26079.625622553962,64.00185870166808
2025-11-26T10:21:00+05:30,26079.55,26080.55,26068.15,26072.7,26077.894216915472,57.08988055575731
2025-11-26T10:24:00+05:30,26071.75,26079.65,26068.95,26072.25,26076.483162686603,56.61081638817107
2025-11-26T10:27:00+05:30,26071.3,26071.35,26061.9,26067.25,26074.17487201495,51.05696990382302
2025-11-26T10:30:00+05:30,26067.3,26079.35,26066.2,26079.35,26075.468654011212,61.67298649389507
2025-11-26T10:33:00+05:30,26079.85,26088.45,26075.9,26077.25,26075.91399050841,59.078331202828544
2025-11-26T10:36:00+05:30,26077.35,26085,26073,26082.45,26077.547992881307,63.51293166179031
2025-11-26T10:39:00+05:30,26082.05,26091.55,26082.05,26089.8,26080.61099466098,69.04473219929231
2025-11-26T10:42:00+05:30,26090.65,26093.4,26085.05,26092.2,26083.508245995734,70.73496778463658
2025-11-26T10:45:00+05:30,26091.65,26123.2,26091.65,26122.25,26093.1936844968,83.72006767391885
2025-11-26T10:48:00+05:30,26122.15,26130.9,26120.55,26121.35,26100.2327633726,82.44189630885883
2025-11-26T10:51:00+05:30,26121.4,26123.3,26104,26104.6,26101.32457252945,61.91673241969026
2025-11-26T10:54:00+05:30,26103.85,26113.55,26103.55,26111.8,26103.943429397088,66.14381865437085
2025-11-26T10:57:00+05:30,26111.95,26114.8,26107.2,26109.15,26105.245072047815,63.13472725533312
2025-11-26T11:00:00+05:30,26108.5,26120.55,26108.5,26116.1,26107.95880403586,67.63926483691797
2025-11-26T11:03:00+05:30,26116.65,26122.45,26111.7,26117.55,26110.356603026896,68.57392324550608
2025-11-26T11:06:00+05:30,26116.5,26126.7,26111.95,26122.95,26113.504952270174,72.07785660978796
2025-11-26T11:09:00+05:30,26123.4,26123.4,26114.4,26115.45,26113.99121420263,61.04839710983007
2025-11-26T11:12:00+05:30,26115,26118.4,26113.4,26116.5,26114.618410651972,61.99819546240575
2025-11-26T11:15:00+05:30,26116.75,26125.65,26115.9,26125.25,26117.276307988977,69.2807294541368
2025-11-26T11:18:00+05:30,26124.85,26132.3,26123.8,26128.2,26120.007230991734,71.4339533656779
2025-11-26T11:21:00+05:30,26128.25,26136.2,26127.9,26132,26123.0054232438,74.15628828192435
2025-11-26T11:24:00+05:30,26131.05,26136.35,26128.9,26133.95,26125.74156743285,75.55120012814533
2025-11-26T11:27:00+05:30,26134.5,26139.3,26127.9,26131.8,26127.25617557464,70.64628135874636
2025-11-26T11:30:00+05:30,26131.45,26133.55,26127.3,26132.7,26128.617131680978,71.54836844765462
2025-11-26T11:33:00+05:30,26132.4,26138.75,26130.9,26134.35,26130.050348760735,73.3031899061937
2025-11-26T11:36:00+05:30,26134.05,26137.1,26127.3,26129.4,26129.88776157055,60.28863657816948
2025-11-26T11:39:00+05:30,26129.25,26129.25,26122.15,26124.75,26128.603321177914,50.46842796017596
2025-11-26T11:42:00+05:30,26124.95,26129.05,26120.85,26121.5,26126.827490883436,44.55115724393572
2025-11-26T11:45:00+05:30,26121.05,26127.6,26116.7,26127.3,26126.945618162576,55.43106755961606
2025-11-26T11:48:00+05:30,26128.05,26135.2,26127.15,26130.6,26127.85921362193,60.56706362935385
2025-11-26T11:51:00+05:30,26130.85,26136.3,26128.95,26130.95,26128.63191021645,61.12143849642986
2025-11-26T11:54:00+05:30,26131.25,26134.95,26130.3,26132.9,26129.698932662337,64.37674146664867
2025-11-26T11:57:00+05:30,26133,26145.75,26131.55,26143.4,26133.124199496753,76.6557375567346
2025-11-26T12:00:00+05:30,26143.8,26147.7,26137.2,26146.6,26136.493149622565,79.20437816438017
2025-11-26T12:03:00+05:30,26146.7,26152.8,26146,26148.7,26139.544862216924,80.80855493988982
2025-11-26T12:06:00+05:30,26149.6,26157.95,26147.75,26155.5,26143.533646662694,85.13924879921194
2025-11-26T12:09:00+05:30,26155.65,26161.2,26154.3,26157.6,26147.05023499702,86.2566272806179
2025-11-26T12:12:00+05:30,26157.55,26159.55,26155.2,26156.85,26149.500176247762,83.636372706927
2025-11-26T12:15:00+05:30,26156.95,26159.35,26155.1,26157.5,26151.50013218582,84.12400324891874
2025-11-26T12:18:00+05:30,26157.7,26158.3,26147.25,26148.85,26150.837599139366,57.514439599134626
2025-11-26T12:21:00+05:30,26149.6,26155.75,26147.3,26154.3,26151.703199354524,65.52928721637707
2025-11-26T12:24:00+05:30,26153.4,26156.6,26149.15,26150.55,26151.414899515894,56.91081512444881
2025-11-26T12:27:00+05:30,26150.6,26162.35,26150,26157.6,26152.96117463692,66.55784683584264
2025-11-26T12:30:00+05:30,26157.8,26158.75,26149.05,26154.6,26153.370880977687,59.90003618392653
2025-11-26T12:33:00+05:30,26153.85,26165.6,26153.25,26165.35,26156.365660733267,71.7244042309086
2025-11-26T12:36:00+05:30,26165.4,26168.7,26160.65,26163.95,26158.26174554995,68.64878088632362
2025-11-26T12:39:00+05:30,26163.5,26169.55,26163,26168.55,26160.83380916246,73.07469880041599
2025-11-26T12:42:00+05:30,26168.5,26171.8,26164.7,26170.7,26163.300356871845,74.99924961945285
2025-11-26T12:45:00+05:30,26170.45,26172.8,26166.55,26169.75,26164.912767653885,72.33396839301426
2025-11-26T12:48:00+05:30,26169,26171.75,26163.55,26170.7,26166.359575740415,73.43534802862831
2025-11-26T12:51:00+05:30,26170.3,26173.6,26167.65,26168.2,26166.81968180531,65.43738647735375
2025-11-26T12:54:00+05:30,26168.95,26169.85,26162.4,26165.55,26166.502261353984,57.66997089923529
2025-11-26T12:57:00+05:30,26166.2,26173.1,26160.15,26172.05,26167.889196015487,68.40278622847583
2025-11-26T13:00:00+05:30,26171.7,26182.5,26169.45,26178.45,26170.529397011614,75.52990698213087
2025-11-26T13:03:00+05:30,26178.05,26185.65,26177.75,26184.6,26174.04704775871,80.46885962056886
2025-11-26T13:06:00+05:30,26184.55,26187.6,26180.2,26186.55,26177.172785819035,81.82580018393696
2025-11-26T13:09:00+05:30,26186.4,26195.25,26186.4,26193.3,26181.204589364275,85.80778325866112
2025-11-26T13:12:00+05:30,26192.6,26195.4,26181.15,26183.8,26181.853442023206,63.10517679272726
2025-11-26T13:15:00+05:30,26184.1,26192.75,26177.1,26187.7,26183.315081517405,67.25459489573407
2025-11-26T13:18:00+05:30,26188.3,26194.6,26183.65,26190.1,26185.011311138052,69.70107875218105
2025-11-26T13:21:00+05:30,26191.85,26193.9,26179.1,26180.9,26183.98348335354,52.24459619466989
2025-11-26T13:24:00+05:30,26179.1,26181.45,26171.4,26178.3,26182.562612515154,48.25955460003893
2025-11-26T13:27:00+05:30,26178.15,26180.65,26151.9,26154.45,26175.534459386367,26.57015871811538
2025-11-26T13:30:00+05:30,26154.3,26179.45,26154.25,26175.15,26175.438344539776,49.535716920757466
2025-11-26T13:33:00+05:30,26175.05,26176,26166.6,26174.35,26175.16625840483,48.846893669508646
2025-11-26T13:36:00+05:30,26173.7,26179.05,26173.5,26175.3,26175.199693803625,49.813733736615845
2025-11-26T13:39:00+05:30,26175.35,26187.75,26174.45,26185.1,26177.674770352718,59.11419417538102
2025-11-26T13:42:00+05:30,26185.45,26191.25,26172.9,26173.15,26176.54357776454,46.78095247910435
2025-11-26T13:45:00+05:30,26173.25,26181.9,26166.85,26171.3,26175.232683323404,45.08215823637001
2025-11-26T13:48:00+05:30,26172.4,26180.85,26171.4,26179.95,26176.412012492554,54.16217920737745
2025-11-26T13:51:00+05:30,26179.9,26181.4,26163.15,26173.7,26175.734009369415,47.536755914766374
2025-11-26T13:54:00+05:30,26173.95,26195.9,26172.6,26190.1,26179.32550702706,61.830466223759295
2025-11-26T13:57:00+05:30,26190.35,26191.8,26184.35,26184.6,26180.644130270295,55.87429069216917
2025-11-26T14:00:00+05:30,26185,26208.4,26182.75,26205.65,26186.89559770272,69.14569618633887
2025-11-26T14:03:00+05:30,26205.8,26212.8,26191.2,26191.85,26188.13419827704,56.21429069321335
2025-11-26T14:06:00+05:30,26191.05,26200,26174.85,26198.85,26190.813148707777,60.57735920577872
2025-11-26T14:09:00+05:30,26198.5,26206.5,26197.8,26198,26192.609861530833,59.73412191822547
2025-11-26T14:12:00+05:30,26198.45,26203.85,26196.75,26197.35,26193.794896148123,59.00139363391916
2025-11-26T14:15:00+05:30,26197.6,26199.1,26182,26186.25,26191.908672111094,47.41404891205415
2025-11-26T14:18:00+05:30,26186.5,26192.1,26180.7,26189.2,26191.23150408332,50.43237131355389
2025-11-26T14:21:00+05:30,26189.7,26198.1,26188.7,26196.1,26192.44862806249,57.144714474645994
2025-11-26T14:24:00+05:30,26196.55,26199.65,26196,26197.8,26193.786471046868,58.75033550992453
2025-11-26T14:27:00+05:30,26197.85,26198.1,26167.6,26168.2,26187.389853285153,33.36047014169685
2025-11-26T14:30:00+05:30,26167.65,26185.1,26166.05,26181.35,26185.879889963864,45.55554643484317
2025-11-26T14:33:00+05:30,26181.1,26185.1,26177.55,26178.85,26184.1224174729,43.77859537858518
2025-11-26T14:36:00+05:30,26178.65,26186,26178.15,26178.7,26182.766813104674,43.659386151858925
2025-11-26T14:39:00+05:30,26179.25,26193.15,26178.85,26188.75,26184.262609828504,53.546848128299914
2025-11-26T14:42:00+05:30,26187,26198.5,26187,26188.35,26185.284457371377,53.11402230603099
2025-11-26T14:45:00+05:30,26187.55,26194.35,26186.1,26190.05,26186.475843028533,54.920745801271124
2025-11-26T14:48:00+05:30,26190.15,26191.4,26167.75,26169.9,26182.3318822714,35.82869376254993
2025-11-26T14:51:00+05:30,26169.25,26185,26159.05,26182.55,26182.38641170355,48.85166183416194
2025-11-26T14:54:00+05:30,26182.45,26192,26181.05,26191,26184.539808777663,55.836350097075965
2025-11-26T14:57:00+05:30,26190.7,26196.6,26187.5,26188.5,26185.52985658325,53.32296033698192
2025-11-26T15:00:00+05:30,26191.35,26205.75,26191.2,26205.5,26190.522392437437,65.60548639650364
2025-11-26T15:03:00+05:30,26206.8,26206.8,26192.5,26200.35,26192.979294328077,60.02324094681947
2025-11-26T15:06:00+05:30,26202.8,26213.95,26200.1,26210.1,26197.25947074606,66.34775285624312
2025-11-26T15:09:00+05:30,26210.5,26215.15,26206.55,26209,26200.194603059543,64.99434143002134
2025-11-26T15:12:00+05:30,26209.95,26214.15,26207.4,26212.6,26203.295952294655,67.52378845010566
2025-11-26T15:15:00+05:30,26213.5,26213.5,26200.8,26205.2,26203.771964220992,57.5510076097834
2025-11-26T15:18:00+05:30,26205.75,26209,26200.15,26201.05,26203.091473165743,52.47976356213716
2025-11-26T15:21:00+05:30,26202.45,26208.9,26198.4,26206.8,26204.018604874305,58.40456484729245
2025-11-26T15:24:00+05:30,26209,26211.75,26204.15,26208.2,26205.06395365573,59.82732890632437
2025-11-26T15:27:00+05:30,26208,26210.55,26196.6,26202.7,26204.472965241795,51.71920304971021
2025-11-26T15:30:00+05:30,26203.5,26205.3,26203.3,26205.3,26204.679723931346,55.076947030198916
2025-11-27T09:06:00+05:30,26261.25,26261.25,26261.25,26261.25,26218.82229294851,83.64060730207751
2025-11-27T09:15:00+05:30,26262.85,26262.85,26208.9,26234.65,26222.77921971138,61.83354823802717
2025-11-27T09:18:00+05:30,26233.9,26256.95,26229.05,26255.1,26230.859414783536,69.06720032268692
2025-11-27T09:21:00+05:30,26253.3,26289.8,26253.3,26286.8,26244.84456108765,76.9632487403978
2025-11-27T09:24:00+05:30,26288.75,26295.55,26258.65,26269.65,26251.04592081574,66.28378330876208
2025-11-27T09:27:00+05:30,26270.55,26289.25,26267.2,26283.8,26259.234440611806,70.25657831311858
2025-11-27T09:30:00+05:30,26285.15,26286.6,26270.95,26279.95,26264.413330458854,67.72350462729236
2025-11-27T09:33:00+05:30,26280.1,26281.5,26273.9,26279.1,26268.08499784414,67.10035742702175
2025-11-27T09:36:00+05:30,26279.65,26280.8,26266.15,26269.4,26268.413748383107,59.77737995747207
2025-11-27T09:39:00+05:30,26269.55,26270.45,26233,26241.7,26261.73531128733,43.83808080442286
2025-11-27T09:42:00+05:30,26242.5,26242.5,26225.2,26238,26255.801483465497,42.08915534224553
2025-11-27T09:45:00+05:30,26236.6,26248.65,26223.7,26248.4,26253.951112599123,48.78895492275967
2025-11-27T09:48:00+05:30,26248.05,26251.2,26242.4,26249.45,26252.825834449344,49.47743292801619
2025-11-27T09:51:00+05:30,26249.5,26264.85,26249.05,26264.85,26255.831875837008,58.92610067008846
2025-11-27T09:54:00+05:30,26264.7,26273.3,26258.7,26272.3,26259.948906877755,62.847618284467785
2025-11-27T09:57:00+05:30,26272.2,26287.75,26269.15,26284,26265.961680158318,68.37907138098835
2025-11-27T10:00:00+05:30,26283.9,26290.05,26277.05,26290.05,26271.98376011874,70.98515932241047
2025-11-27T10:03:00+05:30,26289.85,26295.9,26285.9,26291.8,26276.937820089053,71.77030474037336
2025-11-27T10:06:00+05:30,26292.15,26306.95,26292.15,26295.5,26281.57836506679,73.53668659813053
2025-11-27T10:09:00+05:30,26292.15,26295.3,26269.5,26271,26278.933773800094,49.573702050193674
2025-11-27T10:12:00+05:30,26270.85,26286,26269.6,26283,26279.95033035007,57.489504827046915
2025-11-27T10:15:00+05:30,26282.7,26284.8,26275.95,26277.05,26279.22524776255,52.70363422387157
2025-11-27T10:18:00+05:30,26276.3,26285.35,26273.95,26283.5,26280.293935821916,57.20885267322599
2025-11-27T10:21:00+05:30,26283.75,26287.6,26279.2,26280.5,26280.345451866437,54.397130514454005
2025-11-27T10:24:00+05:30,26282.2,26283.1,26269.1,26270.6,26277.909088899825,45.74180856288623
2025-11-27T10:27:00+05:30,26270.95,26279.85,26265.65,26279.25,26278.24431667487,53.314000286164735
2025-11-27T10:30:00+05:30,26279.4,26285.4,26270.75,26282.25,26279.245737506153,55.80938913431041
2025-11-27T10:33:00+05:30,26282.9,26282.9,26274.3,26280.1,26279.459303129614,53.42193426738849
2025-11-27T10:36:00+05:30,26280.95,26284.25,26273.15,26283.25,26280.40697734721,56.5957318345868
2025-11-27T10:39:00+05:30,26283.1,26286.8,26279.45,26283.45,26281.167733010407,56.81370845621248
2025-11-27T10:42:00+05:30,26283.55,26291.9,26282.3,26284.55,26282.013299757804,58.16192199393244
2025-11-27T10:45:00+05:30,26285.75,26295.9,26285.1,26295.35,26285.34747481835,69.18219463969915
2025-11-27T10:48:00+05:30,26295.8,26308.9,26291.5,26307.5,26290.885606113763,77.09933060162464
2025-11-27T10:51:00+05:30,26308.4,26310.45,26297.45,26299.45,26293.02670458532,64.32562747159895
2025-11-27T10:54:00+05:30,26299.25,26299.25,26283.65,26286.4,26291.370028438992,48.97833822804759
2025-11-27T10:57:00+05:30,26286.95,26291.75,26285.5,26291.75,26291.465021329244,54.2042587418842
2025-11-27T11:00:00+05:30,26291.05,26302.15,26289.6,26290.75,26291.286265996932,53.02001511769445
2025-11-27T11:03:00+05:30,26289.7,26298.6,26288.85,26297.75,26292.9021994977,60.13319660561335
2025-11-27T11:06:00+05:30,26297.7,26302.35,26296.55,26300.45,26294.789149623277,62.67621340000535
2025-11-27T11:09:00+05:30,26299.95,26304.5,26294.9,26296.4,26295.191862217456,56.382327538774234
2025-11-27T11:12:00+05:30,26296.8,26299.6,26291.9,26297.65,26295.806396663094,57.90446517104121
2025-11-27T11:15:00+05:30,26299.15,26302.35,26287.05,26288.25,26293.91729749732,44.33164934665896
2025-11-27T11:18:00+05:30,26288.2,26289.85,26280.8,26281.75,26290.87547312299,37.28170129932808
2025-11-27T11:21:00+05:30,26281.4,26285.2,26275.65,26279.05,26287.919104842244,34.61409231212933
2025-11-27T11:24:00+05:30,26278.85,26285.9,26277.85,26283.85,26286.901828631682,43.06375773796841
2025-11-27T11:27:00+05:30,26283.75,26285.05,26278.75,26279.45,26285.038871473764,37.834906886398684
2025-11-27T11:30:00+05:30,26279.25,26280,26269.15,26269.9,26281.254153605325,28.937666532943737
2025-11-27T11:33:00+05:30,26269.55,26274.35,26266.8,26271.6,26278.840615203993,32.246585848074986
2025-11-27T11:36:00+05:30,26271.8,26274.55,26263,26264.75,26275.317961402994,26.455597102609275
2025-11-27T11:39:00+05:30,26264,26274.4,26262.75,26271.6,26274.388471052247,39.19514528711437
2025-11-27T11:42:00+05:30,26270.55,26274.4,26268,26269.3,26273.116353289184,36.7045220973044
2025-11-27T11:45:00+05:30,26269.6,26270.35,26251.95,26251.95,26267.82476496689,23.540086661122345
2025-11-27T11:48:00+05:30,26252.15,26252.15,26233.7,26240.8,26261.068573725166,18.551442494163908
2025-11-27T11:51:00+05:30,26240.7,26245.65,26233.45,26236.55,26254.938930293873,16.95372343254131
2025-11-27T11:54:00+05:30,26236.35,26244.45,26235.75,26236.65,26250.366697720405,17.149596722710967
2025-11-27T11:57:00+05:30,26237.1,26249.8,26235.65,26245.45,26249.137523290305,33.300807683751614
2025-11-27T12:00:00+05:30,26244.95,26262.55,26242.65,26242.75,26247.540642467728,31.128615952735075
2025-11-27T12:03:00+05:30,26243.05,26253,26237.35,26239.05,26245.417981850795,28.188894493183625
2025-11-27T12:06:00+05:30,26239.25,26240.05,26228.65,26235,26242.813486388095,25.155185092874376
2025-11-27T12:09:00+05:30,26234.7,26244.65,26233.5,26243.85,26243.072614791072,41.26899985558034
2025-11-27T12:12:00+05:30,26243.45,26246.85,26240.1,26243.95,26243.291961093302,41.43521733913609
2025-11-27T12:15:00+05:30,26244,26247.7,26230.9,26241.5,26242.843970819977,38.33417099839319
2025-11-27T12:18:00+05:30,26242.05,26244.95,26233.05,26234.55,26240.77047811498,30.724175750061633
2025-11-27T12:21:00+05:30,26234.9,26239.35,26219,26225.4,26236.927858586234,23.544930345059043
2025-11-27T12:24:00+05:30,26225.95,26227.9,26221.5,26223.8,26233.645893939676,22.473615359334516
2025-11-27T12:27:00+05:30,26223.75,26228.55,26214.95,26226.65,26231.896920454757,29.170962035298857
2025-11-27T12:30:00+05:30,26227.05,26230,26221.6,26223.65,26229.83519034107,26.373034073010956
2025-11-27T12:33:00+05:30,26223.1,26226.85,26219.6,26222.95,26228.113892755802,25.701952267686494
2025-11-27T12:36:00+05:30,26223,26224.05,26218.8,26221.7,26226.510419566854,24.408033756067184
2025-11-27T12:39:00+05:30,26222,26230.75,26220.4,26230.65,26227.54531467514,46.78621460470146
2025-11-27T12:42:00+05:30,26230.4,26248.15,26230.4,26247.65,26232.571486006353,67.86659843658805
2025-11-27T12:45:00+05:30,26248.2,26252.3,26243.15,26247.1,26236.203614504764,66.86677050193487
2025-11-27T12:48:00+05:30,26246.9,26254.05,26245.1,26253.3,26240.47771087857,72.24444892312736
2025-11-27T12:51:00+05:30,26251.65,26256.95,26237.1,26238.55,26239.995783158927,49.80717500215311
2025-11-27T12:54:00+05:30,26238.45,26242.95,26235.8,26238.35,26239.584337369197,49.563666684640665
2025-11-27T12:57:00+05:30,26238.65,26244.6,26236.6,26237.9,26239.163253026898,48.935642322483595
2025-11-27T13:00:00+05:30,26237.65,26239.4,26224.4,26228.7,26236.547439770173,37.578388766661334
2025-11-27T13:03:00+05:30,26227.25,26232.45,26226.15,26229.15,26234.69807982763,38.394295343816935
2025-11-27T13:06:00+05:30,26228.95,26229.5,26218.55,26220.05,26231.036059870723,29.344992372399815
2025-11-27T13:09:00+05:30,26220.9,26222.6,26197.75,26198.2,26222.827044903042,17.675095228260744
2025-11-27T13:12:00+05:30,26197.95,26200.35,26175.5,26178.3,26211.695283677283,12.424909337757086
2025-11-27T13:15:00+05:30,26177.25,26186,26167.45,26183.5,26204.646462757963,19.69673070095348
2025-11-27T13:18:00+05:30,26183.3,26192.3,26181.9,26189.65,26200.897347068472,27.95151997063823
2025-11-27T13:21:00+05:30,26189.55,26194.45,26155.5,26159.3,26190.498010301355,17.559269910916584
2025-11-27T13:24:00+05:30,26158.95,26160.35,26144.85,26146.9,26179.598507726016,14.915871773932594
2025-11-27T13:27:00+05:30,26147.05,26156.35,26144.75,26152.05,26172.711380794513,20.70029461440238
2025-11-27T13:30:00+05:30,26151.85,26155.15,26145.9,26152.7,26167.708535595884,21.48627190081457
2025-11-27T13:33:00+05:30,26153.15,26169.5,26152.6,26160.95,26166.018901696913,31.534663473976167
2025-11-27T13:36:00+05:30,26161.05,26161.25,26152.05,26152.95,26162.751676272685,27.546281374556983
2025-11-27T13:39:00+05:30,26152.85,26154.3,26147.1,26147.1,26158.838757204514,24.86350999460474
2025-11-27T13:42:00+05:30,26147.3,26150.75,26141.9,26148.4,26156.229067903387,26.71395526397849
2025-11-27T13:45:00+05:30,26148.05,26163.55,26143.6,26154.25,26155.73430092754,35.10465517657501
2025-11-27T13:48:00+05:30,26154.35,26164.3,26151.85,26160.3,26156.875725695652,42.98128809329155
2025-11-27T13:51:00+05:30,26159.75,26171.3,26159.5,26166.7,26159.33179427174,50.40968822922554
2025-11-27T13:54:00+05:30,26166.85,26185.9,26164.6,26172.3,26162.573845703806,56.2307455861313
2025-11-27T13:57:00+05:30,26172.2,26186.05,26171.65,26185.45,26168.292884277857,66.88112596109083
2025-11-27T14:00:00+05:30,26185.35,26190,26168.3,26170.7,26168.894663208393,50.72799470615626
2025-11-27T14:03:00+05:30,26171.15,26181.35,26171.15,26178.25,26171.233497406294,56.93871352232162
2025-11-27T14:06:00+05:30,26178.35,26189.85,26177.35,26186.15,26174.962623054722,62.6811570073924
2025-11-27T14:09:00+05:30,26185.55,26197.25,26182.4,26191.5,26179.096967291043,66.23834588628728
2025-11-27T14:12:00+05:30,26191.8,26193.9,26178.9,26180.95,26179.56022546828,54.32522033418645
2025-11-27T14:15:00+05:30,26180.5,26200.85,26177.6,26178.35,26179.25766910121,51.65412769830418
2025-11-27T14:18:00+05:30,26178.4,26202.1,26172.3,26194.1,26182.968251825907,64.121517099312
2025-11-27T14:21:00+05:30,26193.35,26206.8,26187.3,26192,26185.22618886943,61.64851617940232
2025-11-27T14:24:00+05:30,26191.75,26214.2,26190.2,26213.5,26192.29464165207,73.74384293428113
2025-11-27T14:27:00+05:30,26213.3,26217.55,26205.5,26206.05,26195.733481239055,65.40491157298912
2025-11-27T14:30:00+05:30,26205.55,26209.85,26180.55,26208.7,26198.975110929292,66.95558072739794
2025-11-27T14:33:00+05:30,26208.45,26222.45,26196.5,26207.65,26201.14383319697,65.59640700444982
2025-11-27T14:36:00+05:30,26207.05,26213.65,26200.2,26212.4,26203.95787489773,68.92562124471307
2025-11-27T14:39:00+05:30,26211.45,26218.9,26205.5,26205.7,26204.393406173298,59.457335274143105
2025-11-27T14:42:00+05:30,26202.65,26208.2,26189.8,26206.2,26204.845054629972,59.93649641963007
2025-11-27T14:45:00+05:30,26205.85,26206.7,26197.85,26200.05,26203.64629097248,51.24537390760015
2025-11-27T14:48:00+05:30,26199.2,26201.35,26176.6,26178.6,26197.38471822936,32.22892807270489
2025-11-27T14:51:00+05:30,26177.7,26184.45,26175,26177.2,26192.338538672022,31.343269144117457
2025-11-27T14:54:00+05:30,26176.9,26201.25,26173.3,26196,26193.253904004017,52.005882783468515
2025-11-27T14:57:00+05:30,26192.85,26201.3,26181.65,26186.05,26191.45292800301,43.856129580568215
2025-11-27T15:00:00+05:30,26185.95,26223.65,26185.95,26222.85,26199.30219600226,66.50490501674597
2025-11-27T15:03:00+05:30,26222.05,26228.2,26202.4,26211.8,26202.426647001696,58.27016530440877
2025-11-27T15:06:00+05:30,26211.25,26221.3,26206.8,26211.35,26204.65748525127,57.92937122686207
2025-11-27T15:09:00+05:30,26208.75,26218.8,26202.3,26205.25,26204.805613938453,53.0249251524802
2025-11-27T15:12:00+05:30,26205.9,26215.9,26204.3,26213.15,26206.89171045384,58.35244096562114
2025-11-27T15:15:00+05:30,26212.65,26218.4,26207.6,26217.95,26209.65628284038,61.45147250153426
2025-11-27T15:18:00+05:30,26216.35,26226.55,26214.4,26226.4,26213.842212130286,66.56172714664643
2025-11-27T15:21:00+05:30,26226.2,26234.2,26215.5,26217.75,26214.819159097715,57.463929786506576
2025-11-27T15:24:00+05:30,26217.15,26227.1,26212.65,26219.25,26215.926869323288,58.60850601057493
2025-11-27T15:27:00+05:30,26219.5,26231.15,26219.15,26220.8,26217.145151992467,59.909038067092304
2025-11-27T15:30:00+05:30,26219.85,26219.85,26215.55,26215.55,26216.74636399435,53.2922339241457
2025-11-28T09:06:00+05:30,26237.45,26237.45,26237.45,26237.45,26221.922272995762,69.62118685237115
2025-11-28T09:15:00+05:30,26251.75,26251.75,26172.4,26214,26219.941704746823,48.45802775629749
2025-11-28T09:18:00+05:30,26214.55,26242.95,26213.25,26235.45,26223.81877856012,61.082544240491266
2025-11-28T09:21:00+05:30,26235.8,26237.6,26219.35,26219.35,26222.70158392009,50.294973149174766
2025-11-28T09:24:00+05:30,26220.3,26220.95,26202.3,26218.7,26221.701187940067,49.880049964446805
2025-11-28T09:27:00+05:30,26219.25,26241,26217.85,26229.65,26223.688390955052,56.87271594098071
2025-11-28T09:30:00+05:30,26231,26245.75,26222,26239.7,26227.69129321629,62.47821604368725
2025-11-28T09:33:00+05:30,26242.15,26256.15,26237.8,26243.25,26231.58096991222,64.38584531237973
2025-11-28T09:36:00+05:30,26244.9,26244.9,26206.25,26206.25,26225.248227434164,39.78850041766248
2025-11-28T09:39:00+05:30,26206.95,26235.65,26201.65,26235.65,26227.848670575622,55.53565588855988
2025-11-28T09:42:00+05:30,26235.5,26240.35,26224.3,26225.1,26227.161502931718,50.055119187529854
2025-11-28T09:45:00+05:30,26224.9,26229.4,26213.75,26229.35,26227.708627198786,52.26890618321689
2025-11-28T09:48:00+05:30,26230.15,26246.45,26230.15,26245.5,26232.156470399088,60.10792736975357
2025-11-28T09:51:00+05:30,26245.2,26249.2,26238.9,26245.75,26235.554852799316,60.225898326768444
2025-11-28T09:54:00+05:30,26246.05,26254.5,26242.1,26244.75,26237.85363959949,59.40606406930566
2025-11-28T09:57:00+05:30,26245.85,26254.75,26244.5,26250.65,26241.052729699615,62.883862090844225
2025-11-28T10:00:00+05:30,26252.1,26261.7,26247.65,26253.7,26244.21454727471,64.7074266274206
2025-11-28T10:03:00+05:30,26254.05,26267.8,26253.4,26265.5,26249.535910456034,71.11338326909323
2025-11-28T10:06:00+05:30,26266.1,26267.2,26259.8,26264.05,26253.164432842026,69.30983278165677
2025-11-28T10:09:00+05:30,26264.65,26265.95,26258.5,26262.35,26255.46082463152,66.98608355214975
2025-11-28T10:12:00+05:30,26261.7,26261.8,26239.3,26240.4,26251.69561847364,44.50780746024486
2025-11-28T10:15:00+05:30,26240.65,26245.45,26232.25,26234,26247.271713855233,39.94781915790226
2025-11-28T10:18:00+05:30,26234.25,26237.35,26224.6,26226.6,26242.103785391424,35.097186692691665
2025-11-28T10:21:00+05:30,26227.15,26230.8,26223.55,26226,26238.077839043566,34.6986355925923
2025-11-28T10:24:00+05:30,26225.6,26231.2,26218.8,26231.2,26236.358379282676,41.424201137544415
2025-11-28T10:27:00+05:30,26231.55,26239.05,26230.55,26236.2,26236.318784462008,47.49092680866215
2025-11-28T10:30:00+05:30,26235.8,26252.15,26234.55,26252.15,26240.276588346507,62.09976096022483
2025-11-28T10:33:00+05:30,26252.1,26260.25,26247.8,26260.25,26245.26994125988,67.46302841684025
2025-11-28T10:36:00+05:30,26260.3,26268.3,26258.4,26268.1,26250.97745594491,71.95087721901528
2025-11-28T10:39:00+05:30,26267.55,26273.3,26264.35,26271.5,26256.108091958682,73.77845321622488
2025-11-28T10:42:00+05:30,26270.65,26274.5,26266.3,26274.45,26260.69356896901,75.40088180289649
2025-11-28T10:45:00+05:30,26274.55,26280.75,26269.3,26275.1,26264.29517672676,75.78601563513158
2025-11-28T10:48:00+05:30,26274.85,26277.5,26265.8,26269.35,26265.55888254507,65.24378407545635
2025-11-28T10:51:00+05:30,26269.55,26270.1,26260.95,26267.95,26266.1566619088,62.76374070201437
2025-11-28T10:54:00+05:30,26267.35,26272.75,26264.1,26267.85,26266.5799964316,62.56555414910411
2025-11-28T10:57:00+05:30,26266.6,26266.8,26254.35,26259.4,26264.7849973237,47.71288413043209
2025-11-28T11:00:00+05:30,26259.1,26268.9,26252.25,26266.3,26265.163747992774,57.35688661322142
2025-11-28T11:03:00+05:30,26265.8,26267.95,26251.7,26254.7,26262.54781099458,42.119730985365095
2025-11-28T11:06:00+05:30,26254.2,26262.45,26251.65,26253.95,26260.398358245933,41.29228936931183
2025-11-28T11:09:00+05:30,26253.4,26260.3,26245.15,26259.15,26260.08626868445,49.342134539424634
2025-11-28T11:12:00+05:30,26258.75,26267.4,26254.45,26266.5,26261.689701513336,58.68413732891547
2025-11-28T11:15:00+05:30,26266.9,26273.25,26262.7,26267.25,26263.079776135004,59.571700543120045
2025-11-28T11:18:00+05:30,26266.1,26267.85,26259.3,26262.35,26262.897332101253,51.18971699915261
2025-11-28T11:21:00+05:30,26261.5,26262,26242.25,26243.65,26258.08549907594,31.472925719898157
2025-11-28T11:24:00+05:30,26242.95,26247.95,26237.15,26245.7,26254.989124306954,34.69021991944123
2025-11-28T11:27:00+05:30,26245.45,26247.3,26236.75,26243.4,26252.091843230217,32.681796522423284
2025-11-28T11:30:00+05:30,26243.15,26250.7,26240.55,26243.3,26249.893882422664,32.58609925244238
2025-11-28T11:33:00+05:30,26243.45,26249.15,26242.3,26245.8,26248.870411817,37.8905239749503
2025-11-28T11:36:00+05:30,26245.65,26246.55,26232.6,26243.2,26247.45280886275,34.588357934915564
2025-11-28T11:39:00+05:30,26242,26245.7,26234.35,26242.8,26246.28960664706,34.055647902576084
2025-11-28T11:42:00+05:30,26242.3,26250.9,26241.2,26247.95,26246.704704985295,46.44514796677563
2025-11-28T11:45:00+05:30,26246.95,26253.25,26246,26253.25,26248.34102873897,56.30227649026484
2025-11-28T11:48:00+05:30,26252.9,26257.1,26248.2,26249.55,26248.64327155423,48.962426674122725
2025-11-28T11:51:00+05:30,26250.05,26252.7,26245.8,26251,26249.23245366567,51.833344600610964
2025-11-28T11:54:00+05:30,26250.2,26255.6,26238.05,26252.85,26250.13684024925,55.55474720109638
2025-11-28T11:57:00+05:30,26252,26256.25,26243.35,26247.1,26249.377630186937,43.39678850806579
2025-11-28T12:00:00+05:30,26247.4,26253.15,26245.1,26248.15,26249.0707226402,45.91828399449715
2025-11-28T12:03:00+05:30,26247.55,26249.2,26242.05,26244.95,26248.04054198015,39.63978434115648
2025-11-28T12:06:00+05:30,26245.5,26249.4,26237.55,26240.8,26246.230406485112,32.84488693194592
2025-11-28T12:09:00+05:30,26239.95,26240,26232.85,26238.95,26244.410304863835,30.156436331868136
2025-11-28T12:12:00+05:30,26238.8,26243.4,26235.95,26240.75,26243.495228647877,36.09419029017547
2025-11-28T12:15:00+05:30,26239.35,26240.55,26229.4,26231.2,26240.42142148591,23.649287203321478
2025-11-28T12:18:00+05:30,26231,26233,26224.45,26226.85,26237.02856611443,19.987127545210683
2025-11-28T12:21:00+05:30,26226.8,26234.2,26224.5,26226.2,26234.32142458582,19.46174942226901
2025-11-28T12:24:00+05:30,26225.35,26225.9,26219.75,26222.65,26231.403568439368,16.66976569743082
2025-11-28T12:27:00+05:30,26222.3,26223.9,26217.85,26220.9,26228.777676329526,15.399231013494756
2025-11-28T12:30:00+05:30,26220.05,26232.1,26218,26232.05,26229.595757247145,45.99559520906041
2025-11-28T12:33:00+05:30,26231.55,26240.15,26230.4,26237.5,26231.571817935357,55.22897982151374
2025-11-28T12:36:00+05:30,26237,26238.5,26228.95,26236.3,26232.75386345152,52.90537087980835
2025-11-28T12:39:00+05:30,26236.4,26239.8,26226.5,26230.65,26232.22789758864,42.97387762205768
2025-11-28T12:42:00+05:30,26229.45,26233.4,26226.15,26230,26231.67092319148,41.91773090679533
2025-11-28T12:45:00+05:30,26229.85,26230.65,26207.9,26208.9,26225.97819239361,21.710533266452657
2025-11-28T12:48:00+05:30,26208.95,26210.05,26204,26210.05,26221.996144295208,24.03895388098269
2025-11-28T12:51:00+05:30,26209.3,26217.7,26208.45,26217.7,26220.922108221406,38.284063849586424
2025-11-28T12:54:00+05:30,26217.3,26222.4,26212.15,26216.25,26219.754081166055,36.759661095937275
2025-11-28T12:57:00+05:30,26215.75,26228.75,26211.3,26226.1,26221.34056087454,51.92935081616382
2025-11-28T13:00:00+05:30,26225.5,26227.4,26217.85,26221.2,26221.305420655906,45.583410748455606
2025-11-28T13:03:00+05:30,26220.6,26225.75,26216.1,26222.9,26221.70406549193,48.148171053652156
2025-11-28T13:06:00+05:30,26222.65,26224.5,26215.2,26221.35,26221.615549118946,45.8494858394038
2025-11-28T13:09:00+05:30,26220.95,26223.1,26214.05,26216.5,26220.33666183921,39.04464440825361
2025-11-28T13:12:00+05:30,26216.2,26219.3,26212.65,26217.9,26219.727496379408,41.94630424842656
2025-11-28T13:15:00+05:30,26217.45,26224.65,26214.15,26216.2,26218.845622284556,39.296257723178286
2025-11-28T13:18:00+05:30,26215.6,26218.4,26203.9,26209.4,26216.48421671342,30.34866561841639
2025-11-28T13:21:00+05:30,26208.7,26226.5,26208.05,26225.4,26218.713162535067,57.138886460129086
2025-11-28T13:24:00+05:30,26224.95,26227.5,26214.85,26220.35,26219.1223719013,50.05012726230545
2025-11-28T13:27:00+05:30,26220.45,26225.65,26215.75,26225.1,26220.616778925974,56.03548070871915
2025-11-28T13:30:00+05:30,26225.65,26234.9,26223.1,26232.8,26223.66258419448,64.15801226704767
2025-11-28T13:33:00+05:30,26232.2,26234.7,26227.65,26232.35,26225.83443814586,63.359885201827275
2025-11-28T13:36:00+05:30,26232.3,26233.2,26220.2,26224.15,26225.413328609393,50.10803209261445
2025-11-28T13:39:00+05:30,26223.7,26230.6,26222.75,26224.2,26225.109996457046,50.18215460199016
2025-11-28T13:42:00+05:30,26223.45,26223.5,26216.25,26217.7,26223.257497342784,40.954154586606045
2025-11-28T13:45:00+05:30,26217,26218.1,26203.05,26211.75,26220.380623007088,34.23158004141838
2025-11-28T13:48:00+05:30,26211.9,26212.05,26203.8,26206.85,26216.997967255316,29.56831461135073
2025-11-28T13:51:00+05:30,26206.9,26210.7,26194,26203.1,26213.523475441485,26.361885537707025
2025-11-28T13:54:00+05:30,26203.45,26214.65,26202.25,26208.25,26212.205106581114,37.26237270653104
2025-11-28T13:57:00+05:30,26208.35,26209.25,26201.75,26208.8,26211.353829935833,38.39852515436971
2025-11-28T14:00:00+05:30,26208.6,26217.1,26206.35,26215.45,26212.377872451874,50.93294543770161
2025-11-28T14:03:00+05:30,26215.15,26216.6,26209.2,26215.15,26213.070904338907,50.39327070118665
2025-11-28T14:06:00+05:30,26215.45,26216.2,26200.95,26208.35,26211.89067825418,39.363599855307996
2025-11-28T14:09:00+05:30,26208.75,26208.75,26202.3,26207.5,26210.793008690634,38.14602384089086
2025-11-28T14:12:00+05:30,26207.3,26207.65,26199.8,26200.75,26208.282256517974,29.649363049506007
2025-11-28T14:15:00+05:30,26200.95,26206.9,26195.2,26202.8,26206.91169238848,34.795413367876776
2025-11-28T14:18:00+05:30,26202.6,26205.55,26194.9,26197.3,26204.50876929136,28.312869068851555
2025-11-28T14:21:00+05:30,26196.95,26200.75,26195.15,26198.15,26202.91907696852,30.642670365348152
2025-11-28T14:24:00+05:30,26198.3,26206.1,26197.5,26204.95,26203.42680772639,46.784495652992774
2025-11-28T14:27:00+05:30,26203.35,26205.1,26199.05,26205.1,26203.845105794793,47.101331386270815
2025-11-28T14:30:00+05:30,26204.95,26216.05,26201.35,26216,26206.883829346094,64.845588838368
2025-11-28T14:33:00+05:30,26214.6,26221.6,26206.65,26212.7,26208.33787200957,57.976497445782286
2025-11-28T14:36:00+05:30,26212.05,26222.45,26207.65,26220.85,26211.46590400718,67.8034464167047
2025-11-28T14:39:00+05:30,26220.55,26220.55,26207.55,26212.7,26211.774428005385,53.270333200481446
2025-11-28T14:42:00+05:30,26212.2,26216.8,26201.95,26205.55,26210.21832100404,43.68631693220528
2025-11-28T14:45:00+05:30,26205.3,26209.6,26202.55,26207.6,26209.56374075303,46.882935402502504
2025-11-28T14:48:00+05:30,26207.3,26208.45,26200.95,26202.55,26207.810305564773,40.307206773757265
2025-11-28T14:51:00+05:30,26202.75,26210.15,26197.95,26208.55,26207.99522917358,50.023518235966314
2025-11-28T14:54:00+05:30,26209.3,26209.9,26204.1,26208.35,26208.083921880185,49.70886017198389
2025-11-28T14:57:00+05:30,26208.5,26214.4,26205.7,26209.55,26208.45044141014,51.82985975842682
2025-11-28T15:00:00+05:30,26209.7,26209.7,26200.1,26204.7,26207.512831057604,43.23247296804341
2025-11-28T15:03:00+05:30,26204.45,26210.55,26203.2,26210.15,26208.172123293203,53.37232746595639
2025-11-28T15:06:00+05:30,26209.8,26213.15,26202.3,26205.25,26207.441592469902,44.950397075173356
2025-11-28T15:09:00+05:30,26204.45,26208.15,26201.55,26206.5,26207.206194352428,47.41972670329775
2025-11-28T15:12:00+05:30,26206.55,26206.55,26196.15,26197.55,26204.79214576432,34.49457851071776
2025-11-28T15:15:00+05:30,26197.45,26201,26196,26197,26202.84410932324,33.83341516860496
2025-11-28T15:18:00+05:30,26198.4,26204.2,26194.45,26201.8,26202.58308199243,44.63772832251233
2025-11-28T15:21:00+05:30,26202.15,26206,26193.6,26195.95,26200.924811494322,36.226707203356426
2025-11-28T15:24:00+05:30,26195.85,26213.65,26191.9,26210.65,26203.35610862074,58.919589878605834
2025-11-28T15:27:00+05:30,26209.65,26212.6,26200.8,26204.55,26203.654581465555,50.261100818991416
2025-11-28T15:30:00+05:30,26204.85,26204.85,26202.95,26202.95,26203.478436099165,48.098144936339814
2025-12-01T09:06:00+05:30,26325.8,26325.8,26325.8,26325.8,26234.058827074376,89.30947568447627
2025-12-01T09:15:00+05:30,26313.2,26319.9,26270.35,26289.65,26247.956620305784,70.1791697849974
2025-12-01T09:18:00+05:30,26290.15,26295.05,26279.2,26281.15,26256.25496522934,66.28430406511643
2025-12-01T09:21:00+05:30,26280,26298.7,26279.9,26286.5,26263.816223922004,67.60453565022345
2025-12-01T09:24:00+05:30,26287.2,26299.05,26279.25,26284.55,26268.9996679415,66.49727602456838
2025-12-01T09:27:00+05:30,26283.4,26293.65,26280.95,26284.05,26272.762250956126,66.1730581022851
2025-12-01T09:30:00+05:30,26284.75,26296.35,26284.55,26285.25,26275.884188217096,66.62863859363999
2025-12-01T09:33:00+05:30,26286.15,26303.95,26286.15,26294.3,26280.488141162823,70.16416947937115
2025-12-01T09:36:00+05:30,26295.2,26309.05,26293.25,26308.95,26287.60360587212,75.1385881462394
2025-12-01T09:39:00+05:30,26307.9,26314.7,26304.15,26304.15,26291.74020440409,70.63679446044215
2025-12-01T09:42:00+05:30,26304.1,26305.1,26281.2,26287.25,26290.617653303067,56.68621431247213
2025-12-01T09:45:00+05:30,26286.55,26292.35,26277.7,26289.3,26290.2882399773,57.863900451324874
2025-12-01T09:48:00+05:30,26288.9,26297.65,26288.25,26289.45,26290.078679982977,57.96147466965105
2025-12-01T09:51:00+05:30,26288.8,26289,26270.15,26271.45,26285.42150998723,43.77104118322725
2025-12-01T09:54:00+05:30,26271.05,26277.7,26270,26273.05,26282.328632490422,45.16330574643656
2025-12-01T09:57:00+05:30,26272.95,26276.5,26263.55,26264.3,26277.821474367818,39.00186884778258
2025-12-01T10:00:00+05:30,26263.2,26282.15,26263.2,26278.3,26277.941105775863,51.382792933750366
2025-12-01T10:03:00+05:30,26277.6,26288.8,26271.4,26287.1,26280.230829331897,57.68171224081194
2025-12-01T10:06:00+05:30,26286.6,26290.5,26277.6,26290.35,26282.76062199892,59.91919624472287
2025-12-01T10:09:00+05:30,26288.95,26290.85,26279.35,26286,26283.57046649919,55.349393989924046
2025-12-01T10:12:00+05:30,26285.15,26287.9,26281.3,26284.95,26283.91534987439,54.185636630158854
2025-12-01T10:15:00+05:30,26283.65,26288.7,26273.95,26275.7,26281.861512405794,44.55700112091283
2025-12-01T10:18:00+05:30,26275.4,26280.85,26270.5,26279.45,26281.258634304344,48.85549096624171
2025-12-01T10:21:00+05:30,26281,26282.1,26275,26279.2,26280.74397572826,48.56265317083591
2025-12-01T10:24:00+05:30,26279.35,26280,26269.35,26272.65,26278.720481796194,41.04295441448071
2025-12-01T10:27:00+05:30,26273.15,26282.55,26268.6,26281.1,26279.315361347144,52.1862373322056
2025-12-01T10:30:00+05:30,26282.9,26288.15,26275.9,26285,26280.73652101036,56.60288717811739
2025-12-01T10:33:00+05:30,26285.45,26289.55,26274.95,26279.55,26280.43989075777,49.194327835991075
2025-12-01T10:36:00+05:30,26281.25,26282.6,26265.4,26265.75,26276.767418068328,35.47695618820343
2025-12-01T10:39:00+05:30,26266.75,26268.3,26257.6,26266.5,26274.200563551247,36.59791176784189
2025-12-01T10:42:00+05:30,26267.25,26268.2,26256.75,26258.6,26270.300422663437,30.15911439064294
2025-12-01T10:45:00+05:30,26259.45,26259.65,26249.35,26254.25,26266.287816997577,27.096637568865418
2025-12-01T10:48:00+05:30,26255.9,26255.9,26246.3,26246.9,26261.440862748183,22.57733191099797
2025-12-01T10:51:00+05:30,26247.45,26247.95,26231.35,26234.15,26254.618147061137,16.879736456381764
2025-12-01T10:54:00+05:30,26233.5,26238.3,26228.95,26235.2,26249.763610295853,18.84738449787062
2025-12-01T10:57:00+05:30,26235.5,26241.65,26229.85,26238.95,26247.06020772189,26.133205805259138
2025-12-01T11:00:00+05:30,26239.5,26240.55,26225.5,26227.6,26242.195155791418,19.842671665304763
2025-12-01T11:03:00+05:30,26227.4,26233.05,26224.15,26227.9,26238.621366843563,20.433278517547294
2025-12-01T11:06:00+05:30,26227.5,26235.65,26225.75,26229.65,26236.378525132674,24.232559784782126
2025-12-01T11:09:00+05:30,26231.25,26236.05,26225.45,26234.4,26235.883893849506,34.18435588577874
2025-12-01T11:12:00+05:30,26234.95,26244.15,26232.5,26242.4,26237.51292038713,47.68583426477359
2025-12-01T11:15:00+05:30,26242.6,26247.1,26236.75,26244.3,26239.209690290347,50.499498019212
2025-12-01T11:18:00+05:30,26245.45,26246.35,26237.45,26240.9,26239.63226771776,45.40154710028596
2025-12-01T11:21:00+05:30,26241.65,26248.2,26238.45,26247.5,26241.599200788318,55.56127329104711
2025-12-01T11:24:00+05:30,26246.3,26249.2,26243.2,26244.25,26242.26190059124,50.19527288030277
2025-12-01T11:27:00+05:30,26244.4,26250.95,26241.65,26247.5,26243.571425443428,55.23872341191239
2025-12-01T11:30:00+05:30,26248.35,26256.05,26245.65,26254.95,26246.41606908257,64.7775760914106
2025-12-01T11:33:00+05:30,26253.3,26261.9,26253.15,26254.3,26248.38705181193,63.40226072726303
2025-12-01T11:36:00+05:30,26254.8,26259.5,26250.05,26258.3,26250.865288858946,68.24298842445558
2025-12-01T11:39:00+05:30,26258.8,26261.65,26241.2,26243.35,26248.986466644208,43.28090907250522
2025-12-01T11:42:00+05:30,26243.9,26243.9,26207.55,26211.75,26239.677349983154,22.755252424127036
2025-12-01T11:45:00+05:30,26212.35,26212.35,26179.95,26182,26225.258012487364,14.961784434026995
2025-12-01T11:48:00+05:30,26181.55,26199.35,26179.4,26185.55,26215.331009365524,18.83188909057496
2025-12-01T11:51:00+05:30,26187.05,26204.95,26184.35,26203.85,26212.460757024142,36.27386482116329
2025-12-01T11:54:00+05:30,26204.35,26215.7,26199.5,26211.15,26212.133067768107,42.06749909379729
2025-12-01T11:57:00+05:30,26210.6,26217.4,26207.6,26212.6,26212.24980082608,43.26284334029674
2025-12-01T12:00:00+05:30,26213.15,26216.85,26205.9,26207.05,26210.94985061956,39.61295383738677
2025-12-01T12:03:00+05:30,26207.5,26207.5,26186,26191.9,26206.18738796467,31.223819866036806
2025-12-01T12:06:00+05:30,26190.85,26192.45,26184.1,26188.3,26201.715540973502,29.492308571135112
2025-12-01T12:09:00+05:30,26189.85,26191.25,26167.4,26183.2,26197.086655730127,27.01615644040433
2025-12-01T12:12:00+05:30,26183.55,26183.65,26174.3,26175.65,26191.727491797596,23.594730521318013
2025-12-01T12:15:00+05:30,26175.9,26176.45,26166.45,26175.4,26187.645618848197,23.479857279332762
2025-12-01T12:18:00+05:30,26175.7,26177.5,26160.25,26164.15,26181.77171413615,18.700089082393504
2025-12-01T12:21:00+05:30,26166.05,26179.15,26162.65,26178.25,26180.891285602112,37.348976680474365
2025-12-01T12:24:00+05:30,26178.2,26186.3,26176.75,26185.55,26182.055964201583,44.97307738682519
2025-12-01T12:27:00+05:30,26186.35,26188.55,26176.75,26188.55,26183.679473151187,48.006643697476974
2025-12-01T12:30:00+05:30,26188.25,26188.25,26162.9,26164.95,26178.99710486339,31.877777477596595
2025-12-01T12:33:00+05:30,26165.6,26167.9,26157,26164.95,26175.48532864754,31.877777477596595
2025-12-01T12:36:00+05:30,26165.15,26165.95,26157.4,26157.4,26170.963996485654,27.80938855066867
2025-12-01T12:39:00+05:30,26156.35,26169.55,26154.9,26167.75,26170.16049736424,40.04673969424964
2025-12-01T12:42:00+05:30,26167,26169.9,26148.95,26164.95,26168.85787302318,38.012964646620084
2025-12-01T12:45:00+05:30,26164.6,26169.75,26161.35,26168.45,26168.755904767386,42.28725741117621
2025-12-01T12:48:00+05:30,26169.25,26170.7,26151.85,26162.9,26167.29192857554,37.50313091764558
2025-12-01T12:51:00+05:30,26163.05,26178,26162.9,26174.7,26169.143946431657,51.198213835246364
2025-12-01T12:54:00+05:30,26174.4,26180.35,26168.15,26168.15,26168.895459823743,44.83560118184132
2025-12-01T12:57:00+05:30,26169.45,26188.5,26168.1,26184.95,26172.909094867806,59.78901012700357
2025-12-01T13:00:00+05:30,26185.95,26186.4,26167.7,26181.4,26175.031821150857,56.043811580173454
2025-12-01T13:03:00+05:30,26181.2,26184.3,26169.7,26183.4,26177.12386586314,57.78201045013785
2025-12-01T13:06:00+05:30,26183.3,26184,26172.15,26176.55,26176.980399397355,49.89764335259765
2025-12-01T13:09:00+05:30,26180.6,26180.6,26173.55,26178.05,26177.247799548015,51.58535563747504
2025-12-01T13:12:00+05:30,26178.15,26187.55,26177.3,26186.95,26179.67334966101,60.73990790777808
2025-12-01T13:15:00+05:30,26187.05,26192.05,26185.15,26190.95,26182.492512245757,64.28129085986106
2025-12-01T13:18:00+05:30,26190.4,26195.65,26188.95,26191,26184.61938418432,64.32821574450492
2025-12-01T13:21:00+05:30,26191.5,26192.3,26177,26177.45,26182.82703813824,45.45010806136107
2025-12-01T13:24:00+05:30,26177.7,26177.95,26169.1,26171.25,26179.93277860368,39.29429235563559
2025-12-01T13:27:00+05:30,26172.35,26177.55,26170.5,26173.6,26178.34958395276,42.724664919922915
2025-12-01T13:30:00+05:30,26174.25,26177.35,26167.4,26175.25,26177.57468796457,45.25857240790382
2025-12-01T13:33:00+05:30,26176.3,26177.45,26164.65,26174.85,26176.89351597343,44.69927038853466
2025-12-01T13:36:00+05:30,26175,26189.85,26172.45,26188.4,26179.77013698007,62.84540593892423
2025-12-01T13:39:00+05:30,26188.3,26188.35,26179.25,26179.75,26179.76510273505,50.503131495612486
2025-12-01T13:42:00+05:30,26180.55,26198.25,26178.8,26190.9,26182.548827051287,61.78861142694674
2025-12-01T13:45:00+05:30,26192.75,26193.35,26181.75,26184.65,26183.074120288467,53.77104244830315
2025-12-01T13:48:00+05:30,26185.25,26196.65,26183.45,26194.2,26185.85559021635,62.45563059934974
2025-12-01T13:51:00+05:30,26194.35,26195.3,26185.25,26191.25,26187.204192662262,58.4953846149211
2025-12-01T13:54:00+05:30,26191.35,26193.7,26180.45,26186,26186.903144496697,51.69015925339427
2025-12-01T13:57:00+05:30,26186.6,26188.45,26180.05,26183,26185.927358372523,47.969699190174005
2025-12-01T14:00:00+05:30,26182.25,26211.1,26182.25,26209.85,26191.90801877939,70.29473114520997
2025-12-01T14:03:00+05:30,26210.5,26228.5,26209.05,26227.55,26200.818514084545,77.66518048869045
2025-12-01T14:06:00+05:30,26228.55,26228.95,26212,26215.05,26204.37638556341,64.48294971809574
2025-12-01T14:09:00+05:30,26216.1,26216.3,26201.6,26207.9,26205.257289172558,57.92224137108785
2025-12-01T14:12:00+05:30,26208.4,26215.6,26207.65,26213.85,26207.40546687942,61.70497616295736
2025-12-01T14:15:00+05:30,26214.55,26217.6,26205.35,26209.55,26207.941600159564,57.35745738527786
2025-12-01T14:18:00+05:30,26210.85,26212.8,26202.8,26206.15,26207.493700119674,53.85703109004197
2025-12-01T14:21:00+05:30,26206.85,26212.8,26201.3,26203.6,26206.520275089755,51.12686980558329
2025-12-01T14:24:00+05:30,26204.45,26208.55,26199.3,26205.1,26206.165206317317,52.76996245916209
2025-12-01T14:27:00+05:30,26205.6,26212.45,26201,26206.9,26206.348904737988,54.893028966462985
2025-12-01T14:30:00+05:30,26206.5,26207.5,26193.85,26193.85,26203.22417855349,39.771339310337865
2025-12-01T14:33:00+05:30,26194.25,26200.8,26190.5,26196.35,26201.505633915116,43.264467679119704
2025-12-01T14:36:00+05:30,26197.25,26198.6,26183.35,26185.9,26197.60422543634,33.725646711405716
2025-12-01T14:39:00+05:30,26186.75,26189.3,26180.75,26182.45,26193.815669077252,31.085820917288743
2025-12-01T14:42:00+05:30,26182.75,26187.7,26171.55,26172.5,26188.48675180794,24.60548301296693
2025-12-01T14:45:00+05:30,26173.85,26177.35,26169.85,26173.95,26184.852563855955,27.186201941714245
2025-12-01T14:48:00+05:30,26174.05,26175.45,26162.35,26164.35,26179.726922891965,21.50137552054693
2025-12-01T14:51:00+05:30,26167.25,26169.65,26143.15,26146.35,26171.382692168972,14.753023106275222
2025-12-01T14:54:00+05:30,26146.6,26147.2,26124.2,26138.9,26163.26201912673,12.811424354735237
2025-12-01T14:57:00+05:30,26139.15,26147.7,26136.3,26141.95,26157.934014345046,17.967896384481733
2025-12-01T15:00:00+05:30,26147.2,26168.2,26137.4,26167.8,26160.400510758784,48.23789981520687
2025-12-01T15:03:00+05:30,26169,26181.85,26165.65,26180.8,26165.500383069088,57.44998479575854
2025-12-01T15:06:00+05:30,26180.85,26181.65,26171.75,26180,26169.125287301817,56.72518940041471
2025-12-01T15:09:00+05:30,26179.9,26187.95,26176.75,26186.45,26173.456465476364,61.31584903668458
2025-12-01T15:12:00+05:30,26186.65,26189.15,26175.95,26179.5,26174.96734910727,54.10114889027706
2025-12-01T15:15:00+05:30,26179.65,26179.7,26170.7,26177.4,26175.575511830455,51.946468555913704
2025-12-01T15:18:00+05:30,26178.05,26179.95,26173.65,26178.1,26176.20663387284,52.679381359471954
2025-12-01T15:21:00+05:30,26178.9,26182.15,26173.7,26178.85,26176.86747540463,53.56467131394659
2025-12-01T15:24:00+05:30,26179.55,26184.8,26175.95,26183.3,26178.47560655347,58.88871609567745
2025-12-01T15:27:00+05:30,26182.25,26185.05,26166.95,26175.95,26177.844204915105,48.232418656390244
2025-12-01T15:30:00+05:30,26184.6,26184.6,26175.75,26175.75,26177.32065368633,47.95692284312279
2025-12-02T09:06:00+05:30,26087.95,26087.95,26087.95,26087.95,26154.977990264746,12.217036984617138
2025-12-02T09:15:00+05:30,26097.65,26136.25,26077.45,26127.05,26147.99599269856,36.719135717988365
2025-12-02T09:18:00+05:30,26126.9,26151.65,26122.8,26146.45,26147.60949452392,45.5213362513437
2025-12-02T09:21:00+05:30,26146.5,26154.6,26137.2,26151.5,26148.58212089294,47.72940571653943
2025-12-02T09:24:00+05:30,26150.95,26152.25,26138.35,26147.3,26148.261590669706,45.92337639003828
2025-12-02T09:27:00+05:30,26148.35,26151.15,26129.1,26130.2,26143.74619300228,38.92686139104046
2025-12-02T09:30:00+05:30,26131.25,26133,26112.55,26132,26140.80964475171,40.048546260268076
2025-12-02T09:33:00+05:30,26133.25,26133.25,26113.35,26116.05,26134.61973356378,33.65792682315775
2025-12-02T09:36:00+05:30,26116.3,26121.45,26106.9,26108.25,26128.027300172835,30.849370063938608
2025-12-02T09:39:00+05:30,26109.15,26114.85,26094.4,26095.6,26119.920475129627,26.642881196189364
2025-12-02T09:42:00+05:30,26093.85,26098,26078.9,26079.3,26109.76535634722,22.11059139909544
2025-12-02T09:45:00+05:30,26078.75,26094.25,26077.1,26094.2,26105.874017260416,34.0712892544051
2025-12-02T09:48:00+05:30,26093.65,26094.35,26070,26072,26097.40551294531,26.892870759420163
2025-12-02T09:51:00+05:30,26071.6,26074.55,26068.35,26071.35,26090.891634708983,26.700707591960054
2025-12-02T09:54:00+05:30,26071.3,26087.05,26070.45,26083.35,26089.006226031735,36.47708740711582
2025-12-02T09:57:00+05:30,26083.8,26087.8,26072.65,26075.1,26085.5296695238,32.95192913560119
2025-12-02T10:00:00+05:30,26075.3,26078.4,26070.65,26071.9,26082.12225214285,31.571249081911986
2025-12-02T10:03:00+05:30,26071.55,26082.4,26066.15,26080.1,26081.616689107137,39.18866091601305
2025-12-02T10:06:00+05:30,26079.5,26080,26069.6,26072.85,26079.42501683035,35.152270643787574
2025-12-02T10:09:00+05:30,26072.45,26074.85,26057.25,26058.45,26074.181262622762,28.378966496962335
2025-12-02T10:12:00+05:30,26058.35,26060.9,26055.65,26058.7,26070.31094696707,28.657399324129898
2025-12-02T10:15:00+05:30,26058.9,26063.8,26048.8,26049.5,26065.108210225302,24.558426821813825
2025-12-02T10:18:00+05:30,26049.95,26069.6,26046.85,26065.35,26065.168657668975,41.40426018166069
2025-12-02T10:21:00+05:30,26065.5,26075.65,26064.85,26071.75,26066.81399325173,46.98135334214071
2025-12-02T10:24:00+05:30,26071.55,26075.35,26067.8,26071.4,26067.960494938798,46.69777509980676
2025-12-02T10:27:00+05:30,26070.4,26080.7,26069,26078.8,26070.670371204098,53.60535205575246
2025-12-02T10:30:00+05:30,26078.6,26086.4,26074,26081.6,26073.402778403073,56.11585719907153
2025-12-02T10:33:00+05:30,26081.9,26091.1,26077.6,26090.05,26077.564583802305,63.13865109428264
2025-12-02T10:36:00+05:30,26089.85,26091.6,26082.05,26084.4,26079.273437851727,56.131413970046296
2025-12-02T10:39:00+05:30,26084.45,26089,26082.35,26088.55,26081.592578388794,59.94116238214856
2025-12-02T10:42:00+05:30,26089,26094.35,26073.9,26074.65,26079.856933791598,44.75370301595618
2025-12-02T10:45:00+05:30,26074.85,26076.95,26069.65,26071.7,26077.817700343698,42.111794801558915
2025-12-02T10:48:00+05:30,26071.75,26090.25,26071.2,26090.15,26080.900775257775,59.53952620222119
2025-12-02T10:51:00+05:30,26089.75,26099.6,26088.25,26096.2,26084.72558144333,63.71825972485047
2025-12-02T10:54:00+05:30,26096.3,26097.2,26088.95,26092.3,26086.6191860825,59.125786177264786
2025-12-02T10:57:00+05:30,26091.65,26098.65,26088.5,26098.2,26089.514389561875,63.73855847421371
2025-12-02T11:00:00+05:30,26098.4,26100.5,26083.85,26093.35,26090.473292171406,57.51381708948812
2025-12-02T11:03:00+05:30,26092.8,26100.3,26092.2,26094.85,26091.567469128553,58.9599984323782
2025-12-02T11:06:00+05:30,26095.25,26097.1,26091.25,26092.95,26091.913101846414,56.136240303954025
2025-12-02T11:09:00+05:30,26092.6,26097.15,26091.9,26094.1,26092.45982638481,57.57114281013971
2025-12-02T11:12:00+05:30,26093.55,26094.55,26079.3,26080.75,26089.532369788605,39.895628297589624
2025-12-02T11:15:00+05:30,26080.55,26081.2,26074.55,26079.75,26087.086777341454,38.85316881781163
2025-12-02T11:18:00+05:30,26079.7,26085.3,26076.55,26076.55,26084.45258300609,35.39988340859993
2025-12-02T11:21:00+05:30,26076.65,26076.75,26070,26072.35,26081.426937254568,31.159177842784587
2025-12-02T11:24:00+05:30,26072.45,26084.65,26071.3,26077.25,26080.382702940926,40.81026549203518
2025-12-02T11:27:00+05:30,26076.95,26077,26067.55,26068.4,26077.387027205696,31.50376092596602
2025-12-02T11:30:00+05:30,26068.2,26069.45,26065.8,26068,26075.04027040427,31.129433283307876
2025-12-02T11:33:00+05:30,26067.8,26069.7,26065.7,26066.8,26072.980202803203,29.886541817065194
2025-12-02T11:36:00+05:30,26067.1,26073.1,26063.9,26073.05,26072.9976521024,43.57562366531623
2025-12-02T11:39:00+05:30,26072.6,26074.45,26062.4,26063.95,26070.7357390768,32.723010027734745
2025-12-02T11:42:00+05:30,26063.55,26065.15,26062.3,26063.3,26068.8768043076,32.05767332221268
2025-12-02T11:45:00+05:30,26064.2,26064.2,26059.5,26060.95,26066.8951032307,29.525535628682647
2025-12-02T11:48:00+05:30,26061.15,26069.75,26059,26063.9,26066.146327423026,36.83269547298972
2025-12-02T11:51:00+05:30,26064.95,26065.4,26057.5,26057.7,26064.03474556727,29.36669024898677
2025-12-02T11:54:00+05:30,26057.05,26057.15,26045.4,26046.75,26059.713559175452,20.714887837350062
2025-12-02T11:57:00+05:30,26047.35,26054.65,26046.8,26053.75,26058.22266938159,34.99762718891638
2025-12-02T12:00:00+05:30,26054,26054.45,26040.75,26051.25,26056.479502036193,32.55411495971872
2025-12-02T12:03:00+05:30,26051.1,26058.35,26042.15,26042.45,26052.972126527144,25.29998108799225
2025-12-02T12:06:00+05:30,26041.9,26058.8,26041.9,26051.55,26052.616594895357,41.12706400672003
2025-12-02T12:09:00+05:30,26051.4,26057.4,26051.4,26056.05,26053.47494617152,47.53959814277316
2025-12-02T12:12:00+05:30,26056.25,26059.5,26047.2,26051.55,26052.993709628638,42.17961530067343
2025-12-02T12:15:00+05:30,26051.75,26060.8,26047.65,26060.8,26054.945282221477,54.48596475519073
2025-12-02T12:18:00+05:30,26060.25,26061.05,26053.7,26058.1,26055.73396166611,50.803720403205496
2025-12-02T12:21:00+05:30,26058.4,26061.05,26054.85,26058.05,26056.31297124958,50.72965031564186
2025-12-02T12:24:00+05:30,26057.9,26067.05,26057.85,26062.75,26057.922228437186,57.52154167578806
2025-12-02T12:27:00+05:30,26062.9,26066.7,26059.25,26066.45,26060.05417132789,62.29521026511263
2025-12-02T12:30:00+05:30,26066.35,26067.15,26063.05,26065.65,26061.45312849592,60.57796144941718
2025-12-02T12:33:00+05:30,26065.55,26085.1,26064.25,26083.6,26066.98984637194,77.10158400541012
2025-12-02T12:36:00+05:30,26084.95,26084.95,26071.7,26072.25,26068.304884778954,58.89197870901974
2025-12-02T12:39:00+05:30,26072.05,26074.1,26066.4,26066.4,26067.828663584216,51.56833607019444
2025-12-02T12:42:00+05:30,26067.5,26068.2,26059.55,26060.6,26066.02149768816,45.08338854606673
2025-12-02T12:45:00+05:30,26060.95,26061.8,26051.6,26056.1,26063.54112326612,40.47602470289059
2025-12-02T12:48:00+05:30,26057.1,26057.8,26047.3,26050.25,26060.21834244959,35.044237844418205
2025-12-02T12:51:00+05:30,26050.35,26051.7,26047.95,26049.3,26057.488756837192,34.17533313073973
2025-12-02T12:54:00+05:30,26049.1,26049.95,26039.15,26040.75,26053.304067627894,27.1159125376914
2025-12-02T12:57:00+05:30,26040.5,26042.6,26035.95,26041.2,26050.27805072092,28.02878130034044
2025-12-02T13:00:00+05:30,26041.15,26041.7,26036.9,26039.15,26047.496038040692,26.279419910528517
2025-12-02T13:03:00+05:30,26039.1,26044.6,26033.65,26034.9,26044.34702853052,22.83264167624111
2025-12-02T13:06:00+05:30,26035.25,26043.45,26031.4,26043.45,26044.122771397888,40.9962189044726
2025-12-02T13:09:00+05:30,26043.55,26052.65,26034.55,26038.5,26042.717078548416,35.37254719577979
2025-12-02T13:12:00+05:30,26038.9,26040.2,26035.2,26035.8,26040.98780891131,32.53266002245525
2025-12-02T13:15:00+05:30,26035.4,26036.9,26031.1,26033.1,26039.015856683483,29.74643337222031
2025-12-02T13:18:00+05:30,26032.5,26036.2,26032.5,26033.95,26037.74939251261,31.888912659188478
2025-12-02T13:21:00+05:30,26034.15,26045.9,26029.95,26045.3,26039.637044384457,53.82567517965646
2025-12-02T13:24:00+05:30,26046.15,26046.8,26039.45,26041.7,26040.152783288344,48.09379389459022
2025-12-02T13:27:00+05:30,26041.3,26042.6,26034.65,26035.35,26038.952087466256,39.44888456277931
2025-12-02T13:30:00+05:30,26035.25,26036.55,26033.85,26036.55,26038.351565599693,41.757060968229744
2025-12-02T13:33:00+05:30,26036.1,26041.2,26035.4,26038.6,26038.413674199768,45.869577624564016
2025-12-02T13:36:00+05:30,26038.3,26044.05,26028.65,26043.9,26039.785255649826,55.37391735077688
2025-12-02T13:39:00+05:30,26043.6,26043.6,26032.1,26035.4,26038.688941737368,41.68070276060612
2025-12-02T13:42:00+05:30,26034.95,26037.45,26031.45,26036.65,26038.179206303026,44.05428808218961
2025-12-02T13:45:00+05:30,26037.35,26040.25,26028.95,26039.7,26038.559404727268,49.86309214305056
2025-12-02T13:48:00+05:30,26039.8,26045.75,26039.25,26041.35,26039.25705354545,52.94657846465963
2025-12-02T13:51:00+05:30,26040.45,26049.75,26040.45,26044.25,26040.50529015909,58.215918056049055
2025-12-02T13:54:00+05:30,26044.1,26053.45,26037.9,26051.45,26043.24146761932,68.44994201152626
2025-12-02T13:57:00+05:30,26051.3,26060.15,26050.2,26059.45,26047.29360071449,76.05303529543349
2025-12-02T14:00:00+05:30,26059,26060.1,26040.4,26046,26046.970200535867,51.64253056323097
2025-12-02T14:03:00+05:30,26046.25,26057.15,26046.25,26055.5,26049.1026504019,61.75731616070548
2025-12-02T14:06:00+05:30,26054.8,26060.05,26036.9,26059.9,26051.801987801424,65.64072381828112
2025-12-02T14:09:00+05:30,26059.95,26061.65,26052.5,26053.65,26052.26399085107,56.185664243036044
2025-12-02T14:12:00+05:30,26053.5,26054.35,26044.9,26045.05,26050.4604931383,45.633532184985995
2025-12-02T14:15:00+05:30,26045.6,26046.75,26038.65,26040.2,26047.895369853726,40.61485067401181
2025-12-02T14:18:00+05:30,26039.1,26046.55,26038,26039.55,26045.809027390293,39.92824998698929
2025-12-02T14:21:00+05:30,26039.6,26040.35,26032.15,26033.05,26042.61927054272,33.350611965558855
2025-12-02T14:24:00+05:30,26032.05,26045.85,26031.3,26042.15,26042.50195290704,47.48168915195688
2025-12-02T14:27:00+05:30,26043.05,26043.55,26034.5,26041.4,26042.22646468028,46.533036647164224
2025-12-02T14:30:00+05:30,26041.55,26042,26032.55,26034.8,26040.36984851021,38.61274557266705
2025-12-02T14:33:00+05:30,26034.75,26043.1,26033.95,26037.6,26039.677386382657,43.38245241445923
2025-12-02T14:36:00+05:30,26038.35,26039.45,26000.9,26008.95,26031.995539786993,22.506786123988846
2025-12-02T14:39:00+05:30,26008.25,26019.35,26004.05,26010.05,26026.509154840245,24.141881763763863
2025-12-02T14:42:00+05:30,26009.6,26013.5,26005.95,26010,26022.381866130185,24.114898837854625
2025-12-02T14:45:00+05:30,26011.25,26012.35,26005.3,26011.75,26019.723899597637,27.427030920096414
2025-12-02T14:48:00+05:30,26009.9,26025.7,26007.1,26018.05,26019.30542469823,38.669833049960076
2025-12-02T14:51:00+05:30,26017.9,26027.05,26015.25,26018.9,26019.20406852367,40.129775474235785
2025-12-02T14:54:00+05:30,26019.1,26020.4,26004.5,26010.5,26017.028051392754,31.48783090343015
2025-12-02T14:57:00+05:30,26010.65,26011.65,25997.85,26009.1,26015.046038544566,30.22231386329615
2025-12-02T15:00:00+05:30,26011.15,26025.15,26008.5,26022.35,26016.872028908423,51.66987120113709
2025-12-02T15:03:00+05:30,26024,26028.3,26018.5,26022.85,26018.366521681317,52.31514298372633
2025-12-02T15:06:00+05:30,26022.35,26027.85,26017.2,26026.8,26020.474891260987,57.54004480237639
2025-12-02T15:09:00+05:30,26027.4,26034.9,26025.05,26033.2,26023.65616844574,64.82547996299897
2025-12-02T15:12:00+05:30,26034.4,26040,26031.3,26036.75,26026.929626334306,68.3408451793251
2025-12-02T15:15:00+05:30,26036.4,26041.15,26027.8,26038.65,26029.85971975073,70.20046350642491
2025-12-02T15:18:00+05:30,26038.95,26046.2,26027.95,26044.85,26033.607289813048,75.64639974524157
2025-12-02T15:21:00+05:30,26045.35,26049.75,26037.55,26048.35,26037.292967359786,78.26272260217512
2025-12-02T15:24:00+05:30,26047.9,26056.5,26046.5,26051.85,26040.93222551984,80.68374041560668
2025-12-02T15:27:00+05:30,26052.8,26060.3,26051.65,26057,26044.94916913988,83.78414675924253
2025-12-02T15:30:00+05:30,26057.65,26057.65,26032.2,26032.2,26041.76187685491,44.05630871099824
2025-12-03T09:06:00+05:30,26004.9,26004.9,26004.9,26004.9,26032.546407641184,27.381805167859454
2025-12-03T09:15:00+05:30,26045,26066.45,26004.4,26027.4,26031.25980573089,46.75791281637062
2025-12-03T09:18:00+05:30,26026,26041,26019.45,26023.75,26029.382354298166,44.510215028807046
2025-12-03T09:21:00+05:30,26024,26025.55,26011.7,26025.45,26028.399265723623,45.922753287804284
2025-12-03T09:24:00+05:30,26024.1,26025.25,25994.8,25995.45,26020.161949292717,30.13125060865289
2025-12-03T09:27:00+05:30,25994.25,25996.35,25954.35,25962,26005.62146196954,20.818668024353727
2025-12-03T09:30:00+05:30,25963.05,25976.5,25962.85,25969.75,25996.653596477154,26.923621596844825
2025-12-03T09:33:00+05:30,25968.9,25971.3,25932.05,25935.7,25981.415197357866,19.297259735496937
2025-12-03T09:36:00+05:30,25935.5,25943.2,25924.7,25932.9,25969.2863980184,18.786727955743245
2025-12-03T09:39:00+05:30,25931.1,25937.35,25921.85,25935.95,25960.952298513803,21.428414320286763
2025-12-03T09:42:00+05:30,25934.55,25948.85,25933.9,25944,25956.714223885352,28.581715201352125
2025-12-03T09:45:00+05:30,25943.9,25947.6,25939.45,25945.95,25954.023167914012,30.37315899562971
2025-12-03T09:48:00+05:30,25947.7,25949.9,25930.7,25931.35,25948.35487593551,24.9142420729777
2025-12-03T09:51:00+05:30,25932.1,25941.8,25924.3,25940.35,25946.353656951633,33.5086877139193
2025-12-03T09:54:00+05:30,25938.85,25947.8,25938,25945.35,25946.102742713723,38.10087010465123
2025-12-03T09:57:00+05:30,25946.05,25952.8,25940.05,25950.95,25947.314557035294,43.224524384216494
2025-12-03T10:00:00+05:30,25951.55,25952.75,25934.7,25936.85,25944.698417776468,34.770177600923375
2025-12-03T10:03:00+05:30,25936.6,25937.75,25905.65,25906.75,25935.21131333235,23.38074035133161
2025-12-03T10:06:00+05:30,25905.6,25915.85,25897.4,25914.35,25929.995984999263,30.123255160006394
2025-12-03T10:09:00+05:30,25914.75,25918.5,25906.6,25916.3,25926.57198874945,31.916717464336585
2025-12-03T10:12:00+05:30,25916.75,25931.25,25916.55,25928.1,25926.953991562084,42.36082895569286
2025-12-03T10:15:00+05:30,25928.2,25930.25,25910.5,25911.7,25923.140493671563,33.922950552821135
2025-12-03T10:18:00+05:30,25911.05,25921.7,25905.6,25921.7,25922.780370253673,42.12401375234874
2025-12-03T10:21:00+05:30,25922.55,25933.95,25920.05,25926.4,25923.685277690256,45.811825034061485
2025-12-03T10:24:00+05:30,25925.05,25937.3,25923.95,25936.5,25926.888958267693,53.275982120093474
2025-12-03T10:27:00+05:30,25935.65,25939.9,25922.1,25924.15,25926.20421870077,44.52641866337836
2025-12-03T10:30:00+05:30,25922.95,25928.7,25920.15,25924.15,25925.690664025577,44.52641866337836
2025-12-03T10:33:00+05:30,25922.65,25930.5,25916.3,25928.2,25926.31799801918,48.315198896976845
2025-12-03T10:36:00+05:30,25927.45,25930.65,25917.45,25918.9,25924.463498514386,40.842168945879195
2025-12-03T10:39:00+05:30,25918.15,25920.3,25903.5,25904.8,25919.54762388579,32.06860615126199
2025-12-03T10:42:00+05:30,25904.05,25907.85,25896.25,25905.8,25916.11071791434,33.25495898660532
2025-12-03T10:45:00+05:30,25904.4,25917.05,25901.9,25912.75,25915.270538435754,41.533971432377676
2025-12-03T10:48:00+05:30,25911.65,25914,25904.7,25909.3,25913.777903826816,38.75031370662348
2025-12-03T10:51:00+05:30,25908.2,25921.7,25906.6,25921.65,25915.745927870114,52.14504337847212
2025-12-03T10:54:00+05:30,25920.65,25922.15,25914.85,25919.7,25916.734445902584,50.12572322489919
2025-12-03T10:57:00+05:30,25918.7,25924,25917.25,25923.95,25918.53833442694,54.5964962626269
2025-12-03T11:00:00+05:30,25922.9,25926.7,25920.4,25925,25920.153750820205,55.740069282304255
2025-12-03T11:03:00+05:30,25924.45,25925.9,25904.35,25908.85,25917.327813115153,38.38940984675218
2025-12-03T11:06:00+05:30,25907.75,25921.2,25900.15,25918.3,25917.570859836364,49.187052293747094
2025-12-03T11:09:00+05:30,25917.75,25921.4,25912.25,25920.85,25918.390644877272,51.843977584687195
2025-12-03T11:12:00+05:30,25920.15,25922.65,25916.3,25920.4,25918.892983657955,51.2918084985749
2025-12-03T11:15:00+05:30,25919.65,25921.45,25915.15,25918.3,25918.744737743466,48.480586087877064
2025-12-03T11:18:00+05:30,25917.4,25917.75,25905.2,25910.15,25916.5960533076,38.841634570715954
2025-12-03T11:21:00+05:30,25909.45,25910.05,25895.95,25900.15,25912.4845399807,30.23611488988945
2025-12-03T11:24:00+05:30,25899.75,25902.65,25891,25901.1,25909.638404985526,31.908149023511157
2025-12-03T11:27:00+05:30,25899.7,25912.25,25898.9,25910.05,25909.741303739145,46.10544382410424
2025-12-03T11:30:00+05:30,25909.35,25915.65,25906,25914.2,25910.85597780436,51.568212489183274
2025-12-03T11:33:00+05:30,25913.45,25923.6,25913.05,25922.7,25913.81698335327,61.011479745675395
2025-12-03T11:36:00+05:30,25922.2,25934.05,25919.1,25934.05,25918.875237514952,70.09508223555143
2025-12-03T11:39:00+05:30,25932.8,25945.15,25931.3,25942.85,25924.868928136213,75.30037665533322
2025-12-03T11:42:00+05:30,25943.05,25943.25,25925.65,25931.05,25926.41419610216,59.1844166018018
2025-12-03T11:45:00+05:30,25930.55,25936.5,25929.2,25932.95,25928.04814707662,60.761971897439395
2025-12-03T11:48:00+05:30,25932.35,25936.95,25928.3,25929.65,25928.448610307467,56.348804346921376
2025-12-03T11:51:00+05:30,25928.05,25932.15,25926.15,25929.95,25928.8239577306,56.68248894099297
2025-12-03T11:54:00+05:30,25929.3,25934.25,25925.4,25931.4,25929.46796829795,58.472553825981365
2025-12-03T11:57:00+05:30,25930.05,25931.7,25923.55,25927.25,25928.913476223464,51.38253068470378
2025-12-03T12:00:00+05:30,25927.3,25935.1,25926.35,25931.9,25929.660107167598,58.03435986939896
2025-12-03T12:03:00+05:30,25930.1,25947.1,25929.8,25946.3,25933.8200803757,71.91649735940585
2025-12-03T12:06:00+05:30,25945.55,25946.6,25937.7,25943.25,25936.177560281772,66.48210040644277
2025-12-03T12:09:00+05:30,25942.4,25957.8,25940.2,25956.8,25941.33317021133,75.91516411691298
2025-12-03T12:12:00+05:30,25956.25,25962,25950.55,25954.2,25944.549877658497,71.41580019998173
2025-12-03T12:15:00+05:30,25952.8,25955.3,25945.05,25955.3,25947.237408243873,72.22824168232138
2025-12-03T12:18:00+05:30,25954.45,25966.25,25954.45,25963.2,25951.228056182903,77.56992336361581
2025-12-03T12:21:00+05:30,25962.4,25966.85,25957.8,25964.65,25954.583542137178,78.45721065732597
2025-12-03T12:24:00+05:30,25963.8,25964.2,25956.9,25958.5,25955.562656602884,65.6137448585321
2025-12-03T12:27:00+05:30,25957,25958.6,25948,25952.25,25954.734492452164,54.9487864456113
2025-12-03T12:30:00+05:30,25951.95,25952.6,25936.1,25946.15,25952.588369339122,46.3671293503195
2025-12-03T12:33:00+05:30,25945.45,25947.8,25929,25931.4,25947.29127700434,32.18649377939555
2025-12-03T12:36:00+05:30,25931.1,25940.7,25929.85,25938.8,25945.168457753254,42.48256396638688
2025-12-03T12:39:00+05:30,25938.1,25938.3,25925.6,25927.15,25940.663843314942,33.21892094240579
2025-12-03T12:42:00+05:30,25926.3,25926.9,25916,25924.25,25936.560382486205,31.24054614524995
2025-12-03T12:45:00+05:30,25922.9,25932.25,25920.5,25930,25934.920286864653,39.56622086581052
2025-12-03T12:48:00+05:30,25929.15,25929.7,25923.7,25928.05,25933.20271514849,37.75737178566636
2025-12-03T12:51:00+05:30,25927.75,25930.3,25924.7,25930.1,25932.42703636137,41.06211953386248
2025-12-03T12:54:00+05:30,25929.85,25936.65,25926.6,25932.3,25932.395277271025,44.73586750508341
2025-12-03T12:57:00+05:30,25931.6,25938.9,25928.9,25938.9,25934.02145795327,54.63325381349695
2025-12-03T13:00:00+05:30,25938.3,25940.6,25934.15,25940.6,25935.66609346495,56.95011966577456
2025-12-03T13:03:00+05:30,25939.65,25941.55,25934.35,25936.35,25935.837070098714,49.56695883523589
2025-12-03T13:06:00+05:30,25936.45,25938.2,25930.45,25935.05,25935.640302574036,47.37516531671051
2025-12-03T13:09:00+05:30,25934.3,25940.25,25932.5,25940.15,25936.767726930528,56.233003161603214
2025-12-03T13:12:00+05:30,25939.65,25941.85,25936.4,25938.75,25937.263295197896,53.35672555631025
2025-12-03T13:15:00+05:30,25938.1,25939.95,25929.85,25930.75,25935.634971398424,39.78890129088451
2025-12-03T13:18:00+05:30,25930.4,25932.25,25925.35,25932.25,25934.788728548818,42.96165262769087
2025-12-03T13:21:00+05:30,25930.55,25934.35,25924.95,25926.75,25932.77904641161,35.058935616161506
2025-12-03T13:24:00+05:30,25926.15,25929.9,25924.1,25929.35,25931.921784808706,41.04039883457859
2025-12-03T13:27:00+05:30,25929.05,25947.2,25927.5,25940.75,25934.128838606528,59.922991472774825
2025-12-03T13:30:00+05:30,25939.65,25947.95,25938.7,25947.95,25937.584128954895,67.57480129940419
2025-12-03T13:33:00+05:30,25947.65,25951.7,25945.05,25947.55,25940.07559671617,66.74878893959274
2025-12-03T13:36:00+05:30,25946.05,25953.45,25942.35,25945.3,25941.38169753713,61.79196925358918
2025-12-03T13:39:00+05:30,25944.35,25948.45,25940.7,25943.55,25941.92377315285,57.89099516239065
2025-12-03T13:42:00+05:30,25943.35,25944,25928.05,25929.6,25938.842829864636,36.47558973408612
2025-12-03T13:45:00+05:30,25928.3,25934.9,25918.6,25920.9,25934.357122398476,28.739993607419336
2025-12-03T13:48:00+05:30,25919.8,25919.8,25905.95,25909.3,25928.092841798858,21.610708331734884
2025-12-03T13:51:00+05:30,25909.2,25916.7,25907.55,25912.4,25924.169631349145,27.238180680912265
2025-12-03T13:54:00+05:30,25911.95,25918.2,25909.9,25917.8,25922.577223511857,36.50210155854223
2025-12-03T13:57:00+05:30,25917.55,25918.9,25914.1,25917.45,25921.295417633894,36.154029572965115
2025-12-03T14:00:00+05:30,25917.15,25917.3,25905.65,25912.4,25919.07156322542,31.15337924925244
2025-12-03T14:03:00+05:30,25911.8,25933.05,25906.6,25933.05,25922.566172419065,58.5223850347943
2025-12-03T14:06:00+05:30,25931.75,25955.5,25930.45,25941.9,25927.3996293143,65.39979705729908
2025-12-03T14:09:00+05:30,25941.35,25944.1,25934.8,25935.95,25929.537221985724,57.8730377013154
2025-12-03T14:12:00+05:30,25935.8,25951.25,25935.1,25948.9,25934.37791648929,67.39990453293385
2025-12-03T14:15:00+05:30,25948.35,25953.7,25936.15,25940.7,25935.958437366968,57.751717219007894
2025-12-03T14:18:00+05:30,25939.95,25942.55,25930.6,25934.35,25935.556328025225,51.13811833415971
2025-12-03T14:21:00+05:30,25933.75,25955.15,25929.55,25955.15,25940.45474601892,66.01225338190764
2025-12-03T14:24:00+05:30,25955.2,25955.75,25932.1,25935.6,25939.241059514192,49.49171339798235
2025-12-03T14:27:00+05:30,25933.65,25937.55,25918.5,25921.45,25934.793294635645,40.857415321704615
2025-12-03T14:30:00+05:30,25921.4,25933.6,25918.45,25933.05,25934.357470976734,49.31459918291947
2025-12-03T14:33:00+05:30,25932.55,25937.65,25925.6,25927.65,25932.68060323255,45.76073350292504
2025-12-03T14:36:00+05:30,25927.25,25931.75,25924.15,25931.75,25932.447952424413,49.01536415312015
2025-12-03T14:39:00+05:30,25931.6,25940.45,25929.35,25940.1,25934.360964318308,55.377349617922235
2025-12-03T14:42:00+05:30,25940.15,25946.2,25938.05,25940.45,25935.883223238732,55.64799149764607
2025-12-03T14:45:00+05:30,25939.3,25946,25935.1,25945.8,25938.36241742905,59.9769403341549
2025-12-03T14:48:00+05:30,25944.7,25952.2,25943.7,25952.2,25941.821813071787,64.77526740409485
2025-12-03T14:51:00+05:30,25950.1,25964.25,25948.8,25964.25,25947.42885980384,72.11799510347075
2025-12-03T14:54:00+05:30,25964.2,25968.65,25959.95,25965.5,25951.94664485288,72.80408827448173
2025-12-03T14:57:00+05:30,25965.7,25976.25,25961.65,25976.25,25958.02248363966,78.18901320366403
2025-12-03T15:00:00+05:30,25976.1,25989.75,25971.25,25972.6,25961.666862729744,72.50232819296508
2025-12-03T15:03:00+05:30,25972.3,25975.15,25966.65,25974.8,25964.950147047308,73.84022920268274
2025-12-03T15:06:00+05:30,25974.55,25985.25,25973.2,25985.1,25969.98761028548,79.33275373351695
2025-12-03T15:09:00+05:30,25984.65,26005.55,25984.3,26001.65,25977.90320771411,85.16979523590336
2025-12-03T15:12:00+05:30,26001.1,26004,25991.3,25992.75,25981.61490578558,72.34983921716564
2025-12-03T15:15:00+05:30,25992.45,25993.55,25976.7,25977.1,25980.486179339183,55.27967983597756
2025-12-03T15:18:00+05:30,25979.25,25988.85,25976.35,25986.95,25982.10213450439,61.8833245339548
2025-12-03T15:21:00+05:30,25987.55,25991.4,25985.35,25985.55,25982.964100878293,60.40426720022842
2025-12-03T15:24:00+05:30,25986,25988.25,25981.25,25982.7,25982.89807565872,57.15964235912803
2025-12-03T15:27:00+05:30,25982.85,25995.05,25981.15,25981.15,25982.46105674404,55.27571201141953
2025-12-03T15:30:00+05:30,25985.1,25986,25981.85,25986,25983.34579255803,60.078950192691046
2025-12-04T09:06:00+05:30,25981.85,25981.85,25981.85,25981.85,25982.97184441852,54.261464228765
2025-12-04T09:15:00+05:30,25988.85,25988.85,25938.95,25960.15,25977.26638331389,34.11155911223574
2025-12-04T09:18:00+05:30,25959.1,25961.9,25946,25949.65,25970.36228748542,28.19994460069408
2025-12-04T09:21:00+05:30,25948.6,25987.75,25945.9,25986.6,25974.421715614066,58.048525971885795
2025-12-04T09:24:00+05:30,25985.45,25994.3,25975.9,25979.85,25975.77878671055,53.324004852593276
2025-12-04T09:27:00+05:30,25979.2,25996.85,25973.35,25996.35,25980.921590032915,62.11701791223849
2025-12-04T09:30:00+05:30,25995.85,25999.55,25979.35,25983.85,25981.653692524684,53.250717285829985
2025-12-04T09:33:00+05:30,25983.5,26018.25,25982.2,26017.2,25990.540269393514,67.63160360976721
2025-12-04T09:36:00+05:30,26016.75,26029.95,26016.15,26018.7,25997.580202045137,68.14578903703595
2025-12-04T09:39:00+05:30,26018.65,26018.65,25999.15,26005.25,25999.497651533853,58.4350973251839
2025-12-04T09:42:00+05:30,26004.5,26028.75,26004.5,26027.95,26006.61073865039,67.54220575871474
2025-12-04T09:45:00+05:30,26028.15,26029.05,26018.45,26020.55,26010.09555398779,62.346787983106466
2025-12-04T09:48:00+05:30,26021.05,26023.15,26013.85,26021.75,26013.009165490843,62.88688154472801
2025-12-04T09:51:00+05:30,26022.5,26036.3,26021,26025.2,26016.056874118134,64.59049650921787
2025-12-04T09:54:00+05:30,26025.9,26036.35,26021.5,26033.65,26020.4551555886,68.69651659783906
2025-12-04T09:57:00+05:30,26033.35,26034.05,26025.85,26029.55,26022.72886669145,64.46497157942571
2025-12-04T10:00:00+05:30,26028.3,26034.3,26026.35,26029.05,26024.309150018587,63.90491558169629
2025-12-04T10:03:00+05:30,26027.3,26029.4,26021.45,26024.1,26024.25686251394,58.07723703373876
2025-12-04T10:06:00+05:30,26021.85,26040.65,26021.85,26036.55,26027.330146885455,66.92722855370894
2025-12-04T10:09:00+05:30,26036.25,26037.25,26026.45,26029.8,26027.94761016409,59.04326619546347
2025-12-04T10:12:00+05:30,26029.15,26044.85,26029,26041.9,26031.435707623066,67.13891988760159
2025-12-04T10:15:00+05:30,26042.75,26045.65,26037.15,26039.05,26033.3392807173,63.68003446735008
2025-12-04T10:18:00+05:30,26038.1,26053.15,26038.1,26049.9,26037.479460537976,70.4432112672946
2025-12-04T10:21:00+05:30,26048.05,26057.75,26046.1,26050.6,26040.75959540348,70.85174967793044
2025-12-04T10:24:00+05:30,26050.05,26061.25,26047.5,26055.5,26044.44469655261,73.8082932079291
2025-12-04T10:27:00+05:30,26056,26078.75,26055.7,26076.6,26052.48352241446,82.64957279574821
2025-12-04T10:30:00+05:30,26078.95,26088.45,26077.2,26082.85,26060.075141810845,84.46211294784257
2025-12-04T10:33:00+05:30,26082.25,26089.45,26075.15,26088.15,26067.093856358133,85.91756487229091
2025-12-04T10:36:00+05:30,26087.7,26097.05,26087.7,26091.8,26073.270392268598,86.90323949400431
2025-12-04T10:39:00+05:30,26090.8,26096.2,26087.65,26095.05,26078.715294201447,87.79095688698875
2025-12-04T10:42:00+05:30,26093.2,26098.25,26091.65,26093.95,26082.523970651084,85.50248442323213
2025-12-04T10:45:00+05:30,26092.7,26097.8,26087.8,26090.35,26084.480477988312,77.76278135600354
2025-12-04T10:48:00+05:30,26089.9,26090.25,26082.2,26084,26084.360358491234,65.55185610587148
2025-12-04T10:51:00+05:30,26082.9,26085.95,26075.45,26079.6,26083.170268868424,58.16794818033805
2025-12-04T10:54:00+05:30,26079,26081.2,26074.8,26078.85,26082.090201651317,56.89350824904843
2025-12-04T10:57:00+05:30,26078.4,26087.25,26075.4,26075.6,26080.467651238487,51.220089424492144
2025-12-04T11:00:00+05:30,26075.5,26083.7,26074.4,26082.45,26080.963238428863,60.825920253491525
2025-12-04T11:03:00+05:30,26082.1,26086.9,26080.55,26082.75,26081.409928821646,61.216151737901264
2025-12-04T11:06:00+05:30,26082.95,26085.9,26076.65,26077.85,26080.519946616234,51.44986714809211
2025-12-04T11:09:00+05:30,26076.7,26078,26071,26073.15,26078.677459962175,43.655956444902834
2025-12-04T11:12:00+05:30,26073.2,26077.05,26068.55,26077.05,26078.270594971633,50.86207669239933
2025-12-04T11:15:00+05:30,26077.45,26077.45,26069.3,26075.65,26077.615446228723,48.276262288972994
2025-12-04T11:18:00+05:30,26075.6,26075.95,26065.2,26066.6,26074.86158467154,34.89640940157119
2025-12-04T11:21:00+05:30,26065.55,26072.45,26062.65,26064.45,26072.258688503654,32.40701663881812
2025-12-04T11:24:00+05:30,26064.3,26069.5,26059.05,26066.75,26070.88151637774,37.933000308402
2025-12-04T11:27:00+05:30,26066.15,26069.65,26060,26060.75,26068.348637283307,30.37517325726131
2025-12-04T11:30:00+05:30,26060.6,26066.3,26056.65,26060.9,26066.48647796248,30.77744007440657
2025-12-04T11:33:00+05:30,26060.25,26064.8,26058.15,26060.75,26065.05235847186,30.571371487106845
2025-12-04T11:36:00+05:30,26060.7,26063.3,26037.15,26041.05,26059.051768853897,15.090336706887541
2025-12-04T11:39:00+05:30,26039.35,26041.3,26032.1,26033.7,26052.71382664042,12.36486156708122
2025-12-04T11:42:00+05:30,26033.45,26034.65,26023.05,26029.45,26046.897869980316,11.021942565148848
2025-12-04T11:45:00+05:30,26028.8,26029.85,26014.4,26029.1,26042.448402485235,10.908117924271409
2025-12-04T11:48:00+05:30,26028.45,26033.4,26020.55,26030.5,26039.46130186393,15.004323649442512
2025-12-04T11:51:00+05:30,26029.6,26031.2,26017.5,26019.1,26034.370976397946,10.442988148978642
2025-12-04T11:54:00+05:30,26018.35,26030.15,26015.6,26026.15,26032.31573229846,26.552539126402408
2025-12-04T11:57:00+05:30,26025.15,26026.55,26018.45,26023.9,26030.211799223845,24.88577119694841
2025-12-04T12:00:00+05:30,26024,26030.65,26022.65,26025.8,26029.108849417884,29.260479137554995
2025-12-04T12:03:00+05:30,26024.6,26041.85,26023.95,26039.25,26031.644137063413,52.235201602100226
2025-12-04T12:06:00+05:30,26038.45,26044.1,26033.95,26043.9,26034.70810279756,57.767576725340625
2025-12-04T12:09:00+05:30,26042.85,26044.1,26023.7,26024.1,26032.05607709817,36.66873464769712
2025-12-04T12:12:00+05:30,26023.8,26032.45,26020.4,26027.8,26030.992057823627,41.33965446343523
2025-12-04T12:15:00+05:30,26028.15,26028.25,26017.55,26022.95,26028.98154336772,37.14955210006209
2025-12-04T12:18:00+05:30,26023,26026.35,26006.1,26008.75,26023.92365752579,27.595469798943512
2025-12-04T12:21:00+05:30,26006.95,26020.15,26004.85,26017.3,26022.26774314434,38.67448503974646
2025-12-04T12:24:00+05:30,26015.85,26026,26014.2,26024.45,26022.813307358258,46.640384615998904
2025-12-04T12:27:00+05:30,26024.5,26030.1,26021.3,26024.5,26023.234980518693,46.69687272872481
2025-12-04T12:30:00+05:30,26024.25,26028,26021.75,26024.6,26023.57623538902,46.82821435975847
2025-12-04T12:33:00+05:30,26024.35,26030.75,26022.65,26028.1,26024.707176541764,51.68904176971527
2025-12-04T12:36:00+05:30,26027.9,26028.95,26023.55,26027.45,26025.392882406322,50.68511622587577
2025-12-04T12:39:00+05:30,26026.65,26030.7,26022.25,26024.45,26025.157161804742,45.88623364976124
2025-12-04T12:42:00+05:30,26023.6,26023.6,26006.7,26009.9,26021.342871353558,29.879048505941
2025-12-04T12:45:00+05:30,26009.55,26010,25990.7,26000.85,26016.219653515167,23.84329823556287
2025-12-04T12:48:00+05:30,26000.7,26000.7,25992.65,25995.05,26010.927240136374,20.714577609844866
2025-12-04T12:51:00+05:30,25994.45,25997.75,25989.25,25995.4,26007.04543010228,21.44032746709631
2025-12-04T12:54:00+05:30,25993.85,26009.15,25990.65,26006.15,26006.82157257671,40.84385493163287
2025-12-04T12:57:00+05:30,26005.95,26008.15,26000.55,26002.7,26005.791179432534,37.3864323102054
2025-12-04T13:00:00+05:30,26002.4,26005.85,25997.3,26001.8,26004.7933845744,36.447438013983835
2025-12-04T13:03:00+05:30,26001.3,26007.2,25999.85,26000.6,26003.7450384308,35.07700758359911
2025-12-04T13:06:00+05:30,26001.05,26007.45,25997.55,26000.65,26002.9712788231,35.195456472535554
2025-12-04T13:09:00+05:30,25999.95,26002.35,25992.4,25995.05,26000.990959117327,28.420216821656226
2025-12-04T13:12:00+05:30,25994.25,26002.75,25991.85,26001,26000.993219337994,42.210231856637286
2025-12-04T13:15:00+05:30,26000.8,26006.25,25999.2,26002.05,26001.257414503496,44.414942229881405
2025-12-04T13:18:00+05:30,26000.85,26006.65,25994.3,26002.5,26001.568060877624,45.45539506579602
2025-12-04T13:21:00+05:30,26001.5,26020.3,26001.25,26017.35,26005.513545658217,68.30002068731699
2025-12-04T13:24:00+05:30,26017.05,26021.9,26012.3,26018.95,26008.872659243665,69.88545713627921
2025-12-04T13:27:00+05:30,26018.15,26022.45,26014.55,26016.2,26010.70449443275,63.51559902283577
2025-12-04T13:30:00+05:30,26015.7,26027.6,26010.05,26012.35,26011.115870824564,55.28510485887938
2025-12-04T13:33:00+05:30,26011.8,26012.9,25990.95,25991.5,26006.211903118423,30.397739569013936
2025-12-04T13:36:00+05:30,25990.4,25990.85,25974.8,25982.6,26000.308927338818,24.83105415854405
2025-12-04T13:39:00+05:30,25981.75,25982.4,25962.4,25966.35,25991.81919550411,17.862902839240988
2025-12-04T13:42:00+05:30,25964.95,25977.4,25964.65,25976.7,25988.039396628083,32.03519955307689
2025-12-04T13:45:00+05:30,25976.3,25979.15,25970.9,25978.7,25985.70454747106,34.57996688607855
2025-12-04T13:48:00+05:30,25978.2,25981.1,25974.8,25979.2,25984.078410603295,35.28668219589453
2025-12-04T13:51:00+05:30,25978.55,25983.55,25974.15,25975.5,25981.93380795247,32.27646258619565
2025-12-04T13:54:00+05:30,25974.85,25978.2,25970.5,25974.25,25980.012855964353,31.2265189022541
2025-12-04T13:57:00+05:30,25974.4,25978.35,25970.05,25973.1,25978.284641973263,30.173021442924636
2025-12-04T14:00:00+05:30,25973.3,25984.05,25970.5,25981.6,25979.113481479948,45.90925403555912
2025-12-04T14:03:00+05:30,25980.35,25989.55,25976.35,25981.3,25979.66011110996,45.487153989582694
2025-12-04T14:06:00+05:30,25980.35,26001.8,25977.9,26001.8,25985.19508333247,68.54394352122951
2025-12-04T14:09:00+05:30,26001.55,26022.7,25999.35,26008.95,25991.133812499353,73.16281528323583
2025-12-04T14:12:00+05:30,26007.55,26013.45,26001.65,26004.3,25994.425359374516,65.82880824727124
2025-12-04T14:15:00+05:30,26004.05,26011.2,25998.65,26008.5,25997.944019530885,69.09351145576176
2025-12-04T14:18:00+05:30,26009.45,26010.85,25996.75,25998.25,25998.020514648164,54.317834359839786
2025-12-04T14:21:00+05:30,25997.45,26007.2,25992.45,26007.1,26000.29038598612,62.41435349347023
2025-12-04T14:24:00+05:30,26007,26007.4,25999.6,26006.7,26001.89278948959,61.836444196874794
2025-12-04T14:27:00+05:30,26006.75,26015.9,26004.7,26014.45,26005.03209211719,68.44154485905425
2025-12-04T14:30:00+05:30,26014,26020.85,26006.6,26008.55,26005.911569087893,59.322540039264716
2025-12-04T14:33:00+05:30,26008.7,26012,26001.8,26004.85,26005.64617681592,54.05331798264444
2025-12-04T14:36:00+05:30,26003.8,26015,25998.65,26013.95,26007.72213261194,63.38521109067048
2025-12-04T14:39:00+05:30,26013.55,26019.95,26012.25,26016.15,26009.829099458955,65.36905725960462
2025-12-04T14:42:00+05:30,26015.45,26018.8,26000.85,26000.85,26007.584324594216,45.4074945461443
2025-12-04T14:45:00+05:30,26000.6,26003.85,25988.15,26001.85,26006.15074344566,46.649759004869004
2025-12-04T14:48:00+05:30,26001.55,26014.8,25999.8,26014.8,26008.313057584244,60.29877866513042
2025-12-04T14:51:00+05:30,26014.1,26029.5,26014.1,26024.05,26012.247293188182,67.27557244028415
2025-12-04T14:54:00+05:30,26023,26040.85,26023,26040.85,26019.397969891135,76.1546829104507
2025-12-04T14:57:00+05:30,26039.65,26046.1,26034.7,26043.25,26025.36097741835,77.18635306468306
2025-12-04T15:00:00+05:30,26042.25,26059.05,26042.25,26057.55,26033.40823306376,82.46119406202115
2025-12-04T15:03:00+05:30,26057.65,26057.65,26045.6,26053.25,26038.36867479782,76.27430770103278
2025-12-04T15:06:00+05:30,26052.75,26056.1,26048,26051.35,26041.614006098367,73.43408658380915
2025-12-04T15:09:00+05:30,26050.6,26055.8,26044.5,26053.8,26044.660504573774,74.8433308878883
2025-12-04T15:12:00+05:30,26053.4,26053.4,26036.6,26038.6,26043.14537843033,54.07911953705911
2025-12-04T15:15:00+05:30,26037.7,26038.15,26026.65,26027.65,26039.27153382275,43.85360912069691
2025-12-04T15:18:00+05:30,26027.6,26040.9,26023.55,26031.6,26037.353650367062,47.99221002672977
2025-12-04T15:21:00+05:30,26032.5,26036.4,26022.8,26032.1,26036.040237775298,48.55224842078528
2025-12-04T15:24:00+05:30,26030.75,26033.55,26023.8,26025.55,26033.417678331472,41.69090970330724
2025-12-04T15:27:00+05:30,26023.95,26028.8,26004.9,26010.35,26027.650758748605,30.153922621868233
2025-12-04T15:30:00+05:30,26017.1,26033.75,26017.1,26033.75,26029.175569061452,53.343122507889454
2025-12-05T09:06:00+05:30,25999.8,25999.8,25999.8,25999.8,26021.83167679609,34.15114507758685
2025-12-05T09:15:00+05:30,26003.95,26043.4,25985.35,26040.7,26026.54875759707,56.26622710452354
2025-12-05T09:18:00+05:30,26039.65,26061.9,26024.2,26060.6,26035.0615681978,63.268723673528285
2025-12-05T09:21:00+05:30,26059.9,26061.95,26037.6,26040.55,26036.43367614835,53.24706273336793
2025-12-05T09:24:00+05:30,26041.05,26045.4,26026.35,26036.5,26036.45025711126,51.33096568279879
2025-12-05T09:27:00+05:30,26038.05,26051.05,26036.7,26037.45,26036.700192833447,51.80557257777174
2025-12-05T09:30:00+05:30,26036.6,26041.15,26029.3,26033.2,26035.825144625087,49.296520393204
2025-12-05T09:33:00+05:30,26033.3,26056.35,26033.3,26044.55,26038.006358468814,55.944465327429675
2025-12-05T09:36:00+05:30,26044.6,26047.3,26027.8,26033.55,26036.89226885161,48.72152342566792
2025-12-05T09:39:00+05:30,26036.1,26045.4,26032.1,26041.85,26038.131701638707,53.95479856224522
2025-12-05T09:42:00+05:30,26042.35,26049.35,26038.35,26047.2,26040.39877622903,57.236746396746135
2025-12-05T09:45:00+05:30,26047.25,26055.35,26044.8,26049.1,26042.574082171774,58.46340798474518
2025-12-05T09:48:00+05:30,26049.95,26062.1,26048.1,26049.05,26044.19306162883,58.41196584311428
2025-12-05T09:51:00+05:30,26049.85,26053.9,26044.6,26046.65,26044.807296221625,55.66890392819069
2025-12-05T09:54:00+05:30,26046.45,26047.55,26032,26032.6,26041.755472166216,42.14995858518444
2025-12-05T09:57:00+05:30,26033.95,26034.25,26018.85,26024.35,26037.40410412466,36.13796808539299
2025-12-05T10:00:00+05:30,26023.8,26026.65,26006.65,26026.65,26034.715578093495,38.96929612076311
2025-12-05T10:03:00+05:30,26026.3,26101.6,26024.65,26098.6,26050.686683570122,76.68866290047671
2025-12-05T10:06:00+05:30,26100.3,26102.05,26062.35,26067.95,26055.00251267759,58.668222034371084
2025-12-05T10:09:00+05:30,26066.15,26084.05,26062.45,26074.6,26059.901884508192,60.98862524192547
2025-12-05T10:12:00+05:30,26074.45,26078.55,26062.9,26078.55,26064.563913381142,62.449514079580034
2025-12-05T10:15:00+05:30,26077.15,26108.65,26077.15,26105.2,26074.722935035858,70.99817590259599
2025-12-05T10:18:00+05:30,26104.45,26113.85,26102.75,26106.75,26082.729701276894,71.43937194058293
2025-12-05T10:21:00+05:30,26107.6,26110.95,26092.65,26092.65,26085.20977595767,61.50873136768581
2025-12-05T10:24:00+05:30,26091.8,26098.15,26084.35,26089.95,26086.394831968253,59.65611273536976
2025-12-05T10:27:00+05:30,26089.35,26091.05,26036.5,26040.75,26074.98362397619,36.368571755364364
2025-12-05T10:30:00+05:30,26039.75,26064.95,26007.25,26061.45,26071.600217982144,46.60050827309676
2025-12-05T10:33:00+05:30,26060.95,26061.5,26045.8,26057.55,26068.087663486607,45.009645181668105
2025-12-05T10:36:00+05:30,26057.4,26072,26054.55,26069.1,26068.340747614955,50.81153634287677
2025-12-05T10:39:00+05:30,26069.5,26083.7,26062.25,26080.3,26071.330560711216,56.05669469381253
2025-12-05T10:42:00+05:30,26080.2,26098.15,26070.7,26096.25,26077.560420533413,62.67031328538542
2025-12-05T10:45:00+05:30,26096.15,26107.1,26090.8,26107.1,26084.94531540006,66.65335136950316
2025-12-05T10:48:00+05:30,26107,26126.6,26106.25,26122.75,26094.396486550046,71.72940751880179
2025-12-05T10:51:00+05:30,26121.85,26128.75,26120.45,26125.9,26102.272364912533,72.70506914486087
2025-12-05T10:54:00+05:30,26125.2,26135.4,26122.85,26129.5,26109.0792736844,73.90580361108175
2025-12-05T10:57:00+05:30,26130.35,26132.9,26109.85,26116.75,26110.9969552633,62.53829063676687
2025-12-05T11:00:00+05:30,26115,26140.55,26115,26135.8,26117.197716447474,70.45870682157747
2025-12-05T11:03:00+05:30,26136.5,26138.75,26131.35,26132.75,26121.085787335607,67.78184800224466
2025-12-05T11:06:00+05:30,26132.8,26139.05,26126.25,26136.4,26124.914340501706,69.404722763455
2025-12-05T11:09:00+05:30,26136.5,26146.35,26131.85,26143.5,26129.56075537628,72.5433789418685
2025-12-05T11:12:00+05:30,26143.35,26145.25,26137.65,26143.5,26133.045566532208,72.5433789418685
2025-12-05T11:15:00+05:30,26142.95,26149.15,26131.05,26135.25,26133.596674899156,62.41645338035611
2025-12-05T11:18:00+05:30,26133.8,26144.4,26132.25,26142,26135.697506174365,66.83569145079136
2025-12-05T11:21:00+05:30,26143.2,26156.65,26143.2,26149.7,26139.198129630775,71.32327843156683
2025-12-05T11:24:00+05:30,26149.45,26151.15,26141.15,26146.7,26141.073597223083,67.19063444864855
2025-12-05T11:27:00+05:30,26147,26148.65,26138.65,26139.3,26140.63019791731,57.58808433248205
2025-12-05T11:30:00+05:30,26138.45,26141.6,26129.6,26131.5,26138.347648437983,48.980003695226884
2025-12-05T11:33:00+05:30,26131.95,26136.55,26128.6,26133.7,26137.185736328487,51.37186596187296
2025-12-05T11:36:00+05:30,26132.95,26139.75,26132.65,26133.5,26136.264302246367,51.11769780743721
2025-12-05T11:39:00+05:30,26132.95,26143.2,26132.95,26138.8,26136.898226684774,57.60291410287193
2025-12-05T11:42:00+05:30,26138.85,26142.65,26133.4,26141.6,26138.073670013582,60.80772384195387
2025-12-05T11:45:00+05:30,26141.3,26147.9,26137.45,26144.05,26139.567752510186,63.61535005395688
2025-12-05T11:48:00+05:30,26143.7,26145.7,26121.5,26138.55,26139.313314382638,53.56534845337001
2025-12-05T11:51:00+05:30,26137.55,26142,26131.2,26136.35,26138.57248578698,49.88742979383781
2025-12-05T11:54:00+05:30,26135.8,26141.95,26135.4,26138.6,26138.579364340236,53.682097060326555
2025-12-05T11:57:00+05:30,26138.3,26146.55,26130.8,26133.05,26137.197023255176,44.07709900897078
2025-12-05T12:00:00+05:30,26131,26141.05,26131,26136.45,26137.010267441383,50.41765826965488
2025-12-05T12:03:00+05:30,26136.6,26145.35,26133.95,26141.7,26138.182700581037,58.827250205465496
2025-12-05T12:06:00+05:30,26141.65,26145.9,26137.8,26142.7,26139.31202543578,60.32271874367459
2025-12-05T12:09:00+05:30,26142.8,26149.25,26134.55,26137.05,26138.746519076834,48.67007085178083
2025-12-05T12:12:00+05:30,26138.5,26139.9,26129.7,26130.15,26136.597389307626,38.165807438060575
2025-12-05T12:15:00+05:30,26130.1,26141.35,26127.45,26141.15,26137.73554198072,55.877327029034014
2025-12-05T12:18:00+05:30,26140.8,26145.25,26136.75,26145.25,26139.614156485542,60.764365633345406
2025-12-05T12:21:00+05:30,26144.65,26154.5,26141.75,26154.3,26143.285617364156,69.47190071624311
2025-12-05T12:24:00+05:30,26153.3,26164.9,26152.65,26164.5,26148.589213023115,76.36812180028916
2025-12-05T12:27:00+05:30,26163.45,26168.85,26161.6,26166.5,26153.066909767338,77.52931462365358
2025-12-05T12:30:00+05:30,26165.3,26170.85,26163.15,26170.45,26157.412682325503,79.81467994474507
2025-12-05T12:33:00+05:30,26171,26183,26169.35,26178.65,26162.72201174413,83.80408658843662
2025-12-05T12:36:00+05:30,26180.75,26197.4,26178.25,26191.65,26169.954008808098,88.13965671813544
2025-12-05T12:39:00+05:30,26190.9,26193.25,26174.9,26184.65,26173.62800660607,75.45121012009578
2025-12-05T12:42:00+05:30,26182.7,26192.4,26181.15,26190.2,26177.771004954553,78.3360193173497
2025-12-05T12:45:00+05:30,26188.35,26193.15,26184.65,26190.5,26180.953253715914,78.4953846105692
2025-12-05T12:48:00+05:30,26189.45,26194.35,26187.9,26191.55,26183.602440286937,79.12250189845352
2025-12-05T12:51:00+05:30,26191.25,26202.6,26189.35,26196.5,26186.826830215203,82.0082200653985
2025-12-05T12:54:00+05:30,26195.25,26197.75,26189.75,26193.5,26188.495122661403,74.70693622406247
2025-12-05T12:57:00+05:30,26193.35,26194.4,26178.5,26181.55,26186.758841996052,52.843199415288744
2025-12-05T13:00:00+05:30,26181.45,26200.45,26180.85,26195.25,26188.88163149704,66.10930372020577
2025-12-05T13:03:00+05:30,26194.75,26195.7,26183.1,26185.35,26187.99872362278,53.435891717375675
2025-12-05T13:06:00+05:30,26184.2,26189.75,26182.15,26186.6,26187.649042717083,54.71471256400234
2025-12-05T13:09:00+05:30,26185.15,26191.7,26180.8,26181.55,26186.12428203781,48.44387634030182
2025-12-05T13:12:00+05:30,26180.2,26185.9,26177.75,26180.95,26184.830711528357,47.686308204237335
2025-12-05T13:15:00+05:30,26180.25,26188.4,26179.8,26187.6,26185.523033646266,56.48535187727328
2025-12-05T13:18:00+05:30,26186.35,26197.75,26184.95,26197.75,26188.5797752347,66.51457166904194
2025-12-05T13:21:00+05:30,26196.6,26198.8,26180.5,26186.15,26187.972331426026,50.879131857954256
2025-12-05T13:24:00+05:30,26186.35,26199.25,26180.7,26192.2,26189.02924856952,57.02586826146202
2025-12-05T13:27:00+05:30,26194,26196.45,26188.1,26189.15,26189.059436427142,53.1165613960618
2025-12-05T13:30:00+05:30,26188.4,26192.35,26183.2,26192.1,26189.819577320355,56.4828925939318
2025-12-05T13:33:00+05:30,26192,26200.4,26187.1,26198.95,26192.102182990267,63.56921980916241
2025-12-05T13:36:00+05:30,26197.35,26198.85,26189.05,26197.5,26193.451637242702,61.111630692123704
2025-12-05T13:39:00+05:30,26196.35,26197.4,26188.45,26194.05,26193.601227932028,55.18902280452294
2025-12-05T13:42:00+05:30,26193.8,26195.9,26190.05,26192.65,26193.36342094902,52.76791156138976
2025-12-05T13:45:00+05:30,26192.05,26198.65,26185.7,26186.5,26191.647565711763,43.08179484122786
2025-12-05T13:48:00+05:30,26185.7,26187.4,26177.65,26181.35,26189.07317428382,36.530664156498126
2025-12-05T13:51:00+05:30,26181.3,26186.5,26172.45,26172.45,26184.917380712868,27.958871156726914
2025-12-05T13:54:00+05:30,26172.8,26183.8,26168.85,26179.7,26183.61303553465,41.09484312744209
2025-12-05T13:57:00+05:30,26180.35,26182.75,26159.25,26163.55,26178.597276650988,27.88219284423913
2025-12-05T14:00:00+05:30,26164.2,26175.1,26160.6,26173.2,26177.24795748824,41.08658434202056
2025-12-05T14:03:00+05:30,26172.95,26177.05,26156.2,26157,26172.18596811618,30.24185354070117
2025-12-05T14:06:00+05:30,26157.25,26167.75,26148.3,26153.8,26167.589476087134,28.507793633169427
2025-12-05T14:09:00+05:30,26151.45,26181.25,26150.5,26178.6,26170.34210706535,52.91754232518309
2025-12-05T14:12:00+05:30,26179.6,26181.2,26162.05,26165.1,26169.03158029901,43.48778041733843
2025-12-05T14:15:00+05:30,26165.2,26170.25,26163.05,26164.5,26167.89868522426,43.08963824557835
2025-12-05T14:18:00+05:30,26163.9,26172.8,26159,26167.25,26167.736513918193,45.74567182869423
2025-12-05T14:21:00+05:30,26166.9,26171.5,26165.95,26169.4,26168.152385438647,47.960929759652785
2025-12-05T14:24:00+05:30,26168.25,26172.4,26161.45,26170.45,26168.726789078984,49.144051134488976
2025-12-05T14:27:00+05:30,26170.2,26172.65,26158.2,26168.4,26168.645091809238,46.72438886044331
2025-12-05T14:30:00+05:30,26167.9,26170.75,26147.75,26153.75,26164.921318856927,33.12609115376351
2025-12-05T14:33:00+05:30,26153.1,26155.95,26146,26149.95,26161.178489142694,30.444783959738544
2025-12-05T14:36:00+05:30,26149.55,26157,26148.6,26152.85,26159.09636685702,35.120469247606295
2025-12-05T14:39:00+05:30,26152.65,26154.65,26144.6,26149.5,26156.697275142764,32.20300485472856
2025-12-05T14:42:00+05:30,26149.25,26157.05,26146.8,26147.65,26154.435456357074,30.567045788532624
2025-12-05T14:45:00+05:30,26147.15,26148.65,26122.8,26126,26147.326592267804,18.048564183829328
2025-12-05T14:48:00+05:30,26125.55,26142.7,26123.4,26141,26145.74494420085,38.43044827773652
2025-12-05T14:51:00+05:30,26138.9,26156.85,26137.8,26146.45,26145.921208150638,44.30232415589917
2025-12-05T14:54:00+05:30,26145.25,26149.65,26138.8,26148.3,26146.515906112978,46.32939704497782
2025-12-05T14:57:00+05:30,26147.4,26158.5,26145.95,26154.5,26148.511929584733,53.0152384412087
2025-12-05T15:00:00+05:30,26155.75,26177.9,26155.75,26174.45,26154.99644718855,67.98632044527635
2025-12-05T15:03:00+05:30,26174,26190.55,26174,26189.55,26163.634835391415,75.01604347751666
2025-12-05T15:06:00+05:30,26189.8,26196.7,26184.3,26185.85,26169.18862654356,70.5851862885003
2025-12-05T15:09:00+05:30,26186.8,26191.95,26184.9,26187.45,26173.75396990767,71.43634857121938
2025-12-05T15:12:00+05:30,26186.7,26191.8,26184.05,26188.65,26177.477977430754,72.14170535698267
2025-12-05T15:15:00+05:30,26187.55,26199.25,26185.45,26193,26181.358483073065,74.7759974391177
2025-12-05T15:18:00+05:30,26193.25,26198.85,26184.2,26187.6,26182.9188623048,65.76896550668312
2025-12-05T15:21:00+05:30,26187.15,26195.4,26186.3,26192.75,26185.3766467286,69.81451817049164
2025-12-05T15:24:00+05:30,26192.35,26197.75,26187.7,26193,26187.28248504645,70.01521400458267
2025-12-05T15:27:00+05:30,26192.6,26196.35,26176.4,26176.65,26184.62436378484,46.45075187384271
2025-12-05T15:30:00+05:30,26180.9,26186.45,26180.9,26186.45,26185.080772838628,56.652684017963495
2025-12-08T09:06:00+05:30,26159.8,26159.8,26159.8,26159.8,26178.76057962897,35.310132826539345
2025-12-08T09:15:00+05:30,26170.75,26171.85,26127.25,26164.05,26175.08293472173,39.54734058602887
2025-12-08T09:18:00+05:30,26164.65,26173.05,26142.05,26171.45,26174.1747010413,46.64634224168981
2025-12-08T09:21:00+05:30,26168.45,26178.7,26161.05,26174.15,26174.168525780973,49.18638369565974
2025-12-08T09:24:00+05:30,26171.1,26177.9,26148.35,26151.4,26168.476394335732,33.50582953375282
2025-12-08T09:27:00+05:30,26149.75,26152.35,26132.2,26140.6,26161.5072957518,28.47765954728696
2025-12-08T09:30:00+05:30,26139.6,26140.75,26127.05,26137,26155.38047181385,26.90734737478938
2025-12-08T09:33:00+05:30,26136.35,26144.05,26114.05,26116.25,26145.59785386039,19.62888398858223
2025-12-08T09:36:00+05:30,26116.3,26127.6,26111.95,26124.7,26140.373390395293,28.781533495843405
2025-12-08T09:39:00+05:30,26123.05,26124.6,26112.25,26117.15,26134.56754279647,25.72745187359118
2025-12-08T09:42:00+05:30,26116.7,26135.5,26116.45,26130.35,26133.513157097354,38.94276886670356
2025-12-08T09:45:00+05:30,26129.5,26129.9,26104,26104.05,26126.147367823014,27.548697445683203
2025-12-08T09:48:00+05:30,26103.6,26105.1,26090.15,26090.45,26117.22302586726,23.415505311023693
2025-12-08T09:51:00+05:30,26089.45,26096.2,26080.65,26081.65,26108.329769400447,21.033283710791963
2025-12-08T09:54:00+05:30,26080.2,26089.7,26080.2,26086.25,26102.809827050336,25.64648172443522
2025-12-08T09:57:00+05:30,26085.3,26086.65,26077.6,26085.8,26098.557370287752,25.476617758244373
2025-12-08T10:00:00+05:30,26086.05,26092.25,26079.15,26082.35,26094.505527715814,24.051753229399438
2025-12-08T10:03:00+05:30,26081.15,26082.9,26068.5,26078.3,26090.45414578686,22.340525144493228
2025-12-08T10:06:00+05:30,26080.15,26086.1,26075.85,26085.6,26089.240609340144,32.44741958132414
2025-12-08T10:09:00+05:30,26084.75,26088.05,26076.9,26077.6,26086.330457005108,27.818579777275247
2025-12-08T10:12:00+05:30,26077.8,26096.5,26075.3,26096.5,26088.87284275383,48.1900968891135
2025-12-08T10:15:00+05:30,26096.6,26109.15,26083.65,26087.7,26088.57963206537,41.784228705500496
2025-12-08T10:18:00+05:30,26086.4,26091.95,26081.75,26091.15,26089.22222404903,45.120878027280405
2025-12-08T10:21:00+05:30,26091.5,26105.6,26084.65,26104.45,26093.029168036774,56.36826685909854
2025-12-08T10:24:00+05:30,26103.7,26104.6,26089.7,26092.5,26092.896876027582,46.3998878918668
2025-12-08T10:27:00+05:30,26092.45,26100.65,26090,26097.8,26094.122657020685,50.89338636727413
2025-12-08T10:30:00+05:30,26098,26099.1,26087.8,26096.9,26094.816992765514,50.06192914268087
2025-12-08T10:33:00+05:30,26096.8,26096.8,26081.7,26085.25,26092.425244574137,40.15482908095974
2025-12-08T10:36:00+05:30,26084.35,26090.8,26083.35,26087.9,26091.293933430603,43.14093638395995
2025-12-08T10:39:00+05:30,26087.7,26094.8,26086.6,26093.95,26091.957950072952,49.81115122478528
2025-12-08T10:42:00+05:30,26093.75,26098.7,26090.25,26096.8,26093.168462554713,52.8509796227221
2025-12-08T10:45:00+05:30,26096.2,26101.5,26093.3,26094.15,26093.413846916035,49.592565967670865
2025-12-08T10:48:00+05:30,26093.95,26096.05,26079.25,26082.5,26090.685385187026,37.67821609861221
2025-12-08T10:51:00+05:30,26083.25,26093.3,26079.9,26092,26091.01403889027,49.272451501018224
2025-12-08T10:54:00+05:30,26091.4,26097.4,26090.2,26095.65,26092.1730291677,53.17705560726829
2025-12-08T10:57:00+05:30,26095.25,26096.35,26069.6,26070.4,26086.729771875776,32.800554131972035
2025-12-08T11:00:00+05:30,26070.75,26072.9,26060.6,26064,26081.047328906832,29.462175950425035
2025-12-08T11:03:00+05:30,26063.55,26066.55,26057.25,26064.6,26076.935496680126,30.2387567175887
2025-12-08T11:06:00+05:30,26064.55,26065.7,26054.75,26058.7,26072.376622510095,26.847809840297202
2025-12-08T11:09:00+05:30,26058.75,26080.7,26051.75,26072.05,26072.29496688257,43.556637422274314
2025-12-08T11:12:00+05:30,26071.2,26073.35,26066.7,26070.7,26071.89622516193,42.41369578655293
2025-12-08T11:15:00+05:30,26070.55,26071.55,26064.05,26065.3,26070.247168871447,37.78654479283977
2025-12-08T11:18:00+05:30,26065.15,26068.7,26056.55,26061.3,26068.010376653583,34.530958513710814
2025-12-08T11:21:00+05:30,26060.25,26076.3,26057.9,26072.2,26069.05778249019,48.60773163454787
2025-12-08T11:24:00+05:30,26073.35,26077.5,26071.3,26077.5,26071.168336867642,54.19473221145149
2025-12-08T11:27:00+05:30,26076.85,26077.85,26067.15,26070.05,26070.88875265073,45.99469432727976
2025-12-08T11:30:00+05:30,26070.45,26074.45,26063.7,26064,26069.16656448805,40.22792816333529
2025-12-08T11:33:00+05:30,26063.85,26070.7,26059.6,26062.2,26067.424923366038,38.55022382093927
2025-12-08T11:36:00+05:30,26061.05,26068.15,26059.4,26059.5,26065.443692524528,35.92806136313892
2025-12-08T11:39:00+05:30,26060.65,26065.75,26057.95,26060.55,26064.220269393394,37.84616875989598
2025-12-08T11:42:00+05:30,26060.35,26068.5,26041.95,26067.7,26065.090202045045,49.788115032767
2025-12-08T11:45:00+05:30,26067.9,26069.3,26060.8,26066.25,26065.380151533784,47.62323015001018
2025-12-08T11:48:00+05:30,26066.4,26074.05,26064.85,26068.45,26066.147613650337,51.36645983183459
2025-12-08T11:51:00+05:30,26068,26069.55,26061.75,26062.25,26065.173210237754,41.59308242737552
2025-12-08T11:54:00+05:30,26063.15,26064.75,26058.55,26059.65,26063.792407678317,38.05099333081049
2025-12-08T11:57:00+05:30,26058.75,26064.25,26054.4,26059.4,26062.694305758738,37.690921965361056
2025-12-08T12:00:00+05:30,26058.5,26059.1,26046.15,26048.55,26059.15822931905,25.48170921429829
2025-12-08T12:03:00+05:30,26049.35,26052.3,26044.3,26047,26056.118671989287,24.176463079365732
2025-12-08T12:06:00+05:30,26047.75,26051.45,26043.9,26047.65,26054.001503991967,26.03019439181844
2025-12-08T12:09:00+05:30,26047.85,26053.15,26045.4,26051.95,26053.488627993975,37.77189975070303
2025-12-08T12:12:00+05:30,26051.4,26052.2,26032.7,26035.3,26048.94147099548,21.997716677406885
2025-12-08T12:15:00+05:30,26034,26050.3,26031.85,26042.05,26047.21860324661,34.863563302920056
2025-12-08T12:18:00+05:30,26042,26046.6,26036,26041.35,26045.751452434957,34.18144064771646
2025-12-08T12:21:00+05:30,26040.35,26044.85,26037.4,26041.75,26044.75108932622,35.02890151160736
2025-12-08T12:24:00+05:30,26041.85,26048.8,26035.8,26040.8,26043.763316994664,33.82224378434533
2025-12-08T12:27:00+05:30,26040.1,26042.5,26022.85,26027.05,26039.584987746,21.383758374158077
2025-12-08T12:30:00+05:30,26027.15,26027.3,26013.2,26022.8,26035.3887408095,18.879960896698307
2025-12-08T12:33:00+05:30,26023.25,26025.2,26012.4,26017.7,26030.966555607127,16.22095334927937
2025-12-08T12:36:00+05:30,26018.45,26024,26016.2,26021.15,26028.512416705344,24.601578952686694
2025-12-08T12:39:00+05:30,26021,26027.9,26014,26023.15,26027.171812529006,29.37940246598602
2025-12-08T12:42:00+05:30,26026.2,26026.45,26012.25,26015.75,26024.316359396755,23.069136039677787
2025-12-08T12:45:00+05:30,26015,26021.8,26010.8,26018.45,26022.849769547567,29.51362858203882
2025-12-08T12:48:00+05:30,26019.25,26026.55,26014.35,26023.55,26023.024827160676,40.49795028412599
2025-12-08T12:51:00+05:30,26024.1,26024.35,26010.2,26014.85,26020.981120370507,30.91105836821589
2025-12-08T12:54:00+05:30,26014.95,26018.75,26008.85,26014.45,26019.34834027788,30.523473978519533
2025-12-08T12:57:00+05:30,26014.4,26015.05,26006.4,26012.65,26017.67375520841,28.63826944199974
2025-12-08T13:00:00+05:30,26012.85,26020.55,26004.5,26017.15,26017.542816406305,39.53115598402443
2025-12-08T13:03:00+05:30,26018.05,26029.45,26016.3,26028,26020.15711230473,57.69574780818383
2025-12-08T13:06:00+05:30,26027.25,26032.2,26019.4,26022.25,26020.680334228546,48.65847545165197
2025-12-08T13:09:00+05:30,26020.9,26028.35,26016.8,26025.8,26021.960250671407,53.86374475313754
2025-12-08T13:12:00+05:30,26027,26040.8,26025,26030.2,26024.020188003557,59.76269153461883
2025-12-08T13:15:00+05:30,26030.8,26031.15,26011.9,26013.15,26021.30264100267,37.87169997523876
2025-12-08T13:18:00+05:30,26012.85,26016.1,25988.1,25989.95,26013.464480752,23.946778125715625
2025-12-08T13:21:00+05:30,25989.3,25989.3,25965.25,25966.9,26001.823360564,16.790683481568138
2025-12-08T13:24:00+05:30,25966.8,25974.6,25963.9,25969.2,25993.667520423,19.588074293368464
2025-12-08T13:27:00+05:30,25969.05,25970.05,25950,25957.5,25984.625640317252,16.32992991361023
2025-12-08T13:30:00+05:30,25957.25,25960.05,25926.8,25928.1,25970.49423023794,10.977174417466586
2025-12-08T13:33:00+05:30,25926.95,25928.1,25902.95,25908.1,25954.895672678453,8.711011505838073
2025-12-08T13:36:00+05:30,25911.25,25922.6,25905,25917.2,25945.47175450884,17.727051150728684
2025-12-08T13:39:00+05:30,25917.65,25927.9,25913.7,25927.7,25941.02881588163,27.381733539573005
2025-12-08T13:42:00+05:30,25926.9,25935.15,25918,25923.1,25936.54661191122,25.832345865671925
2025-12-08T13:45:00+05:30,25923,25936.15,25918,25930.85,25935.122458933416,33.25575876873013
2025-12-08T13:48:00+05:30,25929.45,25940.25,25926.65,25935.35,25935.179344200063,37.493841994380965
2025-12-08T13:51:00+05:30,25934.5,25938.2,25928.55,25933.4,25934.734508150046,36.327671290210326
2025-12-08T13:54:00+05:30,25933.15,25934.85,25915.7,25918.45,25930.663381112536,28.420982567649233
2025-12-08T13:57:00+05:30,25919,25934.4,25918.75,25929.65,25930.4100358344,39.86122614150049
2025-12-08T14:00:00+05:30,25929.3,25930.4,25917.45,25921.9,25928.282526875802,35.305827359938576
2025-12-08T14:03:00+05:30,25922.4,25923.3,25908.45,25918.2,25925.76189515685,33.192976889522825
2025-12-08T14:06:00+05:30,25918.4,25927.05,25916.2,25918.85,25924.033921367638,34.002461376418026
2025-12-08T14:09:00+05:30,25919.2,25937,25916.65,25933.65,25926.437941025728,50.07262479741207
2025-12-08T14:12:00+05:30,25934.7,25943.2,25914.15,25914.4,25923.428455769295,36.562843329930644
2025-12-08T14:15:00+05:30,25914.05,25919.65,25892.25,25897.6,25916.97134182697,28.683280485489746
2025-12-08T14:18:00+05:30,25898.65,25927.45,25894.65,25921.25,25918.04100637023,47.326565910036564
2025-12-08T14:21:00+05:30,25920.9,25932.75,25915.05,25930.45,25921.14325477767,52.913010405973594
2025-12-08T14:24:00+05:30,25931.1,25933.25,25917.9,25922.55,25921.494941083252,47.8309596025172
2025-12-08T14:27:00+05:30,25922.3,25929,25917.65,25924.15,25922.15870581244,48.98862549520917
2025-12-08T14:30:00+05:30,25925.2,25926.35,25914.75,25916.35,25920.70652935933,43.49868174003425
2025-12-08T14:33:00+05:30,25915.25,25922.85,25910.35,25910.8,25918.229897019497,39.796461355261414
2025-12-08T14:36:00+05:30,25910.55,25916.45,25903.45,25910.75,25916.359922764623,39.7608928093736
2025-12-08T14:39:00+05:30,25911.6,25921.4,25909.8,25919.15,25917.057442073467,48.740407661732995
2025-12-08T14:42:00+05:30,25918.45,25929.95,25910.95,25928.7,25919.9680815551,57.20227000936322
2025-12-08T14:45:00+05:30,25929.1,25938.35,25922.25,25928.95,25922.213561166325,57.41695955750767
2025-12-08T14:48:00+05:30,25929.75,25953.5,25927.3,25953.3,25929.985170874745,72.87752178325653
2025-12-08T14:51:00+05:30,25953.75,25970.8,25953.75,25961,25937.73887815606,76.08131491645567
2025-12-08T14:54:00+05:30,25960.8,25963.15,25941.5,25942.6,25938.954158617045,57.23355610992892
2025-12-08T14:57:00+05:30,25941.2,25941.85,25930.9,25939.6,25939.115618962784,54.657917041346444
2025-12-08T15:00:00+05:30,25942.5,25976.7,25942.5,25972.3,25947.411714222086,71.16154803603006
2025-12-08T15:03:00+05:30,25970.75,25979.3,25968.95,25978.8,25955.258785666563,73.40630398524532
2025-12-08T15:06:00+05:30,25977.4,25981.95,25967.95,25978.9,25961.169089249925,73.44340646926636
2025-12-08T15:09:00+05:30,25978.35,25984.1,25975.35,25979.6,25965.776816937443,73.74257863799912
2025-12-08T15:12:00+05:30,25978.25,25981.65,25969.5,25971.15,25967.120112703084,63.644973338815205
2025-12-08T15:15:00+05:30,25970.3,25973.35,25950.8,25953.8,25963.79008452731,47.92500144517603
2025-12-08T15:18:00+05:30,25952.65,25955.35,25942.75,25943.25,25958.655063395483,40.779547437177705
2025-12-08T15:21:00+05:30,25942.65,25944.45,25931.2,25939.4,25953.841297546613,38.345457205678585
2025-12-08T15:24:00+05:30,25938.85,25950.8,25937.3,25942.6,25951.03097315996,41.718787661422084
2025-12-08T15:27:00+05:30,25942.05,25944.7,25918.2,25932.8,25946.473229869967,34.89691342482361
2025-12-08T15:30:00+05:30,25934.5,25960.55,25934.5,25960.55,25949.992422402476,57.730797257114254
2025-12-09T09:06:00+05:30,25867.1,25867.1,25867.1,25867.1,25929.269316801856,24.277294332678068
2025-12-09T09:15:00+05:30,25880.15,25890.95,25830.15,25837.25,25906.26448760139,19.96576113123271
2025-12-09T09:18:00+05:30,25835.45,25847.4,25800.8,25803.15,25880.485865701045,16.144456124394026
2025-12-09T09:21:00+05:30,25802.5,25835.4,25800.5,25822.85,25866.076899275784,25.725722317459287
2025-12-09T09:24:00+05:30,25821.95,25830.6,25813.25,25814.25,25853.12017445684,24.310994583515395
2025-12-09T09:27:00+05:30,25814,25822.9,25797.05,25798.8,25839.54013084263,21.79848138908379
2025-12-09T09:30:00+05:30,25800.1,25802.25,25758.75,25761.95,25820.142598131974,16.929783497497965
2025-12-09T09:33:00+05:30,25761.4,25779.15,25760.65,25766.45,25806.719448598982,19.49160900829311
2025-12-09T09:36:00+05:30,25766,25768.1,25754.65,25762.3,25795.614586449236,18.86563262388657
2025-12-09T09:39:00+05:30,25763.65,25771.75,25757.5,25768.5,25788.83593983693,23.166455051850335
2025-12-09T09:42:00+05:30,25769.6,25773.1,25758.85,25758.9,25781.351954877697,21.14195354231181
2025-12-09T09:45:00+05:30,25760.1,25766.6,25743.95,25755.75,25774.951466158273,20.45757134022655
2025-12-09T09:48:00+05:30,25756.5,25760.55,25746.9,25748.4,25768.313599618705,18.80083182002963
2025-12-09T09:51:00+05:30,25747.65,25751.1,25734.45,25735.6,25760.13519971403,16.144437746455083
2025-12-09T09:54:00+05:30,25736.2,25741.05,25729.35,25733.9,25753.576399785525,15.798563068539039
2025-12-09T09:57:00+05:30,25734.75,25742.2,25728,25734.15,25748.719799839142,16.106924346295713
2025-12-09T10:00:00+05:30,25733.55,25762.6,25730.35,25752.3,25749.614849879355,35.96862987719901
2025-12-09T10:03:00+05:30,25752.5,25760.05,25748.2,25759.3,25752.036137409516,42.133011331504385
2025-12-09T10:06:00+05:30,25759.6,25787,25756.9,25787,25760.77710305714,59.93845850463868
2025-12-09T10:09:00+05:30,25787.4,25790.75,25775.15,25780.45,25765.695327292855,55.24868101950124
2025-12-09T10:12:00+05:30,25780.25,25787.45,25774.1,25784.05,25770.28399546964,57.38664500980125
2025-12-09T10:15:00+05:30,25784.1,25811.4,25782.25,25802.1,25778.237996602227,66.69420502877728
2025-12-09T10:18:00+05:30,25801.15,25848.85,25801.15,25814.95,25787.41599745167,71.80845255351309
2025-12-09T10:21:00+05:30,25816.85,25840.75,25812.7,25839.9,25800.53699808875,79.08386461318429
2025-12-09T10:24:00+05:30,25841.35,25845,25829.2,25838.9,25810.127748566563,78.14090443246523
2025-12-09T10:27:00+05:30,25838.6,25844.7,25820.55,25822,25813.095811424922,63.26724349404319
2025-12-09T10:30:00+05:30,25822.35,25827.35,25812.75,25818.25,25814.384358568692,60.2961235257465
2025-12-09T10:33:00+05:30,25817.7,25820,25782.85,25782.85,25806.50076892652,39.74166260431745
2025-12-09T10:36:00+05:30,25784.3,25803.8,25778.85,25792.9,25803.100576694887,45.85507944899884
2025-12-09T10:39:00+05:30,25793.05,25820.35,25791.9,25811.1,25805.100432521165,55.41234426223543
2025-12-09T10:42:00+05:30,25811.75,25820.15,25810.4,25811.85,25806.787824390874,55.78753944116239
2025-12-09T10:45:00+05:30,25812.75,25813.85,25798.5,25800.5,25805.215868293155,48.57140430206268
2025-12-09T10:48:00+05:30,25800.7,25806.4,25795.55,25796.45,25803.024401219867,46.089552236559804
2025-12-09T10:51:00+05:30,25796.35,25797.9,25790,25795.95,25801.2558009149,45.752827562750866
2025-12-09T10:54:00+05:30,25795.65,25805.05,25794.85,25804.95,25802.179350686176,52.9685542637479
2025-12-09T10:57:00+05:30,25805.05,25830.1,25804.4,25829.2,25808.934513014632,66.83576187486405
2025-12-09T11:00:00+05:30,25829.3,25837.25,25815.05,25824.1,25812.725884760974,62.3267595498426
2025-12-09T11:03:00+05:30,25824.35,25832.75,25821.35,25831.45,25817.406913570732,66.16475800671421
2025-12-09T11:06:00+05:30,25830.6,25847.35,25830.6,25845.3,25824.380185178048,72.3560483036686
2025-12-09T11:09:00+05:30,25845.5,25851.4,25837.75,25848.95,25830.522638883536,73.82846571698803
2025-12-09T11:12:00+05:30,25848.65,25868.15,25847.2,25864.4,25838.991979162653,79.27884959687923
2025-12-09T11:15:00+05:30,25865,25871.2,25852.9,25857.75,25843.68148437199,71.77301406868332
2025-12-09T11:18:00+05:30,25858.2,25867.6,25857.85,25866.7,25849.436113278993,75.42612989393724
2025-12-09T11:21:00+05:30,25866.35,25869.25,25856.35,25859.3,25851.902084959245,67.05497437591794
2025-12-09T11:24:00+05:30,25859.2,25872.1,25852.8,25871.05,25856.689063719434,72.67326571485103
2025-12-09T11:27:00+05:30,25870.85,25870.85,25848.25,25863.15,25858.304297789575,64.09891751591104
2025-12-09T11:30:00+05:30,25863.45,25875.45,25851.25,25875.2,25862.528223342182,70.32866296412699
2025-12-09T11:33:00+05:30,25875,25875.1,25866.05,25868.8,25864.096167506636,63.50084435939515
2025-12-09T11:36:00+05:30,25868.75,25875.4,25858.25,25862.8,25863.772125629977,57.405208968317886
2025-12-09T11:39:00+05:30,25863.2,25868.8,25854.2,25859.05,25862.591594222482,53.64998460031151
2025-12-09T11:42:00+05:30,25859.45,25862.2,25824.9,25825.55,25853.331195666862,31.900695419499073
2025-12-09T11:45:00+05:30,25823.2,25833.1,25819.1,25820.65,25845.160896750145,29.836630713470754
2025-12-09T11:48:00+05:30,25820.8,25834.75,25817.8,25831.3,25841.695672562608,39.72570450377278
2025-12-09T11:51:00+05:30,25829.15,25837.15,25821.25,25832.75,25839.459254421956,41.04556148275905
2025-12-09T11:54:00+05:30,25832.55,25853.1,25829.95,25851.45,25842.456940816468,55.65566443344893
2025-12-09T11:57:00+05:30,25850.7,25867.95,25850.7,25861.3,25847.16770561235,61.516420466304226
2025-12-09T12:00:00+05:30,25860.85,25867.55,25855.4,25867.55,25852.263279209263,64.94601993387035
2025-12-09T12:03:00+05:30,25866.85,25877.05,25866.5,25874.65,25857.859959406946,68.64894728370842
2025-12-09T12:06:00+05:30,25874.1,25899.95,25873.75,25890.2,25865.94496955521,75.31247541848757
2025-12-09T12:09:00+05:30,25889.25,25896.75,25888.7,25888.95,25871.69622716641,73.84059109010083
2025-12-09T12:12:00+05:30,25887.8,25895.95,25883.4,25893.05,25877.034670374807,75.66084857186388
2025-12-09T12:15:00+05:30,25892.15,25896.15,25887.45,25889.5,25880.151002781105,70.69188570997859
2025-12-09T12:18:00+05:30,25888.75,25893.65,25886.65,25893.15,25883.40075208583,72.83212126303387
2025-12-09T12:21:00+05:30,25891.7,25915.05,25890.5,25913.7,25890.97556406437,81.63918862523036
2025-12-09T12:24:00+05:30,25911.8,25923.65,25909.95,25910.4,25895.831673048277,76.9648830011594
2025-12-09T12:27:00+05:30,25909.55,25913.7,25901.35,25905.55,25898.261254786208,70.08446568684565
2025-12-09T12:30:00+05:30,25904.5,25911.2,25895.15,25898.3,25898.270941089657,60.63158557759243
2025-12-09T12:33:00+05:30,25895.3,25900.25,25892.7,25895.6,25897.603205817242,57.2751291955101
2025-12-09T12:36:00+05:30,25893.5,25900.55,25882.2,25882.2,25893.75240436293,43.372804906152744
2025-12-09T12:39:00+05:30,25882.25,25888.7,25869.95,25883.5,25891.1893032722,44.88692839563553
2025-12-09T12:42:00+05:30,25882.65,25886.85,25878.4,25884.75,25889.57947745415,46.49190672343772
2025-12-09T12:45:00+05:30,25883.45,25888.65,25883.45,25885.35,25888.522108090612,47.35051819065961
2025-12-09T12:48:00+05:30,25884.8,25891.45,25875.95,25879.5,25886.26658106796,40.04178591546257
2025-12-09T12:51:00+05:30,25879.05,25881.5,25871.65,25880.05,25884.71243580097,41.040010650135855
2025-12-09T12:54:00+05:30,25879.9,25882.7,25852.8,25852.8,25876.73432685073,20.91377209102741
2025-12-09T12:57:00+05:30,25852.95,25877.1,25852,25864.95,25873.788245138046,36.98814317002838
2025-12-09T13:00:00+05:30,25863.85,25869.5,25855.5,25859.45,25870.203683853535,33.402662283292656
2025-12-09T13:03:00+05:30,25858.75,25884.55,25858.75,25883.9,25873.62776289015,55.68287810553891
2025-12-09T13:06:00+05:30,25882.9,25889,25874.45,25877.2,25874.520822167615,50.30270114480257
2025-12-09T13:09:00+05:30,25877,25887.1,25867.5,25877,25875.14061662571,50.13400340870557
2025-12-09T13:12:00+05:30,25876.5,25883.2,25870.6,25876.2,25875.405462469284,49.36147780450924
2025-12-09T13:15:00+05:30,25875.55,25883.65,25871.15,25879.25,25876.366596851964,52.60956607672971
2025-12-09T13:18:00+05:30,25879.15,25882.75,25875.1,25877.95,25876.762447638972,50.9833963697798
2025-12-09T13:21:00+05:30,25877.25,25886.1,25864.35,25867.2,25874.37183572923,39.272261981991406
2025-12-09T13:24:00+05:30,25867.85,25884.9,25867.85,25883.65,25876.691376796924,56.93329418566454
2025-12-09T13:27:00+05:30,25882.3,25890.45,25881.05,25889.35,25879.856032597694,61.46386455537757
2025-12-09T13:30:00+05:30,25889.1,25895.65,25876.9,25895,25883.642024448272,65.64351818529514
2025-12-09T13:33:00+05:30,25894.45,25903.55,25892.65,25892.65,25885.894018336206,62.361400155103055
2025-12-09T13:36:00+05:30,25891.9,25894.9,25874.45,25890.6,25887.070513752155,59.34175758512336
2025-12-09T13:39:00+05:30,25890.75,25907.4,25890.75,25895.85,25889.265385314116,64.48051972998616
2025-12-09T13:42:00+05:30,25895.3,25903.05,25889.15,25890.5,25889.574038985586,56.057211818456665
2025-12-09T13:45:00+05:30,25889.85,25895.5,25886.95,25888.7,25889.35552923919,53.322987550057825
2025-12-09T13:48:00+05:30,25889.05,25896.65,25888.55,25889.95,25889.504146929394,55.09741513612553
2025-12-09T13:51:00+05:30,25889.6,25895.9,25879.55,25894.85,25890.840610197047,61.747770317782674
2025-12-09T13:54:00+05:30,25893,25901.85,25891.25,25896.2,25892.180457647784,63.486039069174645
2025-12-09T13:57:00+05:30,25894.95,25900.2,25891.35,25898.95,25893.87284323584,67.04502942654068
2025-12-09T14:00:00+05:30,25896.85,25903.5,25894,25899.15,25895.19213242688,67.3153356134426
2025-12-09T14:03:00+05:30,25899.05,25900.5,25873.5,25873.5,25889.76909932016,30.223283306885435
2025-12-09T14:06:00+05:30,25873.55,25886.75,25866.5,25883.25,25888.13932449012,43.925638500524485
2025-12-09T14:09:00+05:30,25883.6,25892.8,25880.1,25882.1,25886.62949336759,42.76989129563931
2025-12-09T14:12:00+05:30,25880.45,25895.65,25880.45,25885.5,25886.34712002569,47.53167671446014
2025-12-09T14:15:00+05:30,25884.65,25886.1,25861.7,25861.7,25880.185340019267,28.301071344927877
2025-12-09T14:18:00+05:30,25862,25863.05,25843.3,25844.15,25871.17650501445,20.993892416461378
2025-12-09T14:21:00+05:30,25841.55,25847.05,25827.35,25830.5,25861.007378760838,17.008915503800694
2025-12-09T14:24:00+05:30,25830.1,25833.35,25821.6,25831.35,25853.59303407063,18.13779951167541
2025-12-09T14:27:00+05:30,25828.65,25834.55,25816.45,25820.95,25845.432275552972,15.188641650261303
2025-12-09T14:30:00+05:30,25820.8,25823.25,25808.85,25816.9,25838.299206664728,14.143805541357892
2025-12-09T14:33:00+05:30,25816.35,25822.35,25806.3,25808.6,25830.874404998547,12.146082325847814
2025-12-09T14:36:00+05:30,25806.65,25818.35,25801.6,25809.9,25825.63080374891,14.356505717077525
2025-12-09T14:39:00+05:30,25809,25845.15,25807.9,25845.15,25830.510602811682,52.31255237995708
2025-12-09T14:42:00+05:30,25844.4,25845.35,25826.1,25826.45,25829.495452108764,41.052193428933634
2025-12-09T14:45:00+05:30,25826,25829.2,25818.2,25825,25828.371589081573,40.26807727081076
2025-12-09T14:48:00+05:30,25824.4,25829.4,25815.75,25824.6,25827.42869181118,40.0220506211677
2025-12-09T14:51:00+05:30,25823.4,25828.55,25815.2,25817.55,25824.959018858382,35.55521031428745
2025-12-09T14:54:00+05:30,25817.15,25818.8,25811.55,25814.6,25822.36926414379,33.718065352413376
2025-12-09T14:57:00+05:30,25814.45,25837.8,25813.35,25832.4,25824.87694810784,51.39675930903795
2025-12-09T15:00:00+05:30,25831.45,25855.6,25831.45,25845.9,25830.13271108088,60.67705118040222
2025-12-09T15:03:00+05:30,25845.45,25854.35,25836.55,25847.7,25834.52453331066,61.81132149013801
2025-12-09T15:06:00+05:30,25847.25,25851.85,25840.45,25840.75,25836.080899982997,54.70338155818014
2025-12-09T15:09:00+05:30,25840.6,25848.8,25824.45,25835.65,25835.973174987248,49.800600895739855
2025-12-09T15:12:00+05:30,25836.3,25842.65,25830,25837.65,25836.392381240435,51.77793783066232
2025-12-09T15:15:00+05:30,25835.35,25841.15,25833.65,25836.75,25836.481785930326,50.72888637183448
2025-12-09T15:18:00+05:30,25834.4,25840.9,25832.1,25839.6,25837.261339447745,54.16007858002368
2025-12-09T15:21:00+05:30,25840.15,25843.25,25833.7,25835.6,25836.84600458581,48.61640751573484
2025-12-09T15:24:00+05:30,25834.95,25839,25833,25837.9,25837.10950343936,51.91794208584578
2025-12-09T15:27:00+05:30,25836.9,25847.7,25831.8,25838.95,25837.56962757952,53.50893814055297
2025-12-09T15:30:00+05:30,25841.75,25841.75,25839.65,25839.65,25838.089720684642,54.67541315311158
2025-12-10T09:06:00+05:30,25864.05,25864.05,25864.05,25864.05,25844.579790513482,77.56585231683843
2025-12-10T09:15:00+05:30,25868.05,25880.35,25832.65,25866.9,25850.159842885114,79.0103824931576
2025-12-10T09:18:00+05:30,25868.1,25893.45,25851.4,25852.45,25850.732382163835,57.217462858817925
2025-12-10T09:21:00+05:30,25851.65,25874.9,25846.75,25873.7,25856.474286622877,70.9599747115414
2025-12-10T09:24:00+05:30,25874.45,25875.75,25840.55,25874.8,25861.05571496716,71.51260272573106
2025-12-10T09:27:00+05:30,25874.95,25887.9,25867.7,25887.4,25867.64178622537,77.28836125024088
2025-12-10T09:30:00+05:30,25888.05,25905.55,25886.45,25904.55,25876.868839669027,82.81967216965917
2025-12-10T09:33:00+05:30,25903.95,25906.3,25889.65,25905,25883.90162975177,82.94681163120603
2025-12-10T09:36:00+05:30,25905.1,25913.3,25903.75,25906.2,25889.476222313828,83.33059360985378
2025-12-10T09:39:00+05:30,25906.55,25911.35,25904.15,25911,25894.85716673537,84.91488279662858
2025-12-10T09:42:00+05:30,25911.3,25916.9,25895.15,25905.75,25897.58037505153,75.73049949235471
2025-12-10T09:45:00+05:30,25906.1,25920.2,25905.9,25917.3,25902.510281288647,81.00398883381845
2025-12-10T09:48:00+05:30,25915.7,25915.7,25885.95,25890.65,25899.545210966484,51.10907638564164
2025-12-10T09:51:00+05:30,25890.9,25898.95,25887.15,25894.2,25898.208908224864,53.76109374608147
2025-12-10T09:54:00+05:30,25893.85,25894.55,25881.65,25889.7,25896.08168116865,49.768682967371966
2025-12-10T09:57:00+05:30,25889.6,25893.7,25876.65,25878.15,25891.598760876488,40.714786130623544
2025-12-10T10:00:00+05:30,25878.25,25902.05,25878.05,25902,25894.199070657367,58.77992660739708
2025-12-10T10:03:00+05:30,25901.9,25909,25900,25902.45,25896.261802993024,59.05457135266938
2025-12-10T10:06:00+05:30,25902.3,25915.8,25902.1,25915.6,25901.096352244767,66.63386117924233
2025-12-10T10:09:00+05:30,25915,25919.75,25911.75,25919.45,25905.684764183577,68.61805767678894
2025-12-10T10:12:00+05:30,25918.9,25922.25,25916.5,25919.85,25909.22607313768,68.84264506233755
2025-12-10T10:15:00+05:30,25920.8,25933.35,25919.75,25923.55,25912.80705485326,71.0764519645993
2025-12-10T10:18:00+05:30,25923.7,25937.6,25916.9,25935.35,25918.442791139943,77.16720728976392
2025-12-10T10:21:00+05:30,25936.25,25938.25,25930.4,25936.15,25922.869593354957,77.54128282195575
2025-12-10T10:24:00+05:30,25935.6,25947.65,25932.55,25944.15,25928.18969501622,81.14515949846816
2025-12-10T10:27:00+05:30,25943.45,25944.2,25917.95,25918.9,25925.867271262163,51.006292709127564
2025-12-10T10:30:00+05:30,25919.25,25935.1,25919.25,25925.65,25925.81295344662,56.09248042206018
2025-12-10T10:33:00+05:30,25926.4,25936.95,25923.2,25935.2,25928.159715084967,62.51563820621573
2025-12-10T10:36:00+05:30,25935.35,25938.8,25916.45,25923.3,25926.944786313725,51.552189657289524
2025-12-10T10:39:00+05:30,25924.75,25924.75,25907.25,25908.65,25922.371089735294,41.179773745218625
2025-12-10T10:42:00+05:30,25909.7,25923.2,25908.15,25921.45,25922.14081730147,51.19032238263601
2025-12-10T10:45:00+05:30,25922.2,25923.35,25902.55,25902.7,25917.280612976105,39.65628595048496
2025-12-10T10:48:00+05:30,25902.8,25908.55,25881.35,25881.65,25908.372959732078,30.619898902190116
2025-12-10T10:51:00+05:30,25881.85,25883.25,25865.95,25865.95,25897.767219799058,25.553226028177434
2025-12-10T10:54:00+05:30,25867.15,25867.15,25849.8,25858.05,25887.837914849293,23.29078405110242
2025-12-10T10:57:00+05:30,25858.25,25865.95,25834.25,25835.3,25874.70343613697,17.95102117073678
2025-12-10T11:00:00+05:30,25837.1,25845.8,25822.35,25844.5,25867.152577102726,25.959672900788092
2025-12-10T11:03:00+05:30,25845.45,25863.45,25841.2,25863.2,25866.164432827045,39.87626110900372
2025-12-10T11:06:00+05:30,25862.9,25867.4,25857.55,25862.55,25865.260824620284,39.57461364993395
2025-12-10T11:09:00+05:30,25862.85,25874.45,25861.25,25866.05,25865.458118465212,42.31583031452073
2025-12-10T11:12:00+05:30,25865.45,25875.5,25860.15,25874.65,25867.75608884891,48.95419599986062
2025-12-10T11:15:00+05:30,25876.05,25880.8,25873.15,25877.05,25870.079566636683,50.79772220615685
2025-12-10T11:18:00+05:30,25877.1,25877.9,25861.6,25866.35,25869.147174977512,42.764465567472115
2025-12-10T11:21:00+05:30,25866.9,25876.9,25861.45,25862.5,25867.485381233135,40.10226916663236
2025-12-10T11:24:00+05:30,25863.35,25868.25,25858.05,25867.3,25867.43903592485,45.07562427465572
2025-12-10T11:27:00+05:30,25866.95,25866.95,25851.8,25852.25,25863.641776943638,34.574476588200085
2025-12-10T11:30:00+05:30,25852.2,25853.8,25842.1,25852.8,25860.93133270773,35.21793837448929
2025-12-10T11:33:00+05:30,25852.85,25854.8,25837.9,25842.05,25856.2109995308,28.766517101826096
2025-12-10T11:36:00+05:30,25841.7,25851.65,25832.75,25832.85,25850.3707496481,24.318604239435416
2025-12-10T11:39:00+05:30,25833.15,25852.5,25831.7,25846.5,25849.403062236073,40.29768444859427
2025-12-10T11:42:00+05:30,25848.2,25849.2,25838,25839.25,25846.864796677055,35.63542221342239
2025-12-10T11:45:00+05:30,25840.25,25840.25,25829.6,25837.85,25844.61109750779,34.73018881519138
2025-12-10T11:48:00+05:30,25837.05,25838.65,25830.9,25832.5,25841.583323130842,31.1970205940556
2025-12-10T11:51:00+05:30,25831.65,25833.85,25823.9,25824.8,25837.38749234813,26.645426009009682
2025-12-10T11:54:00+05:30,25825.25,25841.05,25823.05,25837.75,25837.478119261097,42.97110468618326
2025-12-10T11:57:00+05:30,25838.6,25840.85,25833.95,25835,25836.858589445823,40.725564296951916
2025-12-10T12:00:00+05:30,25834.65,25836.7,25822.45,25824.4,25833.743942084366,32.976216697403885
2025-12-10T12:03:00+05:30,25824.35,25846.05,25817.35,25845.15,25836.595456563275,53.279443421608775
2025-12-10T12:06:00+05:30,25844.45,25859.95,25842.2,25850.25,25840.009092422457,57.013390689849324
2025-12-10T12:09:00+05:30,25851.25,25852.15,25829,25834.05,25838.51931931684,43.98579558620347
2025-12-10T12:12:00+05:30,25834.3,25834.7,25823.6,25830.65,25836.55198948763,41.65519807533473
2025-12-10T12:15:00+05:30,25830.7,25832.1,25821.05,25821.2,25832.71399211572,35.54766789306733
2025-12-10T12:18:00+05:30,25821.75,25839.35,25819.8,25838.6,25834.185494086792,50.98547055003356
2025-12-10T12:21:00+05:30,25838.5,25838.8,25826.05,25826.5,25832.264120565094,42.68976186809426
2025-12-10T12:24:00+05:30,25826.15,25830.1,25818.5,25819.55,25829.08559042382,38.49281947915813
2025-12-10T12:27:00+05:30,25819.5,25821.2,25814.55,25815.15,25825.601692817865,35.88690621335131
2025-12-10T12:30:00+05:30,25814.65,25817.1,25792.1,25792.7,25817.3762696134,25.578935786610273
2025-12-10T12:33:00+05:30,25794.15,25797.75,25787.65,25787.85,25809.99470221005,23.852155955694982
2025-12-10T12:36:00+05:30,25788.75,25789.9,25769.5,25770.3,25800.071026657537,18.56206673002201
2025-12-10T12:39:00+05:30,25771.9,25781.75,25769.1,25775.6,25793.95326999315,24.46451156920871
2025-12-10T12:42:00+05:30,25775.65,25777.4,25768,25771.55,25788.352452494863,22.97968667702912
2025-12-10T12:45:00+05:30,25772.55,25786.8,25768.9,25783.85,25787.226839371146,36.611303998689834
2025-12-10T12:48:00+05:30,25786.2,25788.45,25781.45,25781.9,25785.89512952836,35.45080571012193
2025-12-10T12:51:00+05:30,25782.15,25796.9,25781,25785.55,25785.80884714627,39.62966668631495
2025-12-10T12:54:00+05:30,25787,25798.15,25785.1,25794.5,25787.9816353597,49.06322434331465
2025-12-10T12:57:00+05:30,25794.45,25797.4,25785.8,25793.2,25789.286226519776,47.79754233215097
2025-12-10T13:00:00+05:30,25793.4,25796.45,25789.75,25792.9,25790.189669889834,47.46786211619556
2025-12-10T13:03:00+05:30,25793.5,25799.35,25792.05,25793.75,25791.079752417376,48.638887218097146
2025-12-10T13:06:00+05:30,25795.15,25803.25,25788.05,25796.65,25792.472314313032,52.824716481606515
2025-12-10T13:09:00+05:30,25797.5,25805,25794.65,25803.4,25795.204235734775,61.37318875240891
2025-12-10T13:12:00+05:30,25804.65,25810.75,25800.9,25801.85,25796.86567680108,58.53173806261332
2025-12-10T13:15:00+05:30,25802.3,25808.7,25801.35,25808.7,25799.824257600812,66.5229742183885
2025-12-10T13:18:00+05:30,25807.8,25829.1,25807.8,25823.55,25805.75569320061,77.49284319390159
2025-12-10T13:21:00+05:30,25825,25832,25822.15,25829.9,25811.791769900457,80.65521257633469
2025-12-10T13:24:00+05:30,25830.3,25831.85,25819.4,25821.55,25814.231327425343,66.35276065666008
2025-12-10T13:27:00+05:30,25822.75,25839.1,25822,25836.3,25819.74849556901,75.35816831911728
2025-12-10T13:30:00+05:30,25836.6,25838.15,25826.05,25826.05,25821.323871676756,61.92194625618162
2025-12-10T13:33:00+05:30,25826.95,25837.5,25825.9,25835.6,25824.892903757565,68.10372076791553
2025-12-10T13:36:00+05:30,25836.1,25850.2,25835.55,25841.15,25828.957177818174,71.26646372116484
2025-12-10T13:39:00+05:30,25840.2,25841.3,25829.65,25835.7,25830.64288336363,63.99652765693485
2025-12-10T13:42:00+05:30,25835.6,25840.95,25824.1,25825.05,25829.244662522724,51.921401339914844
2025-12-10T13:45:00+05:30,25825.35,25829.4,25817.2,25817.2,25826.233496892044,44.672928242387734
2025-12-10T13:48:00+05:30,25817.9,25820.4,25806.2,25809.05,25821.937622669033,38.21149454912912
2025-12-10T13:51:00+05:30,25809.6,25820.95,25804.25,25813.3,25819.778217001774,43.20888177420327
2025-12-10T13:54:00+05:30,25812.85,25817.15,25795.45,25797.95,25814.32116275133,32.22615757899487
2025-12-10T13:57:00+05:30,25799.1,25803.75,25793.8,25795.2,25809.5408720635,30.60047297352058
2025-12-10T14:00:00+05:30,25796.85,25798.95,25776.8,25777.7,25801.580654047626,22.26259273513172
2025-12-10T14:03:00+05:30,25778.2,25780.9,25755.2,25755.75,25790.122990535718,15.916375275697334
2025-12-10T14:06:00+05:30,25754.45,25769.95,25750.15,25766.6,25784.24224290179,27.78754046807184
2025-12-10T14:09:00+05:30,25767.45,25772.4,25758.8,25769.95,25780.66918217634,31.282262468197317
2025-12-10T14:12:00+05:30,25770.15,25770.15,25754.65,25758.5,25775.126886632257,26.221992816333454
2025-12-10T14:15:00+05:30,25758.45,25768.5,25755.3,25758.65,25771.007664974193,26.403947227494882
2025-12-10T14:18:00+05:30,25759.35,25760.5,25742.4,25743.9,25764.230748730646,20.580928538300327
2025-12-10T14:21:00+05:30,25744.5,25757.95,25739.8,25747.5,25760.048061547983,25.27350350143655
2025-12-10T14:24:00+05:30,25748.8,25751.05,25738.9,25744.8,25756.236046160986,24.031085172629133
2025-12-10T14:27:00+05:30,25744.9,25748.6,25734.55,25739.05,25751.93953462074,21.415432254748765
2025-12-10T14:30:00+05:30,25739.55,25770.85,25739.3,25768.8,25756.154650965553,52.5745047732058
2025-12-10T14:33:00+05:30,25769.3,25788.7,25764.25,25764.25,25758.178488224163,49.100694430195446
2025-12-10T14:36:00+05:30,25763.7,25766.8,25750.75,25750.75,25756.321366168122,39.96091870530963
2025-12-10T14:39:00+05:30,25751.75,25763.4,25746.7,25759.75,25757.17852462609,47.553965730852944
2025-12-10T14:42:00+05:30,25760.05,25760.35,25747.05,25751.05,25755.646393469568,41.61805496400123
2025-12-10T14:45:00+05:30,25752.5,25759.25,25751.5,25753.85,25755.197295102174,44.23185517740213
2025-12-10T14:48:00+05:30,25753.75,25767.05,25752.4,25764.25,25757.46047132663,53.29325911930999
2025-12-10T14:51:00+05:30,25764,25765.15,25750.15,25751.65,25756.00785349497,43.33968528789956
2025-12-10T14:54:00+05:30,25751.85,25752.75,25739.4,25743.5,25752.88089012123,37.98587746088292
2025-12-10T14:57:00+05:30,25743.75,25760.9,25742.8,25758.95,25754.398167590924,51.29304607300895
2025-12-10T15:00:00+05:30,25759.3,25776.9,25751.2,25770.6,25758.448625693192,59.02753138631142
2025-12-10T15:03:00+05:30,25771.5,25774.7,25751.85,25752.95,25757.073969269895,46.0908998178361
2025-12-10T15:06:00+05:30,25753.85,25769.9,25752.45,25762.8,25758.50547695242,52.82279176825011
2025-12-10T15:09:00+05:30,25764,25764.75,25754.3,25757.8,25758.329107714315,49.18538638866061
2025-12-10T15:12:00+05:30,25759.35,25764.3,25757.55,25760.1,25758.771830785736,50.996324589217984
2025-12-10T15:15:00+05:30,25761.4,25767.4,25754.2,25756.35,25758.1663730893,47.75876122368648
2025-12-10T15:18:00+05:30,25756.75,25759.55,25751.05,25756.65,25757.787279816977,48.0664870015426
2025-12-10T15:21:00+05:30,25757.1,25758.2,25750.9,25750.9,25756.065459862733,42.47215668561267
2025-12-10T15:24:00+05:30,25751.45,25758.3,25746.8,25749.2,25754.34909489705,40.832911426771055
2025-12-10T15:27:00+05:30,25749.3,25755.9,25742.65,25742.65,25751.424321172788,34.79607926668518
2025-12-10T15:30:00+05:30,25741.8,25758,25741.8,25758,25753.06824087959,53.56557781350766
2025-12-11T09:06:00+05:30,25771.4,25771.4,25771.4,25771.4,25757.651180659694,64.09261103675854
2025-12-11T09:15:00+05:30,25777.45,25802.55,25727.15,25742.8,25753.93838549477,40.96649227251541
2025-12-11T09:18:00+05:30,25742.6,25777.1,25741.85,25774.75,25759.14128912108,59.84850028557185
2025-12-11T09:21:00+05:30,25775.15,25796.3,25764.85,25778.7,25764.030966840808,61.61916771629865
2025-12-11T09:24:00+05:30,25779.05,25784.9,25765.1,25775.85,25766.985725130606,59.413623242484356
2025-12-11T09:27:00+05:30,25774.1,25803.05,25774.1,25798.25,25774.801793847953,69.44276888908144
2025-12-11T09:30:00+05:30,25801.35,25802.75,25777.9,25792.15,25779.138845385965,64.38782847609629
2025-12-11T09:33:00+05:30,25791.8,25794.45,25773.95,25776.95,25778.591634039476,53.14208561981282
2025-12-11T09:36:00+05:30,25776.2,25777.75,25727.95,25730.75,25766.631225529607,32.817114421876695
2025-12-11T09:39:00+05:30,25729.8,25735.15,25697.1,25699.4,25749.823419147207,25.189978308839613
2025-12-11T09:42:00+05:30,25698.2,25726.7,25693.25,25712.25,25740.430064360407,32.67277882748492
2025-12-11T09:45:00+05:30,25711.45,25715.05,25695.45,25713.35,25733.660048270307,33.33868738370495
2025-12-11T09:48:00+05:30,25714.5,25739.7,25712.65,25729.15,25732.53253620273,42.81645716605537
2025-12-11T09:51:00+05:30,25727.05,25731.85,25713.05,25720.95,25729.636902152048,39.42268956324351
2025-12-11T09:54:00+05:30,25720.35,25734.45,25714,25721.4,25727.577676614037,39.72855361367263
2025-12-11T09:57:00+05:30,25720.8,25727,25706.35,25714,25724.18325746053,36.219964849588415
2025-12-11T10:00:00+05:30,25713.4,25730,25712.35,25718.8,25722.837443095395,40.2154971297194
2025-12-11T10:03:00+05:30,25718.95,25751.65,25718.45,25751.4,25729.978082321548,60.04720781390454
2025-12-11T10:06:00+05:30,25754.3,25774.1,25754.3,25768.65,25739.64606174116,66.83813133826992
2025-12-11T10:09:00+05:30,25768.6,25773.1,25759.4,25765.1,25746.00954630587,64.21741181116897
2025-12-11T10:12:00+05:30,25765.5,25807.75,25761.9,25807.55,25761.394659729405,76.86978599599654
2025-12-11T10:15:00+05:30,25805.5,25822.05,25804.3,25819.9,25776.020994797054,79.34830387366354
2025-12-11T10:18:00+05:30,25820.1,25821.35,25808.35,25813.1,25785.29074609779,74.23821260741636
2025-12-11T10:21:00+05:30,25813.95,25814.55,25788.55,25809.55,25791.35555957334,71.43616586428715
2025-12-11T10:24:00+05:30,25809.45,25818.2,25807.8,25811.9,25796.491669680006,72.2452098171836
2025-12-11T10:27:00+05:30,25811.2,25814.95,25803.45,25808.65,25799.531252260007,69.0878812705418
2025-12-11T10:30:00+05:30,25811.1,25838.85,25802.7,25834.85,25808.360939195005,78.09254306991242
2025-12-11T10:33:00+05:30,25835.15,25837.1,25826.55,25827.15,25813.058204396253,71.00102112083466
2025-12-11T10:36:00+05:30,25827.6,25836.95,25822.95,25831.65,25817.70615329719,72.69181732155886
2025-12-11T10:39:00+05:30,25832.05,25841.4,25825.85,25836.75,25822.467114972893,74.64639414222478
2025-12-11T10:42:00+05:30,25836.55,25838.65,25824.3,25825.35,25823.18783622967,62.90484258298423
2025-12-11T10:45:00+05:30,25826.5,25842.65,25824.85,25841.15,25827.678377172255,70.42656707780353
2025-12-11T10:48:00+05:30,25841.9,25841.9,25830.9,25836.25,25829.82128287919,65.61290857678185
2025-12-11T10:51:00+05:30,25836.8,25844.5,25821.7,25826.85,25829.078462159392,56.907540534027945
2025-12-11T10:54:00+05:30,25826.1,25828.6,25807.75,25813.95,25825.296346619543,46.93694096658224
2025-12-11T10:57:00+05:30,25813.9,25817.45,25794.35,25794.35,25817.559759964657,35.81404287451255
2025-12-11T11:00:00+05:30,25794.45,25801.45,25787.45,25796.2,25812.219819973492,37.44641008243246
2025-12-11T11:03:00+05:30,25796.7,25797.2,25764.5,25769.1,25801.43986498012,26.101743987844273
2025-12-11T11:06:00+05:30,25768.25,25788,25765.9,25771.1,25793.854898735088,27.980368219725406
2025-12-11T11:09:00+05:30,25770.3,25799.2,25768.7,25797.25,25794.703674051314,48.10472591060242
2025-12-11T11:12:00+05:30,25798.3,25803.1,25788.05,25797.45,25795.390255538485,48.23379509047438
2025-12-11T11:15:00+05:30,25797.5,25810.4,25789.9,25810.4,25799.142691653862,56.42136348309396
2025-12-11T11:18:00+05:30,25808.95,25818.6,25808.75,25818.05,25803.869518740397,60.70474876289625
2025-12-11T11:21:00+05:30,25818.1,25822.7,25814.25,25815.4,25806.752139055297,58.38548767070461
2025-12-11T11:24:00+05:30,25816.4,25828.7,25815.3,25821.55,25810.451604291473,62.286683356403195
2025-12-11T11:27:00+05:30,25821,25823.9,25816.35,25820.65,25813.001203218606,61.305463586694636
2025-12-11T11:30:00+05:30,25820.6,25836.95,25820.6,25835.9,25818.725902413957,70.49414850576504
2025-12-11T11:33:00+05:30,25835,25836.65,25816.3,25820.05,25819.056926810466,54.7338082110082
2025-12-11T11:36:00+05:30,25819.85,25831,25813.3,25830.05,25821.80519510785,61.130292240279935
2025-12-11T11:39:00+05:30,25829.5,25833.55,25822.85,25828,25823.353896330886,59.13185944833487
2025-12-11T11:42:00+05:30,25828.35,25836.4,25825.4,25833.7,25825.940422248164,63.050287877786
2025-12-11T11:45:00+05:30,25833.6,25834.4,25819.45,25819.95,25824.442816686125,49.65226446269133
2025-12-11T11:48:00+05:30,25820.8,25839.4,25820.3,25827.45,25825.194612514595,55.64957819273786
2025-12-11T11:51:00+05:30,25826.95,25846.45,25825.5,25838.7,25828.570959385946,63.299935249964406
2025-12-11T11:54:00+05:30,25839.05,25845.35,25833.5,25844,25832.42821953946,66.47814215696351
2025-12-11T11:57:00+05:30,25843.8,25853.15,25836.85,25846.9,25836.046164654595,68.23422005774538
2025-12-11T12:00:00+05:30,25847.15,25865.2,25846.95,25862.8,25842.734623490946,76.20701431381022
2025-12-11T12:03:00+05:30,25862.85,25889.9,25862.35,25882.25,25852.61346761821,82.4819158257482
2025-12-11T12:06:00+05:30,25882.85,25886.45,25868.85,25875.75,25858.397600713655,74.79148504478226
2025-12-11T12:09:00+05:30,25876,25885.8,25873.55,25877.7,25863.22320053524,75.58812326815647
2025-12-11T12:12:00+05:30,25876.95,25885.4,25875.45,25876.6,25866.56740040143,74.04808131549531
2025-12-11T12:15:00+05:30,25878.6,25884.55,25869,25875.25,25868.73805030107,71.94917675522406
2025-12-11T12:18:00+05:30,25876.45,25887.85,25876.1,25887.85,25873.516037725803,78.56502376729807
2025-12-11T12:21:00+05:30,25887.65,25896.15,25880,25888.95,25877.374528294353,79.0678552950143
2025-12-11T12:24:00+05:30,25890.15,25891.85,25882.15,25887.6,25879.930896220765,76.4984077116949
2025-12-11T12:27:00+05:30,25886.75,25919.2,25886,25907.3,25886.773172165573,84.86937840006674
2025-12-11T12:30:00+05:30,25906.9,25913.3,25899.6,25901.35,25890.417379124177,75.40530763856002
2025-12-11T12:33:00+05:30,25902.15,25905,25893.4,25895.35,25891.650534343134,66.66003116010896
2025-12-11T12:36:00+05:30,25896,25900.55,25889.35,25892.95,25891.97540075735,63.23745745716094
2025-12-11T12:39:00+05:30,25892.8,25893.2,25881.4,25885.75,25890.419050568013,53.604557376703575
2025-12-11T12:42:00+05:30,25885.35,25902.15,25883.85,25899.85,25892.77678792601,65.58276912610324
2025-12-11T12:45:00+05:30,25900.55,25901.2,25891.55,25897.65,25893.995090944507,62.63894761609494
2025-12-11T12:48:00+05:30,25897.55,25903.4,25888.2,25892.15,25893.53381820838,55.387565382325214
2025-12-11T12:51:00+05:30,25890.35,25895.8,25881.8,25895.75,25894.087863656285,59.01107543311819
2025-12-11T12:54:00+05:30,25894.85,25897.95,25886.05,25890.95,25893.303397742213,52.39163844451781
2025-12-11T12:57:00+05:30,25890.55,25893.15,25877.15,25879,25889.72754830666,39.51677850423432
2025-12-11T13:00:00+05:30,25879.05,25885.7,25873.5,25884.45,25888.408161229992,46.510729633893284
2025-12-11T13:03:00+05:30,25885.7,25887.4,25863.45,25871.85,25884.268620922492,35.45308666327182
2025-12-11T13:06:00+05:30,25871.95,25872.05,25848.95,25852.3,25876.27646569187,24.78611953327146
2025-12-11T13:09:00+05:30,25852.45,25861.75,25847.15,25860.9,25872.432349268904,34.84667516170819
2025-12-11T13:12:00+05:30,25861.6,25861.6,25840.8,25855.15,25868.111761951677,31.55437284830964
2025-12-11T13:15:00+05:30,25854.05,25867.4,25852.7,25859.65,25865.996321463757,36.98988062423881
2025-12-11T13:18:00+05:30,25859.3,25870.35,25857.3,25863.9,25865.472241097817,42.0597630412724
2025-12-11T13:21:00+05:30,25864.15,25869.2,25854.7,25857.6,25863.504180823362,36.92202968673358
2025-12-11T13:24:00+05:30,25857.1,25866.4,25850.55,25853.75,25861.06563561752,33.96407510349158
2025-12-11T13:27:00+05:30,25852.5,25862.55,25851.2,25862.5,25861.42422671314,45.53388990161762
2025-12-11T13:30:00+05:30,25860,25879.95,25860,25873.4,25864.418170034856,56.58794695402353
2025-12-11T13:33:00+05:30,25872.45,25886.3,25869.65,25885.1,25869.588627526144,65.38546227078677
2025-12-11T13:36:00+05:30,25884.95,25887.85,25875.05,25883.2,25872.991470644607,62.96786903666664
2025-12-11T13:39:00+05:30,25882.7,25889.8,25878.4,25885.05,25876.006102983454,64.46058515724448
2025-12-11T13:42:00+05:30,25884.6,25885.6,25873.25,25873.8,25875.45457723759,50.12589672182973
2025-12-11T13:45:00+05:30,25874,25889.4,25868.95,25888.15,25878.62843292819,62.52696398490237
2025-12-11T13:48:00+05:30,25888.5,25894.5,25881.95,25886.35,25880.55882469614,60.331650412596446
2025-12-11T13:51:00+05:30,25886.15,25891.7,25879.9,25884.4,25881.519118522105,57.76818852075725
2025-12-11T13:54:00+05:30,25884.45,25901.25,25883.85,25897.85,25885.601838891576,68.52866104338962
2025-12-11T13:57:00+05:30,25897.7,25901.85,25888.55,25890.3,25886.77637916868,58.72891025020956
2025-12-11T14:00:00+05:30,25890.65,25890.75,25879.5,25882.1,25885.60728437651,49.71973068090819
2025-12-11T14:03:00+05:30,25883.05,25883.55,25861.45,25864,25880.205463282382,35.6402751305491
2025-12-11T14:06:00+05:30,25863.9,25875.25,25860.65,25873.5,25878.529097461786,45.15107482400821
2025-12-11T14:09:00+05:30,25873.4,25881.9,25869.1,25875.3,25877.72182309634,46.886103699552066
2025-12-11T14:12:00+05:30,25875.7,25876.85,25860.6,25866.2,25874.841367322257,39.51380225842426
2025-12-11T14:15:00+05:30,25863.25,25876.35,25863.25,25873.25,25874.443525491693,47.040391585297336
2025-12-11T14:18:00+05:30,25872.55,25897.7,25869.95,25895.45,25879.69514411877,63.655187607542395
2025-12-11T14:21:00+05:30,25895.65,25897.9,25884.25,25885.75,25881.208858089078,54.87871970273451
2025-12-11T14:24:00+05:30,25885.65,25894.05,25881.45,25892.6,25884.056643566808,59.48135445925015
2025-12-11T14:27:00+05:30,25892.8,25918.05,25892.8,25916.5,25892.167482675104,71.36938466257294
2025-12-11T14:30:00+05:30,25917.1,25922.8,25904.7,25916.95,25898.36311200633,71.55272459218996
2025-12-11T14:33:00+05:30,25918,25918.8,25907.4,25911.3,25901.597334004746,65.4165625305022
2025-12-11T14:36:00+05:30,25911.55,25913.85,25902.7,25904.45,25902.31050050356,58.33994717406835
2025-12-11T14:39:00+05:30,25904.55,25906.4,25892.95,25893.55,25900.12037537767,48.583169078609586
2025-12-11T14:42:00+05:30,25895.35,25899.55,25878.9,25880.55,25895.227781533253,39.41186613541399
2025-12-11T14:45:00+05:30,25881.1,25885.55,25868.95,25872.2,25889.47083614994,34.52757848752516
2025-12-11T14:48:00+05:30,25870.75,25873,25848.3,25848.9,25879.328127112454,24.601917679891443
2025-12-11T14:51:00+05:30,25848.8,25877.7,25848.25,25867.8,25876.44609533434,40.72702772586672
2025-12-11T14:54:00+05:30,25867.9,25873.15,25862.35,25868.6,25874.484571500754,41.34648506503345
2025-12-11T14:57:00+05:30,25869.5,25879.15,25866.55,25874.25,25874.425928625566,45.99677118017246
2025-12-11T15:00:00+05:30,25874.75,25898.4,25874.75,25894.1,25879.344446469175,59.241951282339
2025-12-11T15:03:00+05:30,25894.75,25903.2,25893.25,25901.05,25884.77083485188,62.953509653901996
2025-12-11T15:06:00+05:30,25901.45,25906.35,25899.8,25901.25,25888.89062613891,63.06642584736066
2025-12-11T15:09:00+05:30,25901.85,25907.8,25899.2,25902.6,25892.31796960418,63.93215085991772
2025-12-11T15:12:00+05:30,25902.75,25904.9,25894.1,25895.45,25893.100977203136,55.84391921215425
2025-12-11T15:15:00+05:30,25895.1,25901.8,25892.65,25894.95,25893.56323290235,55.27341180135215
2025-12-11T15:18:00+05:30,25896,25903.4,25892.55,25898.4,25894.77242467676,58.672196138117286
2025-12-11T15:21:00+05:30,25897.95,25902.6,25895.95,25899.8,25896.02931850757,60.10737548743463
2025-12-11T15:24:00+05:30,25898.75,25901.9,25893.65,25894.85,25895.734488880677,52.57598417690741
2025-12-11T15:27:00+05:30,25893.65,25900.95,25891.05,25898.4,25896.400866660508,57.07603316770742
2025-12-11T15:30:00+05:30,25894.55,25898.55,25894.55,25898.55,25896.93814999538,57.27588204646206
2025-12-12T09:06:00+05:30,25971.2,25971.2,25971.2,25971.2,25915.503612496537,88.23296556761909
2025-12-12T09:15:00+05:30,25989.2,25997.85,25963.1,25987.45,25933.4902093724,90.1041064391523
2025-12-12T09:18:00+05:30,25987.85,26013.85,25983.9,26007.65,25952.0301570293,91.95856735038475
2025-12-12T09:21:00+05:30,26007.6,26012.2,25996.1,25997.8,25963.472617771975,83.09941287946654
2025-12-12T09:24:00+05:30,25997,26002.25,25978.05,25989.55,25969.991963328983,75.94966920880668
2025-12-12T09:27:00+05:30,25989.8,26010.9,25989.3,26010.15,25980.03147249674,80.76960083016542
2025-12-12T09:30:00+05:30,26009.3,26036.4,26009.3,26035.6,25993.923604372554,85.07952653340355
2025-12-12T09:33:00+05:30,26035.4,26037.15,26021.65,26024.25,26001.505203279416,76.1944772175231
2025-12-12T09:36:00+05:30,26024.15,26038.4,26024.15,26031.6,26009.028902459562,77.93536134274747
2025-12-12T09:39:00+05:30,26030.8,26035.75,26027.6,26029.85,26014.23417684467,76.38372313849513
2025-12-12T09:42:00+05:30,26029.65,26029.9,26021.45,26023.9,26016.650632633504,70.79295288992458
2025-12-12T09:45:00+05:30,26024.85,26027.25,26014.15,26018.45,26017.100474475126,65.65746993750668
2025-12-12T09:48:00+05:30,26019,26022.8,26008.5,26014.1,26016.350355856346,61.502897057668584
2025-12-12T09:51:00+05:30,26014,26018,26011.8,26012.55,26015.40026689226,59.92655387416255
2025-12-12T09:54:00+05:30,26012.25,26015,26010.4,26015,26015.300200169193,61.73512930040751
2025-12-12T09:57:00+05:30,26015.1,26020.9,26001.6,26007.55,26013.362650126895,53.214918942608385
2025-12-12T10:00:00+05:30,26006.5,26011.3,26000.65,26004.4,26011.121987595172,49.82297488307837
2025-12-12T10:03:00+05:30,26004.65,26006.4,25991.7,25993.65,26006.75399069638,39.73816371035713
2025-12-12T10:06:00+05:30,25993.95,25999.85,25972.05,25972.3,25998.140493022285,27.051137197817113
2025-12-12T10:09:00+05:30,25973.45,25981.65,25968.6,25975.8,25992.555369766713,31.249180251748882
2025-12-12T10:12:00+05:30,25976.05,25989.25,25975.15,25988.5,25991.541527325033,44.717128065514146
2025-12-12T10:15:00+05:30,25989.15,26008.25,25989.05,26002.65,25994.318645493775,55.937189756277924
2025-12-12T10:18:00+05:30,26001.8,26008.2,26000.6,26003.95,25996.726484120332,56.87532232295933
2025-12-12T10:21:00+05:30,26003.3,26005.1,25970.1,25971.1,25990.319863090248,34.942801429345664
2025-12-12T10:24:00+05:30,25971.65,25972.35,25944.75,25946.7,25979.414897317685,26.19068962600565
2025-12-12T10:27:00+05:30,25944.4,25960.65,25938.45,25960.65,25974.723672988264,36.75648732516723
2025-12-12T10:30:00+05:30,25960.3,25972.5,25957.65,25969.15,25973.3302547412,42.59780897162896
2025-12-12T10:33:00+05:30,25969,25983.45,25968.85,25979.1,25974.7726910559,49.02739367978602
2025-12-12T10:36:00+05:30,25978.9,25979.45,25965.65,25970.8,25973.779518291925,44.2083530296997
2025-12-12T10:39:00+05:30,25970.75,25973.65,25955.9,25961.6,25970.734638718943,39.222763729418205
2025-12-12T10:42:00+05:30,25961.7,25965.5,25957.75,25961.2,25968.350979039205,38.99966760642886
2025-12-12T10:45:00+05:30,25960.85,25973.6,25959,25971.15,25969.050734279404,47.64226975977959
2025-12-12T10:48:00+05:30,25971.5,25974.95,25949.75,25952.7,25964.963050709553,36.465534125339175
2025-12-12T10:51:00+05:30,25952.3,25969.6,25952.3,25962.15,25964.259788032166,44.27710588935109
2025-12-12T10:54:00+05:30,25961.95,25973.35,25958.85,25965.35,25964.532341024125,46.85834977195426
2025-12-12T10:57:00+05:30,25965.25,25966.35,25949.15,25954.9,25962.124255768096,39.829100076121364
2025-12-12T11:00:00+05:30,25955.4,25977.45,25953.3,25976.35,25965.68069182607,55.73182090365894
2025-12-12T11:03:00+05:30,25975.6,25984.75,25975.25,25976.85,25968.473018869554,56.047725380909796
2025-12-12T11:06:00+05:30,25977.4,25983.45,25973.85,25981.95,25971.842264152165,59.4880120970836
2025-12-12T11:09:00+05:30,25980.9,26000.25,25979.65,25994.85,25977.594198114122,67.0897200893337
2025-12-12T11:12:00+05:30,25994.9,25997.2,25989.1,25990.45,25980.80814858559,62.428293512667764
2025-12-12T11:15:00+05:30,25990.8,25996.85,25989.9,25990.65,25983.268611439195,62.56622094439227
2025-12-12T11:18:00+05:30,25991.75,25994.8,25989.25,25994.65,25986.113958579397,65.51972289043792
2025-12-12T11:21:00+05:30,25995,26014.95,25992,26011.9,25992.56046893455,75.31767888387301
2025-12-12T11:24:00+05:30,26013,26019.35,26012.5,26015.2,25998.22035170091,76.78970982022695
2025-12-12T11:27:00+05:30,26015.05,26016.5,26005.9,26012.95,26001.902763775684,73.31178568126523
2025-12-12T11:30:00+05:30,26013,26018.05,26011.65,26017.9,26005.902072831763,76.09114861509423
2025-12-12T11:33:00+05:30,26017.15,26020.15,26015.6,26018.4,26009.026554623822,76.38101547208922
2025-12-12T11:36:00+05:30,26018.9,26020.95,26012.6,26013.7,26010.194915967866,67.41734035044276
2025-12-12T11:39:00+05:30,26012.4,26013.3,26005.5,26008.8,26009.846186975898,58.99621993631158
2025-12-12T11:42:00+05:30,26009,26017.25,26007.35,26014.85,26011.097140231923,65.24898169337382
2025-12-12T11:45:00+05:30,26014.65,26021.2,26011.35,26013.7,26011.74785517394,63.11462382473907
2025-12-12T11:48:00+05:30,26012.6,26015.55,26008.75,26012.55,26011.948391380454,60.794533869389134
2025-12-12T11:51:00+05:30,26012.3,26031.3,26011.25,26030,26016.46129353534,76.25001536130182
2025-12-12T11:54:00+05:30,26029.6,26031.8,26023.8,26025.35,26018.683470151504,67.92525900042371
2025-12-12T11:57:00+05:30,26026,26033.6,26022.55,26028.85,26021.22510261363,70.73131708900846
2025-12-12T12:00:00+05:30,26028.3,26037.85,26027.9,26030.4,26023.518826960222,71.99706576816511
2025-12-12T12:03:00+05:30,26031.05,26031.6,26016.45,26017.3,26021.964120220167,50.47419869908664
2025-12-12T12:06:00+05:30,26017,26018.3,26009.8,26012.15,26019.510590165126,44.3881540541581
2025-12-12T12:09:00+05:30,26012.3,26017.4,25998.95,26002.5,26015.257942623844,35.1285435520346
2025-12-12T12:12:00+05:30,26003.1,26014.6,26002.05,26013.65,26014.855956967884,49.36676270501958
2025-12-12T12:15:00+05:30,26014.2,26018.35,26007.55,26014.25,26014.70446772591,50.05496719247117
2025-12-12T12:18:00+05:30,26014.9,26017.5,26008.9,26016.8,26015.228350794434,53.208412507204834
2025-12-12T12:21:00+05:30,26016.85,26021,26014.15,26018.85,26016.133763095826,55.82440150827202
2025-12-12T12:24:00+05:30,26019,26028.35,26017.55,26027.3,26018.92532232187,65.18466968087331
2025-12-12T12:27:00+05:30,26027.65,26029.5,26020.65,26023.65,26020.106491741404,58.895793136203736
2025-12-12T12:30:00+05:30,26023.05,26028.7,26019.35,26027.15,26021.86736880605,62.90005803343725
2025-12-12T12:33:00+05:30,26027.75,26037.5,26027.2,26035.5,26025.27552660454,70.81376296748223
2025-12-12T12:36:00+05:30,26035.65,26037.85,26022.7,26024.35,26025.044144953405,53.151164725118036
2025-12-12T12:39:00+05:30,26024.25,26025.15,26016.5,26019.25,26023.595608715055,46.907731813836826
2025-12-12T12:42:00+05:30,26019.35,26029.4,26015.55,26016.2,26021.74670653629,43.354516965472435
2025-12-12T12:45:00+05:30,26016.75,26022,26013.2,26017.25,26020.62252990222,45.02700374168909
2025-12-12T12:48:00+05:30,26017.65,26020.1,26011.85,26015.55,26019.354397426665,42.64848058760726
2025-12-12T12:51:00+05:30,26014.75,26021.55,26013.25,26019.4,26019.36579807,49.672678646666
2025-12-12T12:54:00+05:30,26019.75,26023.7,26018.7,26022.95,26020.2618485525,55.531600822270605
2025-12-12T12:57:00+05:30,26023.25,26024.9,26020.2,26022.25,26020.758886414376,54.083186983761124
2025-12-12T13:00:00+05:30,26022.4,26031.9,26021.05,26030.55,26023.206664810783,66.25774940737332
2025-12-12T13:03:00+05:30,26031.2,26031.55,26022.95,26024.2,26023.45499860809,53.57800298255683
2025-12-12T13:06:00+05:30,26024.55,26025.75,26009.05,26014.95,26021.328748956068,40.42925448471491
2025-12-12T13:09:00+05:30,26015.4,26027,26014.65,26024.5,26022.121561717053,54.02077322887044
2025-12-12T13:12:00+05:30,26025.45,26035.05,26024.45,26034.05,26025.10367128779,63.68676960362312
2025-12-12T13:15:00+05:30,26034.7,26035.8,26030.6,26034.8,26027.52775346584,64.37299836998358
2025-12-12T13:18:00+05:30,26034.95,26035.55,26027.6,26031.05,26028.408315099383,57.98139935707074
2025-12-12T13:21:00+05:30,26030.85,26031,26024,26025.1,26027.581236324535,48.97917668653851
2025-12-12T13:24:00+05:30,26025.15,26028.35,26019.05,26026.05,26027.198427243402,50.41327817199189
2025-12-12T13:27:00+05:30,26025.5,26027.5,26015.3,26015.4,26024.248820432553,36.86191216474253
2025-12-12T13:30:00+05:30,26015.1,26018.05,26008.95,26014.4,26021.786615324414,35.807502567860155
2025-12-12T13:33:00+05:30,26014.9,26022.5,26012.25,26021.6,26021.73996149331,48.243385769563574
2025-12-12T13:36:00+05:30,26021.25,26023.95,26017.95,26018.05,26020.817471119983,43.4062600377544
2025-12-12T13:39:00+05:30,26020.05,26027.05,26016.05,26025.75,26022.050603339987,54.8594319273601
2025-12-12T13:42:00+05:30,26026.5,26027.7,26021.45,26021.8,26021.98795250499,48.932767683767615
2025-12-12T13:45:00+05:30,26023.1,26024.65,26018.05,26022.65,26022.153464378745,50.28125781053901
2025-12-12T13:48:00+05:30,26024.8,26033.55,26023.3,26031.75,26024.55259828406,62.61237839696401
2025-12-12T13:51:00+05:30,26031.4,26032.45,26022.4,26023.05,26024.176948713044,49.044856534690496
2025-12-12T13:54:00+05:30,26024.05,26029.45,26021.2,26028.55,26025.270211534782,56.06632693272459
2025-12-12T13:57:00+05:30,26027.95,26028.7,26023.15,26025,26025.202658651087,50.795511249229165
2025-12-12T14:00:00+05:30,26025.8,26034.4,26024.2,26033,26027.151993988315,60.5468785896817
2025-12-12T14:03:00+05:30,26032.5,26049.7,26031.2,26042.2,26030.913995491235,68.83374055479175
2025-12-12T14:06:00+05:30,26042.45,26051.7,26040.95,26050.65,26035.847996618428,74.55968243281926
2025-12-12T14:09:00+05:30,26051.25,26056.3,26046.85,26047.15,26038.67349746382,68.47995839901215
2025-12-12T14:12:00+05:30,26046.85,26048.65,26041.9,26043.05,26039.767623097865,61.613706182950004
2025-12-12T14:15:00+05:30,26042.9,26045.3,26035.8,26041.15,26040.1132173234,58.44542775911224
2025-12-12T14:18:00+05:30,26042.3,26044.35,26039.35,26039.95,26040.07241299255,56.31179432925468
2025-12-12T14:21:00+05:30,26040.35,26045.5,26039.75,26040.1,26040.07930974441,56.543152205648745
2025-12-12T14:24:00+05:30,26040.3,26044.15,26029.5,26030.3,26037.63448230831,40.28302967977869
2025-12-12T14:27:00+05:30,26030.6,26035.85,26026.95,26033.7,26036.650861731232,46.50921958294972
2025-12-12T14:30:00+05:30,26034.1,26039.5,26029.15,26038.55,26037.125646298424,54.418280369254454
2025-12-12T14:33:00+05:30,26038.5,26039.4,26033.95,26036.65,26037.00673472382,50.97359251288717
2025-12-12T14:36:00+05:30,26036.6,26038.5,26023.8,26024.15,26033.792551042865,34.30585869256696
2025-12-12T14:39:00+05:30,26023.85,26027.7,26018.7,26023.2,26031.14441328215,33.33925686815435
2025-12-12T14:42:00+05:30,26022.85,26030,26021.35,26028.1,26030.38330996161,43.003098940776546
2025-12-12T14:45:00+05:30,26026.95,26028.6,26018.55,26019.25,26027.599982471205,32.940612224024505
2025-12-12T14:48:00+05:30,26018.75,26021.25,26015.8,26018.75,26025.387486853404,32.44027408957835
2025-12-12T14:51:00+05:30,26019.2,26025.15,26018.15,26020.85,26024.253115140054,37.120201929704756
2025-12-12T14:54:00+05:30,26021.2,26031.05,26020.2,26030.25,26025.752336355043,53.82421761002495
2025-12-12T14:57:00+05:30,26029.85,26031.2,26024.2,26028.5,26026.439252266282,50.88803912624343
2025-12-12T15:00:00+05:30,26026.95,26050.2,26026.95,26044.7,26031.00443919971,69.09552157816121
2025-12-12T15:03:00+05:30,26044.65,26046.4,26039.95,26043.2,26034.053329399783,66.43490685361789
2025-12-12T15:06:00+05:30,26042.9,26052.05,26042.2,26051.6,26038.439997049838,73.18170939546738
2025-12-12T15:09:00+05:30,26051.2,26057.6,26050.45,26053.95,26042.31749778738,74.83283390547635
2025-12-12T15:12:00+05:30,26053.05,26055.35,26050.5,26054.1,26045.263123340534,74.94769333040276
2025-12-12T15:15:00+05:30,26053.95,26054.5,26042.8,26047.8,26045.8973425054,61.25033362558782
2025-12-12T15:18:00+05:30,26045.1,26048.25,26041.9,26044.25,26045.48550687905,54.680617647694476
2025-12-12T15:21:00+05:30,26044.3,26049.95,26039.85,26048,26046.114130159287,59.97181261424083
2025-12-12T15:24:00+05:30,26048.15,26053.4,26047.7,26050.45,26047.198097619465,63.24290333315983
2025-12-12T15:27:00+05:30,26050.55,26050.55,26037.15,26037.15,26044.686073214598,41.67412651332354
2025-12-12T15:30:00+05:30,26043,26046.95,26042.8,26046.95,26045.252054910947,54.89734207389401
2025-12-15T09:06:00+05:30,25930.05,25930.05,25930.05,25930.05,26016.45154118321,13.212086703798676
2025-12-15T09:15:00+05:30,25959.5,26007.2,25949.5,25961,26002.588655887408,29.700421624998498
2025-12-15T09:18:00+05:30,25959.25,25965.15,25940.25,25944.45,25988.053991915556,26.55325682942629
2025-12-15T09:21:00+05:30,25943.15,25954.75,25936.85,25936.85,25975.252993936665,25.126806825014555
2025-12-15T09:24:00+05:30,25938.7,25938.8,25924.05,25930.35,25964.027245452497,23.84846850572697
2025-12-15T09:27:00+05:30,25931.15,25932.5,25913.65,25918.6,25952.67043408937,21.53759096908803
2025-12-15T09:30:00+05:30,25918.75,25924.3,25910.25,25923.4,25945.352825567028,25.001139379047288
2025-12-15T09:33:00+05:30,25924.2,25930.75,25912.9,25915.95,25938.00211917527,23.15065772765348
2025-12-15T09:36:00+05:30,25915.5,25932.7,25914.65,25932.5,25936.626589381453,35.519806879230956
2025-12-15T09:39:00+05:30,25932.25,25936.55,25919.05,25930.45,25935.082442036088,34.71240995557815
2025-12-15T09:42:00+05:30,25930.05,25936.9,25912.25,25917.15,25930.599331527068,29.616769775957707
2025-12-15T09:45:00+05:30,25916.8,25935.05,25904.75,25934.7,25931.624498645302,42.590625687709185
2025-12-15T09:48:00+05:30,25934.45,25940.15,25930.35,25939.85,25933.680873983976,45.9984928243774
2025-12-15T09:51:00+05:30,25939.95,25944.5,25930.5,25943.15,25936.04815548798,48.29306709178261
2025-12-15T09:54:00+05:30,25943,25946.55,25932.85,25940.1,25937.061116615987,46.177348422736685
2025-12-15T09:57:00+05:30,25939.6,25953,25937,25951.6,25940.69583746199,54.873877251967
2025-12-15T10:00:00+05:30,25951.9,25959.05,25949.1,25958.55,25945.15937809649,59.489041142606446
2025-12-15T10:03:00+05:30,25958.2,25958.2,25940.75,25945.95,25945.357033572367,48.909138908914976
2025-12-15T10:06:00+05:30,25945.6,25960.05,25942.6,25957.75,25948.455275179276,57.22156552737253
2025-12-15T10:09:00+05:30,25957.7,25957.7,25937.5,25944.4,25947.44145638446,47.10567959046469
2025-12-15T10:12:00+05:30,25943.45,25962.2,25941.6,25961.35,25950.918592288344,58.08246452491742
2025-12-15T10:15:00+05:30,25961.8,25968.05,25959.95,25964.35,25954.27644421626,59.80487949121431
2025-12-15T10:18:00+05:30,25964.5,25972.1,25962.6,25965.75,25957.144833162194,60.68442883685525
2025-12-15T10:21:00+05:30,25965,25972.9,25964.75,25969.6,25960.258624871647,63.263504494732864
2025-12-15T10:24:00+05:30,25969.1,25971.35,25954.55,25969.4,25962.543968653736,63.01298265868889
2025-12-15T10:27:00+05:30,25969.45,25978.1,25963.55,25976.05,25965.9204764903,67.93813393771757
2025-12-15T10:30:00+05:30,25976.1,25981.3,25976.1,25976.65,25968.602857367725,68.38132432728267
2025-12-15T10:33:00+05:30,25976.35,25977.75,25973.15,25973.8,25969.902143025793,63.515861789177066
2025-12-15T10:36:00+05:30,25973.65,25974.8,25956.55,25961.35,25967.764107269344,46.61286514892146
2025-12-15T10:39:00+05:30,25961.6,25962.9,25946.95,25954.15,25964.36058045201,39.51741473072948
2025-12-15T10:42:00+05:30,25953.8,25969.35,25953.6,25968.15,25965.307935339006,55.04209235980037
2025-12-15T10:45:00+05:30,25968.4,25975.15,25965.95,25975.15,25967.768451504257,60.89698906867095
2025-12-15T10:48:00+05:30,25975.75,25992.65,25974.85,25985.1,25972.101338628192,67.84201413141102
2025-12-15T10:51:00+05:30,25985.8,25992.15,25984.45,25990.3,25976.651003971143,70.98415657761555
2025-12-15T10:54:00+05:30,25991.3,25997.55,25989.65,25990.45,25980.100752978356,71.07925672387402
2025-12-15T10:57:00+05:30,25990.7,25992.05,25986.15,25987.25,25981.88806473377,65.71835119964172
2025-12-15T11:00:00+05:30,25987.35,25993.6,25987.05,25989.65,25983.828548550326,67.84066862426538
2025-12-15T11:03:00+05:30,25990.45,25991.25,25982.3,25984.15,25983.908911412746,58.206421622728946
2025-12-15T11:06:00+05:30,25984.05,25987.3,25977.7,25978,25982.43168355956,49.10847612759999
2025-12-15T11:09:00+05:30,25977.75,25983.4,25974.55,25982.3,25982.39876266967,54.86342136847064
2025-12-15T11:12:00+05:30,25982.5,25985.3,25979.3,25980.95,25982.036572002253,52.6813703234662
2025-12-15T11:15:00+05:30,25980.85,25982.6,25976.75,25979,25981.27742900169,49.37224991794238
2025-12-15T11:18:00+05:30,25978.95,25982.1,25971.35,25973.1,25979.233071751267,40.411832514695234
2025-12-15T11:21:00+05:30,25972.75,25973.9,25968.15,25971.2,25977.22480381345,37.832214147796115
2025-12-15T11:24:00+05:30,25971.55,25983.95,25969.9,25981.1,25978.193602860087,55.2117851523193
2025-12-15T11:27:00+05:30,25981.9,25995.55,25980.4,25991.7,25981.570202145063,66.80420667529322
2025-12-15T11:30:00+05:30,25991.15,25994.6,25984.15,25984.15,25982.215151608798,54.97930511139664
2025-12-15T11:33:00+05:30,25984.35,25984.75,25961.55,25963.05,25977.423863706597,34.86028132563517
2025-12-15T11:36:00+05:30,25962.7,25976.2,25962.35,25975,25976.817897779947,47.54372876489525
2025-12-15T11:39:00+05:30,25974.9,25975.8,25964.25,25971.35,25975.45092333496,44.45896087499412
2025-12-15T11:42:00+05:30,25971.55,25971.9,25964.65,25971,25974.33819250122,44.13857780612237
2025-12-15T11:45:00+05:30,25971.2,25979.05,25969.85,25979.05,25975.516144375917,53.19011689870813
2025-12-15T11:48:00+05:30,25979.25,26000,25977.65,25999.65,25981.549608281937,68.45181720898569
2025-12-15T11:51:00+05:30,25999.1,26016.7,25999.1,26008.6,25988.312206211453,72.92605897698115
2025-12-15T11:54:00+05:30,26008.25,26013.2,26005.55,26011.8,25994.18415465859,74.43825907122303
2025-12-15T11:57:00+05:30,26011.65,26021.25,26011.65,26016.1,25999.663115993942,76.49632299300804
2025-12-15T12:00:00+05:30,26016.2,26019.2,26010.15,26012.65,26002.90983699546,71.13526146214562
2025-12-15T12:03:00+05:30,26013,26017.1,26009.3,26010.35,26004.769877746592,67.45820303683773
2025-12-15T12:06:00+05:30,26010.5,26028.25,26008.55,26021.5,26008.952408309946,74.81975485277447
2025-12-15T12:09:00+05:30,26020.9,26023.05,26013.7,26017.2,26011.01430623246,67.90798795410231
2025-12-15T12:12:00+05:30,26017.35,26021.85,26015.8,26018.55,26012.898229674345,68.95832820197958
2025-12-15T12:15:00+05:30,26019.55,26022.65,26016.45,26019.85,26014.63617225576,70.05923933623012
2025-12-15T12:18:00+05:30,26019.8,26022.2,26014.55,26021.85,26016.43962919182,71.85109141502008
2025-12-15T12:21:00+05:30,26021.9,26027.3,26020.05,26025.05,26018.592221893865,74.67971224058877
2025-12-15T12:24:00+05:30,26025.6,26025.85,26017.6,26018,26018.4441664204,59.35039769800537
2025-12-15T12:27:00+05:30,26019,26021.8,26011.45,26018.6,26018.4831248153,60.16233573992047
2025-12-15T12:30:00+05:30,26020.1,26024.65,26017.45,26024.3,26019.937343611473,67.38305234744269
2025-12-15T12:33:00+05:30,26024.4,26027.65,26022.55,26025.85,26021.415507708603,69.15663649259746
2025-12-15T12:36:00+05:30,26025.8,26029.95,26019.95,26021.3,26021.386630781453,58.299826618698354
2025-12-15T12:39:00+05:30,26021.6,26024.3,26015.15,26015.8,26019.98997308609,47.732191160076304
2025-12-15T12:42:00+05:30,26016.9,26017.5,26007.7,26010.15,26017.529979814568,39.213405863973875
2025-12-15T12:45:00+05:30,26009.95,26010.7,26003.45,26006.4,26014.747484860927,34.45223938699287
2025-12-15T12:48:00+05:30,26005.95,26016.4,26004.8,26016.25,26015.123113645695,52.22727768805733
2025-12-15T12:51:00+05:30,26016.35,26022.85,26014.45,26017.55,26015.72983523427,54.14206733218506
2025-12-15T12:54:00+05:30,26017.85,26018.05,26008.55,26010,26014.297376425704,42.578709540866335
2025-12-15T12:57:00+05:30,26008.3,26017,26006.7,26016,26014.723032319278,52.06967861972767
2025-12-15T13:00:00+05:30,26016.2,26021.75,26015.35,26017.4,26015.392274239457,54.133430328121136
2025-12-15T13:03:00+05:30,26017.85,26031.65,26015.95,26028.8,26018.74420567959,67.44846241876557
2025-12-15T13:06:00+05:30,26028.6,26034.6,26027.9,26033.2,26022.358154259695,71.21166133166398
2025-12-15T13:09:00+05:30,26033.05,26035.4,26027.95,26033.2,26025.06861569477,71.21166133166398
2025-12-15T13:12:00+05:30,26033.75,26045,26032.45,26042.1,26029.326461771077,78.16228494555926
2025-12-15T13:15:00+05:30,26041.95,26043.95,26036.35,26037.7,26031.41984632831,68.6081313543288
2025-12-15T13:18:00+05:30,26038.2,26039.75,26028.1,26029.95,26031.052384746232,54.83459580935422
2025-12-15T13:21:00+05:30,26030.9,26034.3,26027.9,26031.75,26031.226788559674,57.164770768584546
2025-12-15T13:24:00+05:30,26031.6,26036.25,26026.6,26027.55,26030.307591419754,50.124970541483535
2025-12-15T13:27:00+05:30,26028.3,26030.3,26024.4,26025.7,26029.155693564815,47.14161151385342
2025-12-15T13:30:00+05:30,26026.5,26028.5,26023.65,26027.1,26028.64177017361,49.78053367765308
2025-12-15T13:33:00+05:30,26027.05,26035.45,26025.45,26032.6,26029.631327630206,59.131961032460936
2025-12-15T13:36:00+05:30,26031.8,26032.7,26027.5,26029.5,26029.598495722654,52.681248824391794
2025-12-15T13:39:00+05:30,26029.1,26036,26029.1,26030.6,26029.84887179199,54.72587191364653
2025-12-15T13:42:00+05:30,26031,26032.4,26023.4,26025.45,26028.749153843994,44.27602469283219
2025-12-15T13:45:00+05:30,26025.6,26031.55,26023.5,26030.25,26029.124365382995,53.85689323069148
2025-12-15T13:48:00+05:30,26030.1,26033.5,26028,26029.9,26029.318274037247,53.08051823309481
2025-12-15T13:51:00+05:30,26031.1,26032.1,26019.85,26029.85,26029.451205527934,52.95329337676865
2025-12-15T13:54:00+05:30,26030.6,26034.05,26024.8,26027.75,26029.02590414595,47.387848493932324
2025-12-15T13:57:00+05:30,26027.35,26028.6,26018.65,26022.2,26027.319428109462,35.789764915244746
2025-12-15T14:00:00+05:30,26022,26037.75,26021.85,26037,26029.739571082097,63.54670379808448
2025-12-15T14:03:00+05:30,26037.05,26038.05,26029.5,26030.35,26029.892178311573,51.80688246089189
2025-12-15T14:06:00+05:30,26030.5,26035.55,26009.2,26011.7,26025.34413373368,32.2891586374018
2025-12-15T14:09:00+05:30,26011.25,26011.95,25992.05,25993.3,26017.33310030026,22.52253022731044
2025-12-15T14:12:00+05:30,25993.35,26011.25,25990.15,26009.85,26015.462325225195,41.18936779890329
2025-12-15T14:15:00+05:30,26009.5,26013.55,26007.4,26013.25,26014.909243918897,44.400050757322155
2025-12-15T14:18:00+05:30,26011.8,26018.3,26009.05,26015.05,26014.944432939174,46.213701307281355
2025-12-15T14:21:00+05:30,26016.6,26020.35,26009.1,26010.05,26013.72082470438,41.79543070999528
2025-12-15T14:24:00+05:30,26009.8,26017.3,26008.8,26013.55,26013.678118528285,46.01077886324404
2025-12-15T14:27:00+05:30,26013.65,26019.8,26012.45,26016.65,26014.421088896215,49.769855955777956
2025-12-15T14:30:00+05:30,26016.45,26018.05,26010,26011.35,26013.65331667216,43.70075850940584
2025-12-15T14:33:00+05:30,26014.35,26016.05,26011.05,26012.25,26013.30248750412,45.028784266176466
2025-12-15T14:36:00+05:30,26012.9,26016.45,26010.9,26012.8,26013.17686562809,45.93799194926466
2025-12-15T14:39:00+05:30,26011.8,26018.9,26008.5,26018.8,26014.58264922107,55.33930622522462
2025-12-15T14:42:00+05:30,26018.85,26035.65,26017.55,26035.65,26019.849486915802,71.54934638232076
2025-12-15T14:45:00+05:30,26035.2,26046.9,26033.55,26045.95,26026.37461518685,77.39943057099302
2025-12-15T14:48:00+05:30,26046.4,26047.15,26028.05,26031.95,26027.768461390137,58.36764158186619
2025-12-15T14:51:00+05:30,26032.8,26037,26031.6,26033.95,26029.3138460426,60.00663984044025
2025-12-15T14:54:00+05:30,26034.1,26036.05,26028.95,26033.4,26030.33538453195,59.258168481551486
2025-12-15T14:57:00+05:30,26034.5,26037.75,26032.2,26036.5,26031.876538398963,62.346520434732746
2025-12-15T15:00:00+05:30,26035.1,26037.6,26029.95,26030.35,26031.494903799223,53.04068123687484
2025-12-15T15:03:00+05:30,26031.05,26031.05,26020.8,26021.7,26029.046177849417,42.60556224917912
2025-12-15T15:06:00+05:30,26021.65,26025.7,26019.55,26023.2,26027.584633387065,44.80255794271894
2025-12-15T15:09:00+05:30,26022.75,26035.8,26022.55,26032.35,26028.7759750403,56.62004470747559
2025-12-15T15:12:00+05:30,26032.9,26033.55,26027.8,26030.05,26029.094481280223,53.2751359863954
2025-12-15T15:15:00+05:30,26029.85,26029.9,26023,26024.05,26027.83336096017,45.156159791032024
2025-12-15T15:18:00+05:30,26025.2,26028.15,26018.2,26022.75,26026.562520720126,43.48115273116312
2025-12-15T15:21:00+05:30,26021.35,26025.5,26019.2,26025.5,26026.296890540096,48.22125079992329
2025-12-15T15:24:00+05:30,26025.1,26028.85,26021.3,26028.85,26026.93516790507,53.735663575018265
2025-12-15T15:27:00+05:30,26029.2,26031.55,26013.35,26014,26023.701375928802,34.65078983445606
2025-12-15T15:30:00+05:30,26015.65,26027.35,26015.65,26027.3,26024.6010319466,52.33834390354644
2025-12-16T09:06:00+05:30,25951.5,25951.5,25951.5,25951.5,26006.32577395995,18.694498987031963
2025-12-16T09:15:00+05:30,25980.75,25980.75,25923.1,25934.7,25988.419330469962,16.03005011132747
2025-12-16T09:18:00+05:30,25932.25,25944,25929.9,25938.9,25976.03949785247,19.381369178536644
2025-12-16T09:21:00+05:30,25939.15,25947.65,25933.1,25939.65,25966.94212338935,20.046167527078183
2025-12-16T09:24:00+05:30,25936.15,25936.15,25920.65,25926.55,25956.844092542015,17.16223451790644
2025-12-16T09:27:00+05:30,25927.2,25935.2,25920.1,25923.1,25948.408069406512,16.43573147327264
2025-12-16T09:30:00+05:30,25922.75,25922.75,25907.6,25913.15,25939.593552054885,14.38658873843228
2025-12-16T09:33:00+05:30,25910.55,25925,25906.6,25908.75,25931.882664041164,13.517139268135125
2025-12-16T09:36:00+05:30,25908.85,25916.65,25901.65,25911.45,25926.774498030874,17.103710711116946
2025-12-16T09:39:00+05:30,25912.7,25929.65,25910.35,25928.35,25927.168373523156,36.37282697347352
2025-12-16T09:42:00+05:30,25927.95,25930.8,25916.35,25926.65,25927.038780142368,35.40694476501076
2025-12-16T09:45:00+05:30,25926,25936.1,25920.1,25934.7,25928.954085106776,43.6706629537837
2025-12-16T09:48:00+05:30,25934.75,25942.95,25932.1,25938.95,25931.453063830082,47.785218903557876
2025-12-16T09:51:00+05:30,25939.65,25943,25930.3,25941.1,25933.86479787256,49.943200469811046
2025-12-16T09:54:00+05:30,25942.25,25943.75,25919.35,25924.6,25931.54859840442,36.453874784798
2025-12-16T09:57:00+05:30,25924.65,25931.25,25902.6,25906.1,25925.186448803317,26.93694630939831
2025-12-16T10:00:00+05:30,25906.05,25906.1,25885.2,25887.4,25915.739836602486,20.59601581990961
2025-12-16T10:03:00+05:30,25887.05,25898.9,25879.3,25894.55,25910.442377451865,28.141608350082578
2025-12-16T10:06:00+05:30,25894.8,25900.05,25891.7,25896.6,25906.9817830889,30.355382052704726
2025-12-16T10:09:00+05:30,25896.65,25897.1,25887.3,25890.4,25902.836337316676,27.37919004530184
2025-12-16T10:12:00+05:30,25890.05,25893.9,25882.15,25892.85,25900.339752987507,30.519754919255888
2025-12-16T10:15:00+05:30,25892.45,25901.25,25888.15,25901.2,25900.55481474063,40.71421913474179
2025-12-16T10:18:00+05:30,25901.15,25915.05,25899.3,25914.45,25904.028611055473,53.37815523449866
2025-12-16T10:21:00+05:30,25914.85,25917.9,25909.3,25910.35,25905.608958291603,49.55664660165794
2025-12-16T10:24:00+05:30,25910.3,25922.7,25906.75,25920.25,25909.269218718702,58.02274720434283
2025-12-16T10:27:00+05:30,25919.55,25920.55,25906.75,25910.45,25909.56441403903,48.602255532471204
2025-12-16T10:30:00+05:30,25909.95,25919.35,25908.3,25915.65,25911.085810529272,53.29633367331402
2025-12-16T10:33:00+05:30,25914.9,25915.45,25904.05,25905.8,25909.764357896955,44.34598016318712
2025-12-16T10:36:00+05:30,25904.2,25914.85,25899.65,25914.2,25910.873268422714,52.3135785100545
2025-12-16T10:39:00+05:30,25914.1,25915.45,25902.9,25906.8,25909.854951317036,45.60349068693877
2025-12-16T10:42:00+05:30,25906.3,25908,25898.15,25905.3,25908.716213487776,44.26090985739594
2025-12-16T10:45:00+05:30,25904.85,25906.5,25898.7,25905.95,25908.024660115832,45.07834788069438
2025-12-16T10:48:00+05:30,25905.5,25907.7,25897.4,25898.7,25905.693495086874,37.85428598540034
2025-12-16T10:51:00+05:30,25898.8,25906.4,25897.5,25903.35,25905.107621315154,44.50856708375791
2025-12-16T10:54:00+05:30,25903.65,25911.5,25891.6,25891.6,25901.730715986363,33.829800369254215
2025-12-16T10:57:00+05:30,25891.5,25902.55,25890.85,25900.15,25901.335536989773,45.02684023203386
2025-12-16T11:00:00+05:30,25899.75,25900.35,25891.3,25899.7,25900.92665274233,44.56380268284793
2025-12-16T11:03:00+05:30,25899.1,25903.4,25894.4,25899.8,25900.64498955675,44.711209004346784
2025-12-16T11:06:00+05:30,25899.85,25910.35,25897.9,25906.65,25902.14624216756,54.401017421268314
2025-12-16T11:09:00+05:30,25907.7,25908.25,25901.3,25902.55,25902.24718162567,48.469245653312484
2025-12-16T11:12:00+05:30,25902.35,25902.75,25893.75,25898.8,25901.38538621925,43.417552642633865
2025-12-16T11:15:00+05:30,25898.25,25900.1,25892.6,25896,25900.03903966444,39.80372099579589
2025-12-16T11:18:00+05:30,25896.1,25906.3,25893.7,25902.1,25900.55427974833,50.314818228312326
2025-12-16T11:21:00+05:30,25902.8,25911.2,25896.95,25907.25,25902.22820981125,57.60612979508663
2025-12-16T11:24:00+05:30,25906.4,25908.65,25893.35,25900.65,25901.83365735844,47.24087068398046
2025-12-16T11:27:00+05:30,25900.75,25907.1,25899.85,25905.45,25902.737743018828,54.228790943111484
2025-12-16T11:30:00+05:30,25905.7,25907.65,25896.45,25898.3,25901.62830726412,44.0821046006975
2025-12-16T11:33:00+05:30,25898.35,25898.35,25880.55,25882.85,25896.93373044809,29.95323804487103
2025-12-16T11:36:00+05:30,25882.55,25887.7,25877.25,25882.8,25893.400297836066,29.917034436848922
2025-12-16T11:39:00+05:30,25882.85,25886.15,25878.6,25882.25,25890.61272337705,29.46007111602121
2025-12-16T11:42:00+05:30,25881.55,25883.1,25872.6,25875.1,25886.734542532788,23.918976824926673
2025-12-16T11:45:00+05:30,25875.65,25881.1,25871.2,25877.1,25884.32590689959,28.318824218813333
2025-12-16T11:48:00+05:30,25876,25882.6,25874.2,25881.3,25883.56943017469,37.214639305641285
2025-12-16T11:51:00+05:30,25881.1,25885.85,25879.5,25883.5,25883.55207263102,41.640638572570204
2025-12-16T11:54:00+05:30,25883.9,25891,25879.6,25882.45,25883.276554473265,40.067877716360634
2025-12-16T11:57:00+05:30,25881.55,25882.35,25873,25876.05,25881.46991585495,31.584685122565887
2025-12-16T12:00:00+05:30,25876.3,25878.45,25871.8,25873.35,25879.439936891213,28.603973667601082
2025-12-16T12:03:00+05:30,25872.9,25879.3,25870.45,25878.2,25879.12995266841,40.39271616616468
2025-12-16T12:06:00+05:30,25878.3,25886,25877.05,25883.75,25880.284964501305,51.159207128783535
2025-12-16T12:09:00+05:30,25884.55,25885.85,25878.25,25884.85,25881.42622337598,53.11730289131371
2025-12-16T12:12:00+05:30,25885.35,25890.65,25882.95,25887.5,25882.944667531985,57.86510998530498
2025-12-16T12:15:00+05:30,25887.05,25890.9,25882.2,25888.45,25884.32100064899,59.57721813988698
2025-12-16T12:18:00+05:30,25887.15,25893.9,25886.35,25892.25,25886.303250486744,66.02057440779359
2025-12-16T12:21:00+05:30,25892.95,25897.2,25888.8,25890.8,25887.42743786506,61.646129449733294
2025-12-16T12:24:00+05:30,25891.05,25900.45,25888.8,25898.2,25890.120578398793,72.49645626845071
2025-12-16T12:27:00+05:30,25898.5,25908.5,25897.25,25906.15,25894.127933799096,79.69590761202983
2025-12-16T12:30:00+05:30,25905.6,25914.45,25895.15,25908.1,25897.620950349323,81.11084598956151
2025-12-16T12:33:00+05:30,25908.05,25908.05,25902.65,25907.35,25900.05321276199,78.65141891923807
2025-12-16T12:36:00+05:30,25907.3,25907.55,25883.15,25888.7,25897.214909571492,41.84322402746418
2025-12-16T12:39:00+05:30,25888.25,25897.1,25884.85,25896.7,25897.08618217862,52.87915485105771
2025-12-16T12:42:00+05:30,25897.15,25897.25,25880.25,25894.35,25896.402136633966,49.6502534627206
2025-12-16T12:45:00+05:30,25893.7,25894,25877.65,25880.4,25892.401602475475,34.89404628423347
2025-12-16T12:48:00+05:30,25881,25884.45,25876.15,25884.45,25890.413701856607,40.84855876922413
2025-12-16T12:51:00+05:30,25884.55,25900.4,25882.6,25900.4,25892.910276392457,58.35054340828518
2025-12-16T12:54:00+05:30,25899.6,25900.85,25876.75,25887.45,25891.545207294344,45.576720055149686
2025-12-16T12:57:00+05:30,25886.25,25901,25878.25,25898.75,25893.34640547076,55.495073005166766
2025-12-16T13:00:00+05:30,25898.9,25899.2,25888.4,25890.4,25892.60980410307,47.959979330636145
2025-12-16T13:03:00+05:30,25889.95,25891,25876.95,25878.45,25889.069853077304,39.096565017411635
2025-12-16T13:06:00+05:30,25877.45,25882.95,25875.85,25881.1,25887.07738980798,41.87566895264134
2025-12-16T13:09:00+05:30,25880.95,25887.2,25880.05,25886.95,25887.045542355983,47.98820741905447
2025-12-16T13:12:00+05:30,25887.25,25893.25,25882.65,25886.85,25886.996656766987,47.88777377768031
2025-12-16T13:15:00+05:30,25887.65,25895.35,25882.05,25894.85,25888.95999257524,56.40368688359852
2025-12-16T13:18:00+05:30,25895.3,25896.7,25876.3,25887.35,25888.55749443143,47.851031636831515
2025-12-16T13:21:00+05:30,25888.25,25888.45,25883.4,25885.7,25887.84312082357,46.05847654290705
2025-12-16T13:24:00+05:30,25886.25,25889.75,25883.1,25885.5,25887.257340617678,45.815765800664686
2025-12-16T13:27:00+05:30,25885.55,25888.65,25882.6,25885.3,25886.76800546326,45.53581652531171
2025-12-16T13:30:00+05:30,25885.6,25894.65,25884.7,25892.3,25888.151004097443,56.411391698119516
2025-12-16T13:33:00+05:30,25892.7,25897.65,25891.05,25897.15,25890.40075307308,62.469248299335334
2025-12-16T13:36:00+05:30,25897.05,25904.65,25895.45,25900.9,25893.02556480481,66.65020331620323
2025-12-16T13:39:00+05:30,25900.4,25916.25,25897.8,25912.9,25897.99417360361,76.44615784123731
2025-12-16T13:42:00+05:30,25912.8,25912.8,25899.8,25905.15,25899.783130202708,62.59305744503517
2025-12-16T13:45:00+05:30,25904.95,25925.25,25903.25,25921.2,25905.13734765203,73.98385962991938
2025-12-16T13:48:00+05:30,25922.5,25929.15,25915.5,25920.85,25909.065510739023,73.41510191537192
2025-12-16T13:51:00+05:30,25921.05,25922.45,25915.65,25919,25911.549133054268,70.09225143055085
2025-12-16T13:54:00+05:30,25919.45,25920.95,25906.65,25912.6,25911.8118497907,59.26583270155705
2025-12-16T13:57:00+05:30,25913.3,25918.8,25894.45,25897.25,25908.171387343027,41.380824460774726
2025-12-16T14:00:00+05:30,25897.2,25899.4,25890,25895.9,25905.10354050727,40.137992037669925
2025-12-16T14:03:00+05:30,25895.35,25899.3,25891.05,25898.35,25903.41515538045,43.71705512574556
2025-12-16T14:06:00+05:30,25898.6,25909.75,25879.8,25888.75,25899.748866535338,34.33314907768565
2025-12-16T14:09:00+05:30,25889.15,25890.85,25882.75,25883.55,25895.699149901502,30.232224717535047
2025-12-16T14:12:00+05:30,25884.05,25888.4,25875.9,25883.25,25892.586862426127,29.991109096853705
2025-12-16T14:15:00+05:30,25883.8,25884.55,25879.6,25881.55,25889.827646819595,28.488982175098002
2025-12-16T14:18:00+05:30,25881.8,25883.85,25856,25858.6,25882.020735114696,15.92586045825773
2025-12-16T14:21:00+05:30,25859.6,25865.95,25848.4,25865.6,25877.915551336024,27.329441915674224
2025-12-16T14:24:00+05:30,25864.95,25872.8,25854.3,25859.05,25873.199163502017,23.804669764303938
2025-12-16T14:27:00+05:30,25858.6,25873.85,25851.15,25868.75,25872.08687262651,37.68945218703927
2025-12-16T14:30:00+05:30,25868.95,25870.35,25854.35,25856.4,25868.165154469883,29.660902532408073
2025-12-16T14:33:00+05:30,25856.75,25863.35,25848.15,25856.7,25865.298865852412,30.082988791794335
2025-12-16T14:36:00+05:30,25855.85,25862.6,25853.35,25861.45,25864.336649389308,37.05972356757451
2025-12-16T14:39:00+05:30,25862,25867.4,25858.75,25864.95,25864.489987041983,42.032249220736375
2025-12-16T14:42:00+05:30,25863.65,25872.2,25862.95,25865.9,25864.842490281488,43.447084041094236
2025-12-16T14:45:00+05:30,25866.45,25876.2,25859,25876.2,25867.681867711115,56.78796287305466
2025-12-16T14:48:00+05:30,25876.35,25879.25,25860.75,25872.35,25868.848900783334,51.49095433976087
2025-12-16T14:51:00+05:30,25871.85,25891.7,25871.45,25879.8,25871.5866755875,59.92908065422029
2025-12-16T14:54:00+05:30,25879.6,25902.05,25876.3,25890,25876.190006690624,68.64197868241578
2025-12-16T14:57:00+05:30,25890.25,25893.5,25878.55,25883.8,25878.09250501797,59.4717100414218
2025-12-16T15:00:00+05:30,25885,25896.85,25870.8,25871.5,25876.444378763477,45.42567208992308
2025-12-16T15:03:00+05:30,25872.3,25883.75,25862.15,25864.55,25873.470784072608,39.3059927843097
2025-12-16T15:06:00+05:30,25867.4,25880.8,25862.35,25871.25,25872.915588054457,47.2921745298786
2025-12-16T15:09:00+05:30,25871.2,25871.2,25856.85,25858.55,25869.324191040843,36.63265782154965
2025-12-16T15:12:00+05:30,25859.35,25864.4,25854.75,25856.05,25866.00564328063,34.829717860110435
2025-12-16T15:15:00+05:30,25858.75,25858.75,25850.4,25851.25,25862.316732460473,31.37118592308012
2025-12-16T15:18:00+05:30,25853.05,25853.05,25839.6,25841.45,25857.100049345354,25.37048221113477
2025-12-16T15:21:00+05:30,25843.5,25854.35,25834.35,25850.1,25855.350037009015,37.651493329893945
2025-12-16T15:24:00+05:30,25853.05,25857.85,25848.15,25852.85,25854.725027756762,41.238091773177985
2025-12-16T15:27:00+05:30,25856.7,25856.8,25840.6,25851.35,25853.881270817572,39.78180618478901
2025-12-16T15:30:00+05:30,25852.1,25860.1,25852.1,25860.1,25855.435953113178,51.44993879356959
2025-12-17T09:06:00+05:30,25902.4,25902.4,25902.4,25902.4,25867.176964834885,76.80172119913996
2025-12-17T09:15:00+05:30,25904.15,25904.15,25855.65,25882.3,25870.957723626165,59.56014570532678
2025-12-17T09:18:00+05:30,25883.55,25886.45,25867.8,25884.15,25874.255792719625,60.512049481006294
2025-12-17T09:21:00+05:30,25883.9,25914.85,25881.1,25910.55,25883.329344539718,71.62994582224493
2025-12-17T09:24:00+05:30,25909.95,25924.9,25909.4,25916.05,25891.509508404786,73.44703641045399
2025-12-17T09:27:00+05:30,25914.5,25921.2,25903.3,25903.3,25894.45713130359,62.60268337088364
2025-12-17T09:30:00+05:30,25903.5,25910.2,25894.8,25909.6,25898.24284847769,65.53608255339407
2025-12-17T09:33:00+05:30,25909.65,25927.5,25909.2,25926.7,25905.357136358267,72.39329557598722
2025-12-17T09:36:00+05:30,25926.05,25929.15,25916.85,25917.7,25908.4428522687,64.51169144983794
2025-12-17T09:39:00+05:30,25918.1,25918.65,25909.85,25913.5,25909.707139201528,60.90175427940362
2025-12-17T09:42:00+05:30,25913.15,25914,25878.1,25880.8,25902.480354401145,40.378173469618794
2025-12-17T09:45:00+05:30,25880.2,25890,25876.1,25878.25,25896.42276580086,39.177032213580084
2025-12-17T09:48:00+05:30,25875.9,25875.9,25859,25861.85,25887.779574350643,32.02826325413902
2025-12-17T09:51:00+05:30,25861.7,25865,25851.35,25854,25879.334680762982,29.066408862595367
2025-12-17T09:54:00+05:30,25853.3,25872.3,25853.3,25871.6,25877.401010572237,42.882605448532004
2025-12-17T09:57:00+05:30,25872,25878.45,25865.6,25868.45,25875.163257929176,41.20670164912746
2025-12-17T10:00:00+05:30,25868.25,25871.05,25859.8,25861.7,25871.79744344688,37.53902593682595
2025-12-17T10:03:00+05:30,25862.5,25862.5,25839.8,25844.2,25864.89808258516,29.576499117190465
2025-12-17T10:06:00+05:30,25844.65,25845.35,25823.95,25833.05,25856.93606193887,25.54827921369875
2025-12-17T10:09:00+05:30,25832.9,25839.75,25829.8,25831.05,25850.464546454154,24.84029262658605
2025-12-17T10:12:00+05:30,25830.95,25843.25,25829.3,25841.05,25848.110909840616,35.29927264065621
2025-12-17T10:15:00+05:30,25840.15,25841.15,25830.1,25831.6,25843.983182380463,30.603997858635594
2025-12-17T10:18:00+05:30,25833.85,25851.75,25832.85,25844.2,25844.03738678535,42.501080239277485
2025-12-17T10:21:00+05:30,25844.35,25846.65,25828.7,25829.6,25840.428040089013,34.50440199051563
2025-12-17T10:24:00+05:30,25829.15,25830.55,25821.45,25828.6,25837.471030066758,33.99331235667181
2025-12-17T10:27:00+05:30,25828.4,25830.8,25809.1,25813.2,25831.40327255007,26.848249507803203
2025-12-17T10:30:00+05:30,25813.65,25818.45,25811.05,25815.6,25827.452454412552,29.54094171335217
2025-12-17T10:33:00+05:30,25815.3,25829.9,25814.25,25814.25,25824.151840809413,28.844171814622342
2025-12-17T10:36:00+05:30,25814.45,25818.45,25811.65,25812.35,25821.20138060706,27.768728173654182
2025-12-17T10:39:00+05:30,25812.2,25817.15,25811.45,25813.65,25819.313535455294,29.856362395453843
2025-12-17T10:42:00+05:30,25814.3,25825,25814.25,25819.05,25819.24765159147,38.473944252812025
2025-12-17T10:45:00+05:30,25819.6,25828.65,25815,25828.15,25821.473238693605,50.4438141095272
2025-12-17T10:48:00+05:30,25828.2,25834.9,25827.45,25829.8,25823.554929020203,52.402669133166086
2025-12-17T10:51:00+05:30,25829.95,25829.95,25818.25,25823.3,25823.491196765153,44.34632107979935
2025-12-17T10:54:00+05:30,25823.45,25825.7,25805.3,25805.7,25819.043397573863,29.849607962390465
2025-12-17T10:57:00+05:30,25805.85,25821.7,25801.8,25819.5,25819.157548180396,45.998163608817386
2025-12-17T11:00:00+05:30,25819.95,25829.6,25813.05,25828.65,25821.530661135297,54.16078337201171
2025-12-17T11:03:00+05:30,25829.6,25830.25,25818.75,25824.55,25822.285495851473,50.19447475086702
2025-12-17T11:06:00+05:30,25824.95,25836.7,25822.75,25832.65,25824.876621888605,57.387145005209725
2025-12-17T11:09:00+05:30,25833.4,25835.25,25828.15,25830.9,25826.382466416453,55.37156857107518
2025-12-17T11:12:00+05:30,25831.45,25843.6,25831.3,25842.75,25830.47434981234,65.06491175210729
2025-12-17T11:15:00+05:30,25842.05,25850.75,25842.05,25850,25835.355762359253,69.75407434721532
2025-12-17T11:18:00+05:30,25849.85,25850.25,25831.95,25832.4,25834.61682176944,50.54094020205974
2025-12-17T11:21:00+05:30,25832.15,25837.65,25826.2,25826.75,25832.65011632708,45.81469741751693
2025-12-17T11:24:00+05:30,25826.6,25830.9,25821.5,25822.7,25830.16258724531,42.491698733493664
2025-12-17T11:27:00+05:30,25822.8,25823.5,25812.8,25814.55,25826.259440433983,36.30886710066097
2025-12-17T11:30:00+05:30,25815.15,25822.75,25807.15,25813.3,25823.019580325486,35.38750061613325
2025-12-17T11:33:00+05:30,25813,25816,25806.7,25814.65,25820.927185244116,37.38938158321034
2025-12-17T11:36:00+05:30,25814.75,25820.4,25814.7,25817.1,25819.970388933085,41.24376383406014
2025-12-17T11:39:00+05:30,25816.6,25831.3,25816.3,25830.55,25822.615291699814,57.859222189430234
2025-12-17T11:42:00+05:30,25830.2,25834.4,25827.05,25827.95,25823.94896877486,54.390426836051915
2025-12-17T11:45:00+05:30,25828.3,25842.7,25824.45,25841.75,25828.399226581147,66.73852596992344
2025-12-17T11:48:00+05:30,25842.75,25851.3,25838.3,25849.7,25833.72441993586,71.85908269297114
2025-12-17T11:51:00+05:30,25849.4,25850.4,25822.85,25830.15,25832.830814951896,49.844187105400245
2025-12-17T11:54:00+05:30,25830.45,25833.4,25823.65,25824.65,25830.785611213923,45.290103573121776
2025-12-17T11:57:00+05:30,25824.9,25828.65,25816.25,25817.35,25827.426708410443,39.676669291688796
2025-12-17T12:00:00+05:30,25817.4,25818.1,25796.6,25797.55,25819.95753130783,28.499132852920866
2025-12-17T12:03:00+05:30,25797.25,25807.25,25796.3,25807.15,25816.755648480874,38.32699056618647
2025-12-17T12:06:00+05:30,25807.1,25808.5,25792.6,25793.3,25810.891736360656,31.125946777474553
2025-12-17T12:09:00+05:30,25793.45,25808.55,25789.05,25808.4,25810.268802270493,44.41075948726747
2025-12-17T12:12:00+05:30,25807.3,25808.2,25795.1,25796.4,25806.80160170287,37.67345292084763
2025-12-17T12:15:00+05:30,25796.25,25803.4,25794.55,25802.05,25805.613701277154,42.467734896858
2025-12-17T12:18:00+05:30,25801.6,25809.15,25800.1,25806.1,25805.735275957864,45.94501459924371
2025-12-17T12:21:00+05:30,25806.25,25807.45,25801.95,25804.65,25805.4639569684,44.813661043517826
2025-12-17T12:24:00+05:30,25805.15,25806.45,25790.25,25790.85,25801.8104677263,35.191796063687676
2025-12-17T12:27:00+05:30,25791,25792.55,25784.95,25786.1,25797.882850794726,32.39839293916641
2025-12-17T12:30:00+05:30,25785.7,25795.85,25785.7,25790.1,25795.937138096044,37.2888569839222
2025-12-17T12:33:00+05:30,25790.5,25795.7,25787.6,25791.75,25794.89035357203,39.39867929886304
2025-12-17T12:36:00+05:30,25791.45,25792.65,25783.75,25786.2,25792.717765179023,34.80371074194471
2025-12-17T12:39:00+05:30,25787.05,25791,25785,25787.45,25791.400823884265,36.74226662894775
2025-12-17T12:42:00+05:30,25787.1,25795.15,25784.6,25793.95,25792.0381179132,46.40933381609046
2025-12-17T12:45:00+05:30,25795.3,25802.15,25791.9,25801.25,25794.3410884349,55.349811104449586
2025-12-17T12:48:00+05:30,25801.5,25811.7,25792.15,25808.4,25797.855816326177,62.49882851181846
2025-12-17T12:51:00+05:30,25809.4,25812.85,25799.75,25799.75,25798.329362244633,50.978454598466115
2025-12-17T12:54:00+05:30,25800.65,25800.9,25780.8,25785.25,25795.059521683474,37.470653662528825
2025-12-17T12:57:00+05:30,25785.1,25786.45,25780.4,25783.6,25792.194641262606,36.19733440417248
2025-12-17T13:00:00+05:30,25783.2,25791.4,25779.55,25789.2,25791.445980946955,43.76410430315583
2025-12-17T13:03:00+05:30,25788.75,25802.5,25787.9,25800.95,25793.821985710216,56.41689899525904
2025-12-17T13:06:00+05:30,25802.5,25802.5,25795.85,25799.9,25795.341489282662,55.123862719877415
2025-12-17T13:09:00+05:30,25799.85,25801,25785.7,25797.3,25795.831116961996,51.70069101184657
2025-12-17T13:12:00+05:30,25797.5,25798.75,25789.9,25791.4,25794.723337721498,44.400960028557385
2025-12-17T13:15:00+05:30,25791.45,25795,25788.65,25792.3,25794.117503291123,45.76377608013207
2025-12-17T13:18:00+05:30,25791.9,25804.8,25791.25,25802.3,25796.163127468342,58.841536598049856
2025-12-17T13:21:00+05:30,25801.25,25807.05,25799.65,25803,25797.872345601256,59.63637515426565
2025-12-17T13:24:00+05:30,25804.4,25819.65,25803.2,25819.35,25803.24175920094,73.55360416667811
2025-12-17T13:27:00+05:30,25818.75,25826.15,25810.85,25811.4,25805.281319400707,61.52047788626415
2025-12-17T13:30:00+05:30,25811.45,25815.5,25799.45,25800.2,25804.01098955053,48.48375467688463
2025-12-17T13:33:00+05:30,25800.5,25802.75,25794.55,25795.8,25801.9582421629,44.191649098250586
2025-12-17T13:36:00+05:30,25795.5,25796.6,25788.95,25790.3,25799.043681622174,39.13877803576009
2025-12-17T13:39:00+05:30,25790.25,25795.15,25788.75,25789.45,25796.645261216632,38.348197729552176
2025-12-17T13:42:00+05:30,25789.15,25789.65,25781.75,25786.55,25794.121445912475,35.494392444320766
2025-12-17T13:45:00+05:30,25786.5,25795.85,25786.5,25792.65,25793.75358443436,45.45552603193404
2025-12-17T13:48:00+05:30,25792.75,25796.6,25788.45,25790.15,25792.85268832577,42.33004419424848
2025-12-17T13:51:00+05:30,25790,25794.2,25787.2,25793.4,25792.989516244328,47.77618684280069
2025-12-17T13:54:00+05:30,25793.65,25794.65,25780.9,25782.35,25790.329637183248,34.75648695062064
2025-12-17T13:57:00+05:30,25782.4,25797.5,25782.25,25796.1,25791.772227887435,53.251186846175244
2025-12-17T14:00:00+05:30,25795.45,25798.4,25788.55,25789.65,25791.241670915577,46.09947886585913
2025-12-17T14:03:00+05:30,25788.7,25797.55,25787,25796.55,25792.568753186682,53.83713463511957
2025-12-17T14:06:00+05:30,25796.2,25798.65,25794.45,25795.65,25793.339064890013,52.68619256745242
2025-12-17T14:09:00+05:30,25795.5,25796.5,25788.1,25789.7,25792.42929866751,45.22849290986012
2025-12-17T14:12:00+05:30,25789.2,25800.25,25787.5,25798.55,25793.959474000632,56.02906718407375
2025-12-17T14:15:00+05:30,25798.5,25818.1,25797.25,25816.4,25799.569605500474,69.96555867771825
2025-12-17T14:18:00+05:30,25816.75,25832.65,25811.55,25812.45,25802.789704125356,64.67355458785903
2025-12-17T14:21:00+05:30,25813,25815.35,25804.5,25807.1,25803.867278094018,57.769020972818296
2025-12-17T14:24:00+05:30,25806.35,25807.45,25794.1,25797,25802.15045857051,46.7713257753708
2025-12-17T14:27:00+05:30,25797.1,25799.85,25787.7,25791.75,25799.550343927884,41.93048021879261
2025-12-17T14:30:00+05:30,25791.65,25799.9,25791,25798.8,25799.362757945913,50.032700205871635
2025-12-17T14:33:00+05:30,25796.85,25819.65,25796.85,25812.45,25802.634568459434,62.00699120932395
2025-12-17T14:36:00+05:30,25812.75,25813.45,25778.25,25778.4,25796.575926344576,36.530113468336275
2025-12-17T14:39:00+05:30,25779.95,25790.4,25770.35,25788.35,25794.519444758433,44.328286811881924
2025-12-17T14:42:00+05:30,25789.9,25794.35,25783.9,25792.6,25794.039583568825,47.54020441646504
2025-12-17T14:45:00+05:30,25793.25,25799.6,25790.9,25791.95,25793.517187676618,47.055793273025365
2025-12-17T14:48:00+05:30,25791.7,25813.7,25790.95,25807.65,25797.050390757464,58.866625604811325
2025-12-17T14:51:00+05:30,25806.35,25823.7,25802.8,25811.9,25800.762793068097,61.57385433729074
2025-12-17T14:54:00+05:30,25811.55,25816.05,25804.75,25807.3,25802.397094801072,56.84919376700497
2025-12-17T14:57:00+05:30,25807.35,25815.55,25807.35,25813.7,25805.222821100804,61.62837399158624
2025-12-17T15:00:00+05:30,25813.8,25831.55,25813.8,25822.05,25809.429615825604,67.164014078209
2025-12-17T15:03:00+05:30,25821.8,25827.65,25821.2,25825.1,25813.3472118692,69.06577960864058
2025-12-17T15:06:00+05:30,25824.35,25825.7,25818,25819.25,25814.8229089019,61.14172573237038
2025-12-17T15:09:00+05:30,25818.8,25821.5,25816.6,25818.25,25815.679681676425,59.77403470995733
2025-12-17T15:12:00+05:30,25818.2,25820,25815.2,25816.35,25815.847261257317,56.950158644569086
2025-12-17T15:15:00+05:30,25816.25,25817.15,25811.7,25812.8,25815.085445942987,51.63297398360843
2025-12-17T15:18:00+05:30,25812.6,25815.3,25809.2,25812.55,25814.451584457238,51.23991866080529
2025-12-17T15:21:00+05:30,25812.15,25822.55,25811.75,25822.25,25816.401188342927,63.73614806834405
2025-12-17T15:24:00+05:30,25821.95,25830.2,25821.95,25829,25819.550891257197,69.98180316152383
2025-12-17T15:27:00+05:30,25828.15,25835.75,25821.4,25822.65,25820.3256684429,58.85642707453264
2025-12-17T15:30:00+05:30,25821.8,25822.05,25818.35,25818.55,25819.881751332174,52.56197192229034
2025-12-18T09:06:00+05:30,25764.7,25764.7,25764.7,25764.7,25806.08631349913,19.919264051175247
2025-12-18T09:15:00+05:30,25768.9,25827.15,25762.45,25782.5,25800.189735124346,35.392425293402
2025-12-18T09:18:00+05:30,25784.25,25792.7,25770.2,25777.5,25794.517301343258,33.2847984615709
2025-12-18T09:21:00+05:30,25778.85,25792.2,25776.05,25789.65,25793.300476007444,42.921131733025284
2025-12-18T09:24:00+05:30,25790.4,25804.35,25790.05,25794.55,25793.61285700558,46.55336685225064
2025-12-18T09:27:00+05:30,25795.65,25803.65,25780.05,25780.05,25790.222142754184,38.16808472768412
2025-12-18T09:30:00+05:30,25780.15,25795.45,25774.9,25786.2,25789.21660706564,43.22812233754684
2025-12-18T09:33:00+05:30,25786.95,25787.95,25770.9,25771.65,25784.824955299227,35.26296230721165
2025-12-18T09:36:00+05:30,25772,25787.6,25770.8,25778.2,25783.16871647442,40.97497795075469
2025-12-18T09:39:00+05:30,25778.6,25779.05,25765.5,25765.6,25778.776537355814,34.20220253446065
2025-12-18T09:42:00+05:30,25765.2,25768.05,25742.6,25745.1,25770.35740301686,26.034108022322044
2025-12-18T09:45:00+05:30,25745.6,25747.75,25726.3,25733,25761.018052262647,22.35734814062843
2025-12-18T09:48:00+05:30,25734.1,25742.05,25732.95,25740.65,25755.926039196987,29.68238099767919
2025-12-18T09:51:00+05:30,25740.7,25752.6,25738.45,25747.3,25753.76952939774,35.822786772821885
2025-12-18T09:54:00+05:30,25748,25756.25,25745.75,25748.15,25752.364647048307,36.64775832223718
2025-12-18T09:57:00+05:30,25748.35,25755.8,25742.55,25748.75,25751.46098528623,37.3113881292777
2025-12-18T10:00:00+05:30,25748.7,25750.7,25736.8,25746.8,25750.295738964673,35.8860443090888
2025-12-18T10:03:00+05:30,25746.75,25751.95,25736.7,25750.95,25750.459304223506,41.440434099431535
2025-12-18T10:06:00+05:30,25751.9,25768.15,25750.15,25767.8,25754.79447816763,58.47947695290006
2025-12-18T10:09:00+05:30,25767.95,25782.65,25767.8,25782.4,25761.695858625724,67.91639607540765
2025-12-18T10:12:00+05:30,25782.75,25797.5,25780.95,25791.15,25769.05939396929,72.31586594421108
2025-12-18T10:15:00+05:30,25792.3,25815.15,25785.65,25811.75,25779.73204547697,79.89002839581403
2025-12-18T10:18:00+05:30,25811.3,25830.95,25807.1,25819.9,25789.774034107726,82.14481388659722
2025-12-18T10:21:00+05:30,25819.85,25840.25,25816.05,25837.1,25801.605525580795,86.00762057819637
2025-12-18T10:24:00+05:30,25839.4,25841.5,25824.6,25825.05,25807.466644185595,73.08445279399697
2025-12-18T10:27:00+05:30,25825,25834.5,25819.85,25829.75,25813.037483139196,74.80699407775822
2025-12-18T10:30:00+05:30,25830.55,25840.7,25826.7,25839.05,25819.540612354398,78.04990298776397
2025-12-18T10:33:00+05:30,25839.5,25857.65,25839.4,25848.9,25826.880459265798,81.062119617671
2025-12-18T10:36:00+05:30,25849,25849,25836.75,25840.9,25830.38534444935,71.73435645691482
2025-12-18T10:39:00+05:30,25841.85,25852.6,25839.75,25851.1,25835.564008337013,75.86537451392422
2025-12-18T10:42:00+05:30,25851.8,25863.95,25851.05,25852.4,25839.77300625276,76.3786990213257
2025-12-18T10:45:00+05:30,25852.85,25858.85,25852.05,25858.15,25844.36725468957,78.714842853565
2025-12-18T10:48:00+05:30,25857.95,25857.95,25840.65,25841.15,25843.562941017175,58.6927974950842
2025-12-18T10:51:00+05:30,25841.55,25844.55,25836.45,25843.4,25843.52220576288,60.253883726075905
2025-12-18T10:54:00+05:30,25843.7,25850.95,25839.2,25844.05,25843.65415432216,60.753776217451964
2025-12-18T10:57:00+05:30,25845.15,25851.35,25842,25850.05,25845.25311574162,65.43541540741592
2025-12-18T11:00:00+05:30,25849.6,25851.1,25838.75,25838.75,25843.627336806214,51.846284422495906
2025-12-18T11:03:00+05:30,25840.35,25841.95,25825.8,25833.9,25841.19550260466,46.96266675816232
2025-12-18T11:06:00+05:30,25834.25,25837.85,25826.55,25835.45,25839.759126953497,48.762165445364076
2025-12-18T11:09:00+05:30,25835.4,25839.2,25830.95,25834.3,25838.39434521512,47.370948473664335
2025-12-18T11:12:00+05:30,25834.45,25835.8,25830.1,25831.7,25836.720758911342,44.05555656792025
2025-12-18T11:15:00+05:30,25831.45,25832.05,25821.7,25827,25834.290569183508,38.38920848191621
2025-12-18T11:18:00+05:30,25826.5,25837,25823.55,25835.4,25834.56792688763,51.41804803067145
2025-12-18T11:21:00+05:30,25836.1,25848.55,25836.1,25846.7,25837.600945165723,63.52406603264397
2025-12-18T11:24:00+05:30,25847.65,25856.7,25847.55,25851.5,25841.07570887429,67.53340423681672
2025-12-18T11:27:00+05:30,25851.75,25856.5,25845.95,25855.35,25844.644281655717,70.56136486706687
2025-12-18T11:30:00+05:30,25855.4,25860.5,25851.8,25857.55,25847.870711241787,72.28459559913915
2025-12-18T11:33:00+05:30,25858.2,25860.5,25849.55,25851,25848.65303343134,60.07070798202889
2025-12-18T11:36:00+05:30,25851.1,25858.65,25849.7,25858.2,25851.039775073506,67.18213118858836
2025-12-18T11:39:00+05:30,25858.1,25860.45,25852.85,25855.95,25852.26733130513,63.085815245018225
2025-12-18T11:42:00+05:30,25855,25856.75,25848.5,25851.55,25852.087998478848,55.381697987951306
2025-12-18T11:45:00+05:30,25851.7,25852.15,25842.15,25847.6,25850.965998859137,49.10145131447059
2025-12-18T11:48:00+05:30,25847.65,25856.65,25847.1,25856.2,25852.274499144354,60.483838043346765
2025-12-18T11:51:00+05:30,25855.6,25871.15,25854.5,25867.35,25856.043374358265,70.4719931300648
2025-12-18T11:54:00+05:30,25868,25879,25865.5,25875.65,25860.9450307687,75.78705325574931
2025-12-18T11:57:00+05:30,25876.05,25877.75,25866.5,25866.95,25862.446273076526,62.11436148082859
2025-12-18T12:00:00+05:30,25867.15,25871.5,25863.35,25869.2,25864.134704807395,64.0701609727243
2025-12-18T12:03:00+05:30,25869.6,25873.2,25858.55,25858.55,25862.738528605547,49.85702381395211
2025-12-18T12:06:00+05:30,25859.25,25866.25,25853.8,25864.45,25863.16639645416,56.144893030373716
2025-12-18T12:09:00+05:30,25864.8,25882.55,25862.4,25881.15,25867.66229734062,68.98725381490804
2025-12-18T12:12:00+05:30,25881.05,25882.9,25875.95,25878.8,25870.446723005465,65.8227967766632
2025-12-18T12:15:00+05:30,25878.95,25884,25874.05,25881.4,25873.1850422541,67.7332559703251
2025-12-18T12:18:00+05:30,25881.35,25884.8,25868,25871.5,25872.763781690574,54.25957477384887
2025-12-18T12:21:00+05:30,25871.7,25875.25,25864.45,25872.5,25872.69783626793,55.30726488064823
2025-12-18T12:24:00+05:30,25872.95,25876.6,25861.65,25875.25,25873.335877200945,58.36677689204297
2025-12-18T12:27:00+05:30,25875.35,25882.35,25873.7,25879.85,25874.96440790071,63.27325231567123
2025-12-18T12:30:00+05:30,25880.15,25886.55,25877.8,25882.95,25876.960805925533,66.38768317703003
2025-12-18T12:33:00+05:30,25883,25892.05,25881.85,25887.8,25879.67060444415,70.89295657715866
2025-12-18T12:36:00+05:30,25887.35,25899.05,25882.45,25894.45,25883.365453333114,76.03198935598854
2025-12-18T12:39:00+05:30,25894.1,25895,25888.75,25892.55,25885.661589999836,71.80605169091913
2025-12-18T12:42:00+05:30,25892.6,25897.2,25891.1,25893.85,25887.708692499877,73.00380090933376
2025-12-18T12:45:00+05:30,25894.15,25902.35,25894.15,25897.4,25890.131519374907,76.22202742756222
2025-12-18T12:48:00+05:30,25897.6,25897.6,25885.65,25886.2,25889.14863953118,52.97671190189053
2025-12-18T12:51:00+05:30,25885.85,25888.05,25875.9,25876.85,25886.073979648383,40.84473855507809
2025-12-18T12:54:00+05:30,25877.9,25888.35,25876.45,25882.5,25885.180484736287,49.06762026824987
2025-12-18T12:57:00+05:30,25882.55,25883.15,25874.55,25881.8,25884.335363552214,48.10116307182137
2025-12-18T13:00:00+05:30,25882.75,25887.5,25878.9,25881.65,25883.66402266416,47.865468299764444
2025-12-18T13:03:00+05:30,25882.75,25886.6,25879.9,25881.55,25883.13551699812,47.68374097943107
2025-12-18T13:06:00+05:30,25882.25,25887.05,25880.35,25885.3,25883.67663774859,55.13579426042377
2025-12-18T13:09:00+05:30,25886.35,25886.5,25873.1,25874.1,25881.28247831144,36.84728495663667
2025-12-18T13:12:00+05:30,25874.2,25884.95,25873.2,25879.8,25880.91185873358,47.238481938440934
2025-12-18T13:15:00+05:30,25880,25880,25869.9,25875.65,25879.596394050186,41.44586523234547
2025-12-18T13:18:00+05:30,25875.15,25875.6,25864.95,25867.7,25876.62229553764,32.5305599309757
2025-12-18T13:21:00+05:30,25868.1,25871.35,25861.05,25864.45,25873.579221653228,29.50368615299773
2025-12-18T13:24:00+05:30,25865.8,25878.65,25864.7,25878.1,25874.709416239923,51.57989798118904
2025-12-18T13:27:00+05:30,25878.45,25879.9,25867.15,25867.15,25872.819562179942,39.88917321950463
2025-12-18T13:30:00+05:30,25868.05,25868.25,25854.5,25855.85,25868.577171634955,31.337727075552195
2025-12-18T13:33:00+05:30,25856,25856.7,25843.4,25847.25,25863.245378726217,26.326496410858127
2025-12-18T13:36:00+05:30,25848.15,25861.7,25839.9,25860.25,25862.49653404466,42.532935569741085
2025-12-18T13:39:00+05:30,25860.35,25860.35,25849.8,25850.75,25859.559900533495,35.81587990407432
2025-12-18T13:42:00+05:30,25851.2,25855.35,25844.35,25844.55,25855.807425400122,31.971459090987324
2025-12-18T13:45:00+05:30,25845.9,25847.9,25838.85,25842.8,25852.55556905009,30.879955644564802
2025-12-18T13:48:00+05:30,25842.55,25853.7,25837.85,25852.25,25852.47917678757,43.114893772391525
2025-12-18T13:51:00+05:30,25852.6,25859.6,25849.75,25857.85,25853.821882590677,49.317303985734036
2025-12-18T13:54:00+05:30,25857.7,25862.85,25850.15,25851.8,25853.316411943008,43.3586061568884
2025-12-18T13:57:00+05:30,25852.55,25854.15,25839.05,25843.4,25850.837308957256,36.26167492945736
2025-12-18T14:00:00+05:30,25843.55,25843.6,25825.05,25826.05,25844.640481717943,26.004787719736925
2025-12-18T14:03:00+05:30,25826.95,25831.25,25824.65,25828.25,25840.542861288457,28.976716891033817
2025-12-18T14:06:00+05:30,25828.1,25830.3,25815.5,25821.25,25835.719645966343,25.21703572399612
2025-12-18T14:09:00+05:30,25821.1,25824.3,25802.15,25806.05,25828.30223447476,18.978787625773137
2025-12-18T14:12:00+05:30,25806.15,25808.8,25803.75,25805.25,25822.53917585607,18.694810818242047
2025-12-18T14:15:00+05:30,25805.3,25811.05,25796.05,25809.95,25819.39188189205,26.25766855830051
2025-12-18T14:18:00+05:30,25810,25814.85,25805.35,25811.45,25817.406411419037,28.7261951005472
2025-12-18T14:21:00+05:30,25811.2,25812.65,25785.85,25785.95,25809.542308564276,17.26415419013071
2025-12-18T14:24:00+05:30,25787.5,25788.75,25779.25,25784.95,25803.394231423208,16.954641073826068
2025-12-18T14:27:00+05:30,25785.45,25790.4,25784.05,25789.55,25799.933173567406,24.243480559439078
2025-12-18T14:30:00+05:30,25794.25,25828,25789.3,25826.1,25806.474880175556,58.22901378039697
2025-12-18T14:33:00+05:30,25826.85,25833.95,25798.8,25804.8,25806.056160131666,44.61961582688517
2025-12-18T14:36:00+05:30,25805.8,25808.55,25794.35,25796.8,25803.74212009875,40.47448723832399
2025-12-18T14:39:00+05:30,25796.95,25798,25781.65,25791.45,25800.66909007406,37.73912649761903
2025-12-18T14:42:00+05:30,25795,25795,25787.9,25792.55,25798.639317555546,38.73235716070911
2025-12-18T14:45:00+05:30,25792.5,25800.6,25790.25,25796.75,25798.16698816666,42.79730340255525
2025-12-18T14:48:00+05:30,25797.05,25802.4,25785.2,25785.9,25795.100241124994,35.66550238093838
2025-12-18T14:51:00+05:30,25787.3,25788.15,25770.85,25771.35,25789.162680843743,28.289943464790667
2025-12-18T14:54:00+05:30,25771.75,25801.15,25771.45,25800.65,25792.03451063281,51.737871734872925
2025-12-18T14:57:00+05:30,25801.05,25806.6,25784.35,25786.05,25790.538382974606,43.473960502645156
2025-12-18T15:00:00+05:30,25786.35,25813.2,25786.35,25812.3,25795.978787230953,57.65975568159625
2025-12-18T15:03:00+05:30,25812.5,25825.3,25812.3,25824.75,25803.171590423215,62.82241154333355
2025-12-18T15:06:00+05:30,25825.6,25829.75,25807.25,25814.05,25805.891192817413,55.978529464217516
2025-12-18T15:09:00+05:30,25814.2,25825.2,25808.15,25822.25,25809.980894613058,59.88571336034471
2025-12-18T15:12:00+05:30,25822.55,25823.3,25813.5,25820.4,25812.585670959794,58.518620388271756
2025-12-18T15:15:00+05:30,25821.25,25821.25,25810.3,25813.7,25812.864253219846,53.37074579047398
2025-12-18T15:18:00+05:30,25814.45,25820.25,25812.1,25818.85,25814.360689914884,56.78027994744588
2025-12-18T15:21:00+05:30,25818.8,25820.25,25812.4,25816.35,25814.858017436163,54.52244860608667
2025-12-18T15:24:00+05:30,25817,25821.45,25814.6,25816.2,25815.193513077123,54.37110635895541
2025-12-18T15:27:00+05:30,25815.4,25826.2,25806.7,25815.65,25815.307634807843,53.7330710558939
2025-12-18T15:30:00+05:30,25817.8,25817.8,25815.45,25815.55,25815.368226105882,53.59965054558451
2025-12-19T09:06:00+05:30,25911.5,25911.5,25911.5,25911.5,25839.40116957941,87.7232766048635
2025-12-19T09:15:00+05:30,25913.35,25929.85,25880.45,25929.85,25862.013377184558,89.45376690014993
2025-12-19T09:18:00+05:30,25930,25939.15,25917.8,25932.45,25879.622532888417,89.69390707370881
2025-12-19T09:21:00+05:30,25932.25,25942.85,25929.4,25941.5,25895.091899666313,90.56622535187478
2025-12-19T09:24:00+05:30,25941.7,25946.55,25935.8,25936.4,25905.418924749734,85.79207099112769
2025-12-19T09:27:00+05:30,25935.45,25950.85,25933.35,25950.3,25916.6391935623,87.8317013326302
2025-12-19T09:30:00+05:30,25951.3,25968.7,25951.15,25961.5,25927.854395171726,89.27855326840452
2025-12-19T09:33:00+05:30,25961.35,25965.85,25957.5,25959.8,25935.840796378794,87.43748632142382
2025-12-19T09:36:00+05:30,25960.3,25964.75,25954.6,25960,25941.880597284096,87.47294310617036
2025-12-19T09:39:00+05:30,25960.7,25968.2,25956.25,25965.4,25947.76044796307,88.49574572036664
2025-12-19T09:42:00+05:30,25965.75,25967.6,25955.8,25956.4,25949.920335972303,76.37114078342621
2025-12-19T09:45:00+05:30,25956.45,25970.4,25956.2,25962.95,25953.177751979227,78.83344121211047
2025-12-19T09:48:00+05:30,25962.55,25964.95,25941.3,25947.6,25951.78331398442,61.35313881124683
2025-12-19T09:51:00+05:30,25948.35,25949.9,25939.95,25946.1,25950.362485488313,59.84040453838962
2025-12-19T09:54:00+05:30,25944.45,25955.35,25943.55,25948,25949.771864116236,61.252232180644555
2025-12-19T09:57:00+05:30,25947.4,25960.6,25947,25958.85,25952.041398087174,68.6053417577613
2025-12-19T10:00:00+05:30,25957.7,25966.55,25955.6,25963.55,25954.91854856538,71.35274422680637
2025-12-19T10:03:00+05:30,25963.75,25964.65,25942.7,25942.7,25951.863911424036,49.10989136747914
2025-12-19T10:06:00+05:30,25942.2,25944.75,25929.05,25942.75,25949.585433568027,49.154236434588654
2025-12-19T10:09:00+05:30,25943.15,25953.25,25943.15,25944.45,25948.30157517602,50.85300650485005
2025-12-19T10:12:00+05:30,25944.6,25945.6,25931.95,25935.6,25945.126181382017,42.27470097210002
2025-12-19T10:15:00+05:30,25935.45,25948.35,25931.35,25946.6,25945.494636036514,53.61991347399046
2025-12-19T10:18:00+05:30,25946.4,25948.5,25941.25,25942.05,25944.633477027386,48.97491441450974
2025-12-19T10:21:00+05:30,25941.55,25950.75,25940.85,25950.4,25946.07510777054,56.958047259998615
2025-12-19T10:24:00+05:30,25950,25955.65,25945.9,25953.25,25947.868830827905,59.482336860335494
2025-12-19T10:27:00+05:30,25953.2,25965.55,25952.3,25959.9,25950.87662312093,65.06045858608209
2025-12-19T10:30:00+05:30,25959.8,25962.45,25955.55,25959.25,25952.969967340698,64.0548382720058
2025-12-19T10:33:00+05:30,25960.05,25962.15,25953.2,25959.15,25954.514975505524,63.877623833447934
2025-12-19T10:36:00+05:30,25958.95,25960.65,25954.35,25958.8,25955.586231629142,63.16406129068218
2025-12-19T10:39:00+05:30,25958.7,25966.5,25958.05,25961.85,25957.152173721857,66.9208457112604
2025-12-19T10:42:00+05:30,25961.55,25977.7,25961.3,25974.85,25961.57663029139,78.05182287027338
2025-12-19T10:45:00+05:30,25975.35,25978.1,25969.65,25971.75,25964.119972718545,71.37049570847712
2025-12-19T10:48:00+05:30,25971.65,25972.45,25964,25968.65,25965.25247953891,64.89005393760729
2025-12-19T10:51:00+05:30,25971.8,25979.25,25969.65,25975,25967.689359654185,71.15023625599018
2025-12-19T10:54:00+05:30,25974.25,25975.35,25969.4,25970.2,25968.31701974064,61.48254144431593
2025-12-19T10:57:00+05:30,25969.4,25969.4,25960.6,25962.4,25966.83776480548,48.88876897985452
2025-12-19T11:00:00+05:30,25961.85,25968.55,25957.5,25958.05,25964.64082360411,43.13940707662866
2025-12-19T11:03:00+05:30,25957.8,25958.15,25948.75,25952,25961.480617703084,36.226645560666356
2025-12-19T11:06:00+05:30,25952.05,25952.45,25939.85,25949.65,25958.52296327731,33.77408220005751
2025-12-19T11:09:00+05:30,25948.75,25953.05,25944.05,25951.15,25956.679722457986,36.95263368125784
2025-12-19T11:12:00+05:30,25951.5,25954.75,25948.6,25954.75,25956.19729184349,44.4216732946523
2025-12-19T11:15:00+05:30,25953.5,25959.1,25952.1,25953.55,25955.53546888262,42.46527494178125
2025-12-19T11:18:00+05:30,25953.5,25954.55,25948,25951.25,25954.464101661964,38.65815246119946
2025-12-19T11:21:00+05:30,25950.1,25960.4,25948.15,25953.95,25954.335576246474,45.366349994056385
2025-12-19T11:24:00+05:30,25954.05,25954.75,25942.3,25945.15,25952.039182184857,32.04225413462056
2025-12-19T11:27:00+05:30,25945.6,25946.1,25930.3,25931.55,25946.916886638643,20.948811793415175
2025-12-19T11:30:00+05:30,25932.1,25934.25,25926.3,25931.25,25943.00016497898,20.76380851650667
2025-12-19T11:33:00+05:30,25931.2,25934.2,25926.45,25933.55,25940.637623734234,26.564496106572065
2025-12-19T11:36:00+05:30,25933.4,25938.85,25930.3,25935.85,25939.440717800673,32.34299999232742
2025-12-19T11:39:00+05:30,25935.9,25938.5,25930.9,25932.5,25937.705538350507,28.528388357942617
2025-12-19T11:42:00+05:30,25931.25,25933.75,25913.4,25913.4,25931.62915376288,15.986567326317584
2025-12-19T11:45:00+05:30,25914.8,25918.3,25905.6,25918.3,25928.296865322158,25.75569946065565
2025-12-19T11:48:00+05:30,25916.45,25925.5,25914.2,25924.15,25927.26014899162,36.104378722365865
2025-12-19T11:51:00+05:30,25924.95,25927.85,25922.05,25923.3,25926.270111743714,35.27098683785522
2025-12-19T11:54:00+05:30,25923.5,25927.7,25916.85,25918.5,25924.327583807786,30.615176691500125
2025-12-19T11:57:00+05:30,25918.05,25918.4,25907.75,25916.7,25922.42068785584,28.943665679591035
2025-12-19T12:00:00+05:30,25916.25,25942.55,25915.65,25941.35,25927.15301589188,62.048549137639846
2025-12-19T12:03:00+05:30,25941.25,25942.6,25930,25935.65,25929.27726191891,55.12055420527916
2025-12-19T12:06:00+05:30,25935.85,25951.3,25934.8,25949.7,25934.382946439182,66.02842282808422
2025-12-19T12:09:00+05:30,25949.95,25955.7,25941.55,25941.95,25936.274709829388,57.09776073257188
2025-12-19T12:12:00+05:30,25942.95,25947.8,25939.75,25943.95,25938.19353237204,58.776460739121646
2025-12-19T12:15:00+05:30,25944.55,25950.6,25937.5,25941.25,25938.95764927903,55.36449225497145
2025-12-19T12:18:00+05:30,25940.75,25945.6,25930.5,25932.65,25937.380736959272,45.54063323057199
2025-12-19T12:21:00+05:30,25933,25944.55,25931.9,25941.15,25938.323052719454,54.79071731654322
2025-12-19T12:24:00+05:30,25941,25945.4,25929.65,25937.9,25938.217289539592,50.93173499524038
2025-12-19T12:27:00+05:30,25936.1,25938.65,25929.55,25935.7,25937.587967154694,48.248049181840436
2025-12-19T12:30:00+05:30,25936.4,25948.15,25933.6,25947.8,25940.14097536602,61.32447144751469
2025-12-19T12:33:00+05:30,25948,25954.6,25944.1,25952.25,25943.168231524513,65.10731225444539
2025-12-19T12:36:00+05:30,25952.75,25954.75,25949.2,25951.9,25945.351173643387,64.5281690390241
2025-12-19T12:39:00+05:30,25952.15,25962.4,25950.7,25959.45,25948.87588023254,71.01649679080226
2025-12-19T12:42:00+05:30,25961.15,25961.3,25952.25,25953.65,25950.069410174405,61.01403794998285
2025-12-19T12:45:00+05:30,25954.1,25959.3,25953.35,25957.15,25951.839557630803,64.53111516173752
2025-12-19T12:48:00+05:30,25956.35,25958.4,25947.05,25949.8,25951.3296682231,52.84999080571375
2025-12-19T12:51:00+05:30,25949.2,25955.45,25946,25949.5,25950.872251167326,52.39832873872254
2025-12-19T12:54:00+05:30,25949,25954.05,25946.05,25954.05,25951.666688375495,58.651063132948394
2025-12-19T12:57:00+05:30,25955.4,25956.65,25948.4,25952.85,25951.962516281623,56.37264800907914
2025-12-19T13:00:00+05:30,25951.2,25955.2,25948.2,25953.2,25952.271887211216,56.941823495889665
2025-12-19T13:03:00+05:30,25952.9,25955,25948.2,25949.7,25951.62891540841,49.41979366668505
2025-12-19T13:06:00+05:30,25948.95,25950.6,25943.15,25944.95,25949.95918655631,40.871220351620664
2025-12-19T13:09:00+05:30,25945.8,25945.85,25935.1,25939.2,25947.26938991723,32.84690197000815
2025-12-19T13:12:00+05:30,25939.15,25939.4,25920.8,25930.2,25943.00204243792,24.1784660138905
2025-12-19T13:15:00+05:30,25930.3,25940.05,25926.8,25938.3,25941.82653182844,40.62988964518418
2025-12-19T13:18:00+05:30,25938.75,25957.9,25936.1,25957,25945.61989887133,62.528462404921626
2025-12-19T13:21:00+05:30,25957.3,25962.3,25952.8,25954.5,25947.839924153497,59.12690138509806
2025-12-19T13:24:00+05:30,25955.1,25958.1,25952.65,25955.1,25949.65494311512,59.740141828043406
2025-12-19T13:27:00+05:30,25955.15,25960.2,25948.35,25956.2,25951.29120733634,60.991944158188
2025-12-19T13:30:00+05:30,25956.1,25968.05,25956.1,25967.2,25955.268405502255,71.37553703952935
2025-12-19T13:33:00+05:30,25966.7,25973.6,25963.15,25972.8,25959.65130412669,75.28328253445588
2025-12-19T13:36:00+05:30,25972.5,25977.05,25965.1,25968,25961.73847809502,66.24030875139191
2025-12-19T13:39:00+05:30,25968.25,25976.45,25966.8,25975.3,25965.128858571265,72.17137624445105
2025-12-19T13:42:00+05:30,25975.25,25978.35,25970.7,25977.65,25968.259143928448,73.89391104714446
2025-12-19T13:45:00+05:30,25976.6,25985.2,25974,25981.3,25971.519357946338,76.5267336334013
2025-12-19T13:48:00+05:30,25981.5,25982.05,25972.4,25976.1,25972.66451845975,65.54054397868285
2025-12-19T13:51:00+05:30,25976.35,25981.95,25974.95,25976.45,25973.610888844814,65.92468027513057
2025-12-19T13:54:00+05:30,25976.6,25978.2,25970.1,25974.1,25973.73316663361,60.63032107310832
2025-12-19T13:57:00+05:30,25974.4,25979.25,25972,25975.85,25974.26237497521,63.19807213094995
2025-12-19T14:00:00+05:30,25977.65,25983.85,25976.35,25977.55,25975.084281231408,65.73114834946493
2025-12-19T14:03:00+05:30,25977.95,25979.5,25963.8,25971.2,25974.113210923555,50.564355439264695
2025-12-19T14:06:00+05:30,25971.65,25973.5,25961.3,25968.6,25972.734908192666,45.54435759903212
2025-12-19T14:09:00+05:30,25968.55,25971.95,25964.05,25964.85,25970.763681144497,39.02497591678903
2025-12-19T14:12:00+05:30,25966.15,25975.45,25965.4,25967.5,25969.947760858373,45.461301339791056
2025-12-19T14:15:00+05:30,25967.95,25973.55,25965.85,25972.1,25970.48582064378,55.0666577580355
2025-12-19T14:18:00+05:30,25972,25980.05,25970,25979,25972.614365482834,65.65280700421113
2025-12-19T14:21:00+05:30,25979.65,25983.3,25977.3,25982.35,25975.048274112123,69.69671696281084
2025-12-19T14:24:00+05:30,25982.6,25993.35,25979.25,25979.25,25976.098705584092,61.83675259376649
2025-12-19T14:27:00+05:30,25979.4,25980.3,25969.65,25971.05,25974.83652918807,45.87219941866567
2025-12-19T14:30:00+05:30,25971.35,25977.65,25970.9,25973.05,25974.38989689105,49.57649836618325
2025-12-19T14:33:00+05:30,25973,25973.65,25965.6,25968.35,25972.87992266829,41.744090376899166
2025-12-19T14:36:00+05:30,25967.75,25976.75,25963.55,25975.2,25973.459942001216,54.07976841310172
2025-12-19T14:39:00+05:30,25975.25,25977.2,25968.45,25969.95,25972.582456500913,45.47046598017706
2025-12-19T14:42:00+05:30,25970.3,25976.05,25969.05,25974.2,25972.986842375685,52.59752813825317
2025-12-19T14:45:00+05:30,25973.95,25979,25971.2,25978.2,25974.290131781763,58.54669047890005
2025-12-19T14:48:00+05:30,25977.2,25983.05,25972.95,25972.95,25973.955098836323,49.1090675627972
2025-12-19T14:51:00+05:30,25973.75,25975.45,25965.55,25969.15,25972.75382412724,43.22513469899718
2025-12-19T14:54:00+05:30,25969.1,25970.3,25962.15,25962.3,25970.14036809543,34.52552008029714
2025-12-19T14:57:00+05:30,25962.8,25965,25958.75,25958.75,25967.292776071576,30.779963739416928
2025-12-19T15:00:00+05:30,25959.5,25965.55,25945.45,25962.1,25965.99458205368,38.16532024336207
2025-12-19T15:03:00+05:30,25962.75,25969.25,25958.25,25968.3,25966.57093654026,49.74318074646418
2025-12-19T15:06:00+05:30,25967.75,25973.6,25966.95,25970.2,25967.478202405196,52.89643285781297
2025-12-19T15:09:00+05:30,25970.1,25973.2,25966.2,25968.2,25967.658651803897,49.1122128025828
2025-12-19T15:12:00+05:30,25968.55,25970.95,25964.05,25969.85,25968.20648885292,52.390481343156054
2025-12-19T15:15:00+05:30,25968.5,25969.25,25964.2,25968.4,25968.25486663969,49.14456514019928
2025-12-19T15:18:00+05:30,25968.15,25972.25,25966.95,25969.15,25968.47864997977,50.977391744704946
2025-12-19T15:21:00+05:30,25969.5,25974.25,25968.55,25970.2,25968.90898748483,53.702693278234015
2025-12-19T15:24:00+05:30,25970.5,25973.65,25961.95,25965.65,25968.094240613624,41.92076800131043
2025-12-19T15:27:00+05:30,25965.5,25972.2,25955.6,25961.4,25966.420680460218,33.832153122280104
2025-12-19T15:30:00+05:30,25960.8,25966.4,25960.8,25966.4,25966.415510345163,47.68651290173765
2025-12-22T09:06:00+05:30,26055.85,26055.85,26055.85,26055.85,25988.774132758874,90.25847265411737
2025-12-22T09:15:00+05:30,26080.65,26103.8,26047.8,26096.45,26015.693099569155,93.19215038770159
2025-12-22T09:18:00+05:30,26095,26112.85,26087.5,26107.85,26038.732324676865,93.80345870696674
2025-12-22T09:21:00+05:30,26107.05,26126.6,26107.05,26126.15,26060.58674350765,94.69550505669525
2025-12-22T09:24:00+05:30,26124.75,26126.05,26112.6,26125.25,26076.752557630738,93.91973477406243
2025-12-22T09:27:00+05:30,26124.25,26132.5,26122,26125.55,26088.951918223054,93.93904424714208
2025-12-22T09:30:00+05:30,26125.5,26136.9,26125.05,26135.4,26100.563938667292,94.59638972975574
2025-12-22T09:33:00+05:30,26135.75,26135.75,26121.8,26129.65,26107.83545400047,88.0897557226277
2025-12-22T09:36:00+05:30,26129.6,26130,26116.55,26118.75,26110.564090500353,76.45881546066985
2025-12-22T09:39:00+05:30,26117.7,26118.3,26111.2,26116.3,26111.998067875265,73.9001066722318
2025-12-22T09:42:00+05:30,26116.85,26125.65,26114.5,26124.2,26115.04855090645,76.81849285301651
2025-12-22T09:45:00+05:30,26124.45,26137.75,26123.65,26129.45,26118.648913179837,78.66783772854649
2025-12-22T09:48:00+05:30,26128.75,26133.3,26111.9,26116.85,26118.199184884877,64.30395214716759
2025-12-22T09:51:00+05:30,26117.05,26121.45,26112.3,26121.45,26119.01188866366,66.87969843374484
2025-12-22T09:54:00+05:30,26121.95,26123.55,26116.15,26118.75,26118.946416497743,63.73061768413908
2025-12-22T09:57:00+05:30,26118.95,26136.15,26118.6,26132.8,26122.409812373306,71.7936114607238
2025-12-22T10:00:00+05:30,26133.4,26138.2,26130.35,26131.4,26124.65735927998,69.98494172534754
2025-12-22T10:03:00+05:30,26130.7,26142,26130.7,26137.55,26127.880519459984,73.41711673684281
2025-12-22T10:06:00+05:30,26137.4,26138.55,26126.35,26130.9,26128.635389594987,64.16163597860661
2025-12-22T10:09:00+05:30,26129.95,26131.65,26124.9,26126.85,26128.189042196238,58.88690233026075
2025-12-22T10:12:00+05:30,26126.55,26131.85,26120.9,26129.25,26128.45428164718,61.09796202114844
2025-12-22T10:15:00+05:30,26128.85,26134.8,26126.8,26129.55,26128.728211235386,61.40069280098047
2025-12-22T10:18:00+05:30,26128.5,26134.2,26123.55,26128.1,26128.571158426537,58.81962157460988
2025-12-22T10:21:00+05:30,26129.2,26130.2,26124.05,26128.8,26128.628368819904,59.77204806864085
2025-12-22T10:24:00+05:30,26128.75,26132.3,26126.65,26128.1,26128.496276614926,58.20160257632035
2025-12-22T10:27:00+05:30,26128.4,26129.85,26121,26124.85,26127.584707461196,50.950481841858334
2025-12-22T10:30:00+05:30,26125.55,26130.75,26121,26129.05,26127.951030595897,58.706887759388216
2025-12-22T10:33:00+05:30,26128.9,26133.1,26122.85,26131.5,26128.838272946923,62.71903207954319
2025-12-22T10:36:00+05:30,26131.75,26132.85,26118.3,26124.25,26127.691204710194,46.96499340110796
2025-12-22T10:39:00+05:30,26123.7,26126.1,26120.2,26120.8,26125.968403532646,41.21722585198792
2025-12-22T10:42:00+05:30,26121.3,26127.05,26118.2,26124.1,26125.501302649485,48.280712065138445
2025-12-22T10:45:00+05:30,26123.7,26128.1,26119.8,26126.95,26125.863476987113,53.86625557239893
2025-12-22T10:48:00+05:30,26127.6,26136.9,26126.75,26135.3,26128.222607740336,66.30479548078786
2025-12-22T10:51:00+05:30,26135.5,26140.65,26133.35,26137.9,26130.64195580525,69.31067580505263
2025-12-22T10:54:00+05:30,26139.05,26141.15,26136.5,26140.2,26133.03146685394,71.89795224636151
2025-12-22T10:57:00+05:30,26140.25,26143.5,26136.05,26142.6,26135.423600140453,74.51368161489685
2025-12-22T11:00:00+05:30,26143,26148.15,26133.3,26135.35,26135.40520010534,56.10795919550548
2025-12-22T11:03:00+05:30,26135.2,26136.1,26128.35,26129.45,26133.916400079004,45.44925500022731
2025-12-22T11:06:00+05:30,26130.25,26132.7,26128.05,26130.8,26133.137300059254,48.082101783340725
2025-12-22T11:09:00+05:30,26130.15,26133.65,26125.35,26126.7,26131.52797504444,41.06036447204185
2025-12-22T11:12:00+05:30,26126.2,26129.5,26120.6,26123.95,26129.63348128333,36.849351226728544
2025-12-22T11:15:00+05:30,26124.1,26126.55,26120.5,26121.75,26127.6626109625,33.63027674618726
2025-12-22T11:18:00+05:30,26121.15,26125.8,26117.4,26119.05,26125.509458221874,29.891444689705793
2025-12-22T11:21:00+05:30,26118.7,26125.3,26117.6,26123.85,26125.094593666407,43.02823956680359
2025-12-22T11:24:00+05:30,26123.95,26129.6,26121.3,26127.45,26125.683445249804,51.05332475190252
2025-12-22T11:27:00+05:30,26128.15,26137.35,26127.45,26136.55,26128.400083937355,65.41870077943292
2025-12-22T11:30:00+05:30,26137.6,26139.4,26131.95,26132.25,26129.362562953014,56.30825328248925
2025-12-22T11:33:00+05:30,26132.45,26135.9,26130.5,26131.8,26129.97192221476,55.36684413806001
2025-12-22T11:36:00+05:30,26132.25,26135.85,26131.45,26134.05,26130.99144166107,59.332962636570755
2025-12-22T11:39:00+05:30,26133.75,26136.4,26129.65,26133.8,26131.693581245803,58.657293024173576
2025-12-22T11:42:00+05:30,26132.85,26135.45,26131.5,26133.9,26132.245185934353,58.87583868503613
2025-12-22T11:45:00+05:30,26134,26138.65,26132.75,26133.75,26132.621389450764,58.336179823000336
2025-12-22T11:48:00+05:30,26133.9,26144.65,26133.05,26142,26134.966042088072,73.7658956438465
2025-12-22T11:51:00+05:30,26142.85,26146.75,26140.2,26143.6,26137.124531566053,75.79419129661906
2025-12-22T11:54:00+05:30,26143.75,26144.2,26136.7,26139.15,26137.63089867454,60.59309326668243
2025-12-22T11:57:00+05:30,26137.9,26144.3,26133.35,26140.95,26138.460674005903,64.00029079952019
2025-12-22T12:00:00+05:30,26141.3,26143.05,26138,26138.25,26138.408005504425,55.58918119331789
2025-12-22T12:03:00+05:30,26138.8,26144.65,26137.45,26144.1,26139.83100412832,66.66375297112177
2025-12-22T12:06:00+05:30,26143.35,26148.4,26139.95,26145.3,26141.198253096238,68.54113795728091
2025-12-22T12:09:00+05:30,26145.45,26146,26141.2,26143.25,26141.711189822177,61.624293742481456
2025-12-22T12:12:00+05:30,26142.4,26144,26132.35,26134.55,26139.920892366634,41.09235700182385
2025-12-22T12:15:00+05:30,26134.65,26149.25,26133.85,26145.65,26141.353169274975,60.62163412406075
2025-12-22T12:18:00+05:30,26145.9,26152.5,26143.25,26149.65,26143.42737695623,65.43875654422072
2025-12-22T12:21:00+05:30,26149.45,26154.45,26144.75,26145.6,26143.970532717172,57.176654483249166
2025-12-22T12:24:00+05:30,26146.1,26148.05,26142.65,26145.9,26144.45289953788,57.63886110811739
2025-12-22T12:27:00+05:30,26145.6,26147,26139.8,26142.4,26143.93967465341,50.2558166012419
2025-12-22T12:30:00+05:30,26142.2,26146.05,26140.3,26141.8,26143.404755990057,49.000507523472315
2025-12-22T12:33:00+05:30,26140.95,26142.2,26135.3,26137.5,26141.928566992545,40.53491119285423
2025-12-22T12:36:00+05:30,26137.3,26141.55,26135.85,26139.5,26141.32142524441,45.63185475591081
2025-12-22T12:39:00+05:30,26139.7,26142.1,26133,26134.25,26139.553568933305,36.14413780596884
2025-12-22T12:42:00+05:30,26134.95,26140.35,26121.85,26121.85,26135.12767669998,22.97883646693508
2025-12-22T12:45:00+05:30,26121.8,26126.8,26113.95,26115.15,26130.133257524983,18.687889883016652
2025-12-22T12:48:00+05:30,26114.45,26126.85,26111.75,26124.65,26128.762443143736,37.87761611710869
2025-12-22T12:51:00+05:30,26123.75,26145.2,26123.75,26144.25,26132.634332357804,60.38260222488367
2025-12-22T12:54:00+05:30,26145.2,26152.9,26142.25,26149.9,26136.950749268355,64.68516295364864
2025-12-22T12:57:00+05:30,26150.15,26151.25,26134.05,26139.55,26137.600561951265,52.4998242784554
2025-12-22T13:00:00+05:30,26138.9,26144.35,26138.65,26141.6,26138.60042146345,54.48127518138535
2025-12-22T13:03:00+05:30,26141.5,26144.2,26139.1,26139.5,26138.825316097587,51.89414272305411
2025-12-22T13:06:00+05:30,26139.1,26144,26137.75,26141.25,26139.43148707319,54.01706284053851
2025-12-22T13:09:00+05:30,26141.6,26143.6,26139.15,26140.8,26139.773615304894,53.311272038919064
2025-12-22T13:12:00+05:30,26141.05,26143.05,26138.6,26139.95,26139.81771147867,51.81920286601318
2025-12-22T13:15:00+05:30,26141.45,26146.7,26140.25,26144.75,26141.050783609004,59.32018284088204
2025-12-22T13:18:00+05:30,26143.7,26147.55,26139.25,26143.4,26141.638087706753,56.43715738523539
2025-12-22T13:21:00+05:30,26141.25,26148.7,26141.15,26144.3,26142.303565780065,58.023889884787756
2025-12-22T13:24:00+05:30,26144.45,26148.95,26142.95,26146.9,26143.45267433505,62.61353906141516
2025-12-22T13:27:00+05:30,26147.5,26150.95,26144.85,26148.15,26144.62700575129,64.77389532169954
2025-12-22T13:30:00+05:30,26148.2,26154.5,26146.35,26150,26145.970254313466,67.969702026291
2025-12-22T13:33:00+05:30,26150.95,26157.95,26147.75,26147.8,26146.4276907351,60.37095991414858
2025-12-22T13:36:00+05:30,26148.45,26150.05,26138.4,26138.85,26144.533268051324,39.442479620878345
2025-12-22T13:39:00+05:30,26139,26144.85,26138.6,26143.8,26144.349951038494,50.51220129555941
2025-12-22T13:42:00+05:30,26144.05,26149.5,26142.6,26144.35,26144.34996327887,51.657714440614726
2025-12-22T13:45:00+05:30,26144,26150.3,26143.45,26147.65,26145.174972459154,58.39847942587295
2025-12-22T13:48:00+05:30,26148.1,26150.85,26145.85,26148.1,26145.906229344364,59.30131313705016
2025-12-22T13:51:00+05:30,26147.8,26149.75,26145.1,26148.2,26146.479672008274,59.52902022876252
2025-12-22T13:54:00+05:30,26148.1,26148.9,26142.95,26144.9,26146.084754006206,48.978729960105895
2025-12-22T13:57:00+05:30,26145.1,26148,26143.15,26144.9,26145.788565504656,48.978729960105895
2025-12-22T14:00:00+05:30,26144.95,26152.6,26143.65,26148.5,26146.46642412849,59.60818854984906
2025-12-22T14:03:00+05:30,26148.95,26151.25,26144.8,26146.25,26146.41231809637,51.74725691359624
2025-12-22T14:06:00+05:30,26146.3,26150,26137.7,26138,26144.309238572278,33.08353586682057
2025-12-22T14:09:00+05:30,26137.95,26139.15,26128.6,26128.6,26140.381928929208,22.362246349776825
2025-12-22T14:12:00+05:30,26128.45,26145.4,26125.85,26143.5,26141.161446696904,51.45499936314994
2025-12-22T14:15:00+05:30,26143.85,26147.1,26139.95,26140.55,26141.00858502268,47.356073338192175
2025-12-22T14:18:00+05:30,26141.4,26141.95,26131.1,26132.75,26138.94393876701,38.01465307470704
2025-12-22T14:21:00+05:30,26133.2,26145.5,26128.55,26142.95,26139.945454075256,52.35366143003635
2025-12-22T14:24:00+05:30,26143.6,26154.25,26142.3,26152.35,26143.04659055644,61.84374952730042
2025-12-22T14:27:00+05:30,26152.05,26159.15,26151,26157.45,26146.647442917332,66.1157186311468
2025-12-22T14:30:00+05:30,26157.9,26159.6,26151.35,26152.2,26148.035582188,58.27937909225302
2025-12-22T14:33:00+05:30,26152.3,26174.55,26150.25,26174.4,26154.626686641,73.67321403785729
2025-12-22T14:36:00+05:30,26174.5,26179.15,26170.35,26171.7,26158.89501498075,70.00798418998157
2025-12-22T14:39:00+05:30,26172.8,26173.6,26160,26161.75,26159.608761235562,57.672259437801316
2025-12-22T14:42:00+05:30,26161.5,26164.9,26157.15,26159.25,26159.51907092667,54.83971951272994
2025-12-22T14:45:00+05:30,26159.35,26161.9,26154.65,26159.05,26159.401803195004,54.58948061822837
2025-12-22T14:48:00+05:30,26158.05,26160.65,26154.4,26155.8,26158.50135239625,50.24302248795689
2025-12-22T14:51:00+05:30,26156.15,26160.6,26154.65,26159.1,26158.65101429719,54.531602839099804
2025-12-22T14:54:00+05:30,26158.65,26164.3,26158.65,26161.6,26159.38826072289,57.75013424997266
2025-12-22T14:57:00+05:30,26161.8,26166.25,26160.45,26162.75,26160.22869554217,59.29640484968844
2025-12-22T15:00:00+05:30,26164.8,26179.45,26164.8,26176.45,26164.284021656626,73.02007810879664
2025-12-22T15:03:00+05:30,26175.85,26179.95,26174.75,26176.85,26167.425516242467,73.32641911624
2025-12-22T15:06:00+05:30,26177.25,26180.7,26171.6,26173,26168.81913718185,65.0344877300694
2025-12-22T15:09:00+05:30,26173.6,26176.4,26170.6,26173.7,26170.039352886386,65.85356466408437
2025-12-22T15:12:00+05:30,26174.8,26176.4,26169.15,26174.8,26171.22951466479,67.25964340076672
2025-12-22T15:15:00+05:30,26174.95,26176.45,26169.45,26170.35,26171.00963599859,56.31498194233111
2025-12-22T15:18:00+05:30,26170.6,26172.4,26164.8,26169.25,26170.569726998943,53.79071903569422
2025-12-22T15:21:00+05:30,26169.15,26172,26163.35,26166.85,26169.639795249208,48.281879180008445
2025-12-22T15:24:00+05:30,26165.55,26173.25,26165.1,26168.95,26169.467346436904,53.17703531809243
2025-12-22T15:27:00+05:30,26166.85,26171.35,26160.95,26162.75,26167.78800982768,40.10276831157036
2025-12-22T15:30:00+05:30,26161.6,26172.4,26161.6,26172.4,26168.941007370762,58.59026453763869
2025-12-23T09:06:00+05:30,26205.2,26205.2,26205.2,26205.2,26178.005755528073,81.3801193987502
2025-12-23T09:15:00+05:30,26206.55,26206.55,26145.25,26153.6,26171.904316646054,40.48573013087783
2025-12-23T09:18:00+05:30,26153.35,26169.05,26152.2,26164.3,26170.00323748454,46.93664055438843
2025-12-23T09:21:00+05:30,26165,26171.45,26150.4,26159.5,26167.377428113403,44.41691883593565
2025-12-23T09:24:00+05:30,26158.85,26158.85,26141.55,26149.95,26163.020571085053,39.4954315794968
2025-12-23T09:27:00+05:30,26150.35,26152,26141.95,26149.65,26159.67792831379,39.33569681091141
2025-12-23T09:30:00+05:30,26150,26150,26134.4,26137.45,26154.120946235344,33.00296718662415
2025-12-23T09:33:00+05:30,26137.6,26145.4,26135.4,26142.2,26151.140709676507,37.56847029834148
2025-12-23T09:36:00+05:30,26142.8,26151.7,26142.4,26143.7,26149.28053225738,39.09748870722322
2025-12-23T09:39:00+05:30,26143.25,26146.65,26137.85,26139.95,26146.947899193037,36.490857416595865
2025-12-23T09:42:00+05:30,26139.1,26140.5,26120.65,26124.3,26141.28592439478,27.548398371478456
2025-12-23T09:45:00+05:30,26124.5,26139.8,26119.05,26138.1,26140.489443296083,42.13624099200003
2025-12-23T09:48:00+05:30,26139.2,26143.15,26135.1,26141.15,26140.654582472063,44.992093274263006
2025-12-23T09:51:00+05:30,26141.7,26148.35,26138.25,26144.6,26141.640936854048,48.355789621621184
2025-12-23T09:54:00+05:30,26144.35,26163.2,26144.35,26161.2,26146.530702640535,61.55317567276388
2025-12-23T09:57:00+05:30,26161.6,26175.6,26161.25,26172.8,26153.098026980402,68.18199163573139
2025-12-23T10:00:00+05:30,26174,26184.3,26172.95,26182.65,26160.4860202353,72.8238186471458
2025-12-23T10:03:00+05:30,26182.7,26187.45,26180.7,26182.6,26166.014515176474,72.76095567393163
2025-12-23T10:06:00+05:30,26182.75,26188.25,26178.7,26185.5,26170.885886382355,74.26421423396113
2025-12-23T10:09:00+05:30,26186.15,26194.35,26184.7,26194.35,26176.751914786764,78.49054341194335
2025-12-23T10:12:00+05:30,26193.75,26196.6,26183.55,26184.2,26178.613936090074,64.35058991567797
2025-12-23T10:15:00+05:30,26184.65,26186.4,26181.15,26182.9,26179.685452067555,62.66376037578225
2025-12-23T10:18:00+05:30,26182.8,26184.55,26165.75,26165.75,26176.201589050666,44.64990220747109
2025-12-23T10:21:00+05:30,26166.45,26168.6,26163.4,26165.5,26173.526191787998,44.432674402228145
2025-12-23T10:24:00+05:30,26165.7,26173.85,26164.65,26172.25,26173.207143841,51.81682978910145
2025-12-23T10:27:00+05:30,26172.6,26175.45,26163.3,26172.1,26172.93035788075,51.63892289295217
2025-12-23T10:30:00+05:30,26172.6,26176.7,26169.55,26175.6,26173.59776841056,55.77260329420913
2025-12-23T10:33:00+05:30,26176.1,26176.95,26166.55,26167.55,26172.08582630792,45.36722698960949
2025-12-23T10:36:00+05:30,26168.05,26170.65,26162.8,26163.7,26169.98936973094,41.0898005789441
2025-12-23T10:39:00+05:30,26164.5,26177.15,26163.55,26175.75,26171.429527298205,56.17717813964915
2025-12-23T10:42:00+05:30,26176.55,26182.45,26175.05,26181.75,26174.009645473656,61.852611983786375
2025-12-23T10:45:00+05:30,26180.95,26185.65,26179.4,26183.05,26176.26973410524,63.06185260506288
2025-12-23T10:48:00+05:30,26182,26185.05,26177.55,26180.85,26177.414800578932,59.347553612432854
2025-12-23T10:51:00+05:30,26181,26188.55,26180.75,26181.05,26178.3236004342,59.599928635790384
2025-12-23T10:54:00+05:30,26181.85,26184.8,26176.85,26178.8,26178.44270032565,55.109522271401346
2025-12-23T10:57:00+05:30,26178.15,26181.25,26177.1,26180.3,26178.907025244236,57.594473640138204
2025-12-23T11:00:00+05:30,26178.55,26187.3,26176.1,26176.1,26178.205268933176,48.77460273634762
2025-12-23T11:03:00+05:30,26176.85,26182.5,26171.6,26180.4,26178.75395169988,56.69559278478765
2025-12-23T11:06:00+05:30,26180.15,26186.1,26178.9,26183.1,26179.84046377491,61.101807458443105
2025-12-23T11:09:00+05:30,26183.85,26195.45,26183,26192.15,26182.917847831184,72.17367738643858
2025-12-23T11:12:00+05:30,26191.7,26194.6,26189.3,26190,26184.68838587339,66.89616292951699
2025-12-23T11:15:00+05:30,26189.75,26192.8,26184.9,26186.05,26185.02878940504,57.83206258537605
2025-12-23T11:18:00+05:30,26186.4,26196.95,26184.65,26193.35,26187.109092053783,67.36589914201218
2025-12-23T11:21:00+05:30,26192.8,26196,26190.95,26192.2,26188.381819040336,64.67829277388033
2025-12-23T11:24:00+05:30,26191.3,26196.25,26190.5,26192,26189.28636428025,64.15894092496612
2025-12-23T11:27:00+05:30,26191.95,26192.9,26185.8,26192.3,26190.03977321019,64.65560385809206
2025-12-23T11:30:00+05:30,26191.25,26192.3,26183.4,26184.4,26188.62982990764,45.34914436120372
2025-12-23T11:33:00+05:30,26184.25,26185.5,26175.05,26175.05,26185.23487243073,32.1098238022106
2025-12-23T11:36:00+05:30,26174.95,26178.15,26168.35,26172.15,26181.963654323048,29.0418346128736
2025-12-23T11:39:00+05:30,26172.45,26173.95,26167.85,26170.15,26179.010240742286,26.9685794266245
2025-12-23T11:42:00+05:30,26170.5,26175.05,26166.8,26169.1,26176.532680556713,25.838766391422354
2025-12-23T11:45:00+05:30,26170.25,26171.05,26161.95,26164.75,26173.587010417534,21.4877876483434
2025-12-23T11:48:00+05:30,26165.6,26169.9,26157.55,26168.4,26172.29025781315,32.598351547752245
2025-12-23T11:51:00+05:30,26168.7,26181.7,26166.35,26180.45,26174.330193359863,56.37587388931034
2025-12-23T11:54:00+05:30,26180.65,26183.35,26175.8,26181.6,26176.147645019897,58.02459996618039
2025-12-23T11:57:00+05:30,26181.1,26184.15,26174.5,26178.35,26176.698233764924,51.595293019033704
2025-12-23T12:00:00+05:30,26177.95,26184.5,26177.55,26183.4,26178.373675323695,59.69183915502826
2025-12-23T12:03:00+05:30,26184.35,26188.15,26182.65,26185.6,26180.18025649277,62.8500996297692
2025-12-23T12:06:00+05:30,26185.9,26190,26182.1,26186.6,26181.785192369578,64.33212719139935
2025-12-23T12:09:00+05:30,26187.55,26190.25,26186.05,26190,26183.838894277185,69.20518858135092
2025-12-23T12:12:00+05:30,26189.75,26195.45,26184.35,26187.7,26184.80417070789,62.46941023054684
2025-12-23T12:15:00+05:30,26187.4,26190.8,26184.5,26184.95,26184.840628030917,55.001859962561646
2025-12-23T12:18:00+05:30,26185.05,26190.75,26178.8,26185.5,26185.00547102319,56.22291263196633
2025-12-23T12:21:00+05:30,26185.6,26187.85,26182.8,26183.75,26184.69160326739,51.07780774738174
2025-12-23T12:24:00+05:30,26184.45,26189.2,26181.1,26182.65,26184.18120245054,47.86558475126501
2025-12-23T12:27:00+05:30,26182.95,26184.3,26174.7,26174.9,26181.860901837907,31.5543092712833
2025-12-23T12:30:00+05:30,26176.35,26178.15,26169.9,26171.5,26179.27067637843,26.86806476453839
2025-12-23T12:33:00+05:30,26170.95,26173.8,26167.1,26170.5,26177.078007283824,25.565245685865804
2025-12-23T12:36:00+05:30,26170.25,26180.85,26170.25,26178.4,26177.408505462867,48.5561139082916
2025-12-23T12:39:00+05:30,26178.6,26180.15,26170.6,26176.05,26177.06887909715,43.855141617228696
2025-12-23T12:42:00+05:30,26175.1,26179.5,26173.4,26175.55,26176.689159322865,42.825941977011006
2025-12-23T12:45:00+05:30,26175.65,26187.8,26173.4,26185.75,26178.95436949215,63.31568401181558
2025-12-23T12:48:00+05:30,26185.85,26189.9,26181.2,26189,26181.465777119112,67.62823138626757
2025-12-23T12:51:00+05:30,26189.05,26193.35,26183.9,26185.35,26182.436832839332,58.60171684645289
2025-12-23T12:54:00+05:30,26185.5,26191.8,26184,26188.65,26183.990124629498,63.710741676926155
2025-12-23T12:57:00+05:30,26189.05,26190.2,26181.15,26182.1,26183.517593472123,49.55031721540347
2025-12-23T13:00:00+05:30,26182.8,26198.95,26181.25,26189.65,26185.05069510409,61.15948384233729
2025-12-23T13:03:00+05:30,26189.7,26190.9,26183.4,26184,26184.78802132807,50.92782561354784
2025-12-23T13:06:00+05:30,26184.95,26187,26182.65,26186.3,26185.166015996052,54.53976202569241
2025-12-23T13:09:00+05:30,26186.1,26192.8,26184.7,26189.65,26186.28701199704,59.593573098282654
2025-12-23T13:12:00+05:30,26189.95,26190.55,26185.65,26186.65,26186.37775899778,53.392193728134
2025-12-23T13:15:00+05:30,26187.65,26194.75,26181.1,26193.55,26188.170819248335,63.56575993773958
2025-12-23T13:18:00+05:30,26193.65,26195.8,26188.25,26189.5,26188.50311443625,55.29984072687388
2025-12-23T13:21:00+05:30,26190.35,26191.05,26186.65,26188.25,26188.439835827186,52.82629553716574
2025-12-23T13:24:00+05:30,26188.1,26192.9,26185.2,26190.15,26188.86737687039,56.29315179809327
2025-12-23T13:27:00+05:30,26190.1,26193.75,26189.55,26192.15,26189.68803265279,59.91125919071891
2025-12-23T13:30:00+05:30,26191.9,26195.2,26187.05,26193.1,26190.54102448959,61.6696490041999
2025-12-23T13:33:00+05:30,26193.3,26195.25,26185.75,26187.85,26189.868268367194,48.074352706155715
2025-12-23T13:36:00+05:30,26188.05,26191.2,26186.25,26187.75,26189.338701275396,47.83998609977855
2025-12-23T13:39:00+05:30,26188.1,26189.85,26182.5,26185.1,26188.279025956545,41.573908041102776
2025-12-23T13:42:00+05:30,26184.7,26193.25,26179.8,26183.7,26187.13426946741,38.468365775962916
2025-12-23T13:45:00+05:30,26184,26185.85,26181.75,26184.4,26186.450702100556,41.03762744464605
2025-12-23T13:48:00+05:30,26184.35,26194.7,26180.45,26185.9,26186.313026575415,46.610809529281454
2025-12-23T13:51:00+05:30,26184.35,26195,26182.7,26191.9,26187.709769931564,62.95242138755681
2025-12-23T13:54:00+05:30,26192.55,26198.15,26187.7,26195.55,26189.669827448673,69.56415468964877
2025-12-23T13:57:00+05:30,26193.75,26197.75,26188.2,26197.75,26191.689870586506,72.9578532908306
2025-12-23T14:00:00+05:30,26197.8,26202.3,26187.55,26195.05,26192.52990293988,62.913547047950445
2025-12-23T14:03:00+05:30,26195.8,26202.9,26191.8,26194.4,26192.99742720491,60.5714117632058
2025-12-23T14:06:00+05:30,26194.5,26195.05,26185.85,26193.2,26193.04807040368,56.07513714160062
2025-12-23T14:09:00+05:30,26193.25,26206.1,26185.5,26197.8,26194.23605280276,67.02281650056538
2025-12-23T14:12:00+05:30,26197.5,26203.65,26195.3,26203.35,26196.51453960207,75.58742019613322
2025-12-23T14:15:00+05:30,26203.4,26226.2,26201.85,26223.7,26203.310904701553,88.43550793347183
2025-12-23T14:18:00+05:30,26223.95,26233.55,26218.2,26219.35,26207.320678526165,78.17509439571586
2025-12-23T14:21:00+05:30,26219.5,26224.3,26207.9,26222,26210.990508894625,79.83767322571387
2025-12-23T14:24:00+05:30,26223.15,26229.1,26216.6,26220.25,26213.30538167097,75.411711692196
2025-12-23T14:27:00+05:30,26219.55,26225.4,26209.35,26213.15,26213.266536253228,59.73669407284372
2025-12-23T14:30:00+05:30,26213.55,26216.7,26204.2,26206.7,26211.62490218992,48.95240688481166
2025-12-23T14:33:00+05:30,26207.2,26207.2,26192.1,26197.3,26208.04367664244,37.45550457969123
2025-12-23T14:36:00+05:30,26197.7,26211.9,26196.75,26211.35,26208.87025748183,55.62789572775852
2025-12-23T14:39:00+05:30,26211.4,26211.4,26180.35,26183,26202.402693111373,33.03348851927106
2025-12-23T14:42:00+05:30,26184.1,26189.2,26166.85,26166.85,26193.51451983353,26.01175647751353
2025-12-23T14:45:00+05:30,26167.2,26181.8,26158.7,26173,26188.38588987515,32.396028737456504
2025-12-23T14:48:00+05:30,26174.25,26181.3,26167.2,26170.5,26183.914417406362,31.12242649654688
2025-12-23T14:51:00+05:30,26169.4,26191.65,26166.15,26188,26184.93581305477,47.86190802560038
2025-12-23T14:54:00+05:30,26188.5,26189.15,26178.55,26183.8,26184.651859791076,44.81246167913045
2025-12-23T14:57:00+05:30,26184.15,26191.05,26175.2,26188.65,26185.651394843306,49.17507732998895
2025-12-23T15:00:00+05:30,26189.1,26206.65,26181.95,26185.9,26185.71354613248,46.73135397366226
2025-12-23T15:03:00+05:30,26186.25,26194.35,26162.3,26182.55,26184.92265959936,43.64861761385784
2025-12-23T15:06:00+05:30,26182.5,26187.2,26165.4,26177.9,26183.16699469952,39.43579164011402
2025-12-23T15:09:00+05:30,26177.8,26182.95,26170.25,26180.65,26182.537746024642,43.217141062579664
2025-12-23T15:12:00+05:30,26180.2,26185.35,26168.85,26183.5,26182.778309518482,47.20280410226743
2025-12-23T15:15:00+05:30,26184,26187.65,26173.4,26177.3,26181.40873213886,40.06531434437984
2025-12-23T15:18:00+05:30,26177.35,26180.6,26162.5,26174.15,26179.594049104147,36.769720508468424
2025-12-23T15:21:00+05:30,26174.1,26177.3,26167.1,26170.6,26177.34553682811,33.18115248728506
2025-12-23T15:24:00+05:30,26172.05,26175.2,26165.65,26168.3,26175.084152621082,30.90155846546729
2025-12-23T15:27:00+05:30,26167.3,26170.95,26158.95,26164.55,26172.45061446581,27.330013584925467
2025-12-23T15:30:00+05:30,26165.95,26177.3,26165.95,26177.15,26173.62546084936,49.98852804184018
2025-12-24T09:06:00+05:30,26170.65,26170.65,26170.65,26170.65,26172.88159563702,42.09001965173647
2025-12-24T09:15:00+05:30,26183.8,26211.8,26141.4,26173.7,26173.086196727767,46.70035311846964
2025-12-24T09:18:00+05:30,26175,26203.05,26174.1,26200,26179.814647545827,70.40398394644095
2025-12-24T09:21:00+05:30,26199.6,26217.85,26198.7,26204.05,26185.87348565937,72.5936963219119
2025-12-24T09:24:00+05:30,26202.95,26213.1,26202.95,26211.55,26192.29261424453,76.37077720982037
2025-12-24T09:27:00+05:30,26211.85,26222.45,26211.65,26217.1,26198.494460683396,78.88330191046333
2025-12-24T09:30:00+05:30,26217.6,26223.3,26215.4,26219.3,26203.695845512546,79.87302976826703
2025-12-24T09:33:00+05:30,26217.85,26229.55,26217.2,26217.2,26207.07188413441,75.91082515292615
2025-12-24T09:36:00+05:30,26217.45,26224.1,26214.05,26216.55,26209.44141310081,74.57493582367964
2025-12-24T09:39:00+05:30,26215.9,26217.9,26207.9,26209.6,26209.481059825608,61.15077943045535
2025-12-24T09:42:00+05:30,26208.75,26218.05,26202.65,26215.7,26211.035794869207,67.19718235363355
2025-12-24T09:45:00+05:30,26217.6,26222.5,26206.3,26207.05,26210.039346151905,53.43786380354051
2025-12-24T09:48:00+05:30,26205.8,26213,26203.35,26212.45,26210.64200961393,59.48059606720603
2025-12-24T09:51:00+05:30,26212.9,26227.25,26210.8,26218.05,26212.494007210447,64.97936564026475
2025-12-24T09:54:00+05:30,26216.85,26223.35,26211.3,26211.35,26212.208005407836,54.63093142395933
2025-12-24T09:57:00+05:30,26210.7,26225.1,26210.6,26221.85,26214.618504055878,64.86230114168988
2025-12-24T10:00:00+05:30,26222.6,26225.1,26214.75,26216.3,26215.03887804191,56.94335418345681
2025-12-24T10:03:00+05:30,26216.8,26217.7,26206.95,26209.7,26213.704158531433,48.69516415408758
2025-12-24T10:06:00+05:30,26211.15,26213.95,26203.6,26206,26211.778118898575,44.481148157628716
2025-12-24T10:09:00+05:30,26207.15,26221.75,26204.55,26221.4,26214.183589173932,60.90825786038938
2025-12-24T10:12:00+05:30,26221.3,26228.65,26217.7,26227.2,26217.43769188045,65.40582560949156
2025-12-24T10:15:00+05:30,26228.5,26236.4,26224.95,26231.05,26220.840768910337,68.2359653240144
2025-12-24T10:18:00+05:30,26230.6,26234.1,26221.1,26224,26221.630576682754,58.08426914651
2025-12-24T10:21:00+05:30,26223.2,26229.7,26221.05,26224.95,26222.460432512067,59.04221941788052
2025-12-24T10:24:00+05:30,26226.15,26230.2,26221.2,26229.55,26224.23282438405,63.72548276056948
2025-12-24T10:27:00+05:30,26229.15,26232.2,26226.05,26230.95,26225.912118288037,65.1407773797672
2025-12-24T10:30:00+05:30,26230.5,26235.3,26226.95,26230.05,26226.946588716026,63.28880969085777
2025-12-24T10:33:00+05:30,26229.4,26235.35,26227.7,26232.4,26228.30994153702,66.21483857570934
2025-12-24T10:36:00+05:30,26230.6,26233.7,26221,26221.8,26226.682456152765,46.64872044494275
2025-12-24T10:39:00+05:30,26223.9,26227.2,26221.25,26223.95,26225.999342114574,50.13546779908127
2025-12-24T10:42:00+05:30,26222.6,26227.8,26218.3,26218.3,26224.07450658593,41.76668294230322
2025-12-24T10:45:00+05:30,26220.1,26223.85,26214.1,26216.1,26222.080879939447,38.82277056414213
2025-12-24T10:48:00+05:30,26215.85,26216.2,26204.25,26208.3,26218.635659954583,30.05904476526362
2025-12-24T10:51:00+05:30,26208.4,26210.75,26203.55,26209.55,26216.36424496594,32.891368164202405
2025-12-24T10:54:00+05:30,26209.75,26212.35,26201.05,26210.35,26214.86068372445,34.86097392264479
2025-12-24T10:57:00+05:30,26211.25,26215.6,26207.1,26210.8,26213.845512793338,36.091883790049806
2025-12-24T11:00:00+05:30,26211.6,26216.85,26200.8,26200.8,26210.584134595003,24.224149647866184
2025-12-24T11:03:00+05:30,26201.35,26206.95,26198.05,26205.45,26209.30060094625,35.695159804238784
2025-12-24T11:06:00+05:30,26205.95,26209.25,26200.9,26204,26207.975450709688,33.83195831927303
2025-12-24T11:09:00+05:30,26203.8,26208.55,26199.55,26201.2,26206.281588032267,30.2721209355052
2025-12-24T11:12:00+05:30,26201.6,26212.2,26200.7,26210.15,26207.2486910242,49.922062065383756
2025-12-24T11:15:00+05:30,26210.3,26212.4,26206.9,26209.05,26207.69901826815,47.98314193386544
2025-12-24T11:18:00+05:30,26208.1,26212.2,26206.8,26211.15,26208.561763701113,52.12459956485373
2025-12-24T11:21:00+05:30,26211.65,26221,26210.55,26217.5,26210.796322775834,62.622842099829576
2025-12-24T11:24:00+05:30,26216.8,26218.45,26205.25,26207.6,26209.997242081874,44.76729108631032
2025-12-24T11:27:00+05:30,26206.9,26214.75,26205.55,26213.05,26210.760431561404,53.31626805279299
2025-12-24T11:30:00+05:30,26214.35,26216,26208.95,26214.1,26211.595323671052,54.88580171121839
2025-12-24T11:33:00+05:30,26215.15,26217.45,26211.45,26212.7,26211.87149275329,52.15800760695295
2025-12-24T11:36:00+05:30,26213.9,26214.95,26209.7,26209.8,26211.353619564965,46.56520093419462
2025-12-24T11:39:00+05:30,26210.75,26212.75,26201.8,26205.15,26209.802714673722,38.785245588487
2025-12-24T11:42:00+05:30,26204.8,26206.9,26184.15,26185.45,26203.714536005293,21.242859556391167
2025-12-24T11:45:00+05:30,26186.7,26188,26178.65,26181.85,26198.24840200397,19.374597195436095
2025-12-24T11:48:00+05:30,26181.5,26189,26180.9,26183.6,26194.586301502975,23.204964062103357
2025-12-24T11:51:00+05:30,26183.75,26185.8,26181.15,26184.15,26191.97722612723,24.51980411046827
2025-12-24T11:54:00+05:30,26184.35,26194.35,26183,26190.15,26191.52041959542,38.02476442890968
2025-12-24T11:57:00+05:30,26190.25,26197.95,26188.9,26192.85,26191.852814696565,43.34642216398408
2025-12-24T12:00:00+05:30,26193.3,26194.9,26185.85,26194.6,26192.539611022425,46.80068864033742
2025-12-24T12:03:00+05:30,26193.75,26196.8,26191.1,26195.15,26193.192208266817,47.964020599710146
2025-12-24T12:06:00+05:30,26194.65,26198.05,26188.6,26189.5,26192.269156200113,38.00401327522836
2025-12-24T12:09:00+05:30,26189.15,26191.8,26186.75,26188.55,26191.339367150085,36.516518697032204
2025-12-24T12:12:00+05:30,26187.85,26194.4,26186.2,26192,26191.504525362565,45.54662766056288
2025-12-24T12:15:00+05:30,26191.85,26197.1,26190.45,26195.75,26192.565894021922,53.867976414106096
2025-12-24T12:18:00+05:30,26193.8,26201.1,26193.35,26195.75,26193.361920516443,53.867976414106096
2025-12-24T12:21:00+05:30,26194.75,26201,26192.3,26193.15,26193.30894038733,47.0786238475375
2025-12-24T12:24:00+05:30,26192.35,26201.95,26190.95,26201.3,26195.3067052905,63.77539275793257
2025-12-24T12:27:00+05:30,26200.75,26205.15,26196,26202,26196.980028967875,64.88552497957265
2025-12-24T12:30:00+05:30,26201.9,26207.3,26198.4,26205,26198.985021725908,69.55116947517132
2025-12-24T12:33:00+05:30,26204.7,26208.1,26202.25,26206.9,26200.96376629443,72.27326482988738
2025-12-24T12:36:00+05:30,26206,26209.1,26200.7,26200.7,26200.89782472082,53.92144560563024
2025-12-24T12:39:00+05:30,26200.15,26200.85,26190.7,26191.8,26198.623368540615,37.83291553952665
2025-12-24T12:42:00+05:30,26192.1,26195.4,26187.85,26193.1,26197.242526405462,40.840906227821236
2025-12-24T12:45:00+05:30,26192.35,26196.5,26190.4,26194.8,26196.631894804097,44.90776191542556
2025-12-24T12:48:00+05:30,26197.05,26198.15,26188.6,26189.95,26194.96142110307,36.545703731049656
2025-12-24T12:51:00+05:30,26189.9,26192.65,26186.3,26190.95,26193.958565827303,39.266074964128585
2025-12-24T12:54:00+05:30,26190.7,26193.8,26186.95,26192.05,26193.481424370475,42.433293288678925
2025-12-24T12:57:00+05:30,26191.95,26196.65,26189.8,26193.1,26193.386068277854,45.592986680049314
2025-12-24T13:00:00+05:30,26193.6,26194.25,26183.8,26183.8,26190.98955120839,29.092541574891214
2025-12-24T13:03:00+05:30,26184.45,26189.8,26178.5,26184,26189.242163406292,29.730595998162798
2025-12-24T13:06:00+05:30,26183.65,26184.15,26177.3,26179.85,26186.894122554717,24.41263293442566
2025-12-24T13:09:00+05:30,26177.7,26181.25,26174.95,26177,26184.420591916038,21.35253887792868
2025-12-24T13:12:00+05:30,26176.15,26183.9,26173.2,26181.05,26183.577943937027,34.88451922863534
2025-12-24T13:15:00+05:30,26181,26181.5,26173.55,26178.6,26182.33345795277,31.10710899327738
2025-12-24T13:18:00+05:30,26178.15,26179.4,26173.65,26178.55,26181.387593464577,31.027115709420343
2025-12-24T13:21:00+05:30,26178.2,26181.2,26167.8,26173.8,26179.490695098433,24.145375995547184
2025-12-24T13:24:00+05:30,26172.45,26174.75,26164.75,26170.75,26177.305521323826,20.70514141147771
2025-12-24T13:27:00+05:30,26169.95,26176.35,26168.55,26170.4,26175.57914099287,20.31757953684307
2025-12-24T13:30:00+05:30,26169.6,26171.35,26152,26154.2,26170.234355744655,10.104327833159857
2025-12-24T13:33:00+05:30,26153.7,26163.2,26151.1,26158.35,26167.26326680849,21.845840131176573
2025-12-24T13:36:00+05:30,26158.75,26160.95,26154,26159.9,26165.42245010637,26.054349314832876
2025-12-24T13:39:00+05:30,26160.3,26163.3,26157.1,26158.55,26163.704337579777,24.702683959802712
2025-12-24T13:42:00+05:30,26158.05,26163.55,26152.2,26160.1,26162.803253184833,29.595238775273273
2025-12-24T13:45:00+05:30,26159.1,26162.1,26154.95,26156.9,26161.327439888624,25.590293862239164
2025-12-24T13:48:00+05:30,26155.6,26161.35,26154.15,26159,26160.745579916467,32.575927213052395
2025-12-24T13:51:00+05:30,26158.7,26168,26157.75,26165.25,26161.871684937352,49.15130747912246
2025-12-24T13:54:00+05:30,26164.8,26168.65,26154.05,26155.55,26160.291263703013,34.011681940340864
2025-12-24T13:57:00+05:30,26155.4,26156.7,26147,26152.35,26158.30594777726,30.406913064617996
2025-12-24T14:00:00+05:30,26151.7,26152.85,26139.45,26149.45,26156.091960832942,27.342912142282813
2025-12-24T14:03:00+05:30,26149.05,26155.25,26145.05,26153.85,26155.531470624708,38.34094239909129
2025-12-24T14:06:00+05:30,26154.35,26158.6,26146,26151.5,26154.523602968533,35.036351008172176
2025-12-24T14:09:00+05:30,26151.85,26168.4,26149.9,26157.25,26155.2052022264,47.863819754871336
2025-12-24T14:12:00+05:30,26157.65,26161.3,26155.65,26158.5,26156.0289016698,50.350251625396254
2025-12-24T14:15:00+05:30,26160.6,26162.5,26155.35,26160,26157.02167625235,53.45776243943811
2025-12-24T14:18:00+05:30,26159,26160.9,26149.75,26150.45,26155.37875718926,36.492565774893144
2025-12-24T14:21:00+05:30,26150.85,26152.1,26141.2,26142.15,26152.071567891944,27.60848949960014
2025-12-24T14:24:00+05:30,26142.1,26146.35,26123.9,26129.8,26146.503675918957,19.40687778461863
2025-12-24T14:27:00+05:30,26129.7,26143,26128.1,26138.35,26144.465256939216,35.002397230831406
2025-12-24T14:30:00+05:30,26139.05,26152.35,26135.3,26135.3,26142.173942704412,32.39359294919872
2025-12-24T14:33:00+05:30,26135.25,26141.55,26133.1,26134.2,26140.18045702831,31.408602634909755
2025-12-24T14:36:00+05:30,26133.8,26135.45,26124.2,26130.35,26137.722842771233,27.939577064950328
2025-12-24T14:39:00+05:30,26130.4,26142.15,26127.45,26134.7,26136.967132078425,37.09759433292979
2025-12-24T14:42:00+05:30,26134.55,26140.9,26133,26139.7,26137.65034905882,46.25676214376627
2025-12-24T14:45:00+05:30,26140.3,26148.95,26140.3,26147.75,26140.175261794113,57.79887789572857
2025-12-24T14:48:00+05:30,26147.8,26149.85,26133.8,26135.5,26139.006446345586,41.844311064184765
2025-12-24T14:51:00+05:30,26135.1,26135.75,26123,26127.2,26136.05483475919,34.349299766605526
2025-12-24T14:54:00+05:30,26127.1,26147.5,26125.15,26143.75,26137.978626069395,53.658762568302755
2025-12-24T14:57:00+05:30,26143.5,26150.2,26139.9,26148.1,26140.508969552044,57.49259778118402
2025-12-24T15:00:00+05:30,26148.2,26156.6,26132.8,26134.15,26138.919227164035,43.903354820218034
2025-12-24T15:03:00+05:30,26134.5,26156.6,26129.05,26156.4,26143.289420373025,61.03942647755716
2025-12-24T15:06:00+05:30,26157.8,26166.55,26139.95,26149,26144.71706527977,54.57118455031378
2025-12-24T15:09:00+05:30,26149.5,26151.2,26131.6,26142.75,26144.225298959827,49.411760478666956
2025-12-24T15:12:00+05:30,26142.95,26158.75,26142.95,26154.8,26146.86897421987,58.283344109149375
2025-12-24T15:15:00+05:30,26155.9,26157.65,26136.65,26137.75,26144.589230664904,45.19870607600828
2025-12-24T15:18:00+05:30,26139.05,26145.45,26136.5,26140.35,26143.529422998676,47.303431004392316
2025-12-24T15:21:00+05:30,26142.35,26143.5,26134.5,26138.05,26142.159567249008,45.49992940191021
2025-12-24T15:24:00+05:30,26139.55,26142.15,26133.5,26141,26141.869675436756,48.44140938426026
2025-12-24T15:27:00+05:30,26140.2,26141.65,26129.9,26141.65,26141.814756577565,49.14695312217773
2025-12-24T15:30:00+05:30,26137.2,26142.1,26137.2,26142.1,26141.886067433174,49.70287278049404
2025-12-26T09:06:00+05:30,26121.25,26121.25,26121.25,26121.25,26136.727050574882,31.241412530037138
2025-12-26T09:15:00+05:30,26120.75,26144.2,26095.65,26120.9,26132.770287931162,31.015793241276626
2025-12-26T09:18:00+05:30,26120.85,26138.95,26116.6,26131.6,26132.47771594837,45.14516883550335
2025-12-26T09:21:00+05:30,26131.45,26134,26120.45,26125.25,26130.67078696128,39.538213748338656
2025-12-26T09:24:00+05:30,26125.45,26139.35,26124.45,26134.75,26131.690590220962,50.30987229791346
2025-12-26T09:27:00+05:30,26134.35,26139.85,26125.4,26132.85,26131.98044266572,48.30196708336622
2025-12-26T09:30:00+05:30,26131.85,26137.2,26111.2,26112.9,26127.21033199929,32.441229331100175
2025-12-26T09:33:00+05:30,26111.7,26114.15,26102.05,26103.25,26121.220248999467,27.369494430544393
2025-12-26T09:36:00+05:30,26103.7,26106.55,26097.45,26098.15,26115.452686749602,24.963198056432077
2025-12-26T09:39:00+05:30,26096.05,26098.4,26089.55,26095.6,26110.489515062203,23.74539106813384
2025-12-26T09:42:00+05:30,26095.75,26098.35,26081.7,26085.7,26104.29213629665,19.44808013264513
2025-12-26T09:45:00+05:30,26086.85,26090.35,26082.55,26086.85,26099.93160222249,21.37640319407734
2025-12-26T09:48:00+05:30,26085.4,26095.1,26083.2,26088.85,26097.161201666866,25.01838390181142
2025-12-26T09:51:00+05:30,26086.95,26088.8,26071.55,26075.75,26091.80840125015,18.47772698988689
2025-12-26T09:54:00+05:30,26076.35,26085.1,26075.8,26082.25,26089.418800937612,29.19351262774613
2025-12-26T09:57:00+05:30,26080.9,26095.15,26080.9,26090.6,26089.714100703208,40.84674245014085
2025-12-26T10:00:00+05:30,26090.15,26093.4,26080.8,26081.75,26087.723075527407,33.939796197531166
2025-12-26T10:03:00+05:30,26081.55,26097.35,26081.15,26093.8,26089.242306645556,47.927023132002496
2025-12-26T10:06:00+05:30,26092.05,26102.1,26092.05,26099.25,26091.744229984168,53.16017372552689
2025-12-26T10:09:00+05:30,26097.45,26100.2,26085.65,26089.6,26091.208172488125,44.021324143492095
2025-12-26T10:12:00+05:30,26088.9,26094.55,26086.5,26091.45,26091.268629366095,46.094009471099604
2025-12-26T10:15:00+05:30,26090.35,26092.55,26084.4,26087.65,26090.36397202457,42.337419509523045
2025-12-26T10:18:00+05:30,26086.25,26092.45,26084.9,26087.55,26089.66047901843,42.23174954214817
2025-12-26T10:21:00+05:30,26086.65,26090.95,26078.45,26081.75,26087.68285926382,36.12981300644088
2025-12-26T10:24:00+05:30,26081.05,26085,26078.95,26081.75,26086.199644447865,36.12981300644088
2025-12-26T10:27:00+05:30,26081.45,26093.6,26081.45,26091.75,26087.5872333359,52.30271230160442
2025-12-26T10:30:00+05:30,26091.7,26096.25,26087.95,26089.25,26088.002925001925,48.70558924775993
2025-12-26T10:33:00+05:30,26088.75,26095.4,26087.55,26090.65,26088.664693751445,50.911294513513035
2025-12-26T10:36:00+05:30,26089.4,26093.25,26083.4,26085.05,26087.761020313585,42.40237528307267
2025-12-26T10:39:00+05:30,26083.2,26094.9,26083.05,26092.9,26089.04576523519,54.76617573601544
2025-12-26T10:42:00+05:30,26091.55,26097.6,26090.05,26093.1,26090.05932392639,55.05296021035851
2025-12-26T10:45:00+05:30,26093.35,26094.1,26086.25,26089.05,26089.806992944792,47.881150984623176
2025-12-26T10:48:00+05:30,26088.55,26092.4,26085.65,26089.2,26089.655244708592,48.172885696388704
2025-12-26T10:51:00+05:30,26087.55,26093.95,26084.9,26091.8,26090.191433531443,53.44285961610452
2025-12-26T10:54:00+05:30,26091.25,26094.1,26081.5,26084.4,26088.743575148583,39.95303334163119
2025-12-26T10:57:00+05:30,26083.95,26095.05,26082.35,26089.4,26088.907681361437,49.9181446151712
2025-12-26T11:00:00+05:30,26089.6,26094.55,26085.65,26089.3,26089.00576102108,49.725592704325614
2025-12-26T11:03:00+05:30,26088.95,26092.25,26083.35,26084.7,26087.92932076581,41.19728900683958
2025-12-26T11:06:00+05:30,26084.4,26087.4,26076.6,26076.6,26085.096990574355,30.46380318880813
2025-12-26T11:09:00+05:30,26075.65,26082.15,26075.6,26076.35,26082.910242930768,30.180662233497486
2025-12-26T11:12:00+05:30,26075.85,26076.85,26067.5,26072.8,26080.382682198077,26.153625374435308
2025-12-26T11:15:00+05:30,26072.3,26074.45,26063.8,26066.9,26077.012011648556,20.77797999234403
2025-12-26T11:18:00+05:30,26065.8,26069.85,26062.4,26066,26074.259008736415,20.044755825437917
2025-12-26T11:21:00+05:30,26065.4,26068.45,26058.5,26059.9,26070.66925655231,15.671710626277346
2025-12-26T11:24:00+05:30,26059.65,26071.8,26057.9,26068.55,26070.139442414235,38.03602271276551
2025-12-26T11:27:00+05:30,26067.25,26070.05,26062.45,26067.15,26069.392081810678,36.222116635067444
2025-12-26T11:30:00+05:30,26064.85,26067.75,26057.7,26059.45,26066.90656135801,27.735042246319978
2025-12-26T11:33:00+05:30,26059,26063.9,26053.55,26055.55,26064.067421018506,24.362027194311352
2025-12-26T11:36:00+05:30,26055.25,26059.65,26051.8,26053.8,26061.50056576388,22.903825163882118
2025-12-26T11:39:00+05:30,26053.25,26058.55,26052.05,26054,26059.62542432291,23.51423793266281
2025-12-26T11:42:00+05:30,26053.85,26056.65,26049.8,26053.15,26058.00656824218,22.62599022823298
2025-12-26T11:45:00+05:30,26052.6,26055.3,26048.65,26049.45,26055.867426181634,18.984128601964258
2025-12-26T11:48:00+05:30,26049.7,26053.8,26048.35,26053.5,26055.275569636226,32.79754419030431
2025-12-26T11:51:00+05:30,26052.7,26056.7,26050.85,26053.55,26054.84417722717,32.9621755833183
2025-12-26T11:54:00+05:30,26053.4,26059.4,26053.05,26058.45,26055.745632920378,47.63045501867285
2025-12-26T11:57:00+05:30,26057.55,26063.35,26055.5,26056.5,26055.93422469028,43.23797375474597
2025-12-26T12:00:00+05:30,26056.65,26060.35,26055.1,26058.35,26056.538168517713,48.49520144696248
2025-12-26T12:03:00+05:30,26056.6,26060.7,26050.1,26055.95,26056.391126388284,42.53294497251266
2025-12-26T12:06:00+05:30,26055.45,26059.4,26051.25,26053.8,26055.74334479121,37.689975325817976
2025-12-26T12:09:00+05:30,26054.25,26059.45,26053.15,26057.9,26056.28250859341,50.28423412745744
2025-12-26T12:12:00+05:30,26057.1,26064.65,26056.1,26062.25,26057.77438144506,60.23337561918524
2025-12-26T12:15:00+05:30,26062,26064.15,26058.8,26059.75,26058.268286083796,53.10740401677515
2025-12-26T12:18:00+05:30,26059.55,26067.1,26059.35,26064.45,26059.813714562846,62.76842335014263
2025-12-26T12:21:00+05:30,26062.9,26064.95,26050.65,26055.8,26058.810285922133,43.517620238222776
2025-12-26T12:24:00+05:30,26055.9,26064.9,26055.9,26063.55,26059.9952144416,57.2291975178693
2025-12-26T12:27:00+05:30,26061.75,26065.25,26056.5,26059.5,26059.871410831198,49.851027571988915
2025-12-26T12:30:00+05:30,26059.2,26060.8,26045.3,26048.35,26056.9910581234,35.25301109091886
2025-12-26T12:33:00+05:30,26048.7,26050.05,26041.6,26041.8,26053.19329359255,29.360545249466966
2025-12-26T12:36:00+05:30,26041,26043.45,26035.15,26039.3,26049.719970194412,27.326631837987208
2025-12-26T12:39:00+05:30,26036.35,26042.9,26034.3,26035.7,26046.21497764581,24.477898753825457
2025-12-26T12:42:00+05:30,26035.5,26041.05,26034.85,26039.75,26044.598733234357,33.567513447257824
2025-12-26T12:45:00+05:30,26038.3,26042.1,26036.4,26038.05,26042.961549925767,31.699156696135688
2025-12-26T12:48:00+05:30,26037.45,26042.8,26035.9,26037.4,26041.571162444325,30.93117947286892
2025-12-26T12:51:00+05:30,26036.6,26043.25,26032.65,26040.4,26041.278371833243,38.90166364866307
2025-12-26T12:54:00+05:30,26039.7,26041.6,26038.3,26040.6,26041.108778874932,39.445172927733154
2025-12-26T12:57:00+05:30,26040.3,26041.85,26035.75,26038.25,26040.3940841562,35.157864547458246
2025-12-26T13:00:00+05:30,26038.05,26040.6,26033.95,26036.05,26039.30806311715,31.427108193174945
2025-12-26T13:03:00+05:30,26035.55,26038.1,26031.1,26033.3,26037.806047337865,27.215503719943854
2025-12-26T13:06:00+05:30,26031.7,26037.9,26030.85,26036.5,26037.4795355034,38.419008609823116
2025-12-26T13:09:00+05:30,26035.25,26040.25,26031.8,26040.25,26038.17215162755,49.12542033119859
2025-12-26T13:12:00+05:30,26038.3,26044.1,26035.4,26042.15,26039.166613720663,53.86655482414802
2025-12-26T13:15:00+05:30,26041.75,26052.3,26041.75,26047.45,26041.237460290497,64.60217385186472
2025-12-26T13:18:00+05:30,26046.35,26049.05,26042.6,26048.2,26042.978095217873,65.91180034309451
2025-12-26T13:21:00+05:30,26047.2,26052.25,26046.2,26047.8,26044.183571413407,64.42861584284907
2025-12-26T13:24:00+05:30,26047.2,26051.2,26045.75,26048.5,26045.262678560055,65.99107869090145
2025-12-26T13:27:00+05:30,26047.55,26053.1,26045.5,26049.45,26046.309508920043,68.20251321402654
2025-12-26T13:30:00+05:30,26048.85,26053.3,26046.15,26051.15,26047.519631690033,72.00319728423139
2025-12-26T13:33:00+05:30,26050.35,26051.9,26044,26046.1,26047.164723767524,50.91278479151973
2025-12-26T13:36:00+05:30,26045.85,26049.15,26043.6,26047.6,26047.273542825642,55.43615958115479
2025-12-26T13:39:00+05:30,26046.8,26050.05,26042.6,26044.55,26046.592657119232,45.491690077139786
2025-12-26T13:42:00+05:30,26044.9,26050.9,26043.4,26048.7,26047.119492839425,57.573256142209736
2025-12-26T13:45:00+05:30,26048.15,26054.35,26045.7,26049,26047.58961962957,58.35178876872567
2025-12-26T13:48:00+05:30,26047.75,26053.15,26045.7,26048,26047.692214722178,54.46509005628354
2025-12-26T13:51:00+05:30,26047.65,26050.4,26044,26045.85,26047.23166104163,46.6680216746659
2025-12-26T13:54:00+05:30,26045.1,26048.4,26041.4,26045.5,26046.798745781223,45.432760984308445
2025-12-26T13:57:00+05:30,26045.4,26052.6,26044.5,26049.2,26047.39905933592,58.86226738643316
2025-12-26T14:00:00+05:30,26047.65,26053.65,26045.4,26048.6,26047.699294501937,56.24350114295635
2025-12-26T14:03:00+05:30,26048.4,26053,26045.05,26045.55,26047.161970876452,44.501764042862035
2025-12-26T14:06:00+05:30,26044.75,26047.75,26039.5,26042.9,26046.09647815734,36.729200165748566
2025-12-26T14:09:00+05:30,26041.55,26043.65,26032.4,26039.1,26044.347358618004,28.4239011993256
2025-12-26T14:12:00+05:30,26038.55,26047.05,26037.15,26044.15,26044.298018963505,47.00379229334701
2025-12-26T14:15:00+05:30,26042.5,26046,26033.45,26034.85,26041.93601422263,30.17480524876629
2025-12-26T14:18:00+05:30,26034.5,26037,26023.3,26025.4,26037.802010666972,21.183562462323394
2025-12-26T14:21:00+05:30,26024.85,26028.95,26019.35,26023.15,26034.13900800023,19.56423177010872
2025-12-26T14:24:00+05:30,26023.25,26024.75,26016.9,26020.15,26030.641756000172,17.48506499324732
2025-12-26T14:27:00+05:30,26019.1,26029.55,26019.1,26026,26029.48131700013,33.550713198726385
2025-12-26T14:30:00+05:30,26025.85,26028.05,26020.95,26022.2,26027.660987750096,29.23681172319921
2025-12-26T14:33:00+05:30,26023.15,26024.45,26014.15,26014.85,26024.45824081257,22.661602048504406
2025-12-26T14:36:00+05:30,26014.5,26024.1,26013.55,26020.4,26023.44368060943,35.45029820941416
2025-12-26T14:39:00+05:30,26020.1,26023.9,26014.4,26019.05,26022.345260457074,33.86130387047203
2025-12-26T14:42:00+05:30,26020.3,26025.65,26015.05,26017.35,26021.096445342806,31.769256786319005
2025-12-26T14:45:00+05:30,26017.15,26024.65,26012.45,26017.85,26020.284834007103,33.185718858913006
2025-12-26T14:48:00+05:30,26016.1,26019.65,26008.65,26011.1,26017.988625505328,25.00867837659584
2025-12-26T14:51:00+05:30,26011.45,26025.3,26008.6,26019.95,26018.478969128995,45.53629016906955
2025-12-26T14:54:00+05:30,26020.85,26025.05,26015.75,26021.85,26019.321726846745,49.03084584957802
2025-12-26T14:57:00+05:30,26021.9,26039.8,26021.9,26038.95,26024.22879513506,69.54723066869012
2025-12-26T15:00:00+05:30,26039.3,26044.8,26035.3,26042.65,26028.834096351296,72.3561797910373
2025-12-26T15:03:00+05:30,26042.05,26044.8,26036.6,26041.3,26031.95057226347,69.62251280494985
2025-12-26T15:06:00+05:30,26041.55,26044.35,26037.5,26039.05,26033.725429197602,64.85789195538655
2025-12-26T15:09:00+05:30,26039.6,26049.55,26039.05,26044.15,26036.3315718982,70.24308215431142
2025-12-26T15:12:00+05:30,26044.85,26051.35,26041.6,26048.3,26039.32367892365,74.02227506505048
2025-12-26T15:15:00+05:30,26048.25,26048.25,26035.4,26035.4,26038.34275919274,50.68025971562661
2025-12-26T15:18:00+05:30,26035.05,26044.25,26031.05,26041,26039.007069394553,57.472201155487994
2025-12-26T15:21:00+05:30,26041.45,26047.65,26038.55,26041.55,26039.642802045913,58.13284599041188
2025-12-26T15:24:00+05:30,26040.6,26047.4,26038.4,26041.45,26040.094601534434,57.941916902481736
2025-12-26T15:27:00+05:30,26043,26052.45,26040.15,26047.65,26041.983451150827,66.01555343269004
2025-12-26T15:30:00+05:30,26046.75,26046.75,26042.3,26042.3,26042.062588363122,55.32397187606858
2025-12-29T09:06:00+05:30,26063.35,26063.35,26063.35,26063.35,26047.38444127234,74.37465399944763
2025-12-29T09:15:00+05:30,26066.2,26106.8,26046.7,26052.05,26048.550830954257,58.69859714732669
2025-12-29T09:18:00+05:30,26052.95,26062.5,26044.15,26048.65,26048.575623215693,54.65481662367287
2025-12-29T09:21:00+05:30,26049.8,26062.7,26049.45,26061.65,26051.84421741177,65.31402562881975
2025-12-29T09:24:00+05:30,26060.15,26064.3,26051.55,26057.85,26053.345663058826,60.46675247667459
2025-12-29T09:27:00+05:30,26059.7,26063.25,26052,26052.95,26053.24674729412,54.39380211518542
2025-12-29T09:30:00+05:30,26054.05,26067.6,26050.25,26067.6,26056.835060470592,66.22576789525066
2025-12-29T09:33:00+05:30,26068.05,26077.85,26066.2,26073.45,26060.988795352943,69.8676888237629
2025-12-29T09:36:00+05:30,26073.3,26079.2,26068.85,26070.7,26063.416596514708,65.96654141376952
2025-12-29T09:39:00+05:30,26070.05,26077.55,26067.8,26071.95,26065.549947386033,66.94529502571685
2025-12-29T09:42:00+05:30,26072.05,26082.3,26069.6,26080.4,26069.262460539525,73.0563616462599
2025-12-29T09:45:00+05:30,26079.75,26087.15,26076.8,26077.8,26071.396845404644,68.50963528869147
2025-12-29T09:48:00+05:30,26078.7,26081.85,26073.7,26077.7,26072.972634053483,68.31884567046014
2025-12-29T09:51:00+05:30,26077.25,26078.5,26070.35,26070.75,26072.416975540113,55.73383459617126
2025-12-29T09:54:00+05:30,26071.15,26071.85,26050.7,26053.6,26067.712731655083,36.41969121998987
2025-12-29T09:57:00+05:30,26054,26057.2,26035.6,26037.25,26060.097048741314,26.287451886811198
2025-12-29T10:00:00+05:30,26035.5,26042.7,26027.9,26034.35,26053.660286555983,24.85646524397451
2025-12-29T10:03:00+05:30,26033.85,26038.15,26026.75,26034.15,26048.78271491699,24.748070749206434
2025-12-29T10:06:00+05:30,26031.85,26034.1,26027.05,26033.25,26044.899536187742,24.194162599772866
2025-12-29T10:09:00+05:30,26032.7,26039,26029.6,26038.55,26043.312152140807,34.29737083786377
2025-12-29T10:12:00+05:30,26037.6,26037.65,26030.8,26034.55,26041.121614105607,30.695246560970006
2025-12-29T10:15:00+05:30,26035.6,26035.6,26027.45,26028.65,26038.003710579207,25.996779160240038
2025-12-29T10:18:00+05:30,26029.2,26030.2,26017.8,26024.1,26034.527782934405,22.849928635728517
2025-12-29T10:21:00+05:30,26024.9,26031.6,26021.3,26028.45,26033.008337200805,32.02725224092488
2025-12-29T10:24:00+05:30,26028.3,26037.75,26027.55,26029.8,26032.206252900603,34.83392995202827
2025-12-29T10:27:00+05:30,26030.7,26031.7,26025.7,26028.05,26031.167189675452,32.78652309801792
2025-12-29T10:30:00+05:30,26028.5,26028.5,26015.65,26017.15,26027.66289225659,22.974113322304845
2025-12-29T10:33:00+05:30,26017.3,26020.75,26013.3,26020.05,26025.75966919244,29.521324322228722
2025-12-29T10:36:00+05:30,26020.25,26021.95,26016.55,26018.9,26024.044751894333,28.404330378327856
2025-12-29T10:39:00+05:30,26020.1,26022.05,26013.25,26014.55,26021.67106392075,24.340122219412393
2025-12-29T10:42:00+05:30,26015.15,26015.15,26000.4,26003.4,26017.10329794056,17.046314798370588
2025-12-29T10:45:00+05:30,26003.65,26006.4,25997.6,26000,26012.82747345542,15.4041384583563
2025-12-29T10:48:00+05:30,26001.35,26003.65,25998.7,26000.4,26009.720605091567,16.508118941968647
2025-12-29T10:51:00+05:30,26000.05,26011.8,25998.1,26008.4,26009.390453818676,35.997085637570166
2025-12-29T10:54:00+05:30,26008.9,26010,26004.35,26007.3,26008.867840364008,34.697824923418835
2025-12-29T10:57:00+05:30,26008.6,26010.35,26003.4,26005,26007.900880273006,31.890027329603285
2025-12-29T11:00:00+05:30,26004.35,26007.15,25998.25,25998.65,26005.588160204756,25.296513835198795
2025-12-29T11:03:00+05:30,25998.95,25999.55,25986.3,25987.95,26001.178620153565,17.98593374641051
2025-12-29T11:06:00+05:30,25989.15,25989.95,25979,25983.5,25996.758965115172,15.774071870315453
2025-12-29T11:09:00+05:30,25984.35,25988.2,25980.3,25982.25,25993.131723836377,15.162980187290799
2025-12-29T11:12:00+05:30,25983.4,25987.3,25979.75,25983.7,25990.773792877284,19.389278467537068
2025-12-29T11:15:00+05:30,25983.9,25984.25,25977.35,25980.35,25988.16784465796,17.093969002531693
2025-12-29T11:18:00+05:30,25981.25,25981.9,25970.3,25972.3,25984.20088349347,12.834492969426307
2025-12-29T11:21:00+05:30,25974.35,25975.45,25965.75,25968.1,25980.175662620102,11.144198719176984
2025-12-29T11:24:00+05:30,25968.45,25973.75,25964.85,25971.65,25978.044246965077,21.357512858077
2025-12-29T11:27:00+05:30,25972.5,25978.05,25968.95,25974.95,25977.270685223808,30.074186864816497
2025-12-29T11:30:00+05:30,25975.85,25977.25,25969.45,25973.55,25976.340513917858,28.51012621566116
2025-12-29T11:33:00+05:30,25975.25,25978.1,25969.7,25973.8,25975.705385438392,29.276397992212765
2025-12-29T11:36:00+05:30,25975.85,25976.05,25970.05,25971.25,25974.591539078792,25.96457931292946
2025-12-29T11:39:00+05:30,25972.55,25975.35,25969.75,25973.8,25974.393654309093,34.59631119650673
2025-12-29T11:42:00+05:30,25974.35,25977.4,25970.05,25976,25974.79524073182,41.465417091803495
2025-12-29T11:45:00+05:30,25976.5,25989.6,25973.15,25986,25977.596430548863,62.40450884186069
2025-12-29T11:48:00+05:30,25986.95,25990.1,25982.85,25985.95,25979.684822911648,62.27455989246266
2025-12-29T11:51:00+05:30,25987.05,25987.25,25979.45,25983.85,25980.726117183734,56.50865043025225
2025-12-29T11:54:00+05:30,25984.55,25984.9,25979.25,25981.1,25980.8195878878,49.50582016067461
2025-12-29T11:57:00+05:30,25981.15,25985.1,25976.05,25977.65,25980.02719091585,41.905040831840765
2025-12-29T12:00:00+05:30,25979.25,25982.65,25976.6,25980.6,25980.170393186887,49.62117250736586
2025-12-29T12:03:00+05:30,25981,25981.1,25969.15,25972.7,25978.302794890165,35.068796530462706
2025-12-29T12:06:00+05:30,25973.1,25978.1,25969.05,25977.7,25978.152096167625,46.62673455963008
2025-12-29T12:09:00+05:30,25977.3,25988.1,25975.55,25980.3,25978.68907212572,51.82867780180556
2025-12-29T12:12:00+05:30,25979.4,25983.4,25977.15,25979.9,25978.99180409429,50.937603787147495
2025-12-29T12:15:00+05:30,25979.55,25982.05,25975.05,25979.65,25979.156353070717,50.30693933549026
2025-12-29T12:18:00+05:30,25980.45,25982.05,25972.3,25974.65,25978.02976480304,39.0311294465913
2025-12-29T12:21:00+05:30,25974.75,25974.75,25961.65,25964.3,25974.59732360228,25.32353361312805
2025-12-29T12:24:00+05:30,25965.75,25970.8,25960.7,25970.2,25973.497992701712,39.46290759578513
2025-12-29T12:27:00+05:30,25969.4,25972.85,25963.05,25971.15,25972.910994526283,41.542161652444406
2025-12-29T12:30:00+05:30,25972.3,25973.85,25965.5,25968.2,25971.733245894713,36.945027343919385
2025-12-29T12:33:00+05:30,25968.9,25968.9,25957.55,25962.15,25969.337434421035,29.210732884643434
2025-12-29T12:36:00+05:30,25962.55,25966.45,25956.8,25962.8,25967.703075815778,31.020771395366324
2025-12-29T12:39:00+05:30,25963.7,25964,25957.05,25959.5,25965.652306861833,26.940627506224274
2025-12-29T12:42:00+05:30,25959.25,25962.45,25954.85,25959.7,25964.164230146376,27.613823263277126
2025-12-29T12:45:00+05:30,25960.55,25963.8,25955.65,25960.7,25963.298172609782,31.306149666346045
2025-12-29T12:48:00+05:30,25960.95,25961.95,25953.15,25955.8,25961.423629457335,24.23827266165314
2025-12-29T12:51:00+05:30,25956.5,25958.05,25952.75,25954.7,25959.742722093,22.885093174020227
2025-12-29T12:54:00+05:30,25957.2,25962.45,25952.2,25959.15,25959.59454156975,38.966854363457415
2025-12-29T12:57:00+05:30,25960.15,25964.55,25955.5,25961.45,25960.05840617731,45.78448505883313
2025-12-29T13:00:00+05:30,25961.95,25965,25958.6,25963.8,25960.993804632984,52.15521430036559
2025-12-29T13:03:00+05:30,25964,25970.25,25962.25,25966.65,25962.40785347474,58.975905019134565
2025-12-29T13:06:00+05:30,25967.85,25971.85,25965.6,25969.45,25964.168390106053,64.73777457341933
2025-12-29T13:09:00+05:30,25969.7,25970.9,25965.4,25968.3,25965.20129257954,60.655685061970274
2025-12-29T13:12:00+05:30,25968.7,25972,25952,25954.35,25962.488469434655,32.05265914247842
2025-12-29T13:15:00+05:30,25954.7,25956.9,25939.25,25942.5,25957.49135207599,21.844082270585105
2025-12-29T13:18:00+05:30,25942.45,25949.9,25938.8,25946.7,25954.793514056993,30.93923974580386
2025-12-29T13:21:00+05:30,25949,25949.9,25941.7,25946.65,25952.757635542745,30.889314050307604
2025-12-29T13:24:00+05:30,25947.15,25949.7,25942.75,25945.05,25950.83072665706,29.134165663878917
2025-12-29T13:27:00+05:30,25946.65,25951.2,25943.5,25948.1,25950.148044992795,37.084572831234155
2025-12-29T13:30:00+05:30,25948.7,25950.6,25944,25946.8,25949.311033744598,35.12500986232726
2025-12-29T13:33:00+05:30,25947.1,25949,25942.1,25942.6,25947.63327530845,29.291160071285447
2025-12-29T13:36:00+05:30,25943.1,25947.3,25934.4,25937.45,25945.08745648134,23.667742309318484
2025-12-29T13:39:00+05:30,25938.75,25939,25930.45,25933.8,25942.265592361004,20.425349048330347
2025-12-29T13:42:00+05:30,25934.95,25943,25933.05,25940.4,25941.799194270752,38.26665135493701
2025-12-29T13:45:00+05:30,25940.85,25951.1,25937.15,25945.3,25942.674395703063,48.30571633868313
2025-12-29T13:48:00+05:30,25946.4,25951.35,25945.2,25947.7,25943.9307967773,52.70100399767488
2025-12-29T13:51:00+05:30,25948.5,25955.3,25946.85,25953.5,25946.323097582972,61.84710207500947
2025-12-29T13:54:00+05:30,25954.6,25958.3,25947.6,25951.35,25947.57982318723,57.074215247197806
2025-12-29T13:57:00+05:30,25953.65,25953.65,25944.8,25950.45,25948.29736739042,55.00128146587647
2025-12-29T14:00:00+05:30,25950.75,25957.05,25946.65,25952.7,25949.398025542814,59.31154189238396
2025-12-29T14:03:00+05:30,25952.9,25956.5,25948.65,25955.65,25950.961019157112,64.51126452034006
2025-12-29T14:06:00+05:30,25955.2,25956.15,25949.1,25952.35,25951.308264367835,55.28993143060368
2025-12-29T14:09:00+05:30,25953.2,25961.05,25951.8,25959.7,25953.406198275876,67.39897005447612
2025-12-29T14:12:00+05:30,25959.75,25959.95,25943,25943.35,25950.892148706906,39.57938764018986
2025-12-29T14:15:00+05:30,25942.95,25946.7,25930.55,25931.15,25945.95661153018,29.11696403143418
2025-12-29T14:18:00+05:30,25932.5,25933.4,25924.7,25928.6,25941.617458647634,27.353741575141257
2025-12-29T14:21:00+05:30,25929.35,25942.45,25927.55,25942.45,25941.825593985726,47.49940675927869
2025-12-29T14:24:00+05:30,25942.5,25968.8,25941.2,25965.1,25947.644195489294,65.66557581452638
2025-12-29T14:27:00+05:30,25966.05,25972.45,25953.1,25954.85,25949.445646616972,55.52248162635176
2025-12-29T14:30:00+05:30,25955.1,25955.7,25948.25,25951.85,25950.04673496273,52.74070160765633
2025-12-29T14:33:00+05:30,25951.7,25958,25948.2,25949.75,25949.972551222047,50.66756107132932
2025-12-29T14:36:00+05:30,25949.5,25950.15,25943.9,25948.15,25949.516913416533,48.95697514410609
2025-12-29T14:39:00+05:30,25947.65,25949.75,25937.55,25938.55,25946.7751850624,39.598733918183704
2025-12-29T14:42:00+05:30,25938.45,25940.05,25933.25,25936.1,25944.1063887968,37.466362601750646
2025-12-29T14:45:00+05:30,25936.9,25938.85,25929.1,25936.5,25942.2047915976,38.10126070811334
2025-12-29T14:48:00+05:30,25937.1,25942.3,25934.7,25936.25,25940.7160936982,37.821263832787224
2025-12-29T14:51:00+05:30,25936.55,25943.3,25933.5,25941.35,25940.87457027365,47.07744050995137
2025-12-29T14:54:00+05:30,25941.25,25942,25920.3,25928.4,25937.755927705235,32.67003622189624
2025-12-29T14:57:00+05:30,25929.45,25942.4,25927.7,25934.2,25936.866945778926,41.95246630955091
2025-12-29T15:00:00+05:30,25933.45,25948.5,25923.65,25927.5,25934.525209334195,35.379025315211024
2025-12-29T15:03:00+05:30,25928.15,25947.75,25925.6,25947.45,25937.75640700065,58.15556914314046
2025-12-29T15:06:00+05:30,25946.55,25951.05,25941.25,25946.4,25939.917305250485,56.923599899656566
2025-12-29T15:09:00+05:30,25945.85,25949.8,25942.05,25942.5,25940.562978937865,52.137509120545914
2025-12-29T15:12:00+05:30,25942.2,25946.4,25941.7,25944.05,25941.434734203398,53.93343450723585
2025-12-29T15:15:00+05:30,25943.35,25944.55,25936.65,25939.15,25940.86355065255,47.37694703328042
2025-12-29T15:18:00+05:30,25939.45,25944.65,25936,25944.65,25941.81016298941,54.60375463012643
2025-12-29T15:21:00+05:30,25944.75,25948.85,25943.65,25948.35,25943.445122242058,59.020688836185755
2025-12-29T15:24:00+05:30,25947.95,25953.35,25947.4,25950.35,25945.171341681544,61.389762319249414
2025-12-29T15:27:00+05:30,25949.55,25950.85,25942.85,25949.8,25946.328506261158,60.271849643051176
2025-12-29T15:30:00+05:30,25951.9,25952.75,25942.1,25942.1,25945.271379695867,46.45475020190626
2025-12-30T09:06:00+05:30,25940.9,25940.9,25940.9,25940.9,25944.1785347719,44.59594020814107
2025-12-30T09:15:00+05:30,25956.15,25956.15,25893.5,25915.35,25936.971401078925,22.365708793291958
2025-12-30T09:18:00+05:30,25915.55,25915.8,25889,25890.55,25925.366050809193,14.295846765346568
2025-12-30T09:21:00+05:30,25892.75,25893.85,25882.95,25886.75,25915.712038106896,13.429630727973446
2025-12-30T09:24:00+05:30,25886.6,25890.4,25880.15,25883.35,25907.621528580174,12.630740241384075
2025-12-30T09:27:00+05:30,25883.1,25886.45,25878,25884.55,25901.85364643513,14.719657475792118
2025-12-30T09:30:00+05:30,25884.75,25889.3,25881.25,25886,25897.890234826347,17.500320637333743
2025-12-30T09:33:00+05:30,25886.4,25911.05,25882.55,25911.05,25901.18017611976,50.21690051456172
2025-12-30T09:36:00+05:30,25911,25919.05,25909.25,25914.15,25904.42263208982,52.912891361205894
2025-12-30T09:39:00+05:30,25913.8,25926.25,25911.55,25920.5,25908.441974067366,58.30852619828604
2025-12-30T09:42:00+05:30,25920.25,25942.5,25920.25,25939.75,25916.268980550525,70.33205188292496
2025-12-30T09:45:00+05:30,25939.95,25941.8,25916.85,25920.05,25917.214235412896,52.31779654456841
2025-12-30T09:48:00+05:30,25920.15,25922.05,25906.3,25909.4,25915.260676559672,45.04156270800641
2025-12-30T09:51:00+05:30,25910.05,25938.4,25909.85,25933.5,25919.820507419754,59.801419526508255
2025-12-30T09:54:00+05:30,25932.9,25954.7,25929.35,25945.95,25926.352880564817,65.40160954531942
2025-12-30T09:57:00+05:30,25946.55,25948.95,25934.1,25935.7,25928.689660423614,57.68296682061528
2025-12-30T10:00:00+05:30,25935.55,25938.35,25923.4,25936.5,25930.64224531771,58.1328900300253
2025-12-30T10:03:00+05:30,25936.35,25936.85,25928.65,25932,25930.981683988284,54.34129059414078
2025-12-30T10:06:00+05:30,25932.15,25932.6,25925.4,25926.1,25929.76126299121,49.4116404775744
2025-12-30T10:09:00+05:30,25926.35,25932.45,25922.1,25929.4,25929.67094724341,52.23892157664566
2025-12-30T10:12:00+05:30,25929.35,25949.25,25928,25943.25,25933.06571043256,62.5007286537989
2025-12-30T10:15:00+05:30,25943.75,25954.3,25943.4,25953.65,25938.21178282442,68.44096577185904
2025-12-30T10:18:00+05:30,25953.95,25964.2,25951.45,25962.75,25944.346337118313,72.83397304366109
2025-12-30T10:21:00+05:30,25962.55,25966.7,25956.6,25961.6,25948.659752838736,71.36925966932553
2025-12-30T10:24:00+05:30,25961.35,25970.6,25959.45,25964.8,25952.694814629052,73.12388374698605
2025-12-30T10:27:00+05:30,25964.2,25969.25,25962.6,25965.1,25955.796110971787,73.30283498956877
2025-12-30T10:30:00+05:30,25965.95,25973.6,25964.65,25967.6,25958.747083228838,74.92598139645807
2025-12-30T10:33:00+05:30,25967.4,25975.85,25965.7,25967.3,25960.88531242163,74.2936102474139
2025-12-30T10:36:00+05:30,25967.45,25969.75,25952.75,25954.15,25959.20148431622,51.89516792146676
2025-12-30T10:39:00+05:30,25953.75,25956.85,25949.9,25953.35,25957.738613237165,50.80796851123146
2025-12-30T10:42:00+05:30,25953.85,25954.55,25947.5,25949.3,25955.628959927875,45.21346095616233
2025-12-30T10:45:00+05:30,25949.1,25949.95,25937.85,25939.85,25951.684219945906,34.786378145388866
2025-12-30T10:48:00+05:30,25940.65,25947.45,25937.15,25947.45,25950.62566495943,46.38727412753224
2025-12-30T10:51:00+05:30,25946.9,25948.75,25932.85,25933.65,25946.38174871957,33.69093403871645
2025-12-30T10:54:00+05:30,25933.25,25934.1,25924.15,25930.35,25942.373811539677,31.300828028396452
2025-12-30T10:57:00+05:30,25930.15,25932.85,25923.85,25927.45,25938.64285865476,29.17856645145136
2025-12-30T11:00:00+05:30,25927.6,25934.8,25926,25929.45,25936.34464399107,32.842250442984266
2025-12-30T11:03:00+05:30,25929.2,25933.9,25923.65,25930.8,25934.9584829933,35.4710557081831
2025-12-30T11:06:00+05:30,25930.9,25932.45,25925.85,25931.35,25934.056362244977,36.649710419243384
2025-12-30T11:09:00+05:30,25930.95,25933.25,25910.35,25918.75,25930.229771683735,24.627078029873644
2025-12-30T11:12:00+05:30,25917.75,25925.55,25914.15,25921.45,25928.0348287628,30.339929573421855
2025-12-30T11:15:00+05:30,25921.7,25927.05,25918.6,25922.95,25926.7636215721,33.60181053843529
2025-12-30T11:18:00+05:30,25922.85,25928.05,25920.5,25924.5,25926.197716179075,37.14976729549263
2025-12-30T11:21:00+05:30,25925,25926.55,25914.05,25914.2,25923.198287134306,26.267965095390736
2025-12-30T11:24:00+05:30,25914.15,25920.45,25912.9,25920.05,25922.41121535073,38.25269308327513
2025-12-30T11:27:00+05:30,25920,25920.5,25912.4,25914.95,25920.545911513047,32.82583093893331
2025-12-30T11:30:00+05:30,25915.4,25915.4,25904.95,25909.3,25917.734433634785,27.73944210406431
2025-12-30T11:33:00+05:30,25908.35,25908.55,25892.5,25897.55,25912.68832522609,20.16021149781652
2025-12-30T11:36:00+05:30,25896.4,25901.55,25895.85,25896.65,25908.67874391957,19.679706997615355
2025-12-30T11:39:00+05:30,25896.95,25902.75,25894.45,25902.6,25907.159057939676,32.15234852851724
2025-12-30T11:42:00+05:30,25901.15,25910.2,25901.15,25907.95,25907.356793454757,41.65642269424082
2025-12-30T11:45:00+05:30,25908.15,25917.45,25906.65,25910.3,25908.092595091068,45.56412167812943
2025-12-30T11:48:00+05:30,25910.55,25914.05,25907.2,25909.85,25908.5319463183,44.892395506666155
2025-12-30T11:51:00+05:30,25909.55,25912.5,25904.35,25906,25907.898959738726,39.13380324915225
2025-12-30T11:54:00+05:30,25906.4,25908.3,25896.05,25898.25,25905.486719804045,30.07394003698714
2025-12-30T11:57:00+05:30,25898.95,25900.85,25892.1,25898.8,25903.815039853034,31.38907592354687
2025-12-30T12:00:00+05:30,25899.95,25903.6,25894.3,25897.5,25902.236279889774,29.84140613091374
2025-12-30T12:03:00+05:30,25898.1,25899.55,25890.85,25895.75,25900.614709917332,27.69669314641085
2025-12-30T12:06:00+05:30,25896.85,25902.25,25890.85,25898.1,25899.986032438,35.013924881241536
2025-12-30T12:09:00+05:30,25898.55,25905.3,25895.2,25896.5,25899.1145243285,32.4086780563015
2025-12-30T12:12:00+05:30,25897.35,25898.25,25883,25884.8,25895.535893246375,19.82453303203056
2025-12-30T12:15:00+05:30,25885.45,25891.85,25883.45,25891.35,25894.48941993478,36.044278318236486
2025-12-30T12:18:00+05:30,25891.85,25894.6,25888.7,25893.15,25894.154564951084,39.93981410611868
2025-12-30T12:21:00+05:30,25893.2,25894.15,25885.45,25888.2,25892.665923713314,33.410717679057655
2025-12-30T12:24:00+05:30,25888.8,25895.6,25884.5,25893.65,25892.911942784987,44.96678407587145
2025-12-30T12:27:00+05:30,25893.8,25894.3,25881.8,25885.9,25891.15895708874,34.914522322064286
2025-12-30T12:30:00+05:30,25886,25890.95,25884.45,25890.45,25890.981717816554,43.557004590973186
2025-12-30T12:33:00+05:30,25890.25,25899.65,25886.2,25890.7,25890.911288362415,44.03339038365473
2025-12-30T12:36:00+05:30,25891.2,25902.65,25890.2,25900.9,25893.408466271812,60.07375319463221
2025-12-30T12:39:00+05:30,25901.1,25906.55,25896.8,25901.3,25895.381349703857,60.59051752566773
2025-12-30T12:42:00+05:30,25902.35,25906.65,25897.4,25899.75,25896.473512277895,57.24116395995461
2025-12-30T12:45:00+05:30,25900.25,25903.2,25894.95,25901.55,25897.74263420842,60.22039635255706
2025-12-30T12:48:00+05:30,25902.4,25913.65,25901.7,25911.3,25901.131975656317,72.38119875339417
2025-12-30T12:51:00+05:30,25912.3,25912.3,25893.9,25900.8,25901.04898174224,52.29514486511368
2025-12-30T12:54:00+05:30,25900.9,25904.35,25896.65,25901.6,25901.186736306678,53.44355273854581
2025-12-30T12:57:00+05:30,25900.8,25900.8,25890.25,25892.2,25898.94005223001,40.18302372719117
2025-12-30T13:00:00+05:30,25892.8,25896.65,25887.45,25887.8,25896.155039172507,35.387976665458496
2025-12-30T13:03:00+05:30,25888.55,25892.45,25884.95,25888.9,25894.34127937938,37.56113832982072
2025-12-30T13:06:00+05:30,25888.7,25893.3,25884.45,25887.7,25892.680959534533,36.019264337452455
2025-12-30T13:09:00+05:30,25887.2,25890.2,25879.9,25884.75,25890.698219650898,32.22528888724865
2025-12-30T13:12:00+05:30,25884.35,25894.9,25883.9,25890.35,25890.611164738173,45.045034756142094
2025-12-30T13:15:00+05:30,25891.2,25894.85,25887.95,25892.25,25891.02087355363,48.873052718282494
2025-12-30T13:18:00+05:30,25892.1,25901.9,25889.35,25896.35,25892.35315516522,56.50123409276703
2025-12-30T13:21:00+05:30,25897.1,25900,25890.55,25892.95,25892.502366373916,49.374139283781226
2025-12-30T13:24:00+05:30,25893.1,25894.2,25887.8,25892,25892.376774780438,47.424092161043276
2025-12-30T13:27:00+05:30,25890.95,25902.9,25888.65,25898.8,25893.98258108533,60.46390678371589
2025-12-30T13:30:00+05:30,25898.55,25910.2,25898.2,25909.45,25897.849435813998,72.79342280189616
2025-12-30T13:33:00+05:30,25909,25918.55,25906.75,25915.8,25902.3370768605,77.64330129672837
2025-12-30T13:36:00+05:30,25915.4,25923.3,25913.9,25915.9,25905.727807645373,77.71628361213125
2025-12-30T13:39:00+05:30,25915.2,25928.15,25913.35,25926.35,25910.88335573403,84.06018392030388
2025-12-30T13:42:00+05:30,25927.1,25940.85,25924.8,25935.35,25917.00001680052,87.60560021350035
2025-12-30T13:45:00+05:30,25935.5,25956.5,25933.45,25955.75,25926.68751260039,92.19590102380812
2025-12-30T13:48:00+05:30,25955.7,25960.35,25945.65,25945.65,25931.428134450292,75.94884075400682
2025-12-30T13:51:00+05:30,25946.25,25946.7,25934.9,25939.75,25933.50860083772,67.80545110458709
2025-12-30T13:54:00+05:30,25940,25943.45,25933.2,25937.1,25934.40645062829,64.19842652302236
2025-12-30T13:57:00+05:30,25936.55,25941.4,25934.7,25938.25,25935.367337971216,65.13737830749346
2025-12-30T14:00:00+05:30,25938,25951.3,25935.9,25945,25937.775503478413,70.44525801369394
2025-12-30T14:03:00+05:30,25943.4,25946.15,25939.2,25941.9,25938.80662760881,65.13200851228984
2025-12-30T14:06:00+05:30,25941.25,25941.85,25932.15,25936.55,25938.24247070661,56.545006199708546
2025-12-30T14:09:00+05:30,25936.4,25943.6,25934.25,25940.6,25938.83185302996,61.07711346320135
2025-12-30T14:12:00+05:30,25940.25,25946.95,25937.7,25943.6,25940.02388977247,64.2952162801444
2025-12-30T14:15:00+05:30,25942.25,25958.35,25941.85,25954.2,25943.567917329354,73.37095316796454
2025-12-30T14:18:00+05:30,25953.5,25955.65,25939.2,25941,25942.925937997017,53.58311655923868
2025-12-30T14:21:00+05:30,25939.2,25943.4,25935,25938.8,25941.894453497764,50.91318598570603
2025-12-30T14:24:00+05:30,25938.85,25940.1,25919.85,25920.35,25936.50834012332,34.22689067010835
2025-12-30T14:27:00+05:30,25920.4,25922.15,25915.85,25916.6,25931.53125509249,31.758724530454415
2025-12-30T14:30:00+05:30,25916.65,25935.85,25915.45,25934.85,25932.360941319366,51.582542886484966
2025-12-30T14:33:00+05:30,25934.9,25939.7,25932.1,25933.1,25932.545705989523,49.958956133681006
2025-12-30T14:36:00+05:30,25933.5,25933.5,25922.5,25925.35,25930.746779492143,42.97088256763657
2025-12-30T14:39:00+05:30,25925,25938.75,25922.5,25928.1,25930.085084619106,46.092441623908506
2025-12-30T14:42:00+05:30,25926.95,25946.35,25925.85,25942.8,25933.263813464328,59.81111916113376
2025-12-30T14:45:00+05:30,25942.6,25945.9,25930.8,25944.35,25936.035360098245,61.03106970136961
2025-12-30T14:48:00+05:30,25945.35,25953.85,25940.65,25951.85,25939.989020073685,66.73192859029753
2025-12-30T14:51:00+05:30,25951.55,25954.85,25944.85,25947,25941.741765055263,60.098848756842834
2025-12-30T14:54:00+05:30,25947.25,25951.35,25940.75,25947.4,25943.15632379145,60.47685423552363
2025-12-30T14:57:00+05:30,25946.55,25949,25933.75,25938.2,25941.917242843585,48.21920162204191
2025-12-30T15:00:00+05:30,25937.05,25942.05,25915.45,25922.8,25937.13793213269,34.54542819039169
2025-12-30T15:03:00+05:30,25923.35,25949.35,25922.35,25948,25939.853449099515,57.53483583240276
2025-12-30T15:06:00+05:30,25947.15,25957.35,25923.65,25938.1,25939.415086824636,49.55717165399302
2025-12-30T15:09:00+05:30,25937,25941.55,25929.45,25931.7,25937.486315118476,44.86529125603702
2025-12-30T15:12:00+05:30,25930.05,25944,25928.45,25942,25938.61473633886,53.18697434476624
2025-12-30T15:15:00+05:30,25940.45,25944.25,25936.75,25943.3,25939.786052254145,54.20476692139797
2025-12-30T15:18:00+05:30,25942.85,25946.9,25936.6,25941.9,25940.314539190607,52.763457302321214
2025-12-30T15:21:00+05:30,25941.7,25948.2,25939.6,25946.35,25941.823404392955,57.00315737001249
2025-12-30T15:24:00+05:30,25946.15,25957.4,25940.2,25955.2,25945.167553294716,64.41398112048026
2025-12-30T15:27:00+05:30,25954.35,25976.75,25951.8,25970.55,25951.51316497104,73.61598957518065
2025-12-30T15:30:00+05:30,25969.85,25969.85,25938.85,25938.85,25948.347373728277,45.35745752628458
2025-12-31T09:06:00+05:30,25971.05,25971.05,25971.05,25971.05,25954.023030296208,62.442539356733505
2025-12-31T09:15:00+05:30,25976.45,26028,25970.75,26007.9,25967.492272722156,73.50368396322253
2025-12-31T09:18:00+05:30,26005.4,26016.9,26002.05,26012.8,25978.819204541618,74.66137398045578
2025-12-31T09:21:00+05:30,26010.75,26012.65,26000.15,26008.95,25986.351903406212,71.78623139824074
2025-12-31T09:24:00+05:30,26008.6,26008.95,25982.45,25983.7,25985.68892755466,55.448241335745344
2025-12-31T09:27:00+05:30,25983.65,26021.8,25977.45,26016.3,25993.341695665993,66.82213016879857
2025-12-31T09:30:00+05:30,26013.1,26023.9,26009.55,26013.9,25998.481271749493,65.38834235150006
2025-12-31T09:33:00+05:30,26012.2,26014.85,25995.4,25996.45,25997.97345381212,55.31961270168235
2025-12-31T09:36:00+05:30,25993.7,26008.75,25993.7,26002.6,25999.13009035909,57.980069183359134
2025-12-31T09:39:00+05:30,26004.7,26013.4,25996.35,25996.5,25998.472567769317,54.24257087842393
2025-12-31T09:42:00+05:30,25997.5,26003.35,25972.05,25973.25,25992.166925826987,42.15819564930256
2025-12-31T09:45:00+05:30,25973.65,25987.75,25969,25980.05,25989.13769437024,46.24457762997681
2025-12-31T09:48:00+05:30,25980.55,25989.4,25975.85,25988.9,25989.07827077768,51.45229038508718
2025-12-31T09:51:00+05:30,25988.85,25989.5,25980.25,25983.4,25987.65870308326,48.07542256378217
2025-12-31T09:54:00+05:30,25983.55,25986.2,25976.4,25982.35,25986.331527312446,47.382789257594574
2025-12-31T09:57:00+05:30,25982.2,25996.2,25977.95,25985.1,25986.023645484333,49.60143819897796
2025-12-31T10:00:00+05:30,25984.7,25993.55,25977.95,25987.95,25986.50523411325,52.04623320293732
2025-12-31T10:03:00+05:30,25988.3,25993.35,25971.75,25975.8,25983.828925584938,41.92983966880105
2025-12-31T10:06:00+05:30,25973.8,25994.4,25972.5,25990.55,25985.509194188704,54.46532572821699
2025-12-31T10:09:00+05:30,25991.05,25995.7,25989,25991.5,25987.006895641527,55.192135527044336
2025-12-31T10:12:00+05:30,25991.4,26000.95,25991.4,25997,25989.505171731143,59.55280185187595
2025-12-31T10:15:00+05:30,25998.35,26007.15,25998.35,26004.3,25993.20387879836,64.84983762344947
2025-12-31T10:18:00+05:30,26004.85,26010.8,26001.5,26008.6,25997.05290909877,67.75210990013454
2025-12-31T10:21:00+05:30,26008.95,26014.75,26008.3,26010.3,26000.364681824078,68.93517064817853
2025-12-31T10:24:00+05:30,26009.15,26013.55,26007.2,26009.55,26002.661011368058,67.6576100050662
2025-12-31T10:27:00+05:30,26010.95,26020.2,26009.05,26018.1,26006.520758526043,74.05314683706536
2025-12-31T10:30:00+05:30,26016.45,26034.85,26015.6,26032.1,26012.915568894532,81.16733546120724
2025-12-31T10:33:00+05:30,26032.05,26035.3,26026.1,26028.7,26016.8616766709,75.31636751792362
2025-12-31T10:36:00+05:30,26029.7,26030.5,26023.35,26024.3,26018.721257503174,67.92389742974461
2025-12-31T10:39:00+05:30,26024.5,26042.6,26022.35,26039.6,26023.94094312738,77.05876939094972
2025-12-31T10:42:00+05:30,26039.8,26047.25,26039.8,26040.95,26028.193207345535,77.71216744175678
2025-12-31T10:45:00+05:30,26042.4,26047.45,26038.85,26039.35,26030.982405509152,74.7676909171117
2025-12-31T10:48:00+05:30,26040.5,26040.5,26030.85,26031.9,26031.211804131864,62.005326222361326
2025-12-31T10:51:00+05:30,26031.4,26043.3,26029.9,26041.95,26033.8963530989,70.05090752551732
2025-12-31T10:54:00+05:30,26041.55,26043.5,26037.6,26038.15,26034.959764824176,64.066388205797
2025-12-31T10:57:00+05:30,26037.35,26046.6,26037.35,26044.65,26037.382323618134,69.30029782939931
2025-12-31T11:00:00+05:30,26043.7,26052.5,26043.15,26049.85,26040.499242713602,72.97429752149193
2025-12-31T11:03:00+05:30,26048.55,26056.95,26048,26053.35,26043.7119320352,75.29588837794216
2025-12-31T11:06:00+05:30,26051.4,26055.5,26048.75,26051.4,26045.6339490264,71.31393256941683
2025-12-31T11:09:00+05:30,26051.5,26055,26045.75,26049.8,26046.6754617698,67.87768566560476
2025-12-31T11:12:00+05:30,26048.8,26057.5,26047.55,26055.8,26048.95659632735,73.47035849864406
2025-12-31T11:15:00+05:30,26055.45,26061.7,26053.55,26059.5,26051.59244724551,76.42352976917903
2025-12-31T11:18:00+05:30,26059.85,26064,26051.45,26052.2,26051.744335434134,60.83575615982218
2025-12-31T11:21:00+05:30,26051.5,26054,26045.65,26047.7,26050.7332515756,53.0534693931982
2025-12-31T11:24:00+05:30,26047.05,26052,26043.5,26049.2,26050.3499386817,55.27827661403551
2025-12-31T11:27:00+05:30,26046.8,26050.75,26043.5,26044.55,26048.899954011275,47.19013756013529
2025-12-31T11:30:00+05:30,26044.5,26047.6,26040.35,26043.55,26047.562465508454,45.51911705003726
2025-12-31T11:33:00+05:30,26044.25,26051.65,26042.9,26051.6,26048.57184913134,59.115699928176696
2025-12-31T11:36:00+05:30,26050.8,26062.1,26050.15,26060.2,26051.478886848505,68.81568738842732
2025-12-31T11:39:00+05:30,26061.25,26069.35,26059,26065.8,26055.05916513638,73.57798846972479
2025-12-31T11:42:00+05:30,26065.35,26071.4,26063.45,26068.55,26058.431873852285,75.70373575054248
2025-12-31T11:45:00+05:30,26068.7,26068.7,26058.75,26063.2,26059.623905389213,64.0143663481779
2025-12-31T11:48:00+05:30,26063.1,26077.55,26063.1,26075,26063.467929041908,74.24681770944608
2025-12-31T11:51:00+05:30,26074.45,26080.65,26073.7,26079.1,26067.37594678143,76.9084730937227
2025-12-31T11:54:00+05:30,26078.35,26079.85,26065.8,26073.2,26068.831960086074,65.53687289231837
2025-12-31T11:57:00+05:30,26070.8,26076.3,26069.7,26070.6,26069.273970064554,60.90686466247935
2025-12-31T12:00:00+05:30,26070.95,26076.95,26067.7,26069.75,26069.392977548414,59.30875268730053
2025-12-31T12:03:00+05:30,26069.35,26075.95,26069.3,26071.95,26070.03223316131,62.2960494234916
2025-12-31T12:06:00+05:30,26073.45,26083.1,26072.65,26082.6,26073.174174870983,73.34695577066344
2025-12-31T12:09:00+05:30,26082.75,26086.05,26079.9,26084.5,26076.00563115324,74.87942379193629
2025-12-31T12:12:00+05:30,26084.75,26091.8,26082,26089.55,26079.39172336493,78.68049707092364
2025-12-31T12:15:00+05:30,26089.9,26091.4,26083.55,26084.7,26080.718792523698,67.27470168934948
2025-12-31T12:18:00+05:30,26084.25,26093.45,26083.55,26090,26083.039094392774,72.37942410763074
2025-12-31T12:21:00+05:30,26088.4,26093.6,26086.4,26089.55,26084.66682079458,71.27806773527523
2025-12-31T12:24:00+05:30,26089.95,26099.3,26089.2,26091.35,26086.337615595934,73.18238652902104
2025-12-31T12:27:00+05:30,26089.35,26097.2,26089.35,26095.55,26088.64071169695,77.28261384873166
2025-12-31T12:30:00+05:30,26095.6,26102.2,26092.05,26100.1,26091.50553377271,80.96159288759483
2025-12-31T12:33:00+05:30,26099.2,26115.05,26099.2,26108.55,26095.766650329533,85.90668355387675
2025-12-31T12:36:00+05:30,26108.45,26115.3,26106.75,26111.3,26099.64998774715,87.17180436043728
2025-12-31T12:39:00+05:30,26110.35,26120.45,26110.35,26115.6,26103.63749081036,88.97691741611366
2025-12-31T12:42:00+05:30,26115.65,26123.35,26113.9,26122.6,26108.378118107772,91.30156164621614
2025-12-31T12:45:00+05:30,26121.4,26134.15,26120.9,26132.55,26114.421088580828,93.55539410897687
2025-12-31T12:48:00+05:30,26130.75,26138.35,26128.3,26134.45,26119.42831643562,93.90710157518161
2025-12-31T12:51:00+05:30,26133.3,26146.45,26133.3,26144.35,26125.658737326714,95.42490026355311
2025-12-31T12:54:00+05:30,26143.05,26150.55,26140.45,26148.25,26131.306552995036,95.89489277920137
2025-12-31T12:57:00+05:30,26145.9,26154.4,26145.9,26147.25,26135.292414746276,93.03583572639663
2025-12-31T13:00:00+05:30,26147.3,26156.05,26145.1,26147.4,26138.319311059706,93.07198289989228
2025-12-31T13:03:00+05:30,26148.2,26151.1,26145.2,26145.85,26140.201983294777,87.59107597918711
2025-12-31T13:06:00+05:30,26145.95,26149.1,26142.4,26145.9,26141.626487471083,87.61851642997334
2025-12-31T13:09:00+05:30,26146.4,26151.85,26145.45,26149.05,26143.48236560331,89.34957373580484
2025-12-31T13:12:00+05:30,26148.6,26156.45,26147.75,26155.35,26146.44927420248,91.96935928009675
2025-12-31T13:15:00+05:30,26154.5,26157.05,26145.95,26145.95,26146.324455651862,64.39590854612891
2025-12-31T13:18:00+05:30,26145.65,26152.25,26143.25,26152.25,26147.805841738897,71.15739178083437
2025-12-31T13:21:00+05:30,26149.45,26158.25,26148.35,26156.3,26149.929381304173,74.7532953040511
2025-12-31T13:24:00+05:30,26155.45,26158.8,26149.95,26154.45,26151.05953597813,70.0960356464526
2025-12-31T13:27:00+05:30,26154.7,26160.4,26152.85,26156.2,26152.344651983596,72.0198504038259
2025-12-31T13:30:00+05:30,26156.6,26164.2,26155.5,26160.85,26154.470988987698,76.6721787496405
2025-12-31T13:33:00+05:30,26160.75,26161.1,26147.7,26150.3,26153.428241740774,53.24029981089989
2025-12-31T13:36:00+05:30,26150.4,26151.55,26137.85,26138.6,26149.72118130558,38.153829642413136
2025-12-31T13:39:00+05:30,26137.85,26148.65,26135.9,26147.95,26149.278385979185,51.07849938827063
2025-12-31T13:42:00+05:30,26148.05,26151.5,26145.65,26149,26149.20878948439,52.38226597032985
2025-12-31T13:45:00+05:30,26146.5,26157.7,26146.5,26156.8,26151.10659211329,61.316844356934254
2025-12-31T13:48:00+05:30,26155.55,26159,26153.5,26158.15,26152.867444084968,62.72893663317404
2025-12-31T13:51:00+05:30,26156.05,26162.95,26155.55,26159.3,26154.475583063726,64.03374653694988
2025-12-31T13:54:00+05:30,26160.3,26162.25,26155.25,26162.25,26156.419187297794,67.44464549892959
2025-12-31T13:57:00+05:30,26162.05,26179.3,26158.3,26167.9,26159.289390473346,73.13710219707933
2025-12-31T14:00:00+05:30,26168.95,26169.45,26154.15,26158.65,26159.12954285501,54.82633323847079
2025-12-31T14:03:00+05:30,26157.95,26167.25,26157.9,26166.7,26161.02215714126,63.981989706274064
2025-12-31T14:06:00+05:30,26166.55,26170.9,26165.25,26166.15,26162.304117855943,62.96476861652484
2025-12-31T14:09:00+05:30,26167,26173.65,26165.6,26166.15,26163.265588391958,62.96476861652484
2025-12-31T14:12:00+05:30,26166.65,26171.85,26163.3,26167,26164.19919129397,64.16326269538423
2025-12-31T14:15:00+05:30,26166,26167.85,26158.35,26159.85,26163.11189347048,48.69776864512497
2025-12-31T14:18:00+05:30,26160.1,26165,26158.4,26160.1,26162.35892010286,49.19727967568586
2025-12-31T14:21:00+05:30,26159.75,26165.6,26145.6,26145.6,26158.169190077144,29.65754100819666
2025-12-31T14:24:00+05:30,26146.5,26162.9,26144.4,26158,26158.12689255786,49.6207328333859
2025-12-31T14:27:00+05:30,26157.05,26165.35,26155.1,26160.25,26158.657669418393,52.47591498773299
2025-12-31T14:30:00+05:30,26160,26168.2,26157.65,26160.8,26159.193252063793,53.231806605848995
2025-12-31T14:33:00+05:30,26160.95,26165.45,26155.1,26162.55,26160.032439047845,55.83919028175577
2025-12-31T14:36:00+05:30,26162.1,26169.4,26158.65,26169.35,26162.361829285885,64.74859083220788
2025-12-31T14:39:00+05:30,26169.45,26177.75,26166.95,26175.45,26165.63387196441,70.8941272291535
2025-12-31T14:42:00+05:30,26174.85,26185.3,26171.45,26184,26170.22540397331,77.35092115326225
2025-12-31T14:45:00+05:30,26184.15,26187.95,26175.55,26182.85,26173.381552979983,74.74884906397443
2025-12-31T14:48:00+05:30,26183.05,26186.5,26179.25,26179.8,26174.986164734986,67.70186549872919
2025-12-31T14:51:00+05:30,26179.45,26182.05,26170.3,26173.55,26174.62712355124,55.249448316520656
2025-12-31T14:54:00+05:30,26173.3,26185.2,26172.5,26178.4,26175.570342663428,61.63750022056287
2025-12-31T14:57:00+05:30,26179.4,26179.65,26170.25,26175.9,26175.652756997573,56.76454662408465
2025-12-31T15:00:00+05:30,26174.55,26174.55,26140.1,26141.85,26167.202067748178,25.15896048587605
2025-12-31T15:03:00+05:30,26142.35,26142.35,26129.45,26134.55,26159.039050811134,22.083518877704677
2025-12-31T15:06:00+05:30,26135.5,26136.55,26126.5,26133.4,26152.62928810835,21.598279846992483
2025-12-31T15:09:00+05:30,26134.05,26134.7,26120.75,26120.75,26144.659466081263,16.84752146842611
2025-12-31T15:12:00+05:30,26121.7,26124,26115.05,26122.95,26139.232099560948,20.400033902587978
2025-12-31T15:15:00+05:30,26124.2,26133.4,26121.55,26132.35,26137.51157467071,34.37582039820721
2025-12-31T15:18:00+05:30,26132.3,26134.9,26121.55,26123.5,26134.008681003033,28.818161887824402
2025-12-31T15:21:00+05:30,26123.65,26129.25,26122.05,26127.65,26132.419010752274,34.60247403110263
2025-12-31T15:24:00+05:30,26129.65,26131.7,26125.15,26130.35,26131.901758064203,38.401853108321305
2025-12-31T15:27:00+05:30,26131.8,26141.85,26126.8,26141.85,26134.388818548152,52.200969100069074
2025-12-31T15:30:00+05:30,26136.35,26137.75,26129.6,26129.6,26133.191613911113,40.83306019021756
2026-01-01T09:06:00+05:30,26173.3,26173.3,26173.3,26173.3,26143.218710433335,68.96317296088836
2026-01-01T09:15:00+05:30,26175.7,26195.35,26163.1,26189.55,26154.801532825,74.27016144041473
2026-01-01T09:18:00+05:30,26190.35,26190.35,26159.9,26163.95,26157.088649618752,56.51054088451002
2026-01-01T09:21:00+05:30,26164.8,26177.55,26157.7,26159.55,26157.703987214063,53.92490024088529
2026-01-01T09:24:00+05:30,26158.85,26169.6,26150.8,26152.1,26156.302990410546,49.45498618935534
2026-01-01T09:27:00+05:30,26150.95,26189.6,26149.25,26187.2,26164.02724280791,65.27607241221773
2026-01-01T09:30:00+05:30,26184,26188.9,26166.1,26175.15,26166.807932105934,58.004231411430794
2026-01-01T09:33:00+05:30,26174.25,26185.1,26168.4,26184.15,26171.14344907945,61.720123856286904
2026-01-01T09:36:00+05:30,26185.4,26188.95,26162.75,26167.45,26170.220086809586,51.798255012909316
2026-01-01T09:39:00+05:30,26168.55,26179.65,26163.3,26177,26171.91506510719,56.46718279295633
2026-01-01T09:42:00+05:30,26176.7,26187.95,26167.55,26181.55,26174.32379883039,58.69126631323873
2026-01-01T09:45:00+05:30,26178.25,26183,26163.25,26171.15,26173.530349122793,51.65395689028576
2026-01-01T09:48:00+05:30,26168.8,26194.35,26168.8,26191.6,26178.047761842095,62.08355438877937
2026-01-01T09:51:00+05:30,26191.65,26197.55,26186.2,26187.75,26180.47332138157,59.27494106954045
2026-01-01T09:54:00+05:30,26186.25,26192.9,26182.5,26184.85,26181.567491036178,57.00852700893916
2026-01-01T09:57:00+05:30,26186.35,26187.1,26153.5,26157.2,26175.475618277134,39.997105218864014
2026-01-01T10:00:00+05:30,26157.45,26170.1,26155.35,26169.35,26173.94421370785,47.958331005635024
2026-01-01T10:03:00+05:30,26169.4,26175.55,26164,26170.9,26173.18316028089,48.96611755305717
2026-01-01T10:06:00+05:30,26173.05,26179.1,26164.85,26174.5,26173.512370210665,51.510501380720484
2026-01-01T10:09:00+05:30,26175,26176.95,26154.6,26154.6,26168.784277658,38.977930713778086
2026-01-01T10:12:00+05:30,26155.4,26156.3,26147,26151.15,26164.3757082435,37.149774209978055
2026-01-01T10:15:00+05:30,26151.65,26152.15,26137,26138.85,26157.994281182626,31.08542492787865
2026-01-01T10:18:00+05:30,26139.6,26140.65,26127.4,26129.05,26150.75821088697,26.990002477149346
2026-01-01T10:21:00+05:30,26129.15,26131.55,26117.7,26126.75,26144.756158165226,26.050273256194714
2026-01-01T10:24:00+05:30,26127.2,26151.7,26125.5,26148.75,26145.75461862392,46.74301432520841
2026-01-01T10:27:00+05:30,26149.45,26159.75,26147.25,26157.35,26148.653463967938,52.77026825492007
2026-01-01T10:30:00+05:30,26158.7,26163.15,26147.6,26160.05,26151.502597975952,54.65015138716493
2026-01-01T10:33:00+05:30,26161.25,26172.4,26160.6,26172.4,26156.726948481963,62.59514165615853
2026-01-01T10:36:00+05:30,26170.15,26173.5,26159,26160.05,26157.55771136147,51.97239044888776
2026-01-01T10:39:00+05:30,26159.4,26165.1,26149.4,26158.1,26157.693283521105,50.396903956488266
2026-01-01T10:42:00+05:30,26157.65,26162.9,26155.9,26161.35,26158.60746264083,53.15794864978997
2026-01-01T10:45:00+05:30,26161.1,26176.25,26160.95,26174.95,26162.693096980624,63.167202334345724
2026-01-01T10:48:00+05:30,26175.15,26185.6,26174.65,26181.9,26167.49482273547,67.32933952307405
2026-01-01T10:51:00+05:30,26182.7,26183.65,26177.4,26180.9,26170.846117051602,66.07594709861209
2026-01-01T10:54:00+05:30,26181.25,26184.95,26174.05,26176.05,26172.1470877887,59.7791332658513
2026-01-01T10:57:00+05:30,26175.95,26176.7,26168.1,26170.95,26171.847815841524,53.52187599982762
2026-01-01T11:00:00+05:30,26171.05,26180.65,26167.6,26178.8,26173.585861881144,60.87589978661424
2026-01-01T11:03:00+05:30,26177.95,26178.05,26161.4,26169.35,26172.526896410858,49.80759826086091
2026-01-01T11:06:00+05:30,26168.4,26170.15,26161.25,26165,26170.645172308145,45.37687699881168
2026-01-01T11:09:00+05:30,26162.7,26165.1,26157.45,26161.3,26168.30887923111,41.69614661078772
2026-01-01T11:12:00+05:30,26161.65,26174.3,26159.7,26170.5,26168.856659423334,52.802081909420984
2026-01-01T11:15:00+05:30,26169.3,26170.45,26158.5,26162.6,26167.2924945675,44.34061523267927
2026-01-01T11:18:00+05:30,26163.05,26171.55,26162.2,26168.25,26167.531870925624,50.90507977426264
2026-01-01T11:21:00+05:30,26167.8,26175.05,26164.1,26165.7,26167.073903194218,47.92865655814503
2026-01-01T11:24:00+05:30,26165.65,26171.8,26161.95,26170.45,26167.91792739566,53.79925960061469
2026-01-01T11:27:00+05:30,26169.45,26177.75,26164.85,26165.8,26167.388445546745,47.662152310771404
2026-01-01T11:30:00+05:30,26165.75,26173.85,26160.8,26162.85,26166.25383416006,43.95128956153322
2026-01-01T11:33:00+05:30,26162.75,26163.2,26156.55,26158.65,26164.352875620047,38.918267804165126
2026-01-01T11:36:00+05:30,26158.15,26167.95,26156.55,26164.25,26164.327156715037,48.15375877630314
2026-01-01T11:39:00+05:30,26163.25,26165.6,26157.1,26157.5,26162.620367536278,39.71039684245032
2026-01-01T11:42:00+05:30,26156.75,26160.55,26142.6,26144.85,26158.177775652206,28.70553854635969
2026-01-01T11:45:00+05:30,26144.1,26146.25,26137.3,26139.85,26153.595831739156,25.452847119721582
2026-01-01T11:48:00+05:30,26140,26144.45,26136.4,26138.3,26149.771873804366,24.45082088203546
2026-01-01T11:51:00+05:30,26138.65,26145.2,26133.4,26137.25,26146.641405353275,23.713028546649582
2026-01-01T11:54:00+05:30,26137.2,26149.95,26136.8,26144.4,26146.081054014958,38.464352541457444
2026-01-01T11:57:00+05:30,26145.2,26154.1,26141.65,26151.3,26147.385790511216,49.465925489694
2026-01-01T12:00:00+05:30,26151.15,26158.2,26148.25,26153.3,26148.86434288341,52.34694657443149
2026-01-01T12:03:00+05:30,26153.5,26153.95,26137.8,26138.6,26146.298257162558,35.15876692410306
2026-01-01T12:06:00+05:30,26138.7,26144.1,26124.3,26124.5,26140.848692871918,25.711367556989586
2026-01-01T12:09:00+05:30,26124.3,26136.6,26124.3,26133.75,26139.074019653937,38.38338797648424
2026-01-01T12:12:00+05:30,26134.85,26136.4,26123.95,26125,26135.555514740452,32.3024323305235
2026-01-01T12:15:00+05:30,26124.35,26126.2,26116.45,26119.25,26131.47913605534,28.803896307869408
2026-01-01T12:18:00+05:30,26118.45,26137.4,26113.4,26134.65,26132.271852041504,46.80569588696772
2026-01-01T12:21:00+05:30,26133.65,26141.15,26131.4,26138,26133.703889031127,50.013329678050944
2026-01-01T12:24:00+05:30,26137.1,26148.1,26135.65,26147.95,26137.265416773345,58.6528608693105
2026-01-01T12:27:00+05:30,26148.1,26155.9,26146,26150.6,26140.599062580008,60.760190350509156
2026-01-01T12:30:00+05:30,26150.15,26153.4,26139.05,26152.2,26143.499296935006,62.12012008422923
2026-01-01T12:33:00+05:30,26151.85,26155.35,26146.3,26151.45,26145.486972701256,60.96465776330299
2026-01-01T12:36:00+05:30,26151.25,26152.7,26136.3,26137.2,26143.41522952594,43.16662544987425
2026-01-01T12:39:00+05:30,26136.75,26136.75,26126.85,26129.75,26139.998922144456,36.64192815853905
2026-01-01T12:42:00+05:30,26128.25,26142.5,26127.45,26142.3,26140.574191608343,51.15261141671905
2026-01-01T12:45:00+05:30,26141.6,26158.55,26140.5,26156.8,26144.630643706256,62.67528940699425
2026-01-01T12:48:00+05:30,26155.75,26162.55,26151.85,26153.2,26146.772982779694,58.66675660805694
2026-01-01T12:51:00+05:30,26152.35,26158.25,26147.1,26148.6,26147.22973708477,53.56014360487103
2026-01-01T12:54:00+05:30,26148.55,26154.65,26147.25,26152.9,26148.647302813577,57.58641684945074
2026-01-01T12:57:00+05:30,26153.65,26158.05,26150.7,26151.6,26149.385477110183,55.87769052034252
2026-01-01T13:00:00+05:30,26152.45,26155.6,26147.55,26150.35,26149.626607832637,54.077644247256636
2026-01-01T13:03:00+05:30,26150.15,26154.6,26149.6,26150.9,26149.94495587448,54.82468767852788
2026-01-01T13:06:00+05:30,26150.3,26157,26150.1,26153.85,26150.92121690586,58.99845322312641
2026-01-01T13:09:00+05:30,26153.4,26158.7,26149.3,26150.85,26150.903412679392,53.17016618969446
2026-01-01T13:12:00+05:30,26150.8,26152.95,26144.35,26151.45,26151.040059509545,54.225288264954735
2026-01-01T13:15:00+05:30,26150.8,26162.15,26149.9,26161.15,26153.56754463216,67.87647840757019
2026-01-01T13:18:00+05:30,26159.8,26167.95,26157.25,26157.4,26154.52565847412,59.8289486358746
2026-01-01T13:21:00+05:30,26157.95,26160.25,26134.05,26135.15,26149.681743855588,32.86026022478174
2026-01-01T13:24:00+05:30,26134.95,26140.5,26129.7,26139.75,26147.19880789169,39.44410369556997
2026-01-01T13:27:00+05:30,26139.2,26157.35,26138.8,26154.45,26149.011605918768,55.65619639317474
2026-01-01T13:30:00+05:30,26155.35,26161.35,26152.3,26154.6,26150.408704439076,55.79707801237198
2026-01-01T13:33:00+05:30,26154.35,26155.25,26145.2,26149.95,26150.294028329306,50.04659398024289
2026-01-01T13:36:00+05:30,26148.55,26154.65,26141.5,26144.1,26148.74552124698,43.470904126742695
2026-01-01T13:39:00+05:30,26143.9,26148.7,26137.95,26143.15,26147.346640935233,42.4150562015983
2026-01-01T13:42:00+05:30,26143.4,26148.3,26139.6,26146.8,26147.209980701424,48.0689289131468
2026-01-01T13:45:00+05:30,26146.1,26149.45,26139.25,26143.6,26146.307485526067,43.68215696130038
2026-01-01T13:48:00+05:30,26143.5,26154.45,26140.8,26148.55,26146.86811414455,51.64587935867796
2026-01-01T13:51:00+05:30,26149.6,26161.35,26148.3,26157.5,26149.526085608413,62.75545359211833
2026-01-01T13:54:00+05:30,26158.35,26162.5,26156.35,26157.9,26151.61956420631,63.19635200898475
2026-01-01T13:57:00+05:30,26157.3,26163.2,26153.95,26157.4,26153.06467315473,62.123867234454536
2026-01-01T14:00:00+05:30,26157.1,26163.6,26153.2,26159.55,26154.68600486605,65.09550412458353
2026-01-01T14:03:00+05:30,26158.5,26176.2,26157.4,26164,26157.014503649538,70.65496936054507
2026-01-01T14:06:00+05:30,26163.95,26170.3,26163.25,26167.9,26159.735877737156,74.76468493294219
2026-01-01T14:09:00+05:30,26166.9,26169.1,26160.8,26165.25,26161.114408302867,67.29367209218067
2026-01-01T14:12:00+05:30,26166.8,26170.15,26163.95,26168,26162.83580622715,70.823472776901
2026-01-01T14:15:00+05:30,26166.85,26171.35,26161.6,26168.15,26164.164354670364,71.02248733908957
2026-01-01T14:18:00+05:30,26168.5,26176.2,26166.3,26174.2,26166.673266002774,78.06343094939638
2026-01-01T14:21:00+05:30,26176,26178,26154.7,26158.05,26164.51744950208,44.43710311369825
2026-01-01T14:24:00+05:30,26158.1,26164.75,26155.55,26156.25,26162.45058712656,42.08012475685122
2026-01-01T14:27:00+05:30,26156.15,26158.95,26151.9,26152.4,26159.93794034492,37.161555872312825
2026-01-01T14:30:00+05:30,26152.15,26157.35,26149.3,26152.15,26157.99095525869,36.83537915870177
2026-01-01T14:33:00+05:30,26151.85,26165.5,26151.85,26161.55,26158.88071644402,54.39473798647714
2026-01-01T14:36:00+05:30,26162.1,26165.95,26159.3,26161.55,26159.548037333014,54.39473798647714
2026-01-01T14:39:00+05:30,26161.2,26166.35,26158.2,26159.6,26159.56102799976,50.43583962245569
2026-01-01T14:42:00+05:30,26161.05,26164.55,26157.9,26159.65,26159.58327099982,50.54351660542122
2026-01-01T14:45:00+05:30,26160.35,26163.85,26156.45,26157.65,26159.099953249868,45.89098545541521
2026-01-01T14:48:00+05:30,26158.8,26160.75,26150.9,26152.75,26157.5124649374,36.33175232267755
2026-01-01T14:51:00+05:30,26153.35,26164,26153.25,26163.2,26158.93434870305,58.06548411659557
2026-01-01T14:54:00+05:30,26162.55,26163.4,26155.35,26159.25,26159.01326152729,50.4682235906185
2026-01-01T14:57:00+05:30,26159.1,26165.8,26157.8,26160.4,26159.359946145465,52.57581480962256
2026-01-01T15:00:00+05:30,26163.2,26166,26149.5,26149.5,26156.894959609097,35.753217351995076
2026-01-01T15:03:00+05:30,26151.05,26163.95,26137.65,26158.85,26157.38371970682,51.336047123403716
2026-01-01T15:06:00+05:30,26160.4,26167.15,26156.8,26165.75,26159.475289780115,59.74271186368698
2026-01-01T15:09:00+05:30,26167,26168.6,26135.95,26141.7,26155.031467335088,35.09174061202992
2026-01-01T15:12:00+05:30,26143.4,26146.15,26139.45,26142.85,26151.986100501315,36.552218852872905
2026-01-01T15:15:00+05:30,26142.55,26144.1,26126.8,26126.8,26145.689575375985,26.751346043553426
2026-01-01T15:18:00+05:30,26132.9,26146.2,26126.95,26141.4,26144.61718153199,42.97768260190417
2026-01-01T15:21:00+05:30,26142.4,26145.45,26138.55,26141.6,26143.862886148992,43.17884869891116
2026-01-01T15:24:00+05:30,26141.25,26144.5,26129.1,26136.85,26142.109664611744,39.33392588805741
2026-01-01T15:27:00+05:30,26139.2,26145.15,26133.55,26140.25,26141.644748458806,43.532908560579706
2026-01-01T15:30:00+05:30,26140.2,26146.75,26140.2,26146.55,26142.871061344104,50.88220073217827
2026-01-02T09:06:00+05:30,26155.1,26155.1,26155.1,26155.1,26145.928296008078,59.274626776012745
2026-01-02T09:15:00+05:30,26155.65,26181.75,26118.4,26172.2,26152.49622200606,70.88301283987624
2026-01-02T09:18:00+05:30,26173.8,26192.45,26166.6,26184.6,26160.522166504543,76.54023036109433
2026-01-02T09:21:00+05:30,26183.4,26202.35,26180.2,26199.05,26170.154124878405,81.4422470303581
2026-01-02T09:24:00+05:30,26199.25,26201.2,26181.15,26187.25,26174.428093658804,67.92101780270679
2026-01-02T09:27:00+05:30,26189.05,26210.4,26189.05,26208.1,26182.8460702441,76.100503834871
2026-01-02T09:30:00+05:30,26207,26216,26196.15,26214.1,26190.659552683075,77.98508332872694
2026-01-02T09:33:00+05:30,26213.95,26216.2,26196.4,26199.05,26192.757164512306,63.36343135076652
2026-01-02T09:36:00+05:30,26198.35,26206.65,26195.9,26202.7,26195.24287338423,65.20909993780464
2026-01-02T09:39:00+05:30,26202.9,26232.4,26201.9,26229.95,26203.919655038175,75.81937908201871
2026-01-02T09:42:00+05:30,26229.65,26249.65,26229.65,26248.05,26214.952241278632,80.44162262867148
2026-01-02T09:45:00+05:30,26248.35,26253.4,26243.65,26251.65,26224.126680958972,81.27231493673838
2026-01-02T09:48:00+05:30,26254.1,26260.55,26251.25,26257.5,26232.47001071923,82.66790712590064
2026-01-02T09:51:00+05:30,26258.2,26269.05,26255.35,26262.65,26240.015008039423,83.900144991717
2026-01-02T09:54:00+05:30,26261.95,26272.85,26258.45,26264.85,26246.22375602957,84.45108691413901
2026-01-02T09:57:00+05:30,26264.15,26265.95,26253.55,26254.6,26248.317817022176,71.20616439698162
2026-01-02T10:00:00+05:30,26254.1,26260.4,26251.4,26258.45,26250.85086276663,73.05782140415195
2026-01-02T10:03:00+05:30,26258.2,26261,26246.5,26250.5,26250.763147074973,63.25777517433408
2026-01-02T10:06:00+05:30,26250.25,26254.45,26242.7,26243.6,26248.97236030623,55.693080572007666
2026-01-02T10:09:00+05:30,26243.9,26246.3,26238.65,26242.25,26247.291770229673,54.21324203362285
2026-01-02T10:12:00+05:30,26241.5,26255.85,26239,26254.65,26249.131327672254,64.36105834307054
2026-01-02T10:15:00+05:30,26254.9,26266.2,26254.25,26258.4,26251.44849575419,66.94579218583735
2026-01-02T10:18:00+05:30,26257.55,26257.85,26248.3,26253.75,26252.023871815643,60.5887976301028
2026-01-02T10:21:00+05:30,26252.9,26256.7,26246.65,26247.65,26250.930403861734,52.900781063449514
2026-01-02T10:24:00+05:30,26248.25,26255.6,26247.05,26250.35,26250.7853028963,55.79714427756597
2026-01-02T10:27:00+05:30,26250.2,26251.95,26243.9,26247.1,26249.863977172223,51.361625104594985
2026-01-02T10:30:00+05:30,26246.8,26247.45,26237.25,26239.25,26247.210482879167,41.96180158192503
2026-01-02T10:33:00+05:30,26238.55,26246.65,26235.05,26245.25,26246.720362159376,50.10453797039199
2026-01-02T10:36:00+05:30,26244.85,26250.7,26244.8,26249.1,26247.315271619533,54.84695522637399
2026-01-02T10:39:00+05:30,26249.4,26258.25,26246.4,26257.1,26249.76145371465,63.30265264234082
2026-01-02T10:42:00+05:30,26257.05,26259.95,26250.55,26253.65,26250.73359028599,57.85190638946272
2026-01-02T10:45:00+05:30,26253.7,26263,26252.05,26262.15,26253.587692714493,66.21403748656441
2026-01-02T10:48:00+05:30,26262.3,26267.85,26256.55,26264.8,26256.39076953587,68.48802656981003
2026-01-02T10:51:00+05:30,26265.8,26265.8,26257.05,26259.7,26257.2180771519,59.49683888615142
2026-01-02T10:54:00+05:30,26259.2,26261.85,26252.7,26255.65,26256.826057863927,53.04506638968285
2026-01-02T10:57:00+05:30,26255.25,26264.2,26254.65,26263.35,26258.457043397946,62.149269026805
2026-01-02T11:00:00+05:30,26262.7,26265.05,26256.05,26256.45,26257.95528254846,51.67454677399839
2026-01-02T11:03:00+05:30,26256.3,26260.1,26253.75,26258.3,26258.041461911344,54.09467821796502
2026-01-02T11:06:00+05:30,26257.95,26258.25,26249.35,26250.7,26256.206096433507,43.62395443442384
2026-01-02T11:09:00+05:30,26249.75,26253.95,26244.05,26245.9,26253.62957232513,38.17870488156061
2026-01-02T11:12:00+05:30,26245.8,26257.7,26243.3,26254.05,26253.734679243847,50.43436237690936
2026-01-02T11:15:00+05:30,26253.3,26259.95,26252.75,26259.3,26255.126009432886,56.86142840056769
2026-01-02T11:18:00+05:30,26260.3,26265.65,26258.9,26262.85,26257.057007074665,60.864712669221596
2026-01-02T11:21:00+05:30,26263.95,26269.15,26259.75,26265.75,26259.230255306,64.0447311520908
2026-01-02T11:24:00+05:30,26265.8,26269.95,26262.7,26266.2,26260.9726914795,64.5659773278162
2026-01-02T11:27:00+05:30,26265.7,26275.05,26264.4,26273.25,26264.042018609623,71.98834553022051
2026-01-02T11:30:00+05:30,26273.35,26282.6,26270.7,26276.9,26267.256513957218,75.13443394361921
2026-01-02T11:33:00+05:30,26276.4,26286.45,26275.8,26281.7,26270.867385467915,78.78937796908698
2026-01-02T11:36:00+05:30,26281.75,26285.05,26279.6,26282.55,26273.788039100935,79.4145048519039
2026-01-02T11:39:00+05:30,26283.3,26286.6,26276.7,26282.65,26276.003529325702,79.49744230169688
2026-01-02T11:42:00+05:30,26283.8,26289.05,26282.2,26285.5,26278.377646994275,81.91953423506203
2026-01-02T11:45:00+05:30,26285.6,26287,26280.55,26284.35,26279.870735245706,77.60369978450743
2026-01-02T11:48:00+05:30,26283.75,26291.2,26283,26287.9,26281.87805143428,81.17543706596524
2026-01-02T11:51:00+05:30,26288.55,26294.9,26287.45,26293.1,26284.683538575708,85.20705704859499
2026-01-02T11:54:00+05:30,26293.85,26298.7,26288.5,26288.5,26285.63765393178,69.78279702561522
2026-01-02T11:57:00+05:30,26288.85,26289.9,26278.1,26280,26284.228240448836,50.19462627464546
2026-01-02T12:00:00+05:30,26280.7,26283.7,26275.05,26275.9,26282.146180336626,43.34732371878849
2026-01-02T12:03:00+05:30,26276.25,26291.2,26275.45,26288.4,26283.709635252468,61.85560152531318
2026-01-02T12:06:00+05:30,26286.9,26289.75,26284.05,26289.45,26285.14472643935,63.03895871122793
2026-01-02T12:09:00+05:30,26288.7,26289.8,26282.95,26289.25,26286.171044829513,62.60734241166472
2026-01-02T12:12:00+05:30,26289.85,26290.1,26284.9,26287.6,26286.528283622134,58.73656591012548
2026-01-02T12:15:00+05:30,26287.1,26290.95,26281,26282.95,26285.6337127166,48.81382854569808
2026-01-02T12:18:00+05:30,26283.4,26285.25,26277,26282.4,26284.82528453745,47.70180424666587
2026-01-02T12:21:00+05:30,26282.55,26294.45,26282.1,26294.25,26287.18146340309,66.7447484123955
2026-01-02T12:24:00+05:30,26293.5,26299.75,26291.4,26295,26289.136097552317,67.61546097390658
2026-01-02T12:27:00+05:30,26295.8,26301.1,26293.9,26297.85,26291.314573164236,70.98358942680227
2026-01-02T12:30:00+05:30,26297.45,26306.65,26296.5,26303.6,26294.385929873177,76.68999956485706
2026-01-02T12:33:00+05:30,26302.95,26312.4,26302.1,26311.1,26298.564447404882,82.05912093987422
2026-01-02T12:36:00+05:30,26310.7,26311.05,26302.65,26304.95,26300.160835553663,67.24204532381921
2026-01-02T12:39:00+05:30,26305.05,26309.05,26302.35,26304.15,26301.158126665247,65.44856174337613
2026-01-02T12:42:00+05:30,26304.05,26308.35,26303.05,26303.05,26301.631094998935,62.76315103101612
2026-01-02T12:45:00+05:30,26301.65,26304.25,26298.9,26299.2,26301.023321249202,53.75662269380954
2026-01-02T12:48:00+05:30,26298.45,26298.9,26286.7,26292.15,26298.8049909369,41.1433561634995
2026-01-02T12:51:00+05:30,26291.25,26295.3,26288.75,26291,26296.853743202675,39.38470886451105
2026-01-02T12:54:00+05:30,26290.9,26295.85,26288.8,26294.25,26296.202807402005,46.872152483210385
2026-01-02T12:57:00+05:30,26294.05,26298.55,26291.55,26295.7,26296.077105551503,50.08169151200435
2026-01-02T13:00:00+05:30,26294.95,26296,26290.2,26293.25,26295.370329163627,44.7522665918318
2026-01-02T13:03:00+05:30,26292.75,26301.5,26290.85,26300.8,26296.72774687272,60.04029013246622
2026-01-02T13:06:00+05:30,26300.6,26301.35,26295.8,26298.05,26297.058310154538,53.72301506279425
2026-01-02T13:09:00+05:30,26297.4,26303,26295.25,26302.4,26298.393732615903,61.24769305249985
2026-01-02T13:12:00+05:30,26301.95,26305.9,26299.85,26302.75,26299.482799461926,61.83028880585237
2026-01-02T13:15:00+05:30,26302.55,26306.4,26301.05,26303.1,26300.387099596446,62.488225564791385
2026-01-02T13:18:00+05:30,26302.75,26308.45,26302.6,26304.8,26301.490324697334,65.82622248412073
2026-01-02T13:21:00+05:30,26306,26314.55,26303.9,26310.85,26303.830243523,75.0458650693291
2026-01-02T13:24:00+05:30,26310.5,26313.05,26303.9,26306,26304.37268264225,59.92539879026371
2026-01-02T13:27:00+05:30,26306.2,26307.2,26300.2,26302.5,26303.904511981687,51.23434052202331
2026-01-02T13:30:00+05:30,26302.1,26305,26298.95,26303.6,26303.828383986263,53.69666580210062
2026-01-02T13:33:00+05:30,26303.95,26310,26301.8,26308.9,26305.096287989698,63.933493135989295
2026-01-02T13:36:00+05:30,26308.1,26310.05,26302.5,26304.3,26304.897215992274,52.23910304693126
2026-01-02T13:39:00+05:30,26305.05,26307.95,26301.75,26301.75,26304.110411994207,46.71303343427454
2026-01-02T13:42:00+05:30,26302.35,26306,26299.8,26304.6,26304.232808995654,53.17219189701639
2026-01-02T13:45:00+05:30,26304.7,26309.75,26301.9,26302.5,26303.79960674674,48.15440527817043
2026-01-02T13:48:00+05:30,26302.65,26304.1,26298.1,26301.45,26303.212205060056,45.64189368376224
2026-01-02T13:51:00+05:30,26301.95,26310.85,26300.1,26310.05,26304.92165379504,63.72673330698199
2026-01-02T13:54:00+05:30,26310,26310.95,26301.95,26303.75,26304.62874034628,49.618241268560624
2026-01-02T13:57:00+05:30,26303.8,26304,26296.35,26298.1,26302.99655525971,40.28631719624276
2026-01-02T14:00:00+05:30,26298.6,26304.2,26297.85,26300.35,26302.334916444783,45.08479305824823
2026-01-02T14:03:00+05:30,26299.4,26302.65,26295.8,26300,26301.751187333586,44.436749707636885
2026-01-02T14:06:00+05:30,26301.15,26304.3,26296,26302.5,26301.93839050019,50.38031129853029
2026-01-02T14:09:00+05:30,26302.8,26306.6,26299.4,26304.35,26302.54129287514,54.575290329230455
2026-01-02T14:12:00+05:30,26304.75,26306.3,26300.6,26302.8,26302.605969656353,50.409522143391364
2026-01-02T14:15:00+05:30,26302.6,26308.7,26301.75,26307.2,26303.754477242266,60.416096582125014
2026-01-02T14:18:00+05:30,26307.7,26309.85,26302,26305.75,26304.2533579317,56.0664654287362
2026-01-02T14:21:00+05:30,26306.3,26314.15,26302.3,26311.6,26306.090018448773,67.18613359307992
2026-01-02T14:24:00+05:30,26311.55,26315.05,26305.9,26312.3,26307.64251383658,68.30598874835572
2026-01-02T14:27:00+05:30,26312,26312.55,26303.65,26307.3,26307.556885377435,53.1814164513577
2026-01-02T14:30:00+05:30,26307,26307,26282.05,26288.05,26302.680164033074,26.66320617565792
2026-01-02T14:33:00+05:30,26288.9,26288.9,26277.35,26281.55,26297.397623024804,22.285588500358287
2026-01-02T14:36:00+05:30,26281.85,26282.5,26273.6,26276.7,26292.223217268605,19.498774707653865
2026-01-02T14:39:00+05:30,26276.45,26277.25,26267.2,26274.95,26287.904912951453,18.52366418503641
2026-01-02T14:42:00+05:30,26275.2,26277.9,26270.95,26271.8,26283.87868471359,16.763216328778952
2026-01-02T14:45:00+05:30,26272.1,26273.55,26266.35,26268.1,26279.934013535192,14.831594636090344
2026-01-02T14:48:00+05:30,26268.85,26280.1,26265.85,26277.85,26279.413010151395,37.11045071320996
2026-01-02T14:51:00+05:30,26279.8,26286.7,26278.7,26284.6,26280.709757613546,48.08012967910453
2026-01-02T14:54:00+05:30,26285.75,26289.95,26282.9,26288.3,26282.60731821016,53.29046549965579
2026-01-02T14:57:00+05:30,26289.35,26296.5,26288.2,26294.25,26285.517988657622,60.691330642098606
2026-01-02T15:00:00+05:30,26297.05,26311.85,26297.05,26311.6,26292.038491493215,74.458664749019
2026-01-02T15:03:00+05:30,26311.15,26315.4,26307.85,26314.2,26297.578868619912,75.9323855501796
2026-01-02T15:06:00+05:30,26311.95,26318.8,26311.95,26318.35,26302.771651464933,78.26747412864448
2026-01-02T15:09:00+05:30,26316.25,26332.15,26316.05,26330.5,26309.7037385987,83.67686961592635
2026-01-02T15:12:00+05:30,26328.7,26331.8,26321.25,26324.75,26313.465303949022,73.56670575149913
2026-01-02T15:15:00+05:30,26322.7,26326.2,26319.5,26324.15,26316.136477961765,72.50029929774541
2026-01-02T15:18:00+05:30,26322.2,26326.8,26320.95,26324.15,26318.139858471324,72.50029929774541
2026-01-02T15:21:00+05:30,26322.4,26334.45,26322.4,26332.4,26321.704893853494,78.36870630364814
2026-01-02T15:24:00+05:30,26329.6,26340,26328.9,26336.75,26325.466170390122,80.8787977969966
2026-01-02T15:27:00+05:30,26334.5,26339.1,26330.2,26335.7,26328.02462779259,78.31948303398434
2026-01-02T15:30:00+05:30,26333.15,26333.15,26328,26328.55,26328.155970844444,62.58585910951804
2026-01-05T09:06:00+05:30,26333.7,26333.7,26333.7,26333.7,26329.541978133333,67.9896374143957
2026-01-05T09:15:00+05:30,26342.45,26358.25,26306.15,26329.8,26329.6064836,60.295643347876215
2026-01-05T09:18:00+05:30,26329.2,26348.75,26318.85,26323.9,26328.179862700003,50.25767716075824
2026-01-05T09:21:00+05:30,26321.15,26336.45,26302.85,26305.2,26322.434897025003,31.107814050850706
2026-01-05T09:24:00+05:30,26304.4,26323.25,26287.65,26318.25,26321.388672768753,47.419638074347226
2026-01-05T09:27:00+05:30,26318.95,26321.3,26292,26301.6,26316.441504576564,35.06233048205485
2026-01-05T09:30:00+05:30,26301.2,26301.65,26282.15,26284.1,26308.356128432424,26.57146853151913
2026-01-05T09:33:00+05:30,26284.45,26288.1,26268.75,26271.95,26299.254596324317,22.21409622687453
2026-01-05T09:36:00+05:30,26271.9,26280.55,26263.6,26273.1,26292.71594724324,23.59761288098025
2026-01-05T09:39:00+05:30,26273.25,26296.95,26273.1,26284.05,26290.54946043243,36.20277283472359
2026-01-05T09:42:00+05:30,26285,26293.95,26272.2,26279.25,26287.724595324322,33.38583308149303
2026-01-05T09:45:00+05:30,26280.1,26288.9,26274,26278.75,26285.48094649324,33.07309118292224
2026-01-05T09:48:00+05:30,26280.3,26311.65,26279.2,26309.7,26291.53570986993,60.07914480125611
2026-01-05T09:51:00+05:30,26308.35,26311.5,26285.5,26301,26293.90178240245,53.05787587777697
2026-01-05T09:54:00+05:30,26301.4,26326.5,26297.1,26322.8,26301.126336801837,65.0115333295237
2026-01-05T09:57:00+05:30,26323.25,26324.25,26308.15,26316.9,26305.06975260138,60.17332683782548
2026-01-05T10:00:00+05:30,26317,26324.3,26301.05,26301.85,26304.264814451035,49.26282798640751
2026-01-05T10:03:00+05:30,26302.5,26310.05,26285.1,26299.25,26303.011110838277,47.52600510245686
2026-01-05T10:06:00+05:30,26299.15,26332.75,26299.15,26331.05,26310.020833128707,65.0890126130855
2026-01-05T10:09:00+05:30,26332.35,26342.3,26330.45,26334.85,26316.22812484653,66.64538650560993
2026-01-05T10:12:00+05:30,26335,26341.1,26331.75,26339.15,26321.958593634896,68.49935721866098
2026-01-05T10:15:00+05:30,26339.1,26347.45,26337,26347.45,26328.331445226173,72.00368165078334
2026-01-05T10:18:00+05:30,26347.15,26360.55,26345.05,26355.1,26335.02358391963,74.99487233367567
2026-01-05T10:21:00+05:30,26355.25,26363.3,26352.3,26360.7,26341.44268793972,77.08572168004484
2026-01-05T10:24:00+05:30,26360.25,26371.75,26359.05,26366.2,26347.63201595479,79.08920470797997
2026-01-05T10:27:00+05:30,26366.55,26373.2,26353,26354.55,26349.361511966094,65.03685254811562
2026-01-05T10:30:00+05:30,26354.85,26356.45,26349.55,26355.9,26350.99613397457,65.85699296891926
2026-01-05T10:33:00+05:30,26356.5,26358.25,26349.8,26352.1,26351.27210048093,61.14670587679875
2026-01-05T10:36:00+05:30,26351.95,26360.9,26351.1,26355.3,26352.279075360697,63.69760854541835
2026-01-05T10:39:00+05:30,26354.8,26363.35,26342.05,26344.35,26350.29680652052,50.46930149794398
2026-01-05T10:42:00+05:30,26343.85,26348.4,26333.95,26348.4,26349.82260489039,54.54283403131824
2026-01-05T10:45:00+05:30,26348.5,26357.5,26343.4,26344.95,26348.60445366779,50.42162681358244
2026-01-05T10:48:00+05:30,26343.75,26358.3,26343.75,26352.3,26349.528340250843,58.26042993248887
2026-01-05T10:51:00+05:30,26352.6,26361.35,26350.95,26357.95,26351.633755188133,63.44394855119938
2026-01-05T10:54:00+05:30,26357.9,26360.25,26354.65,26355.15,26352.5128163911,59.19375274245593
2026-01-05T10:57:00+05:30,26355,26362.05,26348.95,26349.6,26351.784612293326,51.25366341469519
2026-01-05T11:00:00+05:30,26348,26364.35,26346.65,26363.6,26354.738459219996,65.0503360763795
2026-01-05T11:03:00+05:30,26363,26365,26359.25,26360.25,26356.116344414997,60.28691474288487
2026-01-05T11:06:00+05:30,26360.85,26360.85,26349.95,26354.1,26355.61225831125,52.113609712438006
2026-01-05T11:09:00+05:30,26354.2,26356.55,26348,26356.55,26355.846693733438,54.952097198121294
2026-01-05T11:12:00+05:30,26356.4,26360.9,26354.75,26359.25,26356.697520300077,58.14213906742847
2026-01-05T11:15:00+05:30,26358.95,26361.35,26346.85,26350.85,26355.23564022506,46.253574553547
2026-01-05T11:18:00+05:30,26351,26353.65,26341.55,26345.4,26352.776730168793,40.054167800724336
2026-01-05T11:21:00+05:30,26344.2,26346.05,26322.35,26322.6,26345.232547626594,24.214072207649068
2026-01-05T11:24:00+05:30,26323.75,26328,26316.1,26317.55,26338.311910719945,21.96903104297705
2026-01-05T11:27:00+05:30,26317.65,26329.6,26313.85,26326.65,26335.39643303996,34.69766971607376
2026-01-05T11:30:00+05:30,26327.4,26335.3,26325.05,26326.35,26333.13482477997,34.48133526508798
2026-01-05T11:33:00+05:30,26324.95,26326.1,26315.5,26318.3,26329.426118584975,28.850203678428812
2026-01-05T11:36:00+05:30,26319.25,26326.1,26319.25,26323.1,26327.84458893873,36.108682156797
2026-01-05T11:39:00+05:30,26323.3,26332.35,26319.95,26332,26328.88344170405,47.65933927220878
2026-01-05T11:42:00+05:30,26331.95,26341.6,26331.7,26338.7,26331.337581278036,54.83124470514306
2026-01-05T11:45:00+05:30,26338.65,26341.15,26329.9,26336.8,26332.703185958526,52.453341871104925
2026-01-05T11:48:00+05:30,26337.05,26340.25,26333.4,26338.05,26334.039889468895,53.98502316737169
2026-01-05T11:51:00+05:30,26337.3,26338.75,26324.95,26324.95,26331.76741710167,38.73022404363027
2026-01-05T11:54:00+05:30,26325.1,26330.55,26322.25,26326.95,26330.56306282625,41.66624160750219
2026-01-05T11:57:00+05:30,26326.7,26337.3,26317.65,26332.05,26330.934797119688,48.94471108689585
2026-01-05T12:00:00+05:30,26331.5,26334.1,26311.5,26316.75,26327.388597839767,34.06733570423576
2026-01-05T12:03:00+05:30,26318.5,26323,26311.6,26319.6,26325.441448379825,38.15279465219527
2026-01-05T12:06:00+05:30,26319.55,26327.05,26313.75,26319.7,26324.00608628487,38.30927580014291
2026-01-05T12:09:00+05:30,26319.45,26327.45,26318.55,26322.6,26323.65456471365,43.17374818464399
2026-01-05T12:12:00+05:30,26322.65,26334.85,26322.2,26333.2,26326.040923535238,57.47354119404641
2026-01-05T12:15:00+05:30,26334.2,26339.95,26331.35,26336.45,26328.643192651427,60.985363921735456
2026-01-05T12:18:00+05:30,26336.1,26342.1,26334.85,26341.05,26331.74489448857,65.66708279122268
2026-01-05T12:21:00+05:30,26340.95,26343.35,26329.5,26332.45,26331.921170866426,52.04498315217837
2026-01-05T12:24:00+05:30,26333.4,26337.8,26330.75,26333.75,26332.37837814982,53.73744028853427
2026-01-05T12:27:00+05:30,26332.2,26336.25,26329.8,26333.4,26332.633783612364,53.14826542831215
2026-01-05T12:30:00+05:30,26333.1,26342.65,26333.1,26334.75,26333.16283770927,55.35114169474043
2026-01-05T12:33:00+05:30,26333.75,26337.9,26331.9,26333.9,26333.347128281952,53.50324989068797
2026-01-05T12:36:00+05:30,26336.6,26341.95,26333.25,26341.45,26335.372846211463,65.45455968618921
2026-01-05T12:39:00+05:30,26340,26341.7,26331.5,26335.9,26335.5046346586,53.632040067930674
2026-01-05T12:42:00+05:30,26335.25,26335.85,26330.45,26333.05,26334.89097599395,48.39518060683702
2026-01-05T12:45:00+05:30,26332.85,26333.45,26326.4,26328.2,26333.218231995463,40.536698857257306
2026-01-05T12:48:00+05:30,26328.15,26339.25,26327.7,26339.25,26334.726173996598,58.46439272188473
2026-01-05T12:51:00+05:30,26339.35,26349.35,26338.1,26339.95,26336.03213049745,59.36972443021987
2026-01-05T12:54:00+05:30,26339.9,26346.5,26338.05,26343.35,26337.86159787309,63.83641905128819
2026-01-05T12:57:00+05:30,26343.4,26346.35,26330.5,26333.4,26336.746198404817,46.41493365780876
2026-01-05T13:00:00+05:30,26333.15,26334.9,26330.85,26330.85,26335.27214880361,42.913286893881576
2026-01-05T13:03:00+05:30,26331.7,26332.25,26326.75,26327.75,26333.39161160271,38.765397698314054
2026-01-05T13:06:00+05:30,26328,26330.25,26323.7,26324.15,26331.08120870203,34.27668530070508
2026-01-05T13:09:00+05:30,26324.35,26324.9,26313.4,26315.6,26327.210906526525,25.95068001217234
2026-01-05T13:12:00+05:30,26315.25,26316.4,26307.8,26308.75,26322.595679894894,21.14894833456917
2026-01-05T13:15:00+05:30,26308.15,26308.4,26293.7,26296.25,26316.00925992117,15.172210206825852
2026-01-05T13:18:00+05:30,26296.5,26306.35,26295.65,26303,26312.756944940877,27.9923970507444
2026-01-05T13:21:00+05:30,26303.15,26306.05,26295.45,26305.1,26310.842708705655,31.736984554029135
2026-01-05T13:24:00+05:30,26305.3,26312.9,26304.15,26304.75,26309.31953152924,31.41928437619046
2026-01-05T13:27:00+05:30,26304.25,26306.5,26292.85,26294.65,26305.65214864693,23.499538452962383
2026-01-05T13:30:00+05:30,26295.15,26295.75,26282.65,26287.05,26301.001611485197,19.24163395209702
2026-01-05T13:33:00+05:30,26286.95,26290,26282.9,26287.1,26297.526208613897,19.35379027095226
2026-01-05T13:36:00+05:30,26287.5,26288.45,26280.5,26287.85,26295.10715646042,21.267294589825966
2026-01-05T13:39:00+05:30,26287.4,26287.55,26279.85,26284.3,26292.405367345316,18.803532290137923
2026-01-05T13:42:00+05:30,26283.8,26298.3,26283.6,26296.3,26293.379025508988,44.266239980848475
2026-01-05T13:45:00+05:30,26296.1,26296.1,26284.8,26287.05,26291.79676913174,34.52860034717054
2026-01-05T13:48:00+05:30,26286.9,26287.55,26260.55,26260.75,26284.035076848806,19.962238200792513
2026-01-05T13:51:00+05:30,26260.9,26264.6,26257.65,26260.25,26278.088807636603,19.777184557087608
2026-01-05T13:54:00+05:30,26260.15,26270.15,26257,26259.3,26273.39160572745,19.378967883022014
2026-01-05T13:57:00+05:30,26259.25,26261.1,26252,26252.6,26268.193704295587,16.62469673236319
2026-01-05T14:00:00+05:30,26252.2,26253.25,26233,26233.6,26259.54527822169,11.307620702841902
2026-01-05T14:03:00+05:30,26234,26234.35,26210.3,26211.35,26247.496458666268,7.869123342215957
2026-01-05T14:06:00+05:30,26210.05,26228.65,26210.05,26219.95,26240.6098439997,18.9790236282886
2026-01-05T14:09:00+05:30,26217.35,26228.45,26211.75,26226.7,26237.132382999775,27.035893297833894
2026-01-05T14:12:00+05:30,26227.75,26231.1,26224.3,26226.75,26234.536787249832,27.098542868046053
2026-01-05T14:15:00+05:30,26226.8,26236.05,26223.9,26227.6,26232.80259043737,28.31923782871381
2026-01-05T14:18:00+05:30,26227.55,26230.6,26218.55,26220,26229.601942828027,24.108298707112795
2026-01-05T14:21:00+05:30,26220.1,26224.3,26210.8,26223.3,26228.02645712102,29.42446683023158
2026-01-05T14:24:00+05:30,26223,26239.3,26222.95,26231.15,26228.807342840766,40.91154462089032
2026-01-05T14:27:00+05:30,26231.05,26237.05,26226.25,26227.25,26228.418007130575,37.38466506681662
2026-01-05T14:30:00+05:30,26227,26246.05,26227,26243,26232.06350534793,55.47099601798085
2026-01-05T14:33:00+05:30,26243.75,26249.9,26241,26244.2,26235.097629010947,56.585676210640045
2026-01-05T14:36:00+05:30,26243.5,26250.7,26235.75,26236.3,26235.39822175821,47.4606588275105
2026-01-05T14:39:00+05:30,26235.5,26250.4,26233.8,26248.6,26238.698666318654,59.36387429679858
2026-01-05T14:42:00+05:30,26248.35,26258.7,26245.55,26257.15,26243.311499738993,65.67121018246209
2026-01-05T14:45:00+05:30,26256.95,26261.1,26252.45,26255.35,26246.321124804243,63.259566960729
2026-01-05T14:48:00+05:30,26255.45,26261.15,26253.9,26259.3,26249.56584360318,66.41696517631351
2026-01-05T14:51:00+05:30,26259.45,26282.85,26258.85,26269.05,26254.436882702386,73.07929128807802
2026-01-05T14:54:00+05:30,26267.95,26278,26267.85,26270.2,26258.37766202679,73.79466933008203
2026-01-05T14:57:00+05:30,26269.9,26281.45,26269.9,26280.1,26263.808246520093,79.31523772397031
2026-01-05T15:00:00+05:30,26279.4,26282.9,26263,26264.15,26263.89368489007,56.81713989053254
2026-01-05T15:03:00+05:30,26264.55,26275.45,26262.5,26262.5,26263.545263667555,54.93643903406379
2026-01-05T15:06:00+05:30,26263,26266.4,26251.3,26252.35,26260.746447750666,44.39100970805493
2026-01-05T15:09:00+05:30,26253.1,26258.25,26250.4,26252.1,26258.584835813,44.14749199704978
2026-01-05T15:12:00+05:30,26251.7,26253.9,26243.3,26249.25,26256.25112685975,41.145500100253315
2026-01-05T15:15:00+05:30,26249.85,26250.55,26242.1,26243.65,26253.10084514481,35.596654736408254
2026-01-05T15:18:00+05:30,26244.9,26246.45,26239.75,26240.5,26249.950633858607,32.702446121396434
2026-01-05T15:21:00+05:30,26240.7,26243.3,26236.05,26237.8,26246.912975393956,30.243480718818716
2026-01-05T15:24:00+05:30,26237.95,26247.95,26236.15,26243.55,26246.072231545466,41.224004209634245
2026-01-05T15:27:00+05:30,26241.95,26246.6,26232.6,26244.65,26245.7166736591,43.218870984661244
2026-01-05T15:30:00+05:30,26244.05,26250.3,26244.05,26250.3,26246.862505244324,52.8154468361489
2026-01-06T09:06:00+05:30,26189.7,26189.7,26189.7,26189.7,26232.571878933242,16.95591876098146
2026-01-06T09:15:00+05:30,26199.85,26238.6,26144.7,26215,26228.17890919993,37.59383312650399
2026-01-06T09:18:00+05:30,26215.1,26225.1,26186.8,26198.05,26220.646681899947,31.479124848198097
2026-01-06T09:21:00+05:30,26198.45,26203.6,26184.5,26197.3,26214.81001142496,31.217011697558505
2026-01-06T09:24:00+05:30,26196.6,26197.9,26184.3,26188.95,26208.345008568722,28.17031092363932
2026-01-06T09:27:00+05:30,26188.8,26192.25,26168.25,26173.85,26199.721256426543,23.360225694902624
2026-01-06T09:30:00+05:30,26171.85,26196.45,26171.85,26190.75,26197.47844231991,37.33231439590547
2026-01-06T09:33:00+05:30,26190.85,26229.3,26190.5,26223.75,26204.046331739934,55.721845422523735
2026-01-06T09:36:00+05:30,26221.75,26224.8,26203.45,26205.55,26204.42224880495,46.871845118232564
2026-01-06T09:39:00+05:30,26203.25,26207.75,26193.4,26198.15,26202.854186603712,43.58793536131517
2026-01-06T09:42:00+05:30,26200.3,26202.85,26190.65,26199.35,26201.978139952786,44.32588848438468
2026-01-06T09:45:00+05:30,26199.3,26223.7,26197.8,26222.95,26207.22110496459,57.178609764890595
2026-01-06T09:48:00+05:30,26222.65,26233.15,26220.35,26228.15,26212.45332872344,59.577462030814914
2026-01-06T09:51:00+05:30,26226.6,26235.05,26225.45,26233.2,26217.63999654258,61.99000666669845
2026-01-06T09:54:00+05:30,26231.6,26250.5,26226.4,26249.25,26225.542497406936,68.87744172136696
2026-01-06T09:57:00+05:30,26251.35,26259.35,26242,26256.8,26233.3568730552,71.69245609866621
2026-01-06T10:00:00+05:30,26258.35,26273.95,26256.9,26267.7,26241.9426547914,75.43486187517028
2026-01-06T10:03:00+05:30,26267.75,26269.45,26244.25,26244.25,26242.51949109355,56.6401322409585
2026-01-06T10:06:00+05:30,26243.5,26251.65,26241.3,26245.1,26243.164618320163,57.09222015318759
2026-01-06T10:09:00+05:30,26244.15,26251,26237.15,26241.05,26242.635963740122,53.96451291766995
2026-01-06T10:12:00+05:30,26240.8,26249.6,26239.25,26243.25,26242.789472805092,55.509177005428164
2026-01-06T10:15:00+05:30,26242.2,26251.85,26241.35,26248.85,26244.304604603818,59.54072250803136
2026-01-06T10:18:00+05:30,26249.05,26252.9,26230.15,26232.05,26241.240953452863,45.20409629964934
2026-01-06T10:21:00+05:30,26231.85,26235.8,26223.25,26223.8,26236.880715089646,39.724120850749834
2026-01-06T10:24:00+05:30,26223,26228.3,26218.1,26224.35,26233.748036317236,40.28714135917663
2026-01-06T10:27:00+05:30,26223.8,26230.8,26220.65,26224.1,26231.33602723793,40.08856602971917
2026-01-06T10:30:00+05:30,26223.1,26238.5,26222.15,26232.05,26231.514520428445,49.3506123408092
2026-01-06T10:33:00+05:30,26231,26234.95,26223.3,26228.5,26230.760890321333,45.67222532970056
2026-01-06T10:36:00+05:30,26230.55,26230.55,26205.5,26210.65,26225.733167741,31.777693821652278
2026-01-06T10:39:00+05:30,26210.25,26214.3,26201.35,26212.9,26222.52487580575,34.69916468482866
2026-01-06T10:42:00+05:30,26212.3,26216.6,26208.05,26212.1,26219.918656854312,34.09354280814071
2026-01-06T10:45:00+05:30,26211.75,26216.6,26207.15,26215.1,26218.713992640733,38.76907860695801
2026-01-06T10:48:00+05:30,26214.7,26220.2,26208.95,26213.7,26217.46049448055,37.32734797517924
2026-01-06T10:51:00+05:30,26213.95,26215.65,26206.65,26214.65,26216.757870860412,39.119677864256246
2026-01-06T10:54:00+05:30,26214.2,26221,26210.65,26211.35,26215.405903145307,35.05667002943912
2026-01-06T10:57:00+05:30,26211.05,26217.6,26201.35,26201.35,26211.891927358978,25.64149207757913
2026-01-06T11:00:00+05:30,26201.7,26212.1,26198.1,26205.65,26210.331445519234,34.47046533129955
2026-01-06T11:03:00+05:30,26205.9,26220.15,26205.5,26219.35,26212.586084139424,54.53585069732196
2026-01-06T11:06:00+05:30,26218.95,26221.15,26212,26216.05,26213.452063104567,50.21486450508014
2026-01-06T11:09:00+05:30,26216,26222.15,26203.6,26205.2,26211.389047328426,38.51060968095223
2026-01-06T11:12:00+05:30,26205.1,26207.45,26192.65,26194.45,26207.15428549632,30.337063366166078
2026-01-06T11:15:00+05:30,26194.8,26195.65,26158.3,26158.3,26194.94071412224,16.5534119096954
2026-01-06T11:18:00+05:30,26159.05,26161.05,26148.25,26148.25,26183.268035591682,14.427324593219538
2026-01-06T11:21:00+05:30,26148.1,26153.4,26141.05,26147.25,26174.26352669376,14.215374982735739
2026-01-06T11:24:00+05:30,26147.45,26162.3,26146.85,26161.55,26171.08514502032,31.101793972078568
2026-01-06T11:27:00+05:30,26160.2,26173.25,26160.2,26173.05,26171.57635876524,41.8427003144695
2026-01-06T11:30:00+05:30,26172.15,26176.6,26165.9,26169.45,26171.04476907393,39.58869148377491
2026-01-06T11:33:00+05:30,26169.35,26176.6,26167.25,26168.65,26170.44607680545,39.04341349689203
2026-01-06T11:36:00+05:30,26167.05,26181.15,26166.1,26179,26172.58455760409,49.53486164803213
2026-01-06T11:39:00+05:30,26177.95,26182.25,26174.65,26180.1,26174.463418203064,50.58933265744158
2026-01-06T11:42:00+05:30,26179.4,26196.6,26177.95,26193.6,26179.247563652298,61.96777438367592
2026-01-06T11:45:00+05:30,26193,26195.45,26181.2,26195.3,26183.260672739223,63.21236322373959
2026-01-06T11:48:00+05:30,26194.2,26197.35,26189,26194.1,26185.970504554418,61.55351692590128
2026-01-06T11:51:00+05:30,26194.25,26197.1,26187.45,26197.1,26188.752878415813,64.28700505121535
2026-01-06T11:54:00+05:30,26195.05,26200.2,26182.9,26183.85,26187.52715881186,47.050005659709086
2026-01-06T11:57:00+05:30,26183.65,26185.4,26171.65,26174.5,26184.270369108894,38.542201049736434
2026-01-06T12:00:00+05:30,26173.1,26175.4,26162.3,26165.55,26179.59027683167,32.06673805845706
2026-01-06T12:03:00+05:30,26164.85,26179.4,26163.35,26169.1,26176.967707623753,36.967367511427675
2026-01-06T12:06:00+05:30,26168.85,26171,26157.35,26159.4,26172.575780717816,30.05565371333755
2026-01-06T12:09:00+05:30,26159.1,26163,26153,26160.3,26169.506835538363,31.44316193538259
2026-01-06T12:12:00+05:30,26159.9,26170.75,26158.5,26167.65,26169.042626653772,42.3410279594179
2026-01-06T12:15:00+05:30,26167.5,26169.8,26161.25,26163.75,26167.71946999033,38.54775708462955
2026-01-06T12:18:00+05:30,26163.5,26166,26159.05,26159.05,26165.552102492748,34.23546005179901
2026-01-06T12:21:00+05:30,26159.4,26159.85,26153.35,26155.55,26163.051576869562,31.202823121564208
2026-01-06T12:24:00+05:30,26155.65,26156.5,26150.15,26154.9,26161.01368265217,30.615233748544426
2026-01-06T12:27:00+05:30,26154.65,26166.6,26152.7,26161.85,26161.222761989127,43.813829163383126
2026-01-06T12:30:00+05:30,26161.6,26163.75,26155.25,26161.3,26161.242071491844,43.057626252063706
2026-01-06T12:33:00+05:30,26160.65,26167.1,26159.9,26164.4,26162.031553618883,48.86153548863676
2026-01-06T12:36:00+05:30,26162.7,26167.2,26159.9,26160.75,26161.71116521416,42.8605722045497
2026-01-06T12:39:00+05:30,26160.15,26169.8,26159.65,26166.25,26162.84587391062,53.006816991901886
2026-01-06T12:42:00+05:30,26166.35,26168.35,26159.95,26163.7,26163.059405432967,48.361713354105255
2026-01-06T12:45:00+05:30,26163.75,26167.3,26158.9,26163.95,26163.282054074727,48.874162455116625
2026-01-06T12:48:00+05:30,26164,26165.85,26156.2,26158.2,26162.011540556046,38.596367106518585
2026-01-06T12:51:00+05:30,26157.75,26170.95,26157.75,26162.2,26162.058655417037,47.54834093087091
2026-01-06T12:54:00+05:30,26163.05,26174.1,26161.1,26172,26164.54399156278,62.976524456978545
2026-01-06T12:57:00+05:30,26172.25,26180.1,26171.45,26178.9,26168.132993672087,70.18121477785438
2026-01-06T13:00:00+05:30,26178.75,26186.8,26178,26180.9,26171.324745254067,72.02231568922241
2026-01-06T13:03:00+05:30,26179.8,26181.05,26171.8,26178.55,26173.13105894055,66.40208647339026
2026-01-06T13:06:00+05:30,26178.05,26195,26175.7,26191.4,26177.698294205413,77.56873365538554
2026-01-06T13:09:00+05:30,26192.25,26194.45,26179.95,26185.7,26179.698720654058,66.18491386377012
2026-01-06T13:12:00+05:30,26186.1,26188.25,26172.5,26174.7,26178.449040490545,49.74739472603851
2026-01-06T13:15:00+05:30,26173.95,26174.7,26164.6,26164.9,26175.06178036791,39.54038857313108
2026-01-06T13:18:00+05:30,26165.45,26169.5,26161.2,26168.55,26173.43383527593,44.489390356373626
2026-01-06T13:21:00+05:30,26168.5,26169.45,26162.55,26162.9,26170.800376456948,38.759655332863304
2026-01-06T13:24:00+05:30,26163.2,26165.5,26157.9,26159.35,26167.93778234271,35.4161211122107
2026-01-06T13:27:00+05:30,26158.6,26163.35,26152,26162.25,26166.515836757033,40.322414807763764
2026-01-06T13:30:00+05:30,26161.75,26163.1,26148.35,26153.55,26163.274377567774,31.853086286116636
2026-01-06T13:33:00+05:30,26153.75,26160.8,26147.15,26156.25,26161.51828317583,36.669323557525395
2026-01-06T13:36:00+05:30,26155.4,26158.9,26154.35,26155.2,26159.93871238187,35.530045404670645
2026-01-06T13:39:00+05:30,26154.6,26158.1,26152.2,26153.95,26158.4415342864,34.06029762464354
2026-01-06T13:42:00+05:30,26153.1,26164.35,26152.45,26164.1,26159.8561507148,52.62534093806479
2026-01-06T13:45:00+05:30,26163.65,26165.65,26156.9,26164.2,26160.9421130361,52.77815828399206
2026-01-06T13:48:00+05:30,26164.15,26175.95,26164.15,26173.2,26164.006584777075,64.7256116946922
2026-01-06T13:51:00+05:30,26172.65,26179.7,26150.15,26156.65,26162.16743858281,41.9535137477756
2026-01-06T13:54:00+05:30,26157.3,26160.3,26151.35,26156.75,26160.813078937106,42.09712082074933
2026-01-06T13:57:00+05:30,26156.8,26157.6,26149.75,26153.25,26158.92230920283,38.23459639387345
2026-01-06T14:00:00+05:30,26151.95,26172.3,26151.95,26169.15,26161.47923190212,58.443215893287345
2026-01-06T14:03:00+05:30,26169,26171.7,26151.9,26158.65,26160.771923926593,46.67707681046967
2026-01-06T14:06:00+05:30,26158.85,26160.55,26150.75,26150.75,26158.266442944943,39.667122990761676
2026-01-06T14:09:00+05:30,26150.45,26152.35,26129.35,26137.6,26153.099832208707,30.710507164987945
2026-01-06T14:12:00+05:30,26136.85,26140.75,26125.8,26133.15,26148.11237415653,28.196909299603846
2026-01-06T14:15:00+05:30,26133.25,26139.5,26131.95,26136.9,26145.3092806174,33.544495751437054
2026-01-06T14:18:00+05:30,26136.1,26138.75,26131.1,26132.05,26141.99446046305,30.15572836342554
2026-01-06T14:21:00+05:30,26131.65,26138.7,26125.3,26136.2,26140.54584534729,36.554203581503415
2026-01-06T14:24:00+05:30,26135.7,26145.2,26135.7,26141.9,26140.884384010467,44.675685627671015
2026-01-06T14:27:00+05:30,26141.5,26148.05,26140.75,26148.05,26142.67578800785,52.35308711138863
2026-01-06T14:30:00+05:30,26147.75,26150.95,26143.85,26145.65,26143.419341005887,49.24196873936526
2026-01-06T14:33:00+05:30,26145,26147.2,26139.6,26145.4,26143.914505754416,48.8888993582909
2026-01-06T14:36:00+05:30,26144.85,26149.35,26129.6,26131.1,26140.71087931581,33.06691020094371
2026-01-06T14:39:00+05:30,26130.5,26152.45,26124.75,26146.95,26142.270659486858,52.81402896092717
2026-01-06T14:42:00+05:30,26146.45,26153.85,26145.2,26149.7,26144.127994615144,55.47313236463601
2026-01-06T14:45:00+05:30,26149.8,26161.75,26147.65,26161.75,26148.533495961357,65.4317821895366
2026-01-06T14:48:00+05:30,26161,26169.5,26158.4,26168.95,26153.63762197102,70.09433738104667
2026-01-06T14:51:00+05:30,26168.05,26169.8,26155.5,26161.1,26155.503216478264,59.8296160876728
2026-01-06T14:54:00+05:30,26160.45,26165.1,26155.15,26163.05,26157.389912358696,61.465041952908116
2026-01-06T14:57:00+05:30,26160.55,26164.55,26158.4,26164,26159.042434269024,62.33656836021523
2026-01-06T15:00:00+05:30,26165.05,26182.7,26165.05,26181.05,26164.54432570177,74.44048334746057
2026-01-06T15:03:00+05:30,26180.2,26182.85,26170.6,26171.45,26166.270744276328,61.4649023611854
2026-01-06T15:06:00+05:30,26170.1,26187.7,26169.8,26180.95,26169.940558207247,67.92059808867668
2026-01-06T15:09:00+05:30,26180.25,26183.6,26176,26178.25,26172.017918655434,64.34625050290029
2026-01-06T15:12:00+05:30,26177.35,26179.25,26166.45,26175.95,26173.000938991576,61.14816849168076
2026-01-06T15:15:00+05:30,26175,26179.55,26172.1,26177.8,26174.20070424368,62.879464264604835
2026-01-06T15:18:00+05:30,26178.45,26186.1,26174.15,26184.25,26176.713028182763,68.57539140082068
2026-01-06T15:21:00+05:30,26185.45,26185.45,26179.5,26181.35,26177.872271137072,63.467010150303686
2026-01-06T15:24:00+05:30,26181.75,26186.5,26178.65,26179.85,26178.366703352804,60.73673449701512
2026-01-06T15:27:00+05:30,26179.2,26182.85,26170.85,26174.65,26177.4375275146,51.7354310483944
2026-01-06T15:30:00+05:30,26174.1,26178.7,26174.1,26178.7,26177.75314563595,57.463569147873784
2026-01-07T09:06:00+05:30,26143.1,26143.1,26143.1,26143.1,26169.089859226962,25.918329892927858
2026-01-07T09:15:00+05:30,26160.5,26166,26104.3,26128.4,26158.917394420223,20.497594065579307
2026-01-07T09:18:00+05:30,26127.05,26143.15,26121.3,26143.15,26154.975545815167,36.1341586416154
2026-01-07T09:21:00+05:30,26143.45,26159.95,26143.05,26156.95,26155.469159361375,47.421745196231164
2026-01-07T09:24:00+05:30,26157.1,26160.55,26128.35,26133.3,26149.92686952103,35.03971478283316
2026-01-07T09:27:00+05:30,26135.05,26137.6,26113.95,26120.35,26142.532652140773,30.030572593828012
2026-01-07T09:30:00+05:30,26121.75,26137.35,26119.05,26137.35,26141.23698910558,42.59822265763535
2026-01-07T09:33:00+05:30,26137.8,26141.85,26130.6,26131.9,26138.902741829184,39.916623109754596
2026-01-07T09:36:00+05:30,26133.15,26148.75,26131.7,26139.1,26138.952056371887,45.23063959721401
2026-01-07T09:39:00+05:30,26137.45,26150.95,26136.9,26148.5,26141.339042278916,51.73286779025281
2026-01-07T09:42:00+05:30,26148,26148,26106.15,26108.2,26133.05428170919,32.45858844255868
2026-01-07T09:45:00+05:30,26108.1,26118.75,26101.85,26108.3,26126.86571128189,32.53135893290764
2026-01-07T09:48:00+05:30,26109.7,26125.55,26108.9,26110,26122.64928346142,33.94292184677364
2026-01-07T09:51:00+05:30,26112.35,26115.05,26096.65,26106.65,26118.649462596062,32.38520812884603
2026-01-07T09:54:00+05:30,26108.5,26118.6,26103.55,26115,26117.737096947047,40.346164610918834
2026-01-07T09:57:00+05:30,26116.1,26139.05,26113.85,26138.8,26123.002822710285,57.130640941024346
2026-01-07T10:00:00+05:30,26138.95,26145.45,26132.9,26143.4,26128.102117032715,59.688219981172566
2026-01-07T10:03:00+05:30,26143.8,26153.3,26139.3,26142.95,26131.814087774535,59.284551275151664
2026-01-07T10:06:00+05:30,26144.3,26158.05,26140.2,26157.25,26138.173065830902,67.44665920122132
2026-01-07T10:09:00+05:30,26158.25,26163.6,26153.5,26159.15,26143.417299373177,68.42775830606789
2026-01-07T10:12:00+05:30,26161.25,26168.2,26158.35,26167.25,26149.375474529883,72.54343890494759
2026-01-07T10:15:00+05:30,26167.75,26187.15,26167.75,26174,26155.531605897413,75.63178211330815
2026-01-07T10:18:00+05:30,26175.05,26175.15,26156.05,26168.95,26158.88620442306,68.87024495866109
2026-01-07T10:21:00+05:30,26169.1,26171.3,26154.4,26155.15,26157.952153317296,53.59467989668294
2026-01-07T10:24:00+05:30,26156.8,26160.7,26149.15,26150.25,26156.02661498797,49.08469072853698
2026-01-07T10:27:00+05:30,26151.2,26151.4,26129.75,26134,26150.519961240978,37.02883712142862
2026-01-07T10:30:00+05:30,26135.6,26141.6,26129.6,26140.45,26148.002470930733,43.45961896200968
2026-01-07T10:33:00+05:30,26140.9,26143.7,26128.05,26133.05,26144.26435319805,38.23344047131887
2026-01-07T10:36:00+05:30,26134.1,26135.3,26125.2,26126.65,26139.860764898538,34.09629698994276
2026-01-07T10:39:00+05:30,26127.35,26145.25,26127.15,26138.75,26139.583073673904,46.79505830819446
2026-01-07T10:42:00+05:30,26139.1,26144.2,26134.9,26141.9,26140.162305255428,49.73660236950546
2026-01-07T10:45:00+05:30,26142.4,26149.15,26136.4,26136.65,26139.28422894157,44.90879103970395
2026-01-07T10:48:00+05:30,26137.2,26147.6,26133.8,26146.85,26141.17567170618,54.84400547481216
2026-01-07T10:51:00+05:30,26147.2,26157.65,26144.05,26156.4,26144.981753779633,62.27538937841305
2026-01-07T10:54:00+05:30,26156.8,26175.7,26156.8,26174,26152.236315334725,72.1351619060915
2026-01-07T10:57:00+05:30,26174.05,26175.6,26155.6,26163.35,26155.01473650104,60.89860613304706
2026-01-07T11:00:00+05:30,26164.5,26167.5,26159.35,26166.85,26157.97355237578,63.102297412244546
2026-01-07T11:03:00+05:30,26167.4,26184.75,26166.8,26182.1,26164.005164281836,71.31905624898057
2026-01-07T11:06:00+05:30,26183,26183,26172.3,26177.95,26167.49137321138,66.60967781883821
2026-01-07T11:09:00+05:30,26178.05,26179.2,26154.5,26154.8,26164.318529908534,46.5886033117368
2026-01-07T11:12:00+05:30,26155.1,26158.75,26150.55,26151.6,26161.1388974314,44.434738457782906
2026-01-07T11:15:00+05:30,26151.7,26152.45,26140.2,26143.6,26156.75417307355,39.1549959724286
2026-01-07T11:18:00+05:30,26145.65,26154.9,26143.25,26148.9,26154.790629805164,44.27286859579395
2026-01-07T11:21:00+05:30,26150.05,26155.5,26134.75,26138.35,26150.680472353873,37.037932993566606
2026-01-07T11:24:00+05:30,26136.6,26149,26131.8,26147.2,26149.810354265406,45.719160950580644
2026-01-07T11:27:00+05:30,26147.4,26156.8,26138.35,26142.4,26147.957765699055,42.05041821309096
2026-01-07T11:30:00+05:30,26143.25,26151.1,26142.65,26147.6,26147.86832427429,47.386529216759406
2026-01-07T11:33:00+05:30,26148.1,26162.15,26144.7,26160.05,26150.913743205718,58.1506007407339
2026-01-07T11:36:00+05:30,26160.2,26166.45,26147.4,26148.3,26150.26030740429,47.45958711164766
2026-01-07T11:39:00+05:30,26148.55,26150.8,26140.8,26148.95,26149.932730553217,48.07569623392867
2026-01-07T11:42:00+05:30,26149.3,26149.4,26142.05,26143.2,26148.249547914915,42.88558384463841
2026-01-07T11:45:00+05:30,26143.8,26144.35,26131.2,26132.5,26144.312160936184,34.742711710268296
2026-01-07T11:48:00+05:30,26133.75,26140.65,26128.85,26138.65,26142.896620702137,42.11301479988582
2026-01-07T11:51:00+05:30,26139.15,26139.15,26127.7,26130.4,26139.772465526603,35.78728423677535
2026-01-07T11:54:00+05:30,26130.35,26132.7,26121.45,26122.9,26135.554349144953,30.869416136372536
2026-01-07T11:57:00+05:30,26123.15,26128.1,26118.95,26120.65,26131.828261858715,29.452829309890035
2026-01-07T12:00:00+05:30,26121.55,26123.3,26115.7,26115.7,26127.796196394036,26.349316079829094
2026-01-07T12:03:00+05:30,26115.4,26119.3,26109.45,26112.1,26123.872147295526,24.18684689474175
2026-01-07T12:06:00+05:30,26113.1,26115.2,26106.2,26114.6,26121.554110471643,28.913482444678735
2026-01-07T12:09:00+05:30,26114.5,26118.15,26108.45,26112.1,26119.19058285373,26.95300630903266
2026-01-07T12:12:00+05:30,26112.35,26115.8,26108.25,26112.1,26117.417937140297,26.953006309032673
2026-01-07T12:15:00+05:30,26112.55,26113,26105.35,26111.6,26115.963452855223,26.464524022752045
2026-01-07T12:18:00+05:30,26112.9,26115.55,26102.55,26103.3,26112.797589641417,19.588965468584547
2026-01-07T12:21:00+05:30,26103,26110.2,26099.3,26109.05,26111.860692231065,33.5435677114251
2026-01-07T12:24:00+05:30,26109.4,26112.1,26102.9,26110.7,26111.5705191733,37.19258261664767
2026-01-07T12:27:00+05:30,26111.15,26111.9,26096.45,26098.05,26108.190389379975,24.942633378923688
2026-01-07T12:30:00+05:30,26098.9,26110.3,26097.75,26107.05,26107.905292034982,41.05687535357903
2026-01-07T12:33:00+05:30,26107.7,26109.3,26098.7,26105.6,26107.328969026235,39.46432377960907
2026-01-07T12:36:00+05:30,26106.05,26107.4,26097.25,26099.65,26105.409226769676,33.28366813324615
2026-01-07T12:39:00+05:30,26101.5,26108.45,26097.7,26098.7,26103.731920077258,32.340202582177696
2026-01-07T12:42:00+05:30,26100.05,26101.3,26078.55,26083.25,26098.611440057943,21.029738842260585
2026-01-07T12:45:00+05:30,26083.45,26087.75,26077,26086.85,26095.671080043456,27.88586616232068
2026-01-07T12:48:00+05:30,26087.2,26088.2,26080,26084.8,26092.953310032593,26.365164783684747
2026-01-07T12:51:00+05:30,26085.75,26087.35,26080.7,26084.5,26090.839982524445,26.12195576579211
2026-01-07T12:54:00+05:30,26085.65,26094.75,26083.85,26092.6,26091.279986893333,42.75575838902262
2026-01-07T12:57:00+05:30,26092.75,26099.45,26090.45,26098,26092.95999017,51.286403567892876
2026-01-07T13:00:00+05:30,26098.6,26108,26096.8,26103.7,26095.644992627498,58.839993327429966
2026-01-07T13:03:00+05:30,26104.1,26109.55,26100.65,26103.3,26097.558744470625,58.10237950856063
2026-01-07T13:06:00+05:30,26104.1,26109.4,26101.95,26105.95,26099.65655835297,61.803340325094425
2026-01-07T13:09:00+05:30,26107.35,26113.45,26104.05,26110.85,26102.454918764728,67.91695076489182
2026-01-07T13:12:00+05:30,26112,26114,26102.65,26102.9,26102.566189073546,52.124985999488494
2026-01-07T13:15:00+05:30,26103.25,26104.85,26095.15,26098.35,26101.51214180516,45.119848316438606
2026-01-07T13:18:00+05:30,26099.4,26102.05,26094.75,26097.45,26100.49660635387,43.76262294213228
2026-01-07T13:21:00+05:30,26098.3,26098.3,26090.8,26093.15,26098.659954765404,37.4785668769994
2026-01-07T13:24:00+05:30,26093.4,26094.6,26071.6,26075.85,26092.957466074055,22.38860425217814
2026-01-07T13:27:00+05:30,26076.85,26078.1,26069.3,26073,26087.96809955554,20.780525681754895
2026-01-07T13:30:00+05:30,26073.25,26077.55,26069,26075,26084.726074666654,25.18027830128031
2026-01-07T13:33:00+05:30,26074.75,26078.35,26068.7,26074.55,26082.18205599999,24.818451862730043
2026-01-07T13:36:00+05:30,26075.1,26083.1,26072.1,26083.1,26082.411541999994,42.98046018067075
2026-01-07T13:39:00+05:30,26083.7,26084.95,26071.65,26073.8,26080.258656499995,32.895881516828496
2026-01-07T13:42:00+05:30,26073.5,26079.55,26067.9,26076.1,26079.218992374997,37.1506796465052
2026-01-07T13:45:00+05:30,26076.6,26078.5,26071.15,26076.5,26078.539244281248,37.948964269925746
2026-01-07T13:48:00+05:30,26077.25,26086.2,26075.8,26083.3,26079.729433210938,50.43507868922133
2026-01-07T13:51:00+05:30,26084.45,26085.05,26070.7,26082.55,26080.434574908202,49.162137975839364
2026-01-07T13:54:00+05:30,26082.65,26084.6,26078.05,26081.9,26080.80093118115,47.93875863843499
2026-01-07T13:57:00+05:30,26083.15,26093.4,26081.45,26092.5,26083.725698385864,64.6669975267704
2026-01-07T14:00:00+05:30,26093.45,26093.95,26082.2,26090.7,26085.4692737894,60.79682746373243
2026-01-07T14:03:00+05:30,26091,26100.5,26090,26096.3,26088.17695534205,67.79299239673784
2026-01-07T14:06:00+05:30,26097.5,26100.3,26093.25,26098.95,26090.870216506537,70.68157080220803
2026-01-07T14:09:00+05:30,26099.55,26106.15,26098.2,26104.65,26094.315162379902,76.06787440531838
2026-01-07T14:12:00+05:30,26104.4,26106.15,26098.2,26098.85,26095.448871784927,62.44811612554999
2026-01-07T14:15:00+05:30,26099.25,26099.55,26091.9,26093.3,26094.911653838695,52.04509053797253
2026-01-07T14:18:00+05:30,26094,26094.65,26087.65,26090.7,26093.858740379022,47.701952477179624
2026-01-07T14:21:00+05:30,26090.9,26098.25,26084,26094.65,26094.056555284267,54.44059539752216
2026-01-07T14:24:00+05:30,26094.6,26095.1,26085.55,26086.95,26092.2799164632,42.102782362771265
2026-01-07T14:27:00+05:30,26086.75,26097.75,26085.35,26096.2,26093.2599373474,56.05937360974365
2026-01-07T14:30:00+05:30,26096.45,26099.85,26090.3,26090.9,26092.66995301055,48.27961085424307
2026-01-07T14:33:00+05:30,26091.1,26093.55,26083.2,26089.45,26091.864964757915,46.23176389154991
2026-01-07T14:36:00+05:30,26089.9,26094.1,26086.75,26093.35,26092.236223568434,52.547657275726586
2026-01-07T14:39:00+05:30,26095.1,26102.25,26093.7,26100.8,26094.377167676324,62.39273603083387
2026-01-07T14:42:00+05:30,26101.4,26111.45,26100,26109,26098.032875757242,70.30425869617252
2026-01-07T14:45:00+05:30,26109.35,26109.8,26100.85,26102.1,26099.04965681793,58.27009092282875
2026-01-07T14:48:00+05:30,26102.5,26102.5,26094.1,26098.4,26098.887242613448,52.63373932457653
2026-01-07T14:51:00+05:30,26098.5,26117.45,26097.9,26117.1,26103.440431960087,69.83707106191468
2026-01-07T14:54:00+05:30,26117.2,26121.3,26111.65,26116.4,26106.680323970068,68.74664012612016
2026-01-07T14:57:00+05:30,26117.75,26119.15,26111.8,26117.35,26109.347742977552,69.50064670077694
2026-01-07T15:00:00+05:30,26122.25,26135.35,26121.8,26123.1,26112.785807233166,73.94021094496786
2026-01-07T15:03:00+05:30,26124.9,26134.85,26119.6,26133.7,26118.014355424875,80.15346616430851
2026-01-07T15:06:00+05:30,26134.75,26146.8,26133.95,26141.3,26123.835766568656,83.45344022783783
2026-01-07T15:09:00+05:30,26142.25,26146.7,26140.75,26144,26128.87682492649,84.52024948604891
2026-01-07T15:12:00+05:30,26144.95,26152.95,26144.6,26151.8,26134.607618694867,87.28352105293976
2026-01-07T15:15:00+05:30,26153.4,26153.6,26139.55,26140.35,26136.04321402115,66.84727967824622
2026-01-07T15:18:00+05:30,26140.75,26141.5,26136.3,26138.3,26136.607410515862,63.730464748217656
2026-01-07T15:21:00+05:30,26139.2,26140.65,26133.75,26139.8,26137.405557886897,65.11882622735415
2026-01-07T15:24:00+05:30,26140.45,26142.95,26136.75,26139.1,26137.829168415174,63.78940476743357
2026-01-07T15:27:00+05:30,26138.5,26149.15,26136.05,26142.9,26139.09687631138,67.93527738967995
2026-01-07T15:30:00+05:30,26143.55,26143.55,26140.25,26140.75,26139.510157233537,63.16178393434865
2026-01-08T09:06:00+05:30,26106.5,26106.5,26106.5,26106.5,26131.257617925152,27.39138169735037
2026-01-08T09:15:00+05:30,26097.25,26123.45,26074.85,26120.15,26128.480713443863,42.52567594948733
2026-01-08T09:18:00+05:30,26120.35,26133.2,26106.9,26108.75,26123.5480350829,35.34698349675705
2026-01-08T09:21:00+05:30,26108.2,26108.3,26091.75,26096.8,26116.861026312174,29.29846707449181
2026-01-08T09:24:00+05:30,26095.85,26102.85,26075.9,26076.6,26106.79576973413,21.90599433335595
2026-01-08T09:27:00+05:30,26075.8,26078.7,26063.75,26064.5,26096.221827300596,18.62232430076176
2026-01-08T09:30:00+05:30,26065,26070.05,26052.4,26054.25,26085.728870475446,16.21951315638698
2026-01-08T09:33:00+05:30,26054.3,26065.95,26049.85,26054.05,26077.809152856586,16.17201215872494
2026-01-08T09:36:00+05:30,26054.1,26089.95,26053.25,26087.8,26080.30686464244,46.82903737106037
2026-01-08T09:39:00+05:30,26087.45,26103.35,26087.3,26100.65,26085.39264848183,54.259531833453806
2026-01-08T09:42:00+05:30,26100.85,26102.55,26088.5,26090.7,26086.719486361373,48.17743153841582
2026-01-08T09:45:00+05:30,26090.65,26091.3,26073.25,26075.9,26084.01461477103,40.332062290530764
2026-01-08T09:48:00+05:30,26076.1,26083.1,26068.45,26070.5,26080.63596107827,37.71754230450718
2026-01-08T09:51:00+05:30,26069.3,26081.25,26066.2,26081.2,26080.776970808703,45.83462708011022
2026-01-08T09:54:00+05:30,26082.05,26099.1,26082.05,26092.25,26083.64522810653,53.18551615793174
2026-01-08T09:57:00+05:30,26091.65,26098.15,26084.55,26091.7,26085.658921079896,52.76965383201795
2026-01-08T10:00:00+05:30,26091.05,26091.65,26065,26073.35,26082.581690809922,40.456600609024996
2026-01-08T10:03:00+05:30,26073.1,26079.4,26064.75,26068.4,26079.03626810744,37.68894877511376
2026-01-08T10:06:00+05:30,26068.35,26072.05,26053.25,26056.7,26073.45220108058,31.707440519873956
2026-01-08T10:09:00+05:30,26056.75,26058.95,26047.9,26051.65,26068.001650810438,29.360948560352284
2026-01-08T10:12:00+05:30,26052.65,26065.1,26049.3,26061.15,26066.28873810783,39.23099167994973
2026-01-08T10:15:00+05:30,26061.8,26062,26048.5,26054.4,26063.316553580873,35.15874134527297
2026-01-08T10:18:00+05:30,26054.2,26054.7,26032.4,26035.05,26056.249915185654,26.09842337321554
2026-01-08T10:21:00+05:30,26034.8,26034.85,26026.15,26032.15,26050.22493638924,24.973176722677835
2026-01-08T10:24:00+05:30,26031.85,26041.1,26029.2,26034.15,26046.20620229193,27.48864175419112
2026-01-08T10:27:00+05:30,26034.7,26041.85,26031.35,26039.95,26044.64215171895,34.87597587528225
2026-01-08T10:30:00+05:30,26040.15,26041.8,26032.1,26033.1,26041.75661378921,30.582889858340934
2026-01-08T10:33:00+05:30,26033.45,26042.55,26029.15,26040.95,26041.554960341906,40.392854092965884
2026-01-08T10:36:00+05:30,26040.55,26041.35,26026.6,26029.55,26038.55372025643,32.589800637240174
2026-01-08T10:39:00+05:30,26029.1,26033.5,26025,26028.75,26036.102790192323,32.08239102012543
2026-01-08T10:42:00+05:30,26029.05,26037.3,26027.05,26031.6,26034.977092644243,36.21029196849352
2026-01-08T10:45:00+05:30,26031.85,26035.75,26029.25,26029.7,26033.65781948318,34.57582926530921
2026-01-08T10:48:00+05:30,26030.5,26033.55,26023.55,26029.9,26032.71836461239,34.93649396268506
2026-01-08T10:51:00+05:30,26029.7,26031.3,26013.4,26020.75,26029.72627345929,26.99380716706979
2026-01-08T10:54:00+05:30,26020.7,26024.5,26017.9,26023.35,26028.13220509447,32.110504662626994
2026-01-08T10:57:00+05:30,26023,26024.4,26012.8,26016.9,26025.324153820853,26.69547489936447
2026-01-08T11:00:00+05:30,26017.55,26017.55,26008.7,26010.5,26021.61811536564,22.335227377983543
2026-01-08T11:03:00+05:30,26010.85,26017.75,26006.4,26011.1,26018.98858652423,23.69832090025656
2026-01-08T11:06:00+05:30,26010.7,26016.65,26008.85,26012.1,26017.26643989317,26.216330426434737
2026-01-08T11:09:00+05:30,26012.65,26015.05,26005.35,26008.8,26015.14982991988,23.260961723995607
2026-01-08T11:12:00+05:30,26009.3,26011.45,26000.95,26003.8,26012.31237243991,19.395928761900095
2026-01-08T11:15:00+05:30,26001.65,26008.2,25999.45,26005.6,26010.63427932993,24.654096891891456
2026-01-08T11:18:00+05:30,26005.8,26006.95,25981.85,25983.05,26003.738209497445,12.620791862088794
2026-01-08T11:21:00+05:30,25983.65,25984.7,25970.05,25973,25996.053657123084,10.066171086013782
2026-01-08T11:24:00+05:30,25972.8,25973.35,25963.65,25969.9,25989.515242842313,9.382714755487257
2026-01-08T11:27:00+05:30,25971,25976.15,25968.95,25975.6,25986.036432131736,20.90307395310971
2026-01-08T11:30:00+05:30,25975.2,25975.35,25961.8,25971.5,25982.402324098803,18.887975898824536
2026-01-08T11:33:00+05:30,25971.05,25973,25966.5,25971.65,25979.7142430741,19.220361440445657
2026-01-08T11:36:00+05:30,25970.85,25982.7,25970.45,25981.25,25980.098182305577,38.14602993267492
2026-01-08T11:39:00+05:30,25981.35,25988.6,25978.15,25983.15,25980.86113672918,41.32045595841918
2026-01-08T11:42:00+05:30,25982.85,25986.5,25973.2,25974.15,25979.183352546886,32.19062497229119
2026-01-08T11:45:00+05:30,25974.2,25978.5,25963.15,25966.4,25975.987514410164,26.343117512189565
2026-01-08T11:48:00+05:30,25967.35,25970.25,25954.35,25957.85,25971.453135807624,21.351130442598986
2026-01-08T11:51:00+05:30,25958.35,25967,25957.3,25964.15,25969.627351855717,32.368469664141216
2026-01-08T11:54:00+05:30,25964.65,25967.4,25953.35,25956.4,25966.320513891787,26.950266937025773
2026-01-08T11:57:00+05:30,25955.85,25957.2,25935.9,25938.3,25959.315385418842,18.508571940135
2026-01-08T12:00:00+05:30,25938.1,25943.2,25923.2,25925.2,25950.78653906413,14.63720560362026
2026-01-08T12:03:00+05:30,25925.05,25929,25894.4,25895.5,25936.964904298096,9.42358477405537
2026-01-08T12:06:00+05:30,25895.9,25922.4,25884.15,25919.7,25932.648678223573,32.334966348145954
2026-01-08T12:09:00+05:30,25918.85,25923.7,25916.15,25919.4,25929.33650866768,32.217103935638676
2026-01-08T12:12:00+05:30,25918.8,25935.75,25918.7,25933.75,25930.43988150076,43.67448856604035
2026-01-08T12:15:00+05:30,25934,25945.4,25929.4,25939.25,25932.64241112557,47.63256564616839
2026-01-08T12:18:00+05:30,25939.85,25940.7,25922.95,25923.45,25930.344308344178,38.55277331786364
2026-01-08T12:21:00+05:30,25924.4,25932.1,25921.8,25925.6,25929.158231258134,40.35767951265256
2026-01-08T12:24:00+05:30,25924.9,25938.55,25919.9,25938.55,25931.506173443602,50.562141209242036
2026-01-08T12:27:00+05:30,25938,25941.5,25933.35,25935.8,25932.579630082702,48.506055374576526
2026-01-08T12:30:00+05:30,25935.7,25938.15,25918.15,25919.9,25929.409722562028,38.06484078486362
2026-01-08T12:33:00+05:30,25919.95,25928.25,25912.7,25914.7,25925.732291921522,35.175809941824554
2026-01-08T12:36:00+05:30,25913.8,25928.6,25912.25,25926.7,25925.97421894114,46.17449919572417
2026-01-08T12:39:00+05:30,25926.75,25929.95,25916.5,25924.9,25925.705664205856,44.84301300452844
2026-01-08T12:42:00+05:30,25926.15,25928.1,25916.3,25924.45,25925.39174815439,44.46900689049695
2026-01-08T12:45:00+05:30,25924.75,25926,25916.55,25916.55,25923.181311115794,37.98099519664125
2026-01-08T12:48:00+05:30,25917.15,25917.5,25909.5,25913.2,25920.685983336843,35.42407475936194
2026-01-08T12:51:00+05:30,25913.75,25915,25903.15,25913.6,25918.914487502632,36.02404488566233
2026-01-08T12:54:00+05:30,25915,25920.9,25910,25915.2,25917.985865626975,38.68262249167343
2026-01-08T12:57:00+05:30,25914.95,25919.15,25911.35,25911.7,25916.41439922023,34.973536012065594
2026-01-08T13:00:00+05:30,25912.05,25912.1,25900.75,25907.95,25914.29829941517,31.230376899243794
2026-01-08T13:03:00+05:30,25908.6,25928.5,25908.6,25925.6,25917.123724561377,56.68613054001898
2026-01-08T13:06:00+05:30,25926.65,25927,25917.35,25918,25917.342793421034,47.79792600740329
2026-01-08T13:09:00+05:30,25918.35,25927.95,25912.75,25920.7,25918.182095065775,50.98342278718957
2026-01-08T13:12:00+05:30,25921.55,25928.2,25919.2,25926.1,25920.16157129933,57.09279300226002
2026-01-08T13:15:00+05:30,25925.25,25928.2,25911.55,25912.4,25918.221178474498,41.70658267029148
2026-01-08T13:18:00+05:30,25912.7,25919.1,25910.4,25915,25917.415883855872,44.98904057635341
2026-01-08T13:21:00+05:30,25914.95,25916.3,25906.65,25911.7,25915.986912891905,41.5265184815126
2026-01-08T13:24:00+05:30,25911.8,25913.5,25900.9,25900.9,25912.21518466893,32.09503043180794
2026-01-08T13:27:00+05:30,25900.6,25905.75,25893.5,25893.5,25907.5363885017,27.1633706322623
2026-01-08T13:30:00+05:30,25894.15,25896.95,25886.4,25891.9,25903.627291376273,26.14978938667396
2026-01-08T13:33:00+05:30,25892.2,25911.2,25891.8,25907.65,25904.632968532205,48.30339053833821
2026-01-08T13:36:00+05:30,25907.3,25909.15,25902.05,25905.35,25904.812226399154,45.95474734022882
2026-01-08T13:39:00+05:30,25905.1,25910.1,25899.1,25899.25,25903.421669799365,39.94506701361468
2026-01-08T13:42:00+05:30,25899.15,25909.5,25898.2,25907.6,25904.466252349524,50.320409191987565
2026-01-08T13:45:00+05:30,25907.3,25928.05,25905.2,25927.6,25910.249689262142,66.49551169087542
2026-01-08T13:48:00+05:30,25927.95,25928.6,25910.05,25911.5,25910.562266946607,50.9239056896961
2026-01-08T13:51:00+05:30,25911.2,25923.45,25911.2,25918,25912.421700209954,55.799246873422
2026-01-08T13:54:00+05:30,25918.35,25932.6,25917.85,25932.6,25917.466275157465,64.92917389386174
2026-01-08T13:57:00+05:30,25932.85,25939,25926.25,25929.35,25920.4372063681,61.62349071929955
2026-01-08T14:00:00+05:30,25929,25941.7,25929,25937,25924.577904776073,66.33085969940521
2026-01-08T14:03:00+05:30,25936.9,25938,25921.25,25930.95,25926.170928582054,59.587048884367164
2026-01-08T14:06:00+05:30,25930.5,25942.2,25918.45,25918.45,25924.24069643654,47.858370276454146
2026-01-08T14:09:00+05:30,25918.25,25923.05,25915.4,25918.3,25922.755522327403,47.72685141850805
2026-01-08T14:12:00+05:30,25921.2,25930,25920.35,25926.95,25923.804141745553,55.8833582960922
2026-01-08T14:15:00+05:30,25926.3,25933.45,25925.4,25933.05,25926.115606309166,60.90255730727331
2026-01-08T14:18:00+05:30,25932.65,25939.75,25931.15,25935.2,25928.386704731874,62.64990409703211
2026-01-08T14:21:00+05:30,25935.3,25946.2,25931.7,25932.05,25929.302528548906,58.20359692393998
2026-01-08T14:24:00+05:30,25932.65,25935.9,25918.85,25919.85,25926.93939641168,44.07085090137801
2026-01-08T14:27:00+05:30,25919.65,25926,25900.45,25905.45,25921.56704730876,33.02748074960694
2026-01-08T14:30:00+05:30,25906.9,25929.15,25902.1,25928.3,25923.25028548157,54.25049596960453
2026-01-08T14:33:00+05:30,25928.6,25936.85,25927.75,25930.65,25925.100214111175,55.92628207463249
2026-01-08T14:36:00+05:30,25930.5,25940.95,25927.65,25936.2,25927.875160583382,59.966693300502435
2026-01-08T14:39:00+05:30,25936.55,25937.25,25919.9,25921.8,25926.356370437537,46.940679078833476
2026-01-08T14:42:00+05:30,25921.9,25932.5,25921.2,25928.2,25926.81727782815,52.31193025719968
2026-01-08T14:45:00+05:30,25928.55,25940.2,25922.85,25930.5,25927.737958371115,54.25355705349263
2026-01-08T14:48:00+05:30,25929.6,25935.9,25923,25932.45,25928.915968778336,56.02456191227063
2026-01-08T14:51:00+05:30,25932.1,25933.4,25919.45,25922.3,25927.26197658375,45.36058314826737
2026-01-08T14:54:00+05:30,25922.25,25924.25,25911.5,25918.15,25924.983982437814,41.584822159932585
2026-01-08T14:57:00+05:30,25917.5,25918.25,25910.25,25911.15,25921.52548682836,35.731830978803046
2026-01-08T15:00:00+05:30,25912.1,25917.7,25887.75,25888.15,25913.18161512127,23.209496011389845
2026-01-08T15:03:00+05:30,25887.55,25889.65,25860.2,25867.85,25901.84871134095,17.05495557074842
2026-01-08T15:06:00+05:30,25866.2,25879.35,25864.25,25878.15,25895.92403350571,28.30841564393424
2026-01-08T15:09:00+05:30,25877.05,25884.35,25869.45,25880.9,25892.168025129286,31.215312727433542
2026-01-08T15:12:00+05:30,25880.4,25883.15,25877.2,25878.05,25888.638518846965,29.756491233840023
2026-01-08T15:15:00+05:30,25880.6,25880.6,25866.5,25869.3,25883.803889135223,25.48963455988296
2026-01-08T15:18:00+05:30,25867.6,25878.9,25863.6,25877.75,25882.290416851418,35.85294490868519
2026-01-08T15:21:00+05:30,25877.2,25882.15,25874.95,25877.05,25880.980312638563,35.377395346374215
2026-01-08T15:24:00+05:30,25876.75,25878.45,25867.6,25870.6,25878.385234478923,30.96254427935898
2026-01-08T15:27:00+05:30,25870.8,25874.1,25858.45,25868.9,25876.01392585919,29.818324538761786
2026-01-08T15:30:00+05:30,25868.2,25876.85,25868.2,25876.85,25876.222944394394,41.59421275624201
2026-01-09T09:06:00+05:30,25840.4,25840.4,25840.4,25840.4,25867.267208295794,21.920231040713176
2026-01-09T09:15:00+05:30,25866.1,25938.25,25840.2,25937.6,25884.850406221845,68.40857572949126
2026-01-09T09:18:00+05:30,25936.8,25940.6,25913.65,25915.35,25892.475304666383,59.02343883360709
2026-01-09T09:21:00+05:30,25914.5,25915.75,25872.45,25872.45,25887.468978499786,45.104062174592094
2026-01-09T09:24:00+05:30,25872.05,25873.5,25849.35,25870.1,25883.12673387484,44.43437540695894
2026-01-09T09:27:00+05:30,25870.55,25872.25,25839.15,25840.9,25872.57005040613,36.564356525075496
2026-01-09T09:30:00+05:30,25841.1,25873.1,25837.55,25847.85,25866.3900378046,39.53799379115648
2026-01-09T09:33:00+05:30,25846.95,25847.7,25820.8,25832.35,25857.880028353447,35.239837340676644
2026-01-09T09:36:00+05:30,25831.55,25848.6,25821.9,25823.9,25849.385021265087,32.96087021621548
2026-01-09T09:39:00+05:30,25824.4,25832.05,25818.35,25825.85,25843.501265948813,34.10812719597921
2026-01-09T09:42:00+05:30,25826.4,25876.7,25823,25876.7,25851.80094946161,56.66825838225517
2026-01-09T09:45:00+05:30,25876.85,25881.35,25849.65,25881.35,25859.188212096207,58.19527555018244
2026-01-09T09:48:00+05:30,25884.65,25897.65,25857.2,25857.2,25858.691159072157,47.955563476442684
2026-01-09T09:51:00+05:30,25858.35,25875.15,25852.45,25854.85,25857.73086930412,47.016387892155656
2026-01-09T09:54:00+05:30,25856,25886.25,25854.9,25885.4,25864.64815197809,59.14999765387206
2026-01-09T09:57:00+05:30,25886.6,25897,25885.2,25894.05,25871.998613983567,62.02290662502278
2026-01-09T10:00:00+05:30,25894.2,25901.95,25879.55,25882.55,25874.636460487676,55.92267608925707
2026-01-09T10:03:00+05:30,25881.8,25881.8,25861.55,25862.6,25871.627345365756,46.638728429957375
2026-01-09T10:06:00+05:30,25861.5,25878.75,25860.8,25876.85,25872.933009024317,53.123814649264276
2026-01-09T10:09:00+05:30,25877.65,25886.05,25866.65,25871.55,25872.587256768238,50.46267510446036
2026-01-09T10:12:00+05:30,25872.3,25872.3,25850.35,25856.6,25868.590442576176,43.32115680060003
2026-01-09T10:15:00+05:30,25858,25867.35,25855,25862.9,25867.167831932133,47.00817520545423
2026-01-09T10:18:00+05:30,25862,25866.9,25854.3,25855.4,25864.2258739491,43.112974678468554
2026-01-09T10:21:00+05:30,25855.35,25878.4,25854.1,25877.5,25867.544405461827,55.72517998641354
2026-01-09T10:24:00+05:30,25877.55,25881.35,25858.05,25879.15,25870.445804096373,56.563994898856436
2026-01-09T10:27:00+05:30,25879.1,25896.85,25878.95,25887.85,25874.79685307228,61.09782572990146
2026-01-09T10:30:00+05:30,25888.45,25890.75,25871,25873.6,25874.49763980421,50.93773732474088
2026-01-09T10:33:00+05:30,25874.7,25875.3,25851.9,25856.25,25869.935729853158,41.20467274252131
2026-01-09T10:36:00+05:30,25857.1,25858.1,25838.55,25844.7,25863.62679738987,35.88001319863761
2026-01-09T10:39:00+05:30,25845,25854.8,25843.9,25846.8,25859.4200980424,37.5907317532955
2026-01-09T10:42:00+05:30,25846.7,25864.15,25846,25856.45,25858.6775735318,45.40035005524576
2026-01-09T10:45:00+05:30,25856.85,25868.4,25853.3,25865.55,25860.39568014885,52.0075106558352
2026-01-09T10:48:00+05:30,25865.75,25866.25,25854.1,25857.4,25859.64676011164,46.16975896433618
2026-01-09T10:51:00+05:30,25858.05,25858.25,25832.05,25833.05,25852.997570083728,33.185523749098834
2026-01-09T10:54:00+05:30,25832.6,25834.3,25826.9,25830.9,25847.473177562795,32.251213503416935
2026-01-09T10:57:00+05:30,25830.55,25831.7,25806.8,25821.65,25841.017383172097,28.25790826006562
2026-01-09T11:00:00+05:30,25821.3,25822.05,25806,25812,25833.763037379074,24.55710509256727
2026-01-09T11:03:00+05:30,25812.5,25814.5,25807.8,25810,25827.822278034306,23.80332767317236
2026-01-09T11:06:00+05:30,25811.25,25819,25806.8,25811.4,25823.71670852573,25.666677214738016
2026-01-09T11:09:00+05:30,25812.65,25824.3,25811.2,25816.8,25821.987531394298,33.03576532307689
2026-01-09T11:12:00+05:30,25817,25819.15,25798.8,25799,25816.240648545725,23.91739675604302
2026-01-09T11:15:00+05:30,25800.15,25807.55,25793.65,25801.85,25812.642986409293,27.647803092329227
2026-01-09T11:18:00+05:30,25803.05,25803.95,25793.6,25798.05,25808.99473980697,25.688527564111595
2026-01-09T11:21:00+05:30,25798.2,25800.95,25790.95,25796.75,25805.933554855226,24.981937463711716
2026-01-09T11:24:00+05:30,25798.35,25802.8,25791.8,25801.9,25804.92516614142,33.44313545363177
2026-01-09T11:27:00+05:30,25802.55,25806.7,25799.3,25804.5,25804.818874606066,37.58922339239525
2026-01-09T11:30:00+05:30,25805.2,25821.65,25804.75,25815.5,25807.48915595455,52.26623072626782
2026-01-09T11:33:00+05:30,25815.05,25815.6,25775.1,25775.9,25799.591866965915,26.294763539952058
2026-01-09T11:36:00+05:30,25772.75,25774.05,25757,25757.4,25789.04390022444,20.69099680289365
2026-01-09T11:39:00+05:30,25757.65,25765.8,25753.75,25756.9,25781.007925168327,20.552885681512436
2026-01-09T11:42:00+05:30,25757.15,25766.75,25753.7,25755.35,25774.593443876245,20.068413589962745
2026-01-09T11:45:00+05:30,25754.95,25761.7,25743.5,25746.05,25767.457582907184,17.22604960831562
2026-01-09T11:48:00+05:30,25747.65,25754.7,25745.15,25748.85,25762.805687180386,21.148852946243622
2026-01-09T11:51:00+05:30,25747.8,25749.9,25735.15,25740.2,25757.15426538529,18.063471050281777
2026-01-09T11:54:00+05:30,25740.75,25751.3,25737.8,25739.1,25752.640699038966,17.68078121505087
2026-01-09T11:57:00+05:30,25739.7,25743.35,25737.85,25743.25,25750.293024279224,24.702278842495915
2026-01-09T12:00:00+05:30,25743.9,25746.2,25737.3,25744.9,25748.944768209418,27.568048858843042
2026-01-09T12:03:00+05:30,25745.9,25757.7,25744.5,25753.45,25750.071076157063,41.11630798403551
2026-01-09T12:06:00+05:30,25753.3,25761.75,25750.75,25755.95,25751.540807117795,44.64818719648442
2026-01-09T12:09:00+05:30,25757.1,25757.6,25741.3,25748.5,25750.780605338347,36.944132800864544
2026-01-09T12:12:00+05:30,25748.75,25753.35,25734.1,25739.35,25747.92295400376,29.620595383039984
2026-01-09T12:15:00+05:30,25740.45,25756.65,25740.45,25749.9,25748.41721550282,44.436904122335825
2026-01-09T12:18:00+05:30,25749.45,25750.7,25738.55,25738.55,25745.950411627116,35.14934047986716
2026-01-09T12:21:00+05:30,25739.15,25745.2,25734.8,25737.95,25743.950308720337,34.70202390437679
2026-01-09T12:24:00+05:30,25739.25,25739.25,25730.45,25732.15,25741.000231540253,30.346591637729688
2026-01-09T12:27:00+05:30,25732.8,25733.15,25714.85,25716.75,25734.93767365519,21.851089234360273
2026-01-09T12:30:00+05:30,25717,25726.6,25716.9,25726,25732.70325524139,34.6677419531585
2026-01-09T12:33:00+05:30,25727.1,25729,25710.9,25710.95,25727.264941431044,26.43748516825177
2026-01-09T12:36:00+05:30,25710.65,25711.45,25681.1,25691.95,25718.436206073282,19.58818828985669
2026-01-09T12:39:00+05:30,25692.9,25700.45,25674.5,25679.55,25708.714654554962,16.360836990549686
2026-01-09T12:42:00+05:30,25680.4,25689.15,25675,25689.15,25703.82349091622,27.195307257790816
2026-01-09T12:45:00+05:30,25688.95,25690.1,25681.15,25685.2,25699.167618187166,25.6032255991273
2026-01-09T12:48:00+05:30,25685.8,25689.7,25665.15,25678.15,25693.913213640375,22.82127116954672
2026-01-09T12:51:00+05:30,25679.45,25698.8,25677.75,25696.75,25694.62241023028,42.16421531639033
2026-01-09T12:54:00+05:30,25696.8,25699.45,25688.1,25694.95,25694.70430767271,41.00395079980101
2026-01-09T12:57:00+05:30,25694.15,25696.05,25683.3,25689.7,25693.45323075453,37.493206790468754
2026-01-09T13:00:00+05:30,25691.3,25697.85,25687.25,25687.75,25692.027423065898,36.15190428509985
2026-01-09T13:03:00+05:30,25688.65,25690.75,25680.65,25686.7,25690.695567299423,35.357293170373865
2026-01-09T13:06:00+05:30,25686.5,25694.3,25683.25,25691.65,25690.93417547457,42.32906462563881
2026-01-09T13:09:00+05:30,25692.6,25695.65,25686.35,25694.85,25691.91313160593,46.66725969201995
2026-01-09T13:12:00+05:30,25694.75,25698.3,25689.95,25691.05,25691.697348704445,42.26281730867163
2026-01-09T13:15:00+05:30,25690.85,25698.8,25685.25,25686.7,25690.448011528333,37.5320327565454
2026-01-09T13:18:00+05:30,25686.65,25708.35,25686.15,25704.45,25693.948508646252,59.24801191718583
2026-01-09T13:21:00+05:30,25705.15,25716.35,25700.9,25707.5,25697.33638148469,61.90299151761721
2026-01-09T13:24:00+05:30,25707.1,25708.7,25699,25704.3,25699.077286113516,57.33106417733394
2026-01-09T13:27:00+05:30,25705,25710,25702.45,25709.15,25701.595464585138,62.25974869557278
2026-01-09T13:30:00+05:30,25708.6,25710.8,25689.55,25691.75,25699.13409843885,41.9688722209505
2026-01-09T13:33:00+05:30,25692.7,25709.7,25688.1,25702.3,25699.92557382914,52.840867440125706
2026-01-09T13:36:00+05:30,25702.85,25730.4,25697.9,25722.15,25705.481680371857,66.58336790593914
2026-01-09T13:39:00+05:30,25722.45,25723.55,25702.35,25704.35,25705.198760278894,51.02705316333983
2026-01-09T13:42:00+05:30,25704.45,25705.85,25681.3,25683.8,25699.84907020917,38.81306455148096
2026-01-09T13:45:00+05:30,25684.9,25691.95,25674.4,25675.1,25693.661802656876,34.709514140851496
2026-01-09T13:48:00+05:30,25676.6,25687.6,25670.65,25682.35,25690.833851992655,40.79513354250821
2026-01-09T13:51:00+05:30,25682.3,25683.25,25666.4,25674.3,25686.70038899449,36.40010059881921
2026-01-09T13:54:00+05:30,25674.95,25675.9,25664.85,25674.4,25683.62529174587,36.499248505614126
2026-01-09T13:57:00+05:30,25674.45,25687.65,25670.1,25683.85,25683.681468809402,45.81256410873551
2026-01-09T14:00:00+05:30,25683.9,25692.95,25683.35,25684.55,25683.898601607052,46.49077866653976
2026-01-09T14:03:00+05:30,25686.05,25687.4,25671.5,25679.5,25682.798951205288,42.06001987463983
2026-01-09T14:06:00+05:30,25681.25,25682.55,25671.75,25679.8,25682.049213403967,42.4402154981169
2026-01-09T14:09:00+05:30,25681.1,25689.25,25672.15,25674.3,25680.111910052976,37.21678469505709
2026-01-09T14:12:00+05:30,25674.8,25679.45,25658.75,25660.15,25675.12143253973,27.177068869281257
2026-01-09T14:15:00+05:30,25662.85,25675.85,25661.9,25671.4,25674.1910744048,41.75199863695872
2026-01-09T14:18:00+05:30,25672.1,25673.05,25654.6,25667.8,25672.5933058036,38.84919842738848
2026-01-09T14:21:00+05:30,25667.7,25668.95,25655.9,25658.45,25669.057479352698,32.089096231043584
2026-01-09T14:24:00+05:30,25660.15,25673.75,25656.35,25663.8,25667.743109514522,39.156710603653536
2026-01-09T14:27:00+05:30,25664.6,25669.5,25651.9,25652.05,25663.81983213589,30.913260359806728
2026-01-09T14:30:00+05:30,25653.8,25657.9,25648.4,25655.3,25661.689874101918,35.308118734379974
2026-01-09T14:33:00+05:30,25656.55,25670.65,25650.85,25659.05,25661.029905576437,40.41095148092681
2026-01-09T14:36:00+05:30,25659.95,25660.35,25652.15,25655.6,25659.672429182327,37.25667161402254
2026-01-09T14:39:00+05:30,25655.35,25656.7,25631.65,25632.5,25652.879321886743,23.14460544918262
2026-01-09T14:42:00+05:30,25631.4,25662.25,25623,25657.3,25653.984491415056,47.87453900698662
2026-01-09T14:45:00+05:30,25658.75,25670.75,25657.25,25667.65,25657.400868561293,54.93486463629612
2026-01-09T14:48:00+05:30,25669.3,25671.6,25658.35,25663,25658.80065142097,51.29324650085797
2026-01-09T14:51:00+05:30,25663.2,25673.15,25659.45,25667.75,25661.037988565728,54.8594082604715
2026-01-09T14:54:00+05:30,25668.4,25681.5,25664.55,25679.65,25665.690991424297,62.81661920473336
2026-01-09T14:57:00+05:30,25679.95,25684.35,25672.35,25674.7,25667.943243568225,57.866392811229815
2026-01-09T15:00:00+05:30,25679.9,25680.75,25661.05,25677.15,25670.24493267617,59.70022987653122
2026-01-09T15:03:00+05:30,25677.2,25684.6,25674.6,25678.1,25672.20869950713,60.4783936397885
2026-01-09T15:06:00+05:30,25679.35,25696.8,25676.9,25687.05,25675.919024630348,67.39770438226489
2026-01-09T15:09:00+05:30,25687.65,25694.45,25683.1,25693,25680.18926847276,71.29549913191073
2026-01-09T15:12:00+05:30,25693.6,25703,25690.35,25695.05,25683.90445135457,72.61169240530721
2026-01-09T15:15:00+05:30,25694.15,25694.15,25680.3,25682,25683.42833851593,54.1658444056829
2026-01-09T15:18:00+05:30,25683,25695.75,25677.05,25695.75,25686.50875388695,65.07263289894675
2026-01-09T15:21:00+05:30,25697.25,25697.35,25687.1,25687.95,25686.869065415212,56.218859868659464
2026-01-09T15:24:00+05:30,25688.55,25691.25,25681.5,25682.95,25685.88929906141,51.02668238671065
2026-01-09T15:27:00+05:30,25684.6,25703.7,25681.55,25703.7,25690.341974296058,66.15900293027798
2026-01-09T15:30:00+05:30,25704.05,25704.05,25683.3,25683.3,25688.581480722045,48.84713415102717
2026-01-12T09:06:00+05:30,25669.05,25669.05,25669.05,25669.05,25683.698610541534,40.26143385545059
2026-01-12T09:15:00+05:30,25676.9,25700.95,25612.05,25613.2,25666.073957906152,22.3216310792003
2026-01-12T09:18:00+05:30,25611.65,25627.45,25592.45,25594.15,25648.092968429613,18.959767894995466
2026-01-12T09:21:00+05:30,25592.65,25593.35,25574.8,25577.75,25630.50722632221,16.46858281142015
2026-01-12T09:24:00+05:30,25576.8,25580,25547.95,25553.7,25611.305419741657,13.445966477725534
2026-01-12T09:27:00+05:30,25553.55,25554.35,25529.05,25532.45,25591.591564806244,11.30674795064489
2026-01-12T09:30:00+05:30,25532.35,25579.15,25530.2,25549.6,25581.093673604682,22.862093908285644
2026-01-12T09:33:00+05:30,25551.3,25577.95,25549.95,25575.3,25579.64525520351,37.1726605625139
2026-01-12T09:36:00+05:30,25575.5,25597.1,25560.6,25589.65,25582.146441402634,43.94681157144046
2026-01-12T09:39:00+05:30,25590.1,25597.1,25560.45,25567,25578.359831051974,36.66665678624693
2026-01-12T09:42:00+05:30,25566.85,25567.1,25543.65,25557.6,25573.169873288978,33.94405920378556
2026-01-12T09:45:00+05:30,25558.4,25565.45,25546,25547.35,25566.714904966735,31.014392462596106
2026-01-12T09:48:00+05:30,25549.85,25608.55,25548.7,25588.7,25572.21117872505,50.94224669108252
2026-01-12T09:51:00+05:30,25588.05,25601.35,25575.6,25591.25,25576.97088404379,51.941067587324
2026-01-12T09:54:00+05:30,25590.95,25601.15,25581.6,25581.6,25578.12816303284,47.6571423362387
2026-01-12T09:57:00+05:30,25580.7,25580.7,25557.55,25557.55,25572.98362227463,38.43909859884337
2026-01-12T10:00:00+05:30,25557.9,25570.25,25557.45,25568.05,25571.750216705972,43.960230417120734
2026-01-12T10:03:00+05:30,25569.7,25596.25,25565.55,25589.2,25576.11266252948,53.71526455973729
2026-01-12T10:06:00+05:30,25589.55,25590.95,25575.05,25586.6,25578.73449689711,52.40689436286733
2026-01-12T10:09:00+05:30,25587.5,25590.35,25562.65,25573.4,25577.40087267283,45.799356337197125
2026-01-12T10:12:00+05:30,25573,25579.6,25556.4,25556.9,25572.275654504625,38.686175535132335
2026-01-12T10:15:00+05:30,25557.35,25565.2,25545.95,25564.5,25570.331740878468,43.409265736915266
2026-01-12T10:18:00+05:30,25565.15,25587.05,25564.05,25583.3,25573.573805658853,53.70181290366327
2026-01-12T10:21:00+05:30,25583.2,25591.65,25575.5,25584.15,25576.21785424414,54.141762338107405
2026-01-12T10:24:00+05:30,25583.9,25586.7,25571.5,25582.5,25577.788390683105,53.001155620144104
2026-01-12T10:27:00+05:30,25581.7,25598.2,25581.55,25583.15,25579.12879301233,53.451850022380256
2026-01-12T10:30:00+05:30,25582.85,25593,25571.3,25573.55,25577.734094759246,45.87219900593209
2026-01-12T10:33:00+05:30,25573.45,25578.55,25564.15,25564.75,25574.488071069434,39.831691269159855
2026-01-12T10:36:00+05:30,25564.4,25575.25,25560.95,25565.8,25572.316053302075,40.91476070571102
2026-01-12T10:39:00+05:30,25565.95,25574.2,25558.75,25565.2,25570.537039976556,40.42958778784179
2026-01-12T10:42:00+05:30,25565.7,25571.35,25558.25,25563.15,25568.690279982417,38.60482055548288
2026-01-12T10:45:00+05:30,25561.8,25562.45,25538.8,25549.8,25563.967709986813,28.747101832950293
2026-01-12T10:48:00+05:30,25549.35,25582.65,25548.35,25579.85,25567.93828249011,57.34818185032156
2026-01-12T10:51:00+05:30,25579.05,25579.75,25556.35,25560.4,25566.053711867586,44.008667056022425
2026-01-12T10:54:00+05:30,25559.75,25560.05,25551.85,25556.9,25563.76528390069,41.95964149317807
2026-01-12T10:57:00+05:30,25557.6,25561.85,25545.6,25547.35,25559.66146292552,36.543375991898294
2026-01-12T11:00:00+05:30,25547.6,25551.5,25541.35,25546.6,25556.39609719414,36.116231038053016
2026-01-12T11:03:00+05:30,25545.95,25551.4,25538.1,25538.1,25551.822072895608,31.28163193204
2026-01-12T11:06:00+05:30,25538.05,25549.45,25534.8,25546.3,25550.441554671706,40.27920426802378
2026-01-12T11:09:00+05:30,25545.45,25547.4,25537.7,25541.15,25548.11866600378,36.75316295800618
2026-01-12T11:12:00+05:30,25540.55,25544.7,25529.55,25532.85,25544.301499502835,31.55867311186043
2026-01-12T11:15:00+05:30,25531.9,25532.95,25509.5,25511.7,25536.151124627126,22.221723880971282
2026-01-12T11:18:00+05:30,25511.75,25521.6,25511.75,25512.25,25530.175843470344,22.91365493857947
2026-01-12T11:21:00+05:30,25512.55,25512.95,25503.2,25504.65,25523.79438260276,20.0396220699468
2026-01-12T11:24:00+05:30,25506,25512.95,25503.05,25507.55,25519.73328695207,24.268315252081592
2026-01-12T11:27:00+05:30,25507.85,25517.05,25501.65,25502.4,25515.399965214052,21.871841343135557
2026-01-12T11:30:00+05:30,25501.95,25502.5,25484.05,25488.3,25508.62497391054,16.6272451955399
2026-01-12T11:33:00+05:30,25488.1,25488.85,25473.4,25487.1,25503.243730432907,16.240578190553762
2026-01-12T11:36:00+05:30,25487.45,25493.2,25480.1,25482.95,25498.17029782468,14.847475676221663
2026-01-12T11:39:00+05:30,25482.75,25489,25482.25,25486.6,25495.27772336851,21.736131073433512
2026-01-12T11:42:00+05:30,25485.95,25487.85,25473.4,25480.6,25491.60829252638,18.816773654445342
2026-01-12T11:45:00+05:30,25481.45,25498.7,25474.5,25497.95,25493.193719394785,44.131252001644995
2026-01-12T11:48:00+05:30,25497.85,25499.95,25487.2,25491.7,25492.82028954609,39.01802278948483
2026-01-12T11:51:00+05:30,25492.65,25494.75,25483.9,25493.5,25492.990217159568,41.303113047904056
2026-01-12T11:54:00+05:30,25493.1,25499.7,25490.35,25493.3,25493.067662869675,41.10345607711873
2026-01-12T11:57:00+05:30,25494.35,25502.85,25493,25501.55,25495.188247152255,52.218936666507304
2026-01-12T12:00:00+05:30,25501.45,25516.95,25496.2,25515.05,25500.153685364192,64.87463017682737
2026-01-12T12:03:00+05:30,25513.9,25514.7,25497.75,25507.65,25502.027764023143,55.477564425885895
2026-01-12T12:06:00+05:30,25507,25530.45,25505.9,25522,25507.02082301736,66.46664481563164
2026-01-12T12:09:00+05:30,25522.65,25529.4,25511,25515.35,25509.103117263017,58.64131468470419
2026-01-12T12:12:00+05:30,25515.45,25578.9,25512.65,25578.3,25526.402337947264,82.01975176725787
2026-01-12T12:15:00+05:30,25577.5,25609.65,25566.25,25606.9,25546.52675346045,86.16495929579203
2026-01-12T12:18:00+05:30,25606.1,25616.75,25598.05,25614.85,25563.607565095335,87.127380973152
2026-01-12T12:21:00+05:30,25614.55,25667.5,25607.3,25644.85,25583.9181738215,90.1454154190342
2026-01-12T12:24:00+05:30,25644.35,25667.85,25634.9,25665.5,25604.313630366127,91.70684574625392
2026-01-12T12:27:00+05:30,25665.7,25678.9,25640.1,25660.8,25618.435222774595,88.00419904029799
2026-01-12T12:30:00+05:30,25660.95,25699.05,25656.45,25691,25636.576417080945,90.79135920483716
2026-01-12T12:33:00+05:30,25690.6,25702.8,25684.05,25690.4,25650.03231281071,90.3050240265938
2026-01-12T12:36:00+05:30,25690.75,25707.85,25679.4,25682.5,25658.14923460803,83.43932765432942
2026-01-12T12:39:00+05:30,25681.45,25699,25676.1,25697.85,25668.074425956023,85.87390167720395
2026-01-12T12:42:00+05:30,25698.3,25737.25,25697.85,25723.05,25681.818319467016,88.97749201844638
2026-01-12T12:45:00+05:30,25723.35,25738.4,25715.05,25719.65,25691.27623960026,86.00321100309824
2026-01-12T12:48:00+05:30,25719.45,25725.05,25710.6,25724.55,25699.594679700196,86.74802267771199
2026-01-12T12:51:00+05:30,25724.45,25725.55,25714.4,25720.85,25704.908509775145,82.86353327485078
2026-01-12T12:54:00+05:30,25720.45,25728.3,25712.4,25720.9,25708.90638233136,82.87562266005283
2026-01-12T12:57:00+05:30,25720.85,25725.05,25708.85,25709.05,25708.94228674852,69.34824684567788
2026-01-12T13:00:00+05:30,25709.5,25710.95,25676.55,25676.55,25700.84421506139,45.555687663258986
2026-01-12T13:03:00+05:30,25675.75,25711,25673.1,25702.65,25701.29566129604,58.799478681633445
2026-01-12T13:06:00+05:30,25702.95,25709.8,25698.25,25709.45,25703.33424597203,61.636078015131105
2026-01-12T13:09:00+05:30,25709.05,25722.05,25708.6,25719.85,25707.46318447902,65.8333653871377
2026-01-12T13:12:00+05:30,25720.15,25726.55,25706.45,25722.3,25711.172388359264,66.83074604936621
2026-01-12T13:15:00+05:30,25721.8,25728.25,25713.5,25715.25,25712.191791269448,60.865857825159004
2026-01-12T13:18:00+05:30,25715.1,25718.15,25694.6,25697.4,25708.49384345209,48.16684194190114
2026-01-12T13:21:00+05:30,25697.55,25706.6,25697.55,25703.3,25707.195382589067,52.02657792719672
2026-01-12T13:24:00+05:30,25702.9,25710,25692.3,25702.3,25705.9715369418,51.271621718192854
2026-01-12T13:27:00+05:30,25701.85,25704.55,25687.25,25689.05,25701.741152706352,41.87778740175176
2026-01-12T13:30:00+05:30,25689.15,25734.9,25689.15,25731.4,25709.155864529763,65.469292351341
2026-01-12T13:33:00+05:30,25731.95,25750.5,25731.95,25747,25718.616898397322,70.59800412734278
2026-01-12T13:36:00+05:30,25746.8,25757.9,25727.6,25728.45,25721.07517379799,58.536633520527886
2026-01-12T13:39:00+05:30,25728.8,25755.3,25728.8,25751.3,25728.631380348495,66.7100928018201
2026-01-12T13:42:00+05:30,25751.15,25752.15,25730.05,25730.45,25729.08603526137,55.13916524306312
2026-01-12T13:45:00+05:30,25730.55,25744.95,25730.45,25739.9,25731.789526446028,58.907994846697584
2026-01-12T13:48:00+05:30,25739.7,25745.65,25735.2,25735.6,25732.74214483452,56.39294074741287
2026-01-12T13:51:00+05:30,25735.2,25744.1,25727.4,25742.15,25735.09410862589,59.46824529735634
2026-01-12T13:54:00+05:30,25741.35,25748.5,25736.75,25737.65,25735.733081469418,56.28658204798699
2026-01-12T13:57:00+05:30,25737.25,25745.4,25727.9,25741.7,25737.224811102064,58.61165430592856
2026-01-12T14:00:00+05:30,25741.3,25742.7,25715.1,25727.2,25734.718608326548,47.957118397769484
2026-01-12T14:03:00+05:30,25725.75,25739.2,25721.3,25732.75,25734.226456244913,51.86451654740703
2026-01-12T14:06:00+05:30,25732.3,25739.9,25726.1,25738.55,25735.307342183685,55.90128693079401
2026-01-12T14:09:00+05:30,25738.3,25743.65,25732.05,25732.65,25734.643006637765,50.841228280021454
2026-01-12T14:12:00+05:30,25732.25,25741.4,25726.95,25728.45,25733.094754978323,47.2864347288936
2026-01-12T14:15:00+05:30,25727.95,25743.1,25727,25741.15,25735.108566233743,57.716181606064595
2026-01-12T14:18:00+05:30,25741,25742.85,25727.05,25736.35,25735.41892467531,53.08484607053499
2026-01-12T14:21:00+05:30,25735.6,25762.55,25735.1,25755.85,25740.52669350648,66.01138560676151
2026-01-12T14:24:00+05:30,25755.8,25770.9,25749.85,25751.35,25743.23252012986,61.452747369870536
2026-01-12T14:27:00+05:30,25751.1,25762.2,25751.1,25755.7,25746.349390097395,64.23798226181958
2026-01-12T14:30:00+05:30,25756,25761.25,25743.7,25744.05,25745.774542573046,52.40654769171193
2026-01-12T14:33:00+05:30,25743.6,25743.6,25715.7,25716.7,25738.505906929786,34.83420636350043
2026-01-12T14:36:00+05:30,25715.6,25739.05,25704.65,25738.4,25738.479430197338,50.26953260077489
2026-01-12T14:39:00+05:30,25736.4,25759.75,25736.4,25759.2,25743.659572648005,60.683597645789476
2026-01-12T14:42:00+05:30,25759.3,25763.7,25742.85,25760.8,25747.944679486005,61.40884959926952
2026-01-12T14:45:00+05:30,25760.35,25771.5,25759.6,25763.05,25751.721009614503,62.54245972529395
2026-01-12T14:48:00+05:30,25762.3,25778.2,25755.2,25774.05,25757.30325721088,67.91770595437202
2026-01-12T14:51:00+05:30,25774.35,25793.25,25774.35,25791.4,25765.827442908158,74.61976598817338
2026-01-12T14:54:00+05:30,25792.2,25799.15,25785.6,25797.45,25773.73308218112,76.60776980108952
2026-01-12T14:57:00+05:30,25796.6,25813.15,25796.6,25810.45,25782.91231163584,80.44718920944118
2026-01-12T15:00:00+05:30,25808.95,25808.95,25783,25784.4,25783.28423372688,58.138690769308596
2026-01-12T15:03:00+05:30,25784.75,25791.15,25778.05,25789.75,25784.90067529516,60.74680900805764
2026-01-12T15:06:00+05:30,25790.1,25790.75,25775.1,25778.55,25783.31300647137,52.72388139319861
2026-01-12T15:09:00+05:30,25779.1,25788.15,25778.2,25781.15,25782.772254853528,54.35652074818363
2026-01-12T15:12:00+05:30,25782.4,25784.15,25776.15,25778.5,25781.704191140147,52.21243708360112
2026-01-12T15:15:00+05:30,25778.3,25791.5,25778.3,25786.8,25782.97814335511,58.2325791943144
2026-01-12T15:18:00+05:30,25786.65,25790.35,25783.75,25786.05,25783.746107516334,57.469344567930236
2026-01-12T15:21:00+05:30,25786.65,25791.6,25782.6,25791.6,25785.70958063725,61.79266383252395
2026-01-12T15:24:00+05:30,25792.8,25805.35,25791.5,25802.3,25789.857185477937,68.90274917103179
2026-01-12T15:27:00+05:30,25803.15,25807.95,25792.8,25806.1,25793.917889108452,71.12882103836554
2026-01-12T15:30:00+05:30,25803.4,25803.4,25790.25,25790.25,25793.00091683134,52.75268449846892
2026-01-13T09:06:00+05:30,25897.35,25897.35,25897.35,25897.35,25819.088187623507,84.44095482940304
2026-01-13T09:15:00+05:30,25898,25899.8,25836.4,25873.6,25832.71614071763,71.95545206046461
2026-01-13T09:18:00+05:30,25873.1,25874.1,25822.35,25822.35,25830.12460553822,52.4362660255576
2026-01-13T09:21:00+05:30,25819.75,25852.65,25813.75,25836.2,25831.643454153666,56.183719095355066
2026-01-13T09:24:00+05:30,25837.45,25845.5,25806.55,25806.55,25825.370090615248,46.94571886117516
2026-01-13T09:27:00+05:30,25806.25,25810.65,25760.05,25762.85,25809.740067961437,36.59830191382307
2026-01-13T09:30:00+05:30,25761.4,25778,25741.9,25742.65,25792.96755097108,32.71021410456697
2026-01-13T09:33:00+05:30,25741.55,25756,25731.55,25738.7,25779.40066322831,31.93619650332394
2026-01-13T09:36:00+05:30,25736.55,25738.35,25725,25730.7,25767.225497421234,30.24512299600339
2026-01-13T09:39:00+05:30,25730.65,25737.9,25720,25720.1,25755.444123065925,27.95674108429047
2026-01-13T09:42:00+05:30,25719.5,25730.2,25709.85,25730.2,25749.133092299446,33.546027877687706
2026-01-13T09:45:00+05:30,25732.4,25789.75,25732.4,25770.25,25754.412319224582,51.09775260209712
2026-01-13T09:48:00+05:30,25770.3,25776.1,25730.55,25750.85,25753.521739418436,44.46141949308809
2026-01-13T09:51:00+05:30,25749.35,25769.05,25749.25,25760.35,25755.228804563827,48.29765519336305
2026-01-13T09:54:00+05:30,25758.85,25759.9,25705.1,25705.45,25742.78410342287,32.95194264503861
2026-01-13T09:57:00+05:30,25705.85,25720.35,25700.85,25709.85,25734.55057756715,34.88640294573355
2026-01-13T10:00:00+05:30,25710.15,25745.05,25705.2,25738.05,25735.425433175362,46.44087960783601
2026-01-13T10:03:00+05:30,25737.25,25753.5,25731,25746.85,25738.28157488152,49.69103642625426
2026-01-13T10:06:00+05:30,25746.2,25757.95,25736.35,25756.5,25742.83618116114,53.31543249478212
2026-01-13T10:09:00+05:30,25756.6,25771,25750.6,25755.05,25745.889635870855,52.65049591545526
2026-01-13T10:12:00+05:30,25755.15,25767,25738.1,25738.1,25743.942226903142,44.9970077809466
2026-01-13T10:15:00+05:30,25738.9,25756.2,25731.65,25733.15,25741.244170177357,42.87361965720095
2026-01-13T10:18:00+05:30,25733.45,25762.55,25726.1,25761.35,25746.270627633017,56.513030035780986
2026-01-13T10:21:00+05:30,25761.25,25774.45,25760.6,25770.2,25752.252970724763,60.008958640367176
2026-01-13T10:24:00+05:30,25768.6,25782.75,25757.45,25782.1,25759.71472804357,64.48748666692485
2026-01-13T10:27:00+05:30,25781.8,25803.6,25779,25799.45,25769.64854603268,70.16983162856891
2026-01-13T10:30:00+05:30,25799.3,25824.85,25795.55,25824,25783.23640952451,76.40291969324596
2026-01-13T10:33:00+05:30,25823.35,25827.05,25781.5,25783.95,25783.41480714338,54.663684076968146
2026-01-13T10:36:00+05:30,25782.35,25796.7,25766.15,25787.05,25784.323605357535,55.799396755374424
2026-01-13T10:39:00+05:30,25785.9,25787.35,25761.2,25763.05,25779.00520401815,45.503515287614384
2026-01-13T10:42:00+05:30,25761.55,25770.8,25750.2,25767.7,25776.178903013613,47.685465787798485
2026-01-13T10:45:00+05:30,25766.9,25770.4,25754.95,25767.75,25774.07167726021,47.71172879960943
2026-01-13T10:48:00+05:30,25766.95,25794.3,25760.45,25794.3,25779.128757945156,60.11580243398651
2026-01-13T10:51:00+05:30,25795.7,25799.6,25785.45,25795.3,25783.171568458867,60.527273631807816
2026-01-13T10:54:00+05:30,25795.4,25798.05,25761.85,25765.75,25778.81617634415,44.647616097055746
2026-01-13T10:57:00+05:30,25764.95,25787.8,25764.5,25778.9,25778.83713225811,51.28326301224127
2026-01-13T11:00:00+05:30,25779.75,25788.6,25761.5,25763.1,25774.902849193582,43.90521944730799
2026-01-13T11:03:00+05:30,25762.3,25780.45,25759.65,25771.65,25774.089636895187,48.57597805409301
2026-01-13T11:06:00+05:30,25771.4,25782.65,25766.45,25781.85,25776.02972767139,53.91658339856147
2026-01-13T11:09:00+05:30,25782.25,25799.55,25782.25,25797.55,25781.40979575354,61.16009099125877
2026-01-13T11:12:00+05:30,25797.3,25797.3,25778.85,25788.6,25783.207346815158,55.37164665767759
2026-01-13T11:15:00+05:30,25788,25795.9,25781.05,25782.3,25782.980510111367,51.37829351681331
2026-01-13T11:18:00+05:30,25780.75,25790.5,25775.7,25784.1,25783.260382583525,52.51970550058271
2026-01-13T11:21:00+05:30,25783.7,25794.85,25782.95,25783.3,25783.270286937644,51.88810234647628
2026-01-13T11:24:00+05:30,25782.5,25792.75,25779.85,25786.9,25784.177715203234,54.745329188990496
2026-01-13T11:27:00+05:30,25786.3,25803.95,25785.05,25795.9,25787.108286402425,61.426703310002026
2026-01-13T11:30:00+05:30,25794.3,25809.9,25787.7,25809.3,25792.65621480182,69.29990213421868
2026-01-13T11:33:00+05:30,25809.15,25814.7,25804.05,25814,25797.992161101363,71.66639975746796
2026-01-13T11:36:00+05:30,25814.05,25819.3,25803.65,25815.7,25802.419120826024,72.55901413109778
2026-01-13T11:39:00+05:30,25814.6,25816.5,25808.9,25810.15,25804.351840619518,64.78528604150053
2026-01-13T11:42:00+05:30,25810.6,25810.6,25786.75,25789.7,25800.688880464637,44.356506385139475
2026-01-13T11:45:00+05:30,25788.45,25790.4,25779.2,25783.1,25796.291660348477,39.64895371564764
2026-01-13T11:48:00+05:30,25782.45,25785.55,25778.05,25785,25793.468745261358,41.726106055439864
2026-01-13T11:51:00+05:30,25784.6,25786,25754.95,25760.75,25785.28905894602,27.58762420810845
2026-01-13T11:54:00+05:30,25760.25,25782.6,25753.65,25778.95,25783.704294209514,44.15593932640252
2026-01-13T11:57:00+05:30,25777.6,25778.55,25752.15,25754.2,25776.328220657135,32.39595105810031
2026-01-13T12:00:00+05:30,25753.65,25754,25740.5,25743.05,25768.008665492853,28.41801375026722
2026-01-13T12:03:00+05:30,25742.8,25746.2,25734.35,25735.35,25759.84399911964,25.859702547037628
2026-01-13T12:06:00+05:30,25735.05,25739.5,25731.6,25732.3,25752.957999339727,24.826852621393925
2026-01-13T12:09:00+05:30,25731.95,25745.95,25727.55,25731.95,25747.705999504797,24.694803877744206
2026-01-13T12:12:00+05:30,25731.45,25737.5,25712.95,25713.7,25739.2044996286,18.657871415991536
2026-01-13T12:15:00+05:30,25712.8,25730.85,25703.85,25719.75,25734.34087472145,25.684240396963702
2026-01-13T12:18:00+05:30,25720.75,25730.7,25718.8,25724.7,25731.930656041088,31.345114310614306
2026-01-13T12:21:00+05:30,25723.35,25727.9,25713.05,25713.65,25727.360492030817,26.156154337316764
2026-01-13T12:24:00+05:30,25713.25,25722.25,25704.65,25716,25724.520369023114,29.0695247559255
2026-01-13T12:27:00+05:30,25715.55,25732.85,25711.9,25732.6,25726.540276767337,46.473161463898094
2026-01-13T12:30:00+05:30,25731.4,25734.4,25715.8,25719,25724.655207575503,37.64464131093082
2026-01-13T12:33:00+05:30,25719.4,25720.7,25706.05,25717.45,25722.853905681626,36.71718251805798
2026-01-13T12:36:00+05:30,25717.9,25724.85,25714.1,25715.9,25721.11542926122,35.69129314175699
2026-01-13T12:39:00+05:30,25714.4,25718.4,25688.1,25694.8,25714.536571945915,24.72141057713347
2026-01-13T12:42:00+05:30,25692.55,25712.05,25687.95,25704.05,25711.914928959435,34.947503405984605
2026-01-13T12:45:00+05:30,25704.25,25707.6,25690.05,25696.95,25708.173696719576,31.157308075283737
2026-01-13T12:48:00+05:30,25696.9,25697.15,25667.1,25667.3,25697.955272539682,20.38564059760482
2026-01-13T12:51:00+05:30,25665.7,25677.1,25660.8,25661.9,25688.94145440476,18.99062782461725
2026-01-13T12:54:00+05:30,25661.65,25667.8,25653.85,25655.45,25680.56859080357,17.337338039914172
2026-01-13T12:57:00+05:30,25655.5,25666,25650.85,25653,25673.67644310268,16.693309284233393
2026-01-13T13:00:00+05:30,25651.45,25652.9,25627.4,25633.95,25663.744832327007,12.48587377962852
2026-01-13T13:03:00+05:30,25632.7,25648.25,25631.9,25639.05,25657.571124245256,18.872412844596184
2026-01-13T13:06:00+05:30,25639.95,25649.95,25630.7,25645.25,25654.490843183943,26.48181428127407
2026-01-13T13:09:00+05:30,25644.2,25670.3,25642.7,25660.8,25656.068132387958,42.31391360995836
2026-01-13T13:12:00+05:30,25660.5,25665.45,25651.65,25658.45,25656.66359929097,40.7660708558575
2026-01-13T13:15:00+05:30,25658.2,25662.55,25639.6,25647.7,25654.422699468225,34.10750131789844
2026-01-13T13:18:00+05:30,25647.65,25660.1,25647.65,25659.9,25655.79202460117,45.82376330847241
2026-01-13T13:21:00+05:30,25659.1,25675.5,25658.45,25674.6,25660.494018450878,56.657361765805476
2026-01-13T13:24:00+05:30,25675.4,25676.8,25660.05,25672.55,25663.50801383816,54.8721123653162
2026-01-13T13:27:00+05:30,25671.3,25675.3,25654.25,25654.35,25661.218510378618,41.37021874668257
2026-01-13T13:30:00+05:30,25655.1,25663.3,25649.45,25659.4,25660.763882783962,45.69578826733363
2026-01-13T13:33:00+05:30,25659.7,25681.2,25652.25,25679.45,25665.435412087973,59.526999485843554
2026-01-13T13:36:00+05:30,25678.95,25679.9,25667.85,25675.2,25667.87655906598,55.99976565030881
2026-01-13T13:39:00+05:30,25674.35,25679.85,25647.65,25652.45,25664.019919299484,40.87427216791284
2026-01-13T13:42:00+05:30,25653.2,25676.7,25652.45,25676.15,25667.052439474613,55.48681375041427
2026-01-13T13:45:00+05:30,25675.25,25678.15,25663.1,25677,25669.53932960596,55.94241750307709
2026-01-13T13:48:00+05:30,25675.3,25676.95,25661.25,25672.15,25670.19199720447,52.37393618354088
2026-01-13T13:51:00+05:30,25671.4,25686.65,25671,25672.75,25670.831497903353,52.80840950449073
2026-01-13T13:54:00+05:30,25673.05,25676.65,25660.5,25666.55,25669.761123427514,47.57608843659948
2026-01-13T13:57:00+05:30,25665.75,25666.7,25658.95,25663.65,25668.233342570635,45.13567004106651
2026-01-13T14:00:00+05:30,25662.95,25667.5,25650,25650.55,25663.812506927978,35.53064091542571
2026-01-13T14:03:00+05:30,25649.75,25655.2,25644.8,25647.55,25659.746880195984,33.61919151459712
2026-01-13T14:06:00+05:30,25647.75,25649.55,25638.35,25647.25,25656.62266014699,33.40950207586859
2026-01-13T14:09:00+05:30,25646.9,25650.75,25630.35,25634.05,25650.97949511024,25.30685483049585
2026-01-13T14:12:00+05:30,25633.45,25638.55,25620.95,25636.55,25647.37212133268,29.105945102911477
2026-01-13T14:15:00+05:30,25636.25,25638,25623.65,25635.35,25644.36659099951,28.29987753203585
2026-01-13T14:18:00+05:30,25633.7,25649.05,25625.95,25627.6,25640.174943249633,23.41409282989399
2026-01-13T14:21:00+05:30,25625.8,25628.55,25620,25625.85,25636.593707437223,22.395515584057435
2026-01-13T14:24:00+05:30,25624.65,25625.5,25611.2,25619.9,25632.420280577917,19.099661271859404
2026-01-13T14:27:00+05:30,25620.7,25620.7,25609.65,25612.6,25627.46521043344,15.77638073713311
2026-01-13T14:30:00+05:30,25611.65,25662.9,25603.3,25640.7,25630.773907825078,52.72045919515854
2026-01-13T14:33:00+05:30,25638.3,25649.4,25627.55,25644,25634.08043086881,55.40081396121627
2026-01-13T14:36:00+05:30,25643.8,25674.2,25642.4,25662.9,25641.285323151606,67.65369795521386
2026-01-13T14:39:00+05:30,25662.5,25689.95,25658.85,25682.75,25651.651492363704,75.8001647975118
2026-01-13T14:42:00+05:30,25682.3,25702.3,25682.3,25692.65,25661.901119272778,78.89322274629733
2026-01-13T14:45:00+05:30,25692.9,25712.85,25692.2,25698.75,25671.113339454583,80.66931051275259
2026-01-13T14:48:00+05:30,25697.9,25701.3,25687.8,25698.45,25677.94750459094,80.28169847390527
2026-01-13T14:51:00+05:30,25698.25,25720.35,25695.35,25705.9,25684.935628443203,82.6912510104551
2026-01-13T14:54:00+05:30,25706.5,25726.05,25706.5,25719.45,25693.564221332403,86.25522381136481
2026-01-13T14:57:00+05:30,25716.3,25721.85,25690.8,25707.95,25697.1606659993,71.64770876089723
2026-01-13T15:00:00+05:30,25711.85,25757.15,25711.85,25731.2,25705.670499499476,79.74040982699894
2026-01-13T15:03:00+05:30,25732.1,25732.15,25702.05,25708.05,25706.265374624607,59.88433516447858
2026-01-13T15:06:00+05:30,25710.2,25743.55,25710.2,25730.45,25712.311530968454,68.68651363528198
2026-01-13T15:09:00+05:30,25731.3,25751.95,25727.9,25745.2,25720.53364822634,73.20346671799032
2026-01-13T15:12:00+05:30,25746.2,25750.85,25733.65,25737.4,25724.750236169755,67.22114918866475
2026-01-13T15:15:00+05:30,25738.85,25749.65,25735.9,25738.45,25728.175177127316,67.63651861938044
2026-01-13T15:18:00+05:30,25741.05,25741.05,25719.6,25730.9,25728.856382845486,61.13743041223564
2026-01-13T15:21:00+05:30,25732.5,25741.85,25729.85,25735.5,25730.517287134113,63.622088410996156
2026-01-13T15:24:00+05:30,25737.75,25737.75,25721.7,25721.95,25728.375465350586,52.161359042087085
2026-01-13T15:27:00+05:30,25726.6,25730.55,25710.45,25714.2,25724.83159901294,46.564222643289895
2026-01-13T15:30:00+05:30,25717.8,25732.3,25717.8,25732.3,25726.698699259705,58.65304909144889
2026-01-14T09:06:00+05:30,25648.55,25648.55,25648.55,25648.55,25707.16152444478,26.405408926750468
2026-01-14T09:15:00+05:30,25653.45,25719.35,25638.35,25714.5,25708.996143333585,51.10344350391835
2026-01-14T09:18:00+05:30,25716.3,25717.95,25680.5,25705.8,25708.19710750019,48.593599055714705
2026-01-14T09:21:00+05:30,25705.3,25742.3,25703.3,25709.75,25708.58533062514,49.89702039711222
2026-01-14T09:24:00+05:30,25710.95,25724.9,25704.15,25717.6,25710.838997968855,52.67892105587726
2026-01-14T09:27:00+05:30,25715,25744.8,25708.55,25737.5,25717.50424847664,59.35359971873758
2026-01-14T09:30:00+05:30,25737.7,25750.45,25727.15,25732.5,25721.25318635748,56.99697072677842
2026-01-14T09:33:00+05:30,25732.25,25746.55,25722.2,25737.05,25725.20238976811,58.73637184852994
2026-01-14T09:36:00+05:30,25736.3,25746.6,25730.85,25740.65,25729.064292326082,60.22157602602984
2026-01-14T09:39:00+05:30,25741.15,25742.6,25711.75,25734.35,25730.38571924456,56.0990881114051
2026-01-14T09:42:00+05:30,25735,25739.6,25703.15,25706.65,25724.45178943342,41.51949643788954
2026-01-14T09:45:00+05:30,25704.9,25712.85,25685.5,25689.25,25715.651342075063,34.87682502023196
2026-01-14T09:48:00+05:30,25688.95,25701.2,25674.4,25700.95,25711.9760065563,42.13890078853755
2026-01-14T09:51:00+05:30,25702.1,25724.3,25700.35,25722.9,25714.707004917225,53.49061101702496
2026-01-14T09:54:00+05:30,25722.7,25761.5,25721.85,25739.8,25720.980253687918,60.45884789219425
2026-01-14T09:57:00+05:30,25739.95,25741.35,25715.7,25729.9,25723.210190265938,54.84319449862063
2026-01-14T10:00:00+05:30,25729.6,25733.8,25715.85,25719.55,25722.295142699455,49.262262549168724
2026-01-14T10:03:00+05:30,25718.85,25721.85,25708,25713.6,25720.12135702459,46.11488719558005
2026-01-14T10:06:00+05:30,25712.6,25723.85,25702,25703,25715.84101776844,40.709073297611894
2026-01-14T10:09:00+05:30,25702.35,25708.75,25696.85,25697.85,25711.34326332633,38.172657283763265
2026-01-14T10:12:00+05:30,25699.3,25705.15,25692.65,25696.8,25707.707447494748,37.61518746409228
2026-01-14T10:15:00+05:30,25697.9,25703.75,25691.25,25695.55,25704.66808562106,36.8673986475014
2026-01-14T10:18:00+05:30,25695.7,25696.05,25670,25679.65,25698.413564215793,28.46862125028106
2026-01-14T10:21:00+05:30,25678.9,25680.4,25661.35,25668.15,25690.847673161843,23.87846484593355
2026-01-14T10:24:00+05:30,25668.5,25685.55,25664.55,25675.35,25686.97325487138,31.89887835736984
2026-01-14T10:27:00+05:30,25675.15,25689.6,25670.45,25688.9,25687.454941153534,44.69329754450472
2026-01-14T10:30:00+05:30,25689.9,25689.9,25662.25,25669.75,25683.028705865152,34.122952112390024
2026-01-14T10:33:00+05:30,25669.3,25693.4,25668.05,25689.95,25684.759029398865,48.974280449964965
2026-01-14T10:36:00+05:30,25690.2,25691.1,25669.7,25674.85,25682.281772049148,40.92755259738256
2026-01-14T10:39:00+05:30,25675.9,25710.05,25675.5,25708.55,25688.848829036862,58.627236868579175
2026-01-14T10:42:00+05:30,25708.7,25718.9,25671.85,25675,25685.386621777645,43.491738217217325
2026-01-14T10:45:00+05:30,25674.95,25676.55,25662,25673.05,25682.302466333233,42.74347226682701
2026-01-14T10:48:00+05:30,25674.15,25697.6,25672.5,25695.5,25685.601849749924,53.49112400599434
2026-01-14T10:51:00+05:30,25695.75,25704.65,25692.4,25702.95,25689.938887312444,56.64208944972865
2026-01-14T10:54:00+05:30,25702.75,25711.35,25698.85,25701.45,25692.816665484333,55.754786893516695
2026-01-14T10:57:00+05:30,25702.05,25729,25700.9,25728.8,25701.81249911325,66.81354181082807
2026-01-14T11:00:00+05:30,25729.3,25733.15,25710.75,25729.6,25708.759374334935,67.09420904986084
2026-01-14T11:03:00+05:30,25730.65,25737.9,25720.85,25733,25714.8195307512,68.41854647306064
2026-01-14T11:06:00+05:30,25733.4,25734.3,25713.45,25732,25719.114648063398,67.48655603708082
2026-01-14T11:09:00+05:30,25732.1,25737.75,25726.8,25730.25,25721.898486047547,65.66044871934454
2026-01-14T11:12:00+05:30,25731.1,25734.5,25721.45,25726.25,25722.98636453566,61.24145614622615
2026-01-14T11:15:00+05:30,25723.7,25750.3,25720.3,25744.6,25728.389773401745,71.50523649086355
2026-01-14T11:18:00+05:30,25745.9,25753.9,25739.15,25743.15,25732.07983005131,69.80118997144976
2026-01-14T11:21:00+05:30,25743.3,25754.95,25741.85,25744.9,25735.284872538483,70.78161992133045
2026-01-14T11:24:00+05:30,25745.45,25751.2,25732.7,25751,25739.213654403862,74.18934354962761
2026-01-14T11:27:00+05:30,25751.45,25774.4,25750.3,25770.4,25747.010240802898,81.98510637617971
2026-01-14T11:30:00+05:30,25770.7,25775.8,25748.5,25763.6,25751.157680602173,72.97208695110189
2026-01-14T11:33:00+05:30,25763.05,25770.7,25762.3,25764.1,25754.39326045163,73.22459733062314
2026-01-14T11:36:00+05:30,25763.5,25771.5,25760.25,25761.75,25756.232445338723,69.65621608781818
2026-01-14T11:39:00+05:30,25761.85,25771.1,25758.85,25769.65,25759.586834004043,74.52513145887423
2026-01-14T11:42:00+05:30,25769.6,25777.35,25761.15,25761.15,25759.977625503034,62.0309084223985
2026-01-14T11:45:00+05:30,25760.95,25774.15,25759.4,25773.7,25763.408219127276,70.53890000324323
2026-01-14T11:48:00+05:30,25773.5,25786.05,25772.35,25775.3,25766.381164345457,71.48913344104814
2026-01-14T11:51:00+05:30,25775.2,25782.6,25769.8,25770.6,25767.43587325909,64.37350633726942
2026-01-14T11:54:00+05:30,25770.75,25784.15,25770.15,25783.55,25771.46440494432,73.00935632724449
2026-01-14T11:57:00+05:30,25783.65,25783.65,25771.95,25775.65,25772.51080370824,62.267115837585756
2026-01-14T12:00:00+05:30,25776.45,25789.25,25775.45,25782.5,25775.00810278118,67.15573463563992
2026-01-14T12:03:00+05:30,25782.15,25791.75,25780.35,25782.1,25776.781077085885,66.5681789180314
2026-01-14T12:06:00+05:30,25782.45,25784.15,25766.45,25770.95,25775.323307814415,51.822996777351314
2026-01-14T12:09:00+05:30,25770.1,25771.1,25747.6,25747.6,25768.39248086081,33.62551706920988
2026-01-14T12:12:00+05:30,25746.85,25752,25742.2,25743.35,25762.131860645608,31.292200528133975
2026-01-14T12:15:00+05:30,25743.7,25755.65,25734.5,25751.35,25759.436395484205,40.37792607160842
2026-01-14T12:18:00+05:30,25751.75,25772.45,25751.35,25771.55,25762.464796613152,57.09249022478643
2026-01-14T12:21:00+05:30,25771.35,25774.9,25764.15,25770.4,25764.448597459865,56.04885675919867
2026-01-14T12:24:00+05:30,25770.85,25773.75,25757.9,25757.9,25762.8114480949,45.50130183797091
2026-01-14T12:27:00+05:30,25757.55,25760.15,25751.5,25755.85,25761.071086071177,43.919918354364604
2026-01-14T12:30:00+05:30,25756.1,25767.35,25756.1,25766.8,25762.50331455338,53.903537822338365
2026-01-14T12:33:00+05:30,25766.7,25774.9,25760.65,25772.4,25764.977485915035,58.329694323371605
2026-01-14T12:36:00+05:30,25773.4,25780.9,25767.4,25775.8,25767.683114436277,60.983362914331146
2026-01-14T12:39:00+05:30,25775.65,25777.5,25769.2,25769.2,25768.062335827206,53.29678833650093
2026-01-14T12:42:00+05:30,25768.75,25769.6,25751.85,25753.45,25764.409251870406,39.452292807553526
2026-01-14T12:45:00+05:30,25753.5,25768.2,25752.25,25767.45,25765.169438902805,52.30147093431649
2026-01-14T12:48:00+05:30,25767.55,25769.45,25748.75,25748.9,25761.102079177104,39.38214886302675
2026-01-14T12:51:00+05:30,25749.1,25749.8,25741.15,25748.3,25757.90155938283,39.01844334754948
2026-01-14T12:54:00+05:30,25747.85,25752.85,25741.75,25745,25754.676169537124,36.83557563217391
2026-01-14T12:57:00+05:30,25744.5,25753.45,25743.75,25749.2,25753.307127152842,41.68015401689424
2026-01-14T13:00:00+05:30,25749.1,25754.05,25737.85,25741.2,25750.280345364634,35.61067831758645
2026-01-14T13:03:00+05:30,25741.25,25752.85,25736.05,25745.45,25749.072759023475,40.94100297617113
2026-01-14T13:06:00+05:30,25745.9,25752.55,25745.4,25747.45,25748.667069267605,43.508504663862816
2026-01-14T13:09:00+05:30,25747.7,25761.5,25745,25757.35,25750.837801950704,54.84507703346717
2026-01-14T13:12:00+05:30,25758.1,25758.9,25746,25747.15,25749.91585146303,44.18648348774208
2026-01-14T13:15:00+05:30,25746.75,25757.3,25745.55,25748.5,25749.561888597273,45.81256106844609
2026-01-14T13:18:00+05:30,25747.9,25748.75,25734.25,25735.95,25746.158916447956,34.8125242629672
2026-01-14T13:21:00+05:30,25736.35,25739.7,25718.9,25719.3,25739.44418733597,25.38014954183653
2026-01-14T13:24:00+05:30,25719,25723.7,25705.6,25722,25735.083140501978,29.0186792278201
2026-01-14T13:27:00+05:30,25722.1,25728.8,25712.85,25715.5,25730.18735537648,25.523225992174943
2026-01-14T13:30:00+05:30,25715.85,25718.55,25702.35,25704.55,25723.77801653236,20.637487390585406
2026-01-14T13:33:00+05:30,25705.3,25708.95,25699.75,25708.2,25719.88351239927,26.13609183890624
2026-01-14T13:36:00+05:30,25708.95,25709.35,25678.6,25682.8,25710.61263429945,16.7270684805044
2026-01-14T13:39:00+05:30,25682.6,25686.25,25663.75,25678.4,25702.55947572459,15.592610342842974
2026-01-14T13:42:00+05:30,25678.75,25683.1,25658.8,25659.35,25691.75710679344,11.61394440570561
2026-01-14T13:45:00+05:30,25659.85,25669.2,25650.95,25668.65,25685.98033009508,22.82913765173602
2026-01-14T13:48:00+05:30,25668.5,25669,25660.15,25665.25,25680.797747571312,21.65703726287883
2026-01-14T13:51:00+05:30,25664.75,25670.85,25639.55,25648.55,25672.735810678485,16.733769736445367
2026-01-14T13:54:00+05:30,25648,25648,25635.05,25637.05,25663.814358008865,14.149571434687815
2026-01-14T13:57:00+05:30,25637.4,25640.65,25631.2,25635.95,25656.84826850665,13.90985582717353
2026-01-14T14:00:00+05:30,25636.05,25656.9,25634.15,25654.65,25656.298701379987,35.56162229725888
2026-01-14T14:03:00+05:30,25654.35,25656.35,25632.2,25642.2,25652.77402603499,29.749954969727185
2026-01-14T14:06:00+05:30,25640.9,25654.25,25640.9,25653.45,25652.943019526243,40.07429488961511
2026-01-14T14:09:00+05:30,25652.45,25658.1,25645.3,25649.75,25652.144764644683,37.93508806343623
2026-01-14T14:12:00+05:30,25649.95,25664.1,25644,25663.2,25654.908573483513,49.39212553034018
2026-01-14T14:15:00+05:30,25663.25,25669.75,25652.35,25652.95,25654.418930112635,42.428543664950176
2026-01-14T14:18:00+05:30,25652.75,25656.85,25635.75,25637.25,25650.126697584477,33.890230666969615
2026-01-14T14:21:00+05:30,25636.5,25638.7,25620.25,25620.6,25642.745023188356,27.13419090014395
2026-01-14T14:24:00+05:30,25619.8,25621.85,25603.95,25620.85,25637.27126739127,27.387762175115498
2026-01-14T14:27:00+05:30,25620.35,25630.8,25619.6,25624.3,25634.02845054345,31.24020928341224
2026-01-14T14:30:00+05:30,25624.4,25632.1,25618.35,25620.45,25630.63383790759,29.221743412756084
2026-01-14T14:33:00+05:30,25620.65,25639.35,25620.65,25635.8,25631.925378430693,45.57778278207008
2026-01-14T14:36:00+05:30,25636,25647.05,25635.45,25646.75,25635.63153382302,54.35613881929653
2026-01-14T14:39:00+05:30,25648.15,25669.5,25648.15,25669.05,25643.986150367266,67.00228842889823
2026-01-14T14:42:00+05:30,25667.85,25680.3,25667.85,25676.65,25652.15211277545,70.276667516306
2026-01-14T14:45:00+05:30,25676.4,25708.1,25676.4,25707.9,25666.08908458159,79.86256090757216
2026-01-14T14:48:00+05:30,25708.65,25715.65,25689.1,25697.1,25673.841813436193,70.67273063525829
2026-01-14T14:51:00+05:30,25693.8,25702.7,25689.15,25702.6,25681.031360077144,72.54945686354208
2026-01-14T14:54:00+05:30,25701.9,25703.8,25692.95,25697.05,25685.036020057858,67.46673796996168
2026-01-14T14:57:00+05:30,25694.95,25694.95,25675.65,25678.2,25683.327015043393,52.8072014665861
2026-01-14T15:00:00+05:30,25681.25,25681.25,25649.4,25649.6,25674.895261282545,38.13840405670315
2026-01-14T15:03:00+05:30,25649.5,25694.1,25649.5,25690.25,25678.73394596191,57.64702549220662
2026-01-14T15:06:00+05:30,25691.15,25692.8,25655.05,25664.05,25675.062959471434,46.59725359625806
2026-01-14T15:09:00+05:30,25665.4,25676.4,25662.6,25663.65,25672.209719603576,46.438705146114735
2026-01-14T15:12:00+05:30,25665.1,25665.9,25650.8,25652.85,25667.36978970268,41.94324397394255
2026-01-14T15:15:00+05:30,25655.25,25659.05,25648.3,25650.4,25663.12734227701,40.89549148860541
2026-01-14T15:18:00+05:30,25651.4,25662,25649.6,25659.6,25662.245506707757,46.72568645403777
2026-01-14T15:21:00+05:30,25660.6,25672.4,25659.6,25672.4,25664.784130030817,54.078411156000065
2026-01-14T15:24:00+05:30,25673.2,25677.4,25666.95,25671.8,25666.538097523113,53.673297585098226
2026-01-14T15:27:00+05:30,25673,25675.55,25662.6,25669.1,25667.178573142333,51.642262468112236
2026-01-14T15:30:00+05:30,25669.2,25669.2,25663.6,25665.6,25666.78392985675,48.84684458992155
2026-01-16T09:06:00+05:30,25696.05,25696.05,25696.05,25696.05,25674.10044739256,66.98569284227845
2026-01-16T09:15:00+05:30,25717.85,25743.25,25678.4,25695.55,25679.462835544422,66.5337238845099
2026-01-16T09:18:00+05:30,25696.3,25734.25,25696.3,25730.75,25692.284626658315,78.46683829278241
2026-01-16T09:21:00+05:30,25728.7,25736.25,25708.75,25709.55,25696.600969993735,62.74609418299035
2026-01-16T09:24:00+05:30,25709.35,25722.9,25704.65,25722.85,25703.1632274953,67.51034497316157
2026-01-16T09:27:00+05:30,25722.15,25732.5,25711.35,25725.9,25708.847420621474,68.5852052592042
2026-01-16T09:30:00+05:30,25725.55,25726.35,25691.6,25691.6,25704.535565466103,47.8259558824437
2026-01-16T09:33:00+05:30,25692.25,25710.2,25686.55,25703.5,25704.27667409958,53.520305161725354
2026-01-16T09:36:00+05:30,25703.1,25712.55,25698.4,25705.05,25704.470005574683,54.278604376386184
2026-01-16T09:39:00+05:30,25706.6,25708.25,25683.8,25708.25,25705.415004181014,56.00731720630503
2026-01-16T09:42:00+05:30,25708.5,25727.5,25699.6,25725.9,25710.53625313576,64.61624104137977
2026-01-16T09:45:00+05:30,25725.75,25738.25,25715.2,25735.5,25716.77718985182,68.52474846129549
2026-01-16T09:48:00+05:30,25735.55,25750.55,25734.8,25745,25723.832892388862,72.08473161181115
2026-01-16T09:51:00+05:30,25744.8,25751.3,25737.35,25749.3,25730.199669291647,73.65805572745795
2026-01-16T09:54:00+05:30,25749.9,25755.85,25744.45,25749.4,25734.999751968735,73.69827543898133
2026-01-16T09:57:00+05:30,25750,25753.45,25737.75,25739.25,25736.062313976552,62.41372945534854
2026-01-16T10:00:00+05:30,25738.2,25753.1,25736.8,25752.75,25740.234235482414,69.62964107943107
2026-01-16T10:03:00+05:30,25752.65,25765.55,25749.15,25754.15,25743.71317661181,70.31905609019861
2026-01-16T10:06:00+05:30,25753.15,25766.3,25751.6,25765.35,25749.12238245886,75.50812680871091
2026-01-16T10:09:00+05:30,25765.5,25783.85,25762.5,25778.9,25756.566786844145,80.3556295093259
2026-01-16T10:12:00+05:30,25778.5,25789.5,25773.2,25783.65,25763.33759013311,81.82669208362255
2026-01-16T10:15:00+05:30,25784.95,25840.35,25783.9,25836.45,25781.615692599833,90.78028797387978
2026-01-16T10:18:00+05:30,25836.75,25845.9,25834.05,25841.8,25796.661769449875,91.28770244942861
2026-01-16T10:21:00+05:30,25842.8,25854.65,25839.35,25839.35,25807.333827087405,88.68016192984832
2026-01-16T10:24:00+05:30,25839.95,25856.85,25838.8,25853.95,25818.987870315555,90.55568645311824
2026-01-16T10:27:00+05:30,25853.8,25865.65,25849.85,25856.65,25828.403402736665,90.88164090874106
2026-01-16T10:30:00+05:30,25857.5,25864.1,25842.05,25851.35,25834.1400520525,84.22455523284472
2026-01-16T10:33:00+05:30,25851.2,25863.75,25849.7,25863.75,25841.542539039372,86.8531432436404
2026-01-16T10:36:00+05:30,25864,25872.4,25859.75,25862.7,25846.83190427953,85.44660952263021
2026-01-16T10:39:00+05:30,25862.4,25873.5,25858.55,25861.7,25850.548928209646,83.93627964185018
2026-01-16T10:42:00+05:30,25861.55,25864.75,25839.75,25843.7,25848.836696157236,61.21418569137027
2026-01-16T10:45:00+05:30,25844.55,25860.8,25841.65,25859.25,25851.440022117928,69.52805944914121
2026-01-16T10:48:00+05:30,25859.7,25863.9,25846.65,25847.05,25850.342516588447,58.123939408409214
2026-01-16T10:51:00+05:30,25847.95,25848.9,25840.8,25845.35,25849.094387441335,56.61433226720232
2026-01-16T10:54:00+05:30,25845.55,25847.75,25836.45,25842.3,25847.395790581002,53.695274594870234
2026-01-16T10:57:00+05:30,25842.2,25845.15,25827,25829.5,25842.92184293575,42.87223334207382
2026-01-16T11:00:00+05:30,25829.7,25841.8,25827.6,25838.9,25841.916382201813,51.2850294587686
2026-01-16T11:03:00+05:30,25839.8,25841.65,25822.35,25828,25838.43728665136,42.765230138949995
2026-01-16T11:06:00+05:30,25829.15,25829.2,25820.7,25829.1,25836.102964988517,43.86322223400649
2026-01-16T11:09:00+05:30,25829.25,25837.05,25818.7,25822.95,25832.814723741387,38.98495557341921
2026-01-16T11:12:00+05:30,25822.45,25823.25,25801.85,25812.45,25827.72354280604,31.914944810512026
2026-01-16T11:15:00+05:30,25812.5,25823.4,25810,25811,25823.542657104532,31.008929984500398
2026-01-16T11:18:00+05:30,25811.4,25816.5,25801.25,25813,25820.9069928284,34.02292843709303
2026-01-16T11:21:00+05:30,25813.45,25820.4,25800.95,25800.95,25815.9177446213,26.02968700038201
2026-01-16T11:24:00+05:30,25803.2,25815.7,25801.35,25809.55,25814.325808465976,38.132166168503986
2026-01-16T11:27:00+05:30,25808.5,25818.9,25808.5,25813.25,25814.05685634948,42.82737668964663
2026-01-16T11:30:00+05:30,25813.15,25830.65,25806.85,25806.85,25812.25514226211,37.13948774602711
2026-01-16T11:33:00+05:30,25808.4,25812.15,25801.25,25810,25811.69135669658,41.593659888456756
2026-01-16T11:36:00+05:30,25809.75,25814.6,25797.15,25800.95,25809.006017522435,33.61088556302538
2026-01-16T11:39:00+05:30,25801.6,25810.55,25799.15,25804.85,25807.967013141824,39.4531484802939
2026-01-16T11:42:00+05:30,25804.45,25806.95,25797.4,25798.45,25805.587759856367,33.7645268686025
2026-01-16T11:45:00+05:30,25798.65,25798.7,25784.3,25788.3,25801.265819892276,26.653756374778737
2026-01-16T11:48:00+05:30,25788.7,25795.25,25783.35,25794.65,25799.611864919207,36.425916484239885
2026-01-16T11:51:00+05:30,25794.05,25799.45,25783.9,25795.15,25798.496398689407,37.19460906466697
2026-01-16T11:54:00+05:30,25794.9,25797.35,25788.5,25792.45,25796.984799017057,34.56185566221235
2026-01-16T11:57:00+05:30,25792.85,25794,25770.25,25775.75,25791.676099262793,22.876903813288948
2026-01-16T12:00:00+05:30,25775.65,25782.5,25773.45,25777.65,25788.169574447096,26.18923315515329
2026-01-16T12:03:00+05:30,25777.35,25794.45,25775.7,25790.15,25788.66468083532,44.48854847067234
2026-01-16T12:06:00+05:30,25790.45,25807.2,25789.25,25806.45,25793.11101062649,59.691709208187085
2026-01-16T12:09:00+05:30,25807.15,25814.95,25806.6,25810.95,25797.57075796987,62.95912386749651
2026-01-16T12:12:00+05:30,25810.9,25826.6,25809.7,25823.6,25804.0780684774,70.73830877815685
2026-01-16T12:15:00+05:30,25824.65,25829.2,25816.3,25822,25808.55855135805,68.61198652364703
2026-01-16T12:18:00+05:30,25821.25,25822.35,25811.6,25815.75,25810.356413518537,60.34541354103634
2026-01-16T12:21:00+05:30,25816.2,25818,25806.2,25815.85,25811.729810138902,60.43439716115858
2026-01-16T12:24:00+05:30,25815.7,25816.25,25801.6,25802.45,25809.409857604176,44.73947632760351
2026-01-16T12:27:00+05:30,25802.2,25802.7,25744.9,25752.1,25795.08239320313,20.921388164786805
2026-01-16T12:30:00+05:30,25752.05,25765.45,25737.8,25764.7,25787.486794902346,31.55912866713794
2026-01-16T12:33:00+05:30,25765.3,25773.45,25760.3,25771.7,25783.54009617676,37.04789678643472
2026-01-16T12:36:00+05:30,25771.65,25774.6,25753.9,25763.7,25778.58007213257,33.46906213844905
2026-01-16T12:39:00+05:30,25763.65,25771.25,25759.2,25763.05,25774.697554099424,33.16537032460414
2026-01-16T12:42:00+05:30,25762.7,25765.95,25758.8,25759.55,25770.910665574567,31.376824746257313
2026-01-16T12:45:00+05:30,25759.5,25764.3,25754.15,25762.3,25768.757999180925,34.60935232645086
2026-01-16T12:48:00+05:30,25762.2,25766.25,25745.95,25750.05,25764.080999385693,27.803014509757844
2026-01-16T12:51:00+05:30,25750.5,25759.95,25738.1,25759,25762.81074953927,38.16796648878994
2026-01-16T12:54:00+05:30,25759.35,25767.85,25756.25,25758.05,25761.62056215445,37.5012497925435
2026-01-16T12:57:00+05:30,25759.1,25761.75,25741.05,25744.4,25757.315421615836,29.00736412011895
2026-01-16T13:00:00+05:30,25745.65,25746.35,25724.45,25724.55,25749.124066211876,20.955005638767204
2026-01-16T13:03:00+05:30,25725.65,25731.4,25719.45,25723.25,25742.655549658906,20.519777356201786
2026-01-16T13:06:00+05:30,25724.15,25730,25719.2,25728.85,25739.20416224418,28.03187117080917
2026-01-16T13:09:00+05:30,25730.25,25730.95,25715.1,25716.85,25733.615621683133,22.674221408206265
2026-01-16T13:12:00+05:30,25717.55,25718.6,25704.1,25716.55,25729.34921626235,22.548523762461343
2026-01-16T13:15:00+05:30,25717.05,25723.1,25710.7,25713.9,25725.486912196764,21.329938895015616
2026-01-16T13:18:00+05:30,25714.85,25718,25703.5,25705.4,25720.46518414757,17.741896613612653
2026-01-16T13:21:00+05:30,25706.25,25708.1,25692.65,25698.75,25715.03638811068,15.380410590644686
2026-01-16T13:24:00+05:30,25699.5,25704.25,25662.4,25672.75,25704.46479108301,9.570092048832862
2026-01-16T13:27:00+05:30,25673.5,25702.1,25671.85,25702.1,25703.87359331226,39.61369512950814
2026-01-16T13:30:00+05:30,25701.65,25717.95,25694.05,25713.1,25706.180194984194,47.27323101752975
2026-01-16T13:33:00+05:30,25713.35,25719.75,25683.8,25687.3,25701.460146238147,35.09294209100533
2026-01-16T13:36:00+05:30,25688.3,25707.95,25686.2,25705.55,25702.48260967861,46.474311479640164
2026-01-16T13:39:00+05:30,25705.35,25707.95,25693.4,25705.15,25703.149457258958,46.26686000170142
2026-01-16T13:42:00+05:30,25704.45,25705.5,25690.3,25696.3,25701.43709294422,41.48669906126337
2026-01-16T13:45:00+05:30,25696.35,25710.1,25695.1,25708.95,25703.315319708163,50.08643518244312
2026-01-16T13:48:00+05:30,25709.1,25717.1,25704.9,25714.3,25706.06148978112,53.461288687579014
2026-01-16T13:51:00+05:30,25712.7,25713.4,25688.5,25688.5,25701.67111733584,38.728628576573044
2026-01-16T13:54:00+05:30,25689.2,25693.8,25676.5,25688.25,25698.31583800188,38.608349502897084
2026-01-16T13:57:00+05:30,25688.15,25688.4,25679.95,25684.3,25694.81187850141,36.51777275983552
2026-01-16T14:00:00+05:30,25683.7,25685,25677.4,25679.25,25690.921408876056,33.78880280032705
2026-01-16T14:03:00+05:30,25679.7,25688.7,25671.5,25682.85,25688.903556657042,37.663139088028956
2026-01-16T14:06:00+05:30,25681.05,25696.95,25678.45,25696,25690.677667492782,50.10517427727929
2026-01-16T14:09:00+05:30,25695.65,25696.65,25667.4,25695.1,25691.783250619585,49.319168409972875
2026-01-16T14:12:00+05:30,25694.55,25697.55,25685,25688.25,25690.89993796469,43.289168489475436
2026-01-16T14:15:00+05:30,25688.05,25688.1,25674.15,25675.1,25686.949953473515,33.98343169612404
2026-01-16T14:18:00+05:30,25674.55,25691.2,25671.7,25689.4,25687.562465105137,48.12983984251276
2026-01-16T14:21:00+05:30,25688.7,25689,25679.5,25685.2,25686.971848828853,44.83757052610654
2026-01-16T14:24:00+05:30,25685.55,25710.5,25684.55,25703.3,25691.053886621638,58.95407231942961
2026-01-16T14:27:00+05:30,25701.7,25710.15,25684.15,25697.7,25692.715414966227,53.968864948678515
2026-01-16T14:30:00+05:30,25697.8,25703.5,25686.9,25694.55,25693.174061224672,51.131425294008146
2026-01-16T14:33:00+05:30,25694,25710.6,25693.9,25708,25696.880545918502,61.27393144554173
2026-01-16T14:36:00+05:30,25708.1,25709.6,25680.7,25699.3,25697.485409438876,52.9765172696793
2026-01-16T14:39:00+05:30,25698.2,25708.35,25691.05,25706.1,25699.639057079155,58.144870230416274
2026-01-16T14:42:00+05:30,25705.7,25720.45,25705.7,25710.85,25702.441792809368,61.585689797950174
2026-01-16T14:45:00+05:30,25710.2,25716.15,25694,25699.75,25701.768844607024,50.30998805774807
2026-01-16T14:48:00+05:30,25698.95,25709.95,25692.95,25692.95,25699.564133455267,44.48837855866833
2026-01-16T14:51:00+05:30,25693.05,25704.45,25687.5,25696.65,25698.83560009145,48.28701772240169
2026-01-16T14:54:00+05:30,25696.2,25705.75,25693.75,25700.8,25699.32670006859,52.53704811625397
2026-01-16T14:57:00+05:30,25701.45,25711.9,25695.85,25707.2,25701.29502505144,58.651173089633545
2026-01-16T15:00:00+05:30,25706.35,25709.05,25695.85,25702.35,25701.558768788578,52.654335872491885
2026-01-16T15:03:00+05:30,25702.75,25704.65,25692.7,25694.05,25699.681576591433,43.72774240620305
2026-01-16T15:06:00+05:30,25693.8,25695.25,25687.05,25692.7,25697.936182443576,42.36485552031936
2026-01-16T15:09:00+05:30,25692.35,25695,25685.15,25686.35,25695.039636832684,36.177220363640004
2026-01-16T15:12:00+05:30,25686,25695.15,25682.8,25683.1,25692.054727624512,33.27522696344812
2026-01-16T15:15:00+05:30,25682.45,25698.6,25681.6,25697.15,25693.328545718385,52.49474937704277
2026-01-16T15:18:00+05:30,25697.8,25697.8,25691.1,25695.9,25693.971409288788,50.97084472123386
2026-01-16T15:21:00+05:30,25695.25,25705.7,25695.1,25696.15,25694.51605696659,51.3007135756629
2026-01-16T15:24:00+05:30,25695.4,25702.6,25693.6,25700.05,25695.899542724943,56.613396995859404
2026-01-16T15:27:00+05:30,25699.7,25710.75,25691.15,25699.15,25696.71215704371,54.998059051943834
2026-01-16T15:30:00+05:30,25701.9,25701.9,25694.35,25694.35,25696.12161778278,46.706000224503185
2026-01-19T09:06:00+05:30,25653.1,25653.1,25653.1,25653.1,25685.366213337085,18.59591740308305
2026-01-19T09:15:00+05:30,25653.3,25653.3,25528.3,25590.85,25661.737160002813,9.028793902433264
2026-01-19T09:18:00+05:30,25588,25603.85,25569.2,25595.45,25645.16537000211,12.892333919768788
2026-01-19T09:21:00+05:30,25593,25597.25,25577.15,25588.05,25630.88652750158,11.94057413719662
2026-01-19T09:24:00+05:30,25589.7,25591.25,25562.45,25562.65,25613.827395626187,9.21605603853078
2026-01-19T09:27:00+05:30,25562.35,25577.15,25554.75,25554.75,25599.05804671964,8.51135732958906
2026-01-19T09:30:00+05:30,25556.35,25565.4,25532.35,25562.6,25589.943535039733,15.960892196793495
2026-01-19T09:33:00+05:30,25561.2,25596.3,25561.2,25578,25586.9576512798,29.16240329155552
2026-01-19T09:36:00+05:30,25577.4,25590.35,25553.6,25556.45,25579.330738459852,23.210018025856854
2026-01-19T09:39:00+05:30,25555.55,25562.1,25547.75,25555.9,25573.47305384489,23.069809656866923
2026-01-19T09:42:00+05:30,25554.4,25570,25549.95,25565.6,25571.504790383668,31.57473981254391
2026-01-19T09:45:00+05:30,25564.75,25566.1,25554.3,25560.45,25568.74109278775,29.551114542039443
2026-01-19T09:48:00+05:30,25559.6,25562.2,25546,25558.35,25566.14331959081,28.676776254312784
2026-01-19T09:51:00+05:30,25557.5,25585,25556.5,25559.85,25564.569989693107,30.393013094773437
2026-01-19T09:54:00+05:30,25558.25,25563.05,25545.8,25553.9,25561.90249226983,27.347651990563875
2026-01-19T09:57:00+05:30,25551.95,25556.6,25540.15,25543.45,25557.28936920237,22.68930044569069
2026-01-19T10:00:00+05:30,25541.8,25542.25,25510.9,25516.55,25547.104526901778,15.010537763368077
2026-01-19T10:03:00+05:30,25515.35,25516.65,25506.95,25512.85,25538.54089517633,14.237332163358332
2026-01-19T10:06:00+05:30,25511.3,25527.15,25504.85,25527.15,25535.69317138225,30.402296533307208
2026-01-19T10:09:00+05:30,25527.05,25533.75,25518.3,25528.15,25533.807378536687,31.456330418625058
2026-01-19T10:12:00+05:30,25526.75,25539.1,25518.9,25527.9,25532.330533902517,31.317992772584958
2026-01-19T10:15:00+05:30,25526.55,25533.7,25525.2,25532.05,25532.260400426887,36.70853382127831
2026-01-19T10:18:00+05:30,25531.3,25547.6,25530.25,25544.95,25535.432800320166,50.73168186422542
2026-01-19T10:21:00+05:30,25544.15,25545.5,25524.1,25532,25534.574600240125,40.279417385048994
2026-01-19T10:24:00+05:30,25530.5,25540.75,25518.9,25520.8,25531.130950180093,33.34702324914801
2026-01-19T10:27:00+05:30,25519.85,25519.9,25496.25,25507.25,25525.160712635072,26.829522719217863
2026-01-19T10:30:00+05:30,25506.4,25527.95,25504.25,25517.9,25523.345534476306,37.9499883546686
2026-01-19T10:33:00+05:30,25518.1,25518.1,25504.95,25514.8,25521.20915085723,36.08746251772062
2026-01-19T10:36:00+05:30,25514.7,25517.8,25505,25509.2,25518.20686314292,32.704682763826014
2026-01-19T10:39:00+05:30,25509.45,25509.45,25494.35,25508.9,25515.88014735719,32.51419355373412
2026-01-19T10:42:00+05:30,25508.6,25520.2,25507.65,25513.55,25515.297610517893,38.94492933445141
2026-01-19T10:45:00+05:30,25513.85,25525.8,25511.9,25513.95,25514.960707888422,39.52327873543154
2026-01-19T10:48:00+05:30,25514.4,25519.3,25512.3,25515.8,25515.170530916315,42.46408298900507
2026-01-19T10:51:00+05:30,25516.8,25523.75,25515.75,25520.8,25516.577898187235,50.11315858311775
2026-01-19T10:54:00+05:30,25520.85,25531.6,25512.75,25531.6,25520.333423640426,62.63213323904325
2026-01-19T10:57:00+05:30,25532.15,25549.45,25531.2,25548.1,25527.27506773032,74.18081217960975
2026-01-19T11:00:00+05:30,25546.85,25551.2,25540.4,25546.75,25532.14380079774,72.05514335765065
2026-01-19T11:03:00+05:30,25546.15,25564.2,25545.7,25561.7,25539.532850598305,79.60554858016872
2026-01-19T11:06:00+05:30,25561.1,25561.1,25547.75,25551.5,25542.52463794873,65.51534747125488
2026-01-19T11:09:00+05:30,25551.9,25551.95,25532.15,25533.45,25540.255978461548,47.98166933812788
2026-01-19T11:12:00+05:30,25532.6,25539.3,25526.5,25538.4,25539.79198384616,52.08447559466849
2026-01-19T11:15:00+05:30,25538.15,25538.4,25527.5,25528.75,25537.03148788462,44.16228884041775
2026-01-19T11:18:00+05:30,25529,25531.1,25513.75,25514.9,25531.498615913464,35.19786550685116
2026-01-19T11:21:00+05:30,25514.8,25530.65,25508.7,25524.55,25529.761461935097,44.37605282470283
2026-01-19T11:24:00+05:30,25524.4,25524.7,25510.75,25513.1,25525.59609645132,37.10181179973032
2026-01-19T11:27:00+05:30,25513.45,25524.3,25512.4,25521.9,25524.672072338493,45.16199056560324
2026-01-19T11:30:00+05:30,25521.8,25521.8,25511.85,25516.3,25522.57905425387,41.23859131700535
2026-01-19T11:33:00+05:30,25516.9,25524.65,25512.7,25523.55,25522.821790690403,48.05464381297136
2026-01-19T11:36:00+05:30,25523.3,25530.9,25521.25,25530.75,25524.803843017802,54.20874401596356
2026-01-19T11:39:00+05:30,25530.9,25538.55,25530.6,25534.9,25527.32788226335,57.5876244425839
2026-01-19T11:42:00+05:30,25535.05,25547,25532.25,25545.9,25531.970911697514,65.46735680429282
2026-01-19T11:45:00+05:30,25546.05,25546.95,25535.2,25538.6,25533.628183773137,57.234447555961374
2026-01-19T11:48:00+05:30,25539.8,25543.5,25534.4,25542.1,25535.746137829854,60.0449996166148
2026-01-19T11:51:00+05:30,25541.85,25549.8,25534.05,25548.2,25538.85960337239,64.75483450187488
2026-01-19T11:54:00+05:30,25548.65,25549.9,25539.45,25543.75,25540.082202529295,58.8506147614863
2026-01-19T11:57:00+05:30,25544,25544,25524.85,25534.45,25538.674151896972,48.14702411801471
2026-01-19T12:00:00+05:30,25535.15,25535.25,25519,25521.15,25534.29311392273,36.93800905452492
2026-01-19T12:03:00+05:30,25521.5,25523.5,25517.5,25522.85,25531.43233544205,39.05387510767481
2026-01-19T12:06:00+05:30,25522.15,25523.95,25515.1,25516.65,25527.736751581535,34.17501107868789
2026-01-19T12:09:00+05:30,25517.15,25523.65,25512.75,25519.5,25525.67756368615,38.30817080820358
2026-01-19T12:12:00+05:30,25519.45,25532.75,25517.9,25532.65,25527.420672764612,53.892568084583054
2026-01-19T12:15:00+05:30,25532.4,25556.15,25531.1,25556.05,25534.578004573457,69.75459450257841
2026-01-19T12:18:00+05:30,25555.9,25556.25,25541.65,25543.1,25536.70850343009,57.076696227637825
2026-01-19T12:21:00+05:30,25543.2,25551.35,25537.5,25539.7,25537.45637757257,54.06673745992799
2026-01-19T12:24:00+05:30,25538.9,25540.05,25520.85,25523.55,25533.979783179428,41.83949437638915
2026-01-19T12:27:00+05:30,25523.2,25531.7,25518.35,25528.65,25532.647337384573,46.312657430471155
2026-01-19T12:30:00+05:30,25528.1,25531.4,25522.85,25529.15,25531.77300303843,46.780824984113394
2026-01-19T12:33:00+05:30,25528.75,25530.35,25520.4,25521.9,25529.304752278822,40.76697388434517
2026-01-19T12:36:00+05:30,25521.75,25522.3,25515.35,25517.55,25526.366064209116,37.401317778611144
2026-01-19T12:39:00+05:30,25517.8,25523.55,25511.45,25522.6,25525.424548156836,43.69698581241857
2026-01-19T12:42:00+05:30,25522.45,25528.05,25515.7,25527,25525.818411117627,48.91906611236544
2026-01-19T12:45:00+05:30,25526.95,25531.8,25518,25520.7,25524.53880833822,42.356592402692996
2026-01-19T12:48:00+05:30,25520.25,25524.5,25510.65,25519.95,25523.391606253666,41.58184403885153
2026-01-19T12:51:00+05:30,25519.7,25545.15,25518.05,25544.55,25528.68120469025,65.6351488376502
2026-01-19T12:54:00+05:30,25544.65,25553.75,25541.1,25550.5,25534.135903517687,69.21226688377607
2026-01-19T12:57:00+05:30,25550,25555.3,25542.65,25553.25,25538.914427638265,70.848489479639
2026-01-19T13:00:00+05:30,25553.05,25554.05,25546.05,25550.2,25541.7358207287,66.28994431505464
2026-01-19T13:03:00+05:30,25549.45,25554.15,25545.55,25553,25544.551865546524,68.46323486732295
2026-01-19T13:06:00+05:30,25552.4,25564.75,25550.9,25564.05,25549.426399159893,75.68167061345977
2026-01-19T13:09:00+05:30,25563.4,25565.25,25524.4,25529.65,25544.48229936992,41.32626580662791
2026-01-19T13:12:00+05:30,25529,25537.75,25522.65,25534.65,25542.024224527442,45.519990223577125
2026-01-19T13:15:00+05:30,25533.4,25537.85,25525,25527.6,25538.418168395583,40.730968586707654
2026-01-19T13:18:00+05:30,25527,25542.45,25526.2,25540.05,25538.826126296688,51.2893148648632
2026-01-19T13:21:00+05:30,25538.55,25547.35,25534.7,25539.65,25539.032094722515,50.949108768041164
2026-01-19T13:24:00+05:30,25539.15,25539.3,25525.85,25526.95,25536.011571041887,40.89997260185079
2026-01-19T13:27:00+05:30,25526.1,25530.7,25522.35,25529.95,25534.496178281413,43.94686002897109
2026-01-19T13:30:00+05:30,25529.45,25547.2,25529.45,25547.05,25537.63463371106,58.257739789884425
2026-01-19T13:33:00+05:30,25547.45,25553.15,25543.4,25552.1,25541.250975283292,61.632707323542775
2026-01-19T13:36:00+05:30,25551.3,25553.2,25544.5,25552.75,25544.125731462467,62.09294529677431
2026-01-19T13:39:00+05:30,25552.65,25564.8,25549.85,25555.6,25546.994298596852,64.28451904365409
2026-01-19T13:42:00+05:30,25555,25562.6,25543.2,25549.9,25547.72072394764,56.64331968310874
2026-01-19T13:45:00+05:30,25548.25,25557.05,25540.8,25554.75,25549.47804296073,61.219302831470294
2026-01-19T13:48:00+05:30,25556.45,25583.7,25542.15,25583.5,25557.983532220547,77.58228893632366
2026-01-19T13:51:00+05:30,25583.3,25604.9,25582.5,25595.35,25567.32514916541,81.36355554508015
2026-01-19T13:54:00+05:30,25594.05,25603.3,25585.95,25601.55,25575.881361874057,83.1032367809049
2026-01-19T13:57:00+05:30,25601.35,25611.7,25592.85,25598.75,25581.598521405544,79.20753033659858
2026-01-19T14:00:00+05:30,25597.85,25621.4,25597.65,25616.1,25590.223891054156,84.4703472938984
2026-01-19T14:03:00+05:30,25615.95,25630.65,25608.3,25626.95,25599.40541829062,86.89112381752287
2026-01-19T14:06:00+05:30,25626.75,25629.2,25619.15,25628.3,25606.629063717963,87.18118633372092
2026-01-19T14:09:00+05:30,25628.1,25628.4,25600.75,25602.25,25605.534297788472,58.19315148868202
2026-01-19T14:12:00+05:30,25602.8,25602.8,25587,25590.3,25601.725723341355,49.401970185260744
2026-01-19T14:15:00+05:30,25589.65,25594.15,25586.5,25588.45,25598.406792506015,48.08983300665768
2026-01-19T14:18:00+05:30,25588.2,25611.8,25587.9,25611.8,25601.75509437951,62.684306576674736
2026-01-19T14:21:00+05:30,25611.7,25615.35,25604.4,25610.55,25603.953820784634,61.60261101885473
2026-01-19T14:24:00+05:30,25610.5,25613.5,25602.05,25603.45,25603.827865588475,55.281137586949924
2026-01-19T14:27:00+05:30,25603.1,25606,25588.8,25592.3,25600.945899191356,46.53252602754961
2026-01-19T14:30:00+05:30,25591.95,25606.4,25591.75,25598.7,25600.384424393516,51.65591579575927
2026-01-19T14:33:00+05:30,25598.45,25606.75,25596.7,25600.5,25600.413318295137,53.12960421765686
2026-01-19T14:36:00+05:30,25599.6,25613.5,25598.05,25613.4,25603.659988721352,62.64933500696582
2026-01-19T14:39:00+05:30,25613,25617.65,25609.15,25610.5,25605.369991541014,59.480804053627274
2026-01-19T14:42:00+05:30,25610.15,25621.7,25606.85,25614.9,25607.75249365576,62.81020952130322
2026-01-19T14:45:00+05:30,25614.65,25623.05,25614.05,25618.4,25610.414370241822,65.44518512045772
2026-01-19T14:48:00+05:30,25618.25,25626.8,25613.25,25623.65,25613.72327768137,69.25704184743785
2026-01-19T14:51:00+05:30,25623.45,25636.25,25622.55,25626.5,25616.91745826103,71.26464086163722
2026-01-19T14:54:00+05:30,25625.95,25636.3,25618.95,25631.9,25620.663093695774,74.88943607271666
2026-01-19T14:57:00+05:30,25627.25,25630.8,25616.4,25628.95,25622.73482027183,69.31656584375628
2026-01-19T15:00:00+05:30,25629.3,25633.7,25606.95,25608.9,25619.276115203873,43.593629267355325
2026-01-19T15:03:00+05:30,25608.15,25616.05,25601.85,25605.3,25615.782086402905,40.449290499412804
2026-01-19T15:06:00+05:30,25604.95,25607.6,25594.2,25600.65,25611.999064802178,36.48374483538263
2026-01-19T15:09:00+05:30,25601.3,25603.65,25590.65,25591.2,25606.799298601632,29.60276905471683
2026-01-19T15:12:00+05:30,25590.25,25593.8,25585.7,25591.15,25602.886973951223,29.56834495261289
2026-01-19T15:15:00+05:30,25592.25,25594.1,25578.85,25578.85,25596.877730463417,22.169446954538117
2026-01-19T15:18:00+05:30,25580.1,25580.3,25553.75,25561.25,25587.970797847564,15.637297967730305
2026-01-19T15:21:00+05:30,25561.85,25562.8,25553.75,25553.95,25579.465598385672,13.685956162255735
2026-01-19T15:24:00+05:30,25556.35,25565.5,25550.45,25557.35,25573.936698789254,19.16699888334051
2026-01-19T15:27:00+05:30,25557.75,25560.25,25545.4,25555.5,25569.32752409194,18.424300740031498
2026-01-19T15:30:00+05:30,25557.3,25585.5,25557.3,25585.5,25573.370643068956,52.930362269783274
2026-01-20T09:06:00+05:30,25580.3,25580.3,25580.3,25580.3,25575.102982301716,48.75952777544633
2026-01-20T09:15:00+05:30,25585,25585,25528.4,25581.5,25576.702236726287,49.82401076491309
2026-01-20T09:18:00+05:30,25582.85,25582.85,25539.45,25553.1,25570.801677544714,31.6624278156131
2026-01-20T09:21:00+05:30,25557.2,25560.4,25514.1,25516.7,25557.276258158534,20.492676044856324
2026-01-20T09:24:00+05:30,25517.75,25520.95,25503.55,25510.55,25545.5946936189,19.160313425027283
2026-01-20T09:27:00+05:30,25511.75,25511.75,25484.1,25488.35,25531.283520214172,15.041742396375483
2026-01-20T09:30:00+05:30,25488.75,25499.25,25483.15,25494.3,25522.03764016063,20.392424271504026
2026-01-20T09:33:00+05:30,25495.35,25517.75,25480.95,25483.05,25512.290730120472,17.904948012081476
2026-01-20T09:36:00+05:30,25484.1,25484.1,25458.1,25463.75,25500.155547590355,14.39140771008519
2026-01-20T09:39:00+05:30,25464,25483.35,25453.9,25471.05,25492.879160692766,21.21376649061922
2026-01-20T09:42:00+05:30,25472,25485.2,25453.85,25467.5,25486.534370519574,20.296105655995532
2026-01-20T09:45:00+05:30,25468.95,25478.05,25456.4,25456.75,25479.08827788968,17.605555748844665
2026-01-20T09:48:00+05:30,25458.75,25464.2,25455.2,25461.25,25474.62870841726,22.615502859826307
2026-01-20T09:51:00+05:30,25463.7,25474.55,25450.25,25450.65,25468.634031312948,19.377526376874002
2026-01-20T09:54:00+05:30,25452,25464.15,25432.6,25447.45,25463.33802348471,18.44729489260942
2026-01-20T09:57:00+05:30,25448.65,25466.2,25442.5,25457.75,25461.94101761353,30.90342787838867
2026-01-20T10:00:00+05:30,25458.7,25476.05,25452.7,25463.8,25462.405763210147,37.45031607117751
2026-01-20T10:03:00+05:30,25464.9,25473.2,25455.55,25465.1,25463.07932240761,38.90156944847498
2026-01-20T10:06:00+05:30,25465.5,25486.05,25463.45,25480.6,25467.45949180571,53.80920317050791
2026-01-20T10:09:00+05:30,25481.3,25489.5,25470.9,25481.2,25470.894618854283,54.31263550633136
2026-01-20T10:12:00+05:30,25478.85,25480.9,25463.95,25468.7,25470.345964140713,42.93809259679261
2026-01-20T10:15:00+05:30,25471.65,25474.4,25457.35,25470.55,25470.396973105533,44.92950213895724
2026-01-20T10:18:00+05:30,25471.6,25492,25470.25,25485.6,25474.19772982915,58.631778211942965
2026-01-20T10:21:00+05:30,25486.95,25500.45,25479.05,25497,25479.898297371863,66.08832986806874
2026-01-20T10:24:00+05:30,25497.65,25498.2,25477.7,25478.75,25479.611223028896,49.44333282625934
2026-01-20T10:27:00+05:30,25481.15,25491.75,25474.55,25482.6,25480.358417271673,52.39428830897691
2026-01-20T10:30:00+05:30,25483.4,25488.05,25473.75,25485.15,25481.556312953755,54.44880754865161
2026-01-20T10:33:00+05:30,25486.55,25486.55,25471.7,25473.85,25479.629734715316,44.516368064386796
2026-01-20T10:36:00+05:30,25474.8,25504,25472.9,25502,25485.222301036487,63.740192576380046
2026-01-20T10:39:00+05:30,25502.7,25502.7,25486.35,25497.8,25488.366725777363,60.11465074525908
2026-01-20T10:42:00+05:30,25498.3,25498.3,25481,25482.45,25486.88754433302,48.38084536341983
2026-01-20T10:45:00+05:30,25483.45,25491.85,25477.95,25486.65,25486.828158249766,51.408501473533356
2026-01-20T10:48:00+05:30,25487.3,25488,25477.5,25477.5,25484.496118687326,44.73890443625072
2026-01-20T10:51:00+05:30,25479.5,25479.5,25463.55,25474.1,25481.897089015496,42.35663585615841
2026-01-20T10:54:00+05:30,25474,25474.1,25459.3,25461.25,25476.735316761624,34.30275231153874
2026-01-20T10:57:00+05:30,25462.2,25467.6,25456.7,25466.2,25474.101487571217,39.47487087459786
2026-01-20T11:00:00+05:30,25466.95,25466.95,25451.25,25461.2,25470.876115678413,36.123498428245846
2026-01-20T11:03:00+05:30,25461.4,25462.45,25452.4,25454.45,25466.76958675881,31.862923947699272
2026-01-20T11:06:00+05:30,25455.35,25455.5,25447.85,25454.15,25463.61469006911,31.66924592072297
2026-01-20T11:09:00+05:30,25455.25,25455.25,25447.8,25451.4,25460.56101755183,29.736215663982122
2026-01-20T11:12:00+05:30,25452.05,25455.55,25446.25,25449.6,25457.820763163872,28.41191080386244
2026-01-20T11:15:00+05:30,25450.6,25472.1,25443.85,25461.8,25458.815572372903,47.05637997887468
2026-01-20T11:18:00+05:30,25462.65,25463.55,25447.5,25450.1,25456.636679279676,36.438410031308166
2026-01-20T11:21:00+05:30,25451.35,25460.1,25444.65,25453.3,25455.802509459758,40.70748476694598
2026-01-20T11:24:00+05:30,25454.55,25454.65,25446.2,25452.5,25454.97688209482,39.925362462433135
2026-01-20T11:27:00+05:30,25453.4,25468.2,25452.1,25464.05,25457.245161571114,54.61347832610135
2026-01-20T11:30:00+05:30,25464,25468.2,25456.35,25464.75,25459.121371178335,55.38477396117084
2026-01-20T11:33:00+05:30,25466.2,25467.75,25452.55,25466.9,25461.06602838375,57.94566973560864
2026-01-20T11:36:00+05:30,25468.9,25471.2,25462.15,25468.35,25462.88702128781,59.76290740333407
2026-01-20T11:39:00+05:30,25469.3,25470.9,25460.15,25469.85,25464.62776596586,61.75733905945931
2026-01-20T11:42:00+05:30,25470.55,25472.9,25468.25,25469.7,25465.895824474395,61.40226109628196
2026-01-20T11:45:00+05:30,25470.95,25472.05,25461.7,25468.45,25466.534368355795,58.15166618512431
2026-01-20T11:48:00+05:30,25471.1,25475.35,25467.8,25474.55,25468.538276266845,67.8436356903918
2026-01-20T11:51:00+05:30,25475.9,25487.4,25470.95,25487.4,25473.253707200136,79.50761013874062
2026-01-20T11:54:00+05:30,25489.35,25492.5,25478.35,25479.3,25474.7652804001,62.764918781062825
2026-01-20T11:57:00+05:30,25480.85,25482.8,25470.6,25474.4,25474.673960300075,54.64380890347909
2026-01-20T12:00:00+05:30,25475.8,25476.4,25456.85,25457,25470.255470225056,35.57443642432264
2026-01-20T12:03:00+05:30,25457.85,25460.5,25449.5,25450.2,25465.241602668793,30.6911222980808
2026-01-20T12:06:00+05:30,25450.25,25455,25439.85,25439.85,25458.893702001595,24.676165257163746
2026-01-20T12:09:00+05:30,25440.7,25440.7,25427.25,25433.2,25452.470276501197,21.5153681005403
2026-01-20T12:12:00+05:30,25434.8,25439.65,25431.1,25437.35,25448.690207375897,28.210415227151913
2026-01-20T12:15:00+05:30,25439.05,25444.45,25433,25434.4,25445.117655531925,26.346554131604563
2026-01-20T12:18:00+05:30,25435.4,25438.1,25429.65,25437.1,25443.11324164894,31.200322061856653
2026-01-20T12:21:00+05:30,25438.25,25438.5,25421.45,25422.3,25437.909931236707,21.94987488135864
2026-01-20T12:24:00+05:30,25424.05,25431.6,25420.55,25429.25,25435.74494842753,32.85622173536264
2026-01-20T12:27:00+05:30,25429.75,25439.35,25427.25,25432.95,25435.04621132065,38.21825588193348
2026-01-20T12:30:00+05:30,25433.95,25435.3,25427.6,25430.2,25433.834658490487,35.74314680042727
2026-01-20T12:33:00+05:30,25430,25430.75,25422.15,25423.6,25431.275993867865,30.25657276341697
2026-01-20T12:36:00+05:30,25424.7,25431.75,25421.7,25427.75,25430.3944954009,37.31522055367944
2026-01-20T12:39:00+05:30,25429.5,25429.5,25411.7,25411.7,25425.720871550675,25.61699223505255
2026-01-20T12:42:00+05:30,25411.6,25421.6,25409,25409.75,25421.728153663007,24.52709257999348
2026-01-20T12:45:00+05:30,25411.95,25422.45,25405.1,25422.35,25421.883615247254,42.85520630747283
2026-01-20T12:48:00+05:30,25423.5,25428.4,25417.65,25428,25423.41271143544,49.29671346391706
2026-01-20T12:51:00+05:30,25428.75,25434.95,25422.4,25423.95,25423.547033576582,45.04994615328309
2026-01-20T12:54:00+05:30,25424.4,25430.5,25423.1,25428.15,25424.697775182438,50.236646903535906
2026-01-20T12:57:00+05:30,25429.6,25436.9,25426.5,25431.8,25426.473331386827,54.583062763213185
2026-01-20T13:00:00+05:30,25432.55,25433.7,25423.85,25429.05,25427.11749854012,50.69133885949041
2026-01-20T13:03:00+05:30,25429.3,25429.3,25421.3,25424.95,25426.57562390509,45.0983640722538
2026-01-20T13:06:00+05:30,25425.7,25425.7,25414.7,25418.9,25424.656717928818,37.89954298449514
2026-01-20T13:09:00+05:30,25419.95,25426.4,25416.4,25421.05,25423.755038446612,41.754277758222386
2026-01-20T13:12:00+05:30,25423.35,25424.55,25414.25,25415.95,25421.80377883496,35.633138174379326
2026-01-20T13:15:00+05:30,25416.3,25419.25,25410.55,25418.1,25420.877834126222,39.96198952637785
2026-01-20T13:18:00+05:30,25419.1,25434.5,25412.9,25434.5,25424.283375594667,62.44097881972396
2026-01-20T13:21:00+05:30,25435.2,25436.15,25418.45,25419.25,25423.025031696,44.404544255098706
2026-01-20T13:24:00+05:30,25420.2,25426.55,25413.3,25423.4,25423.118773772003,49.07478139013254
2026-01-20T13:27:00+05:30,25424.5,25424.5,25415.25,25416.75,25421.526580329002,42.41394660488823
2026-01-20T13:30:00+05:30,25418.05,25419.25,25412,25412.85,25419.35743524675,38.809807626895086
2026-01-20T13:33:00+05:30,25414.5,25414.5,25391.95,25391.95,25412.50557643506,25.34472756557743
2026-01-20T13:36:00+05:30,25391.8,25393.85,25374.55,25378.9,25404.104182326297,20.23139260464079
2026-01-20T13:39:00+05:30,25379.8,25379.8,25361.45,25370.25,25395.640636744723,17.500963197017967
2026-01-20T13:42:00+05:30,25372.3,25379.6,25370.1,25372.45,25389.842977558543,20.67750731253031
2026-01-20T13:45:00+05:30,25372.75,25374.35,25365.2,25368.45,25384.494733168907,19.11618908185592
2026-01-20T13:48:00+05:30,25369.25,25370.75,25360.25,25362.95,25379.10854987668,17.050861002589258
2026-01-20T13:51:00+05:30,25365.2,25376,25362.75,25372.1,25377.35641240751,31.42984108579222
2026-01-20T13:54:00+05:30,25373.9,25374.65,25364.3,25367.55,25374.904809305634,28.55787576249223
2026-01-20T13:57:00+05:30,25369.25,25378.65,25366.05,25369.65,25373.591106979227,31.90819757398954
2026-01-20T14:00:00+05:30,25371.75,25373.05,25365,25368,25372.19333023442,30.593073538108285
2026-01-20T14:03:00+05:30,25368.65,25389.2,25349.55,25360.8,25369.344997675813,25.287163308897632
2026-01-20T14:06:00+05:30,25361.3,25363.3,25349.35,25358.3,25366.58374825686,23.627182650732564
2026-01-20T14:09:00+05:30,25358.15,25365.35,25347.55,25362.15,25365.475311192647,31.68448683758689
2026-01-20T14:12:00+05:30,25361.1,25363.5,25354.75,25360.75,25364.293983394484,30.327123054287085
2026-01-20T14:15:00+05:30,25361.45,25374.2,25359.9,25374.2,25366.770487545862,52.92898370671223
2026-01-20T14:18:00+05:30,25375.3,25376.75,25352.95,25356.6,25364.227865659395,35.398268314984335
2026-01-20T14:21:00+05:30,25358.2,25366,25355,25365.55,25364.558399244546,46.00776020270083
2026-01-20T14:24:00+05:30,25363.1,25383.7,25361.7,25377,25367.66879943341,56.636936746141195
2026-01-20T14:27:00+05:30,25375.85,25392.35,25372.1,25389.45,25373.114099575057,65.30218577448514
2026-01-20T14:30:00+05:30,25390.4,25394.1,25378.2,25382.5,25375.460574681292,57.78219400684838
2026-01-20T14:33:00+05:30,25382.3,25387,25373.15,25373.15,25374.88293101097,48.937116911374865
2026-01-20T14:36:00+05:30,25375,25375,25361.7,25362.25,25371.724698258226,40.50433646532367
2026-01-20T14:39:00+05:30,25363,25366.2,25347.1,25347.2,25365.59352369367,31.703936752980894
2026-01-20T14:42:00+05:30,25346.55,25347.35,25332.95,25344.15,25360.232642770254,30.154875656219403
2026-01-20T14:45:00+05:30,25344.65,25355.25,25341,25351.95,25358.16198207769,39.04139922378311
2026-01-20T14:48:00+05:30,25351.65,25353.7,25344.35,25348.75,25355.808986558266,36.80035719468375
2026-01-20T14:51:00+05:30,25349.55,25349.55,25326.35,25331.7,25349.7817399187,27.12256026837477
2026-01-20T14:54:00+05:30,25332.65,25342.8,25329.9,25333.6,25345.736304939026,29.531873165310245
2026-01-20T14:57:00+05:30,25335.4,25337.75,25311.45,25311.7,25337.22722870427,20.443405810496287
2026-01-20T15:00:00+05:30,25310.15,25311,25265.3,25271.2,25320.720421528204,12.285821666529074
2026-01-20T15:03:00+05:30,25272.5,25290.7,25269.65,25289.15,25312.827816146153,27.28846672448357
2026-01-20T15:06:00+05:30,25288.9,25290.6,25276.2,25278.3,25304.195862109613,24.351277900971496
2026-01-20T15:09:00+05:30,25277.8,25280.2,25222.25,25223.9,25284.12189658221,14.943048612740384
2026-01-20T15:12:00+05:30,25223.65,25231.15,25213.85,25217.05,25267.353922436658,14.140468496267673
2026-01-20T15:15:00+05:30,25215.05,25239.3,25208.7,25213.8,25253.965441827495,13.732215504287964
2026-01-20T15:18:00+05:30,25211.4,25212.1,25189.35,25191.8,25238.42408137062,11.182505406282786
2026-01-20T15:21:00+05:30,25188.95,25193.55,25182,25188.25,25225.880561027967,10.804828413056867
2026-01-20T15:24:00+05:30,25186.25,25195.2,25171.35,25193.4,25217.760420770974,15.62771332305482
2026-01-20T15:27:00+05:30,25192.35,25230.35,25191.8,25225.35,25219.65781557823,39.35982652113534
2026-01-20T15:30:00+05:30,25225.45,25232.5,25225.45,25232.5,25222.86836168367,43.50843247407932
2026-01-21T09:06:00+05:30,25141,25141,25141,25141,25202.401271262752,21.523716577700284
2026-01-21T09:15:00+05:30,25145.8,25254,25130.15,25238.2,25211.350953447065,51.74366488968148
2026-01-21T09:18:00+05:30,25238.1,25277.75,25203.65,25204.85,25209.725715085297,44.8328673657185
2026-01-21T09:21:00+05:30,25204.9,25234.8,25185.95,25207.8,25209.244286313973,45.58289861023222
2026-01-21T09:24:00+05:30,25206.65,25254.6,25201.7,25247.25,25218.74571473548,55.10564939668535
2026-01-21T09:27:00+05:30,25247.95,25248.35,25199.35,25199.95,25214.04678605161,44.26914781283081
2026-01-21T09:30:00+05:30,25201.95,25248.15,25199,25238.6,25220.185089538707,53.06750798062854
2026-01-21T09:33:00+05:30,25238.05,25251.3,25217.6,25229.95,25222.62631715403,50.96660890690693
2026-01-21T09:36:00+05:30,25230.85,25239.85,25188.2,25192.95,25215.20723786552,42.55855033871995
2026-01-21T09:39:00+05:30,25193.25,25215.95,25187.9,25191.2,25209.205428399142,42.17462713969622
2026-01-21T09:42:00+05:30,25191.15,25223.75,25191,25199.45,25206.766571299355,44.9080592425806
2026-01-21T09:45:00+05:30,25199.65,25206.2,25173.3,25183.55,25200.962428474515,40.59350111527694
2026-01-21T09:48:00+05:30,25184.9,25212.3,25179.65,25185.15,25197.009321355887,41.25609058709382
2026-01-21T09:51:00+05:30,25184.75,25209.65,25184.75,25185.55,25194.144491016916,41.446570729216205
2026-01-21T09:54:00+05:30,25185,25202.5,25168.05,25202.5,25196.233368262685,49.53611480219943
2026-01-21T09:57:00+05:30,25203.15,25207.25,25158.1,25158.7,25186.850026197015,34.97059638800087
2026-01-21T10:00:00+05:30,25158.95,25165.8,25143.6,25147.55,25177.02501964776,32.161968676239354
2026-01-21T10:03:00+05:30,25147.5,25173.95,25147.5,25168.3,25174.843764735822,42.234718649512665
2026-01-21T10:06:00+05:30,25169.05,25169.85,25151.15,25159.7,25171.057823551866,39.40554687417926
2026-01-21T10:09:00+05:30,25159.4,25160.4,25140.65,25146.2,25164.8433676639,35.09955303312343
2026-01-21T10:12:00+05:30,25146.4,25178.95,25137.95,25153.25,25161.945025747926,39.150663015543614
2026-01-21T10:15:00+05:30,25153.8,25159.1,25143.15,25158.5,25161.083769310942,42.28080192224585
2026-01-21T10:18:00+05:30,25157.8,25158.75,25136.3,25143.35,25156.650326983206,36.039359808600835
2026-01-21T10:21:00+05:30,25142.9,25145.5,25111.6,25113.1,25145.762745237404,26.817483559081253
2026-01-21T10:24:00+05:30,25113.05,25116.75,25092.2,25103.5,25135.197058928054,24.496661874226476
2026-01-21T10:27:00+05:30,25103.4,25120.5,25096.4,25096.4,25125.49779419604,22.794547893917695
2026-01-21T10:30:00+05:30,25096.75,25102.5,25086.5,25096.35,25118.21084564703,22.78154250624067
2026-01-21T10:33:00+05:30,25095,25099.65,25085.2,25094.5,25112.283134235273,22.23395004691254
2026-01-21T10:36:00+05:30,25094.8,25098.95,25080.7,25083.8,25105.162350676455,19.1310242260534
2026-01-21T10:39:00+05:30,25083.85,25100.3,25059.95,25060.8,25094.07176300734,14.171318792979918
2026-01-21T10:42:00+05:30,25061.7,25063.35,25026.2,25029,25077.803822255504,9.992606157658699
2026-01-21T10:45:00+05:30,25029.1,25030.8,25010.45,25023.25,25064.165366691628,9.40742476707642
2026-01-21T10:48:00+05:30,25023.9,25023.9,25006.35,25009.05,25050.386525018723,8.049306769534283
2026-01-21T10:51:00+05:30,25010.15,25019.3,25005.2,25006.15,25039.32739376404,7.781640076542217
2026-01-21T10:54:00+05:30,25006.45,25007,24919.8,24923,25010.24554532303,3.6838538812370416
2026-01-21T10:57:00+05:30,24922.65,25006.6,24922.65,24993.6,25006.08415899227,36.702234608386384
2026-01-21T11:00:00+05:30,24991.8,25009.45,24987.05,24998.7,25004.238119244204,38.47964522542478
2026-01-21T11:03:00+05:30,24995,24996.9,24979.85,24985.75,24999.616089433155,35.524531916415015
2026-01-21T11:06:00+05:30,24985.85,24998.3,24975,24994.85,24998.424567074864,39.3434405226956
2026-01-21T11:09:00+05:30,24994.9,25024.8,24994.9,25019.8,25003.76842530615,49.005020066226635
2026-01-21T11:12:00+05:30,25019.1,25070.1,25019.05,25054.75,25016.513818979613,59.53780505468818
2026-01-21T11:15:00+05:30,25055.4,25068.65,25036.6,25065.9,25028.860364234708,62.42631619471553
2026-01-21T11:18:00+05:30,25064.9,25077.2,25050.85,25060.3,25036.72027317603,59.919886429219495
2026-01-21T11:21:00+05:30,25058,25062.4,25047.6,25052.65,25040.702704882024,56.316243846287286
2026-01-21T11:24:00+05:30,25050.55,25063.75,25039.9,25043.05,25041.289528661517,51.758894625251436
2026-01-21T11:27:00+05:30,25042.85,25056.5,25026.6,25029.15,25038.254646496138,45.53434316960872
2026-01-21T11:30:00+05:30,25028,25071.2,25024.45,25061.2,25043.990984872104,58.84745986762776
2026-01-21T11:33:00+05:30,25060.5,25063.75,25041.9,25049.35,25045.330738654076,53.23455445993269
2026-01-21T11:36:00+05:30,25049.3,25061.55,25039.35,25040,25043.99805399056,48.93776400752979
2026-01-21T11:39:00+05:30,25039.95,25048.55,25035.6,25043.45,25043.86104049292,50.65239589613789
2026-01-21T11:42:00+05:30,25043.05,25051.5,25040.05,25040.05,25042.90828036969,48.76950136159836
2026-01-21T11:45:00+05:30,25041,25063.4,25040.9,25062.75,25047.868710277267,60.27249794412756
2026-01-21T11:48:00+05:30,25063.15,25064.15,25047.6,25057.75,25050.33903270795,56.98451038447628
2026-01-21T11:51:00+05:30,25057.5,25080.25,25056.85,25067.85,25054.716774530963,61.88465591716898
2026-01-21T11:54:00+05:30,25068.45,25072.8,25053.8,25056.6,25055.187580898222,53.9048890586601
2026-01-21T11:57:00+05:30,25056.05,25070.45,25048.75,25069.85,25058.853185673666,60.842803750998385
2026-01-21T12:00:00+05:30,25069.1,25104.7,25063.85,25104.7,25070.31488925525,73.21407702653597
2026-01-21T12:03:00+05:30,25105.85,25128.4,25105.85,25117.2,25082.036166941438,76.34186521065361
2026-01-21T12:06:00+05:30,25116.2,25121.8,25103.3,25117.45,25090.88962520608,76.40614971852855
2026-01-21T12:09:00+05:30,25117.3,25118.35,25106.45,25115.15,25096.954718904562,74.24092094719221
2026-01-21T12:12:00+05:30,25114.9,25136.15,25113.1,25136.15,25106.753539178422,80.21371967672799
2026-01-21T12:15:00+05:30,25135.15,25137.6,25122.65,25135.95,25114.052654383817,80.00759203309835
2026-01-21T12:18:00+05:30,25135.85,25167.9,25134.45,25163,25126.28949078786,85.77540865789143
2026-01-21T12:21:00+05:30,25162.95,25183.6,25145.8,25181.55,25140.104618090896,88.44297797830907
2026-01-21T12:24:00+05:30,25181.9,25187.9,25160.2,25168.25,25147.14096356817,76.4504562548359
2026-01-21T12:27:00+05:30,25168.1,25168.35,25118.5,25133.2,25143.65572267613,53.95619835787063
2026-01-21T12:30:00+05:30,25133.9,25171.25,25132,25168,25149.741792007095,65.66005904696829
2026-01-21T12:33:00+05:30,25167.9,25192.5,25163.55,25191.3,25160.13134400532,71.3488884651509
2026-01-21T12:36:00+05:30,25191.05,25214.45,25191.05,25213.2,25173.39850800399,75.75349824734937
2026-01-21T12:39:00+05:30,25212.4,25245.85,25212.4,25241.7,25190.473881002992,80.34184519147075
2026-01-21T12:42:00+05:30,25240.4,25241.8,25218.35,25226.7,25199.530410752246,71.97810112018078
2026-01-21T12:45:00+05:30,25225.9,25262.95,25225.1,25254.95,25213.385308064186,77.19451682646398
2026-01-21T12:48:00+05:30,25255.15,25285.7,25254.55,25266,25226.53898104814,78.98015990878181
2026-01-21T12:51:00+05:30,25265.5,25291.5,25263.75,25290.8,25242.604235786104,82.55640698325709
2026-01-21T12:54:00+05:30,25289.85,25294.4,25269.95,25269.95,25249.44067683958,70.7498143137869
2026-01-21T12:57:00+05:30,25269.6,25279.75,25256,25279.4,25256.930507629684,72.80625134085332
2026-01-21T13:00:00+05:30,25279.1,25296,25273.75,25294.55,25266.335380722263,75.96656538860412
2026-01-21T13:03:00+05:30,25294.35,25300.95,25286.35,25288.85,25271.964035541696,72.27946385382661
2026-01-21T13:06:00+05:30,25289.65,25293.7,25269.05,25285.75,25275.410526656273,70.12003761541817
2026-01-21T13:09:00+05:30,25286.1,25287.4,25221.5,25228.2,25263.607894992205,42.572490574632624
2026-01-21T13:12:00+05:30,25227.4,25241.6,25225.4,25237.45,25257.068421244156,46.512829774584816
2026-01-21T13:15:00+05:30,25237.6,25240.85,25209,25225.65,25249.213815933115,42.20314498054468
2026-01-21T13:18:00+05:30,25225.15,25242.4,25210.6,25225.7,25243.335361949838,42.22960638302828
2026-01-21T13:21:00+05:30,25223,25225.95,25196.05,25222.95,25238.239021462377,41.02440284312206
2026-01-21T13:24:00+05:30,25222.5,25225.4,25200.75,25204.65,25229.841766096783,33.583375560771344
2026-01-21T13:27:00+05:30,25205.3,25218.75,25203.6,25210.4,25224.98132457259,37.724080835527566
2026-01-21T13:30:00+05:30,25210.75,25219.9,25187.5,25187.5,25215.610993429444,29.250828814835927
2026-01-21T13:33:00+05:30,25186.1,25194.95,25177.05,25182.35,25207.295745072082,27.62295715236779
2026-01-21T13:36:00+05:30,25181.4,25211.8,25174.25,25207.65,25207.384308804063,45.12585124477897
2026-01-21T13:39:00+05:30,25207.2,25238.25,25185.85,25191.75,25203.47573160305,38.32963609696266
2026-01-21T13:42:00+05:30,25190.25,25201.45,25173.35,25195.7,25201.531798702286,40.90898403286814
2026-01-21T13:45:00+05:30,25195.15,25208.9,25188.45,25208.9,25203.373849026713,49.19365059956906
2026-01-21T13:48:00+05:30,25207.6,25208.2,25179.95,25179.95,25197.517886770034,36.20545075506091
2026-01-21T13:51:00+05:30,25179.6,25184.6,25163,25166.05,25189.650915077524,31.540739150830447
2026-01-21T13:54:00+05:30,25164.45,25171.55,25157.7,25160.85,25182.45068630814,29.861554027354387
2026-01-21T13:57:00+05:30,25160.65,25164.35,25148.45,25153.25,25175.150514731104,27.37636445086143
2026-01-21T14:00:00+05:30,25151.1,25158.85,25136.35,25144.8,25167.562886048327,24.708945479319354
2026-01-21T14:03:00+05:30,25144.1,25151.8,25138.05,25151.55,25163.559664536246,30.97660812220343
2026-01-21T14:06:00+05:30,25150.5,25155.2,25145,25151.95,25160.657248402185,31.371582772878455
2026-01-21T14:09:00+05:30,25151.85,25160.3,25134.85,25138.7,25155.167936301637,25.690317428721727
2026-01-21T14:12:00+05:30,25138.1,25150.1,25132.85,25136.7,25150.55095222623,24.8963454922536
2026-01-21T14:15:00+05:30,25137.45,25190.65,25129.8,25188.35,25160.00071416967,61.10949873712923
2026-01-21T14:18:00+05:30,25191.1,25202.05,25159.9,25178.3,25164.575535627253,55.08049400653462
2026-01-21T14:21:00+05:30,25176.9,25181.15,25141.35,25142,25158.93165172044,38.9057333728688
2026-01-21T14:24:00+05:30,25141.75,25155.9,25130.15,25130.35,25151.78623879033,35.05170207360659
2026-01-21T14:27:00+05:30,25131.1,25143.55,25120,25120.85,25144.052179092745,32.032850965389954
2026-01-21T14:30:00+05:30,25120.25,25151,25119.85,25145.85,25144.50163431956,46.24642066354026
2026-01-21T14:33:00+05:30,25144.9,25166.4,25144.5,25146.5,25145.00122573967,46.585253444188744
2026-01-21T14:36:00+05:30,25147.25,25162.4,25140.8,25158.65,25148.413419304754,53.04047872581853
2026-01-21T14:39:00+05:30,25159.25,25161.15,25149.3,25156.7,25150.485064478566,51.866811690939855
2026-01-21T14:42:00+05:30,25155.8,25163.2,25135,25150.1,25150.388798358923,47.69904614972048
2026-01-21T14:45:00+05:30,25149,25158.45,25147.4,25157.75,25152.229098769192,52.82516218144544
2026-01-21T14:48:00+05:30,25157.1,25158.25,25142.65,25153.5,25152.546824076893,49.66982525794749
2026-01-21T14:51:00+05:30,25153.25,25164.05,25143.15,25148.25,25151.47261805767,45.73295312386163
2026-01-21T14:54:00+05:30,25148.75,25157.8,25146.15,25152.65,25151.766963543254,49.63612751602935
2026-01-21T14:57:00+05:30,25152.1,25157.45,25137.65,25143.15,25149.61272265744,42.02265219411389
2026-01-21T15:00:00+05:30,25143.75,25166,25135.35,25141.25,25147.522041993077,40.57062891816132
2026-01-21T15:03:00+05:30,25142.2,25182.5,25141.55,25171.7,25153.56653149481,63.89591398893334
2026-01-21T15:06:00+05:30,25171.3,25178.15,25156.8,25175.3,25158.999898621107,65.75007499819253
2026-01-21T15:09:00+05:30,25175.45,25175.7,25151.95,25154.4,25157.84992396583,48.781748074304446
2026-01-21T15:12:00+05:30,25154.25,25159.75,25144.75,25155,25157.137442974374,49.22066420329645
2026-01-21T15:15:00+05:30,25155.2,25160.4,25145.85,25160.2,25157.90308223078,53.26972251401927
2026-01-21T15:18:00+05:30,25160.25,25162.2,25154,25154.25,25156.989811673084,48.14491187379476
2026-01-21T15:21:00+05:30,25154.8,25155.2,25140.55,25152.5,25155.86735875481,46.606365819610254
2026-01-21T15:24:00+05:30,25152.9,25164.6,25145.8,25163.55,25157.78801906611,56.78075412247843
2026-01-21T15:27:00+05:30,25164.3,25171.7,25152.8,25168.1,25160.36601429958,60.405286165059714
2026-01-21T15:30:00+05:30,25167.5,25167.5,25157.5,25157.5,25159.649510724685,49.1924711665098
2026-01-22T09:06:00+05:30,25344.15,25344.15,25344.15,25344.15,25205.774633043515,89.44449353469287
2026-01-22T09:15:00+05:30,25352.4,25355.6,25305.85,25314.6,25232.980974782637,78.0267695427691
2026-01-22T09:18:00+05:30,25314.75,25329.5,25302.45,25329.3,25257.06073108698,79.54238027428207
2026-01-22T09:21:00+05:30,25328.65,25345.35,25328.65,25338,25277.295548315233,80.4723983217863
2026-01-22T09:24:00+05:30,25337.5,25361.9,25327.35,25359.95,25297.959161236424,82.77705272017639
2026-01-22T09:27:00+05:30,25359.8,25395.75,25359.35,25386.65,25320.13187092732,85.24784333534191
2026-01-22T09:30:00+05:30,25385.2,25407.3,25385.2,25404.75,25341.28640319549,86.75106660774674
2026-01-22T09:33:00+05:30,25404.95,25417.25,25399.45,25415.7,25359.889802396618,87.6399991580444
2026-01-22T09:36:00+05:30,25416.7,25425.7,25410.45,25410.45,25372.529851797462,84.46983668401194
2026-01-22T09:39:00+05:30,25407.85,25412.25,25395.15,25403.75,25380.334888848098,80.1530414211245
2026-01-22T09:42:00+05:30,25403.35,25405.25,25387,25395.95,25384.238666636073,74.95066383097088
2026-01-22T09:45:00+05:30,25395.05,25423.9,25390.2,25423.3,25394.003999977052,80.20623375465495
2026-01-22T09:48:00+05:30,25421.9,25431.85,25418.8,25430.85,25403.21549998279,81.45906246909118
2026-01-22T09:51:00+05:30,25432.75,25435.75,25402.95,25402.95,25403.149124987092,63.99600868727331
2026-01-22T09:54:00+05:30,25402.6,25403.75,25379.2,25387.95,25399.34934374032,56.4106559808053
2026-01-22T09:57:00+05:30,25389.3,25407.3,25387.8,25394.55,25398.14950780524,58.91071868934185
2026-01-22T10:00:00+05:30,25395.3,25411.65,25363.3,25374.35,25392.19963085393,48.896777613126886
2026-01-22T10:03:00+05:30,25374.5,25388.25,25364.5,25386,25390.64972314045,54.14181857563844
2026-01-22T10:06:00+05:30,25385.8,25386.2,25371.65,25378.25,25387.549792355338,50.1472465432544
2026-01-22T10:09:00+05:30,25379.2,25387.15,25364.45,25385.6,25387.062344266502,53.90976602068126
2026-01-22T10:12:00+05:30,25388,25399.05,25373.2,25376,25384.296758199875,48.34930815488617
2026-01-22T10:15:00+05:30,25376.5,25388.55,25366.65,25368.4,25380.322568649906,44.14394594672648
2026-01-22T10:18:00+05:30,25368.25,25369.9,25326.25,25330.55,25367.87942648743,29.32425351985549
2026-01-22T10:21:00+05:30,25330.65,25352.55,25327.45,25340.3,25360.984569865574,35.80133766952066
2026-01-22T10:24:00+05:30,25340.45,25351,25331.65,25334.1,25354.26342739918,33.522175665352876
2026-01-22T10:27:00+05:30,25334,25334.75,25290.2,25291.9,25338.672570549385,22.266088898508215
2026-01-22T10:30:00+05:30,25292.9,25292.9,25245.25,25269.8,25321.45442791204,18.4757074062489
2026-01-22T10:33:00+05:30,25269.25,25316.75,25269.25,25312.45,25319.20332093403,41.06436802560915
2026-01-22T10:36:00+05:30,25312.05,25332.5,25307,25307.65,25316.31499070052,39.6228561944751
2026-01-22T10:39:00+05:30,25306.9,25311.65,25284.65,25299.05,25311.99874302539,36.91421947762309
2026-01-22T10:42:00+05:30,25297.2,25301.2,25289.2,25295.35,25307.83655726904,35.689612095349446
2026-01-22T10:45:00+05:30,25294.85,25298.45,25283.55,25284.55,25302.014917951783,32.06693627112827
2026-01-22T10:48:00+05:30,25284.7,25288.5,25266.35,25270.45,25294.12368846384,27.773025761643055
2026-01-22T10:51:00+05:30,25269.6,25275.7,25255.1,25266.4,25287.19276634788,26.580306573350754
2026-01-22T10:54:00+05:30,25265.25,25276.7,25264.9,25270.85,25283.10707476091,30.411250697710372
2026-01-22T10:57:00+05:30,25271.55,25274.75,25221.7,25221.7,25267.75530607068,18.184603380043896
2026-01-22T11:00:00+05:30,25221.65,25240.9,25216.8,25230.95,25258.553979553013,24.821032505549752
2026-01-22T11:03:00+05:30,25230.9,25248.95,25223.35,25223.35,25249.75298466476,23.030349934243162
2026-01-22T11:06:00+05:30,25223.9,25224.05,25206.95,25219.1,25242.08973849857,21.99509631200084
2026-01-22T11:09:00+05:30,25218.65,25234.95,25217.75,25219.95,25236.55480387393,22.80477635863552
2026-01-22T11:12:00+05:30,25220.7,25220.8,25201.9,25215.75,25231.353602905445,21.517251893257765
2026-01-22T11:15:00+05:30,25215.95,25232.4,25215.95,25217.55,25227.902702179083,23.67193752332173
2026-01-22T11:18:00+05:30,25215.6,25224.65,25211.25,25224.65,25227.089526634314,32.23357652945333
2026-01-22T11:21:00+05:30,25224.45,25241.05,25224.45,25236,25229.317144975736,43.957533531980616
2026-01-22T11:24:00+05:30,25236.4,25280.55,25235.85,25268.2,25239.0378587318,64.36362926651597
2026-01-22T11:27:00+05:30,25269.7,25273.65,25245.3,25247.25,25241.09089404885,50.426421505554956
2026-01-22T11:30:00+05:30,25246.85,25254.75,25232.2,25247.9,25242.79317053664,50.8119627648218
2026-01-22T11:33:00+05:30,25247.4,25257.05,25245.85,25252.75,25245.28237790248,53.930892306109264
2026-01-22T11:36:00+05:30,25252.7,25259.15,25238.1,25241.95,25244.44928342686,46.303309813543834
2026-01-22T11:39:00+05:30,25242.6,25243.35,25217.4,25218.65,25237.999462570144,34.14743230313675
2026-01-22T11:42:00+05:30,25218.25,25218.9,25197.8,25206.85,25230.212096927607,29.56199376919379
2026-01-22T11:45:00+05:30,25205.9,25211.6,25180.65,25183.65,25218.571572695706,22.600607848957452
2026-01-22T11:48:00+05:30,25184.5,25226.4,25177.85,25218.4,25218.52867952178,45.1653611788486
2026-01-22T11:51:00+05:30,25219.05,25221.5,25198.6,25205.05,25215.159009641335,39.94576367194647
2026-01-22T11:54:00+05:30,25205.15,25211.35,25198.3,25201.6,25211.769257231,38.600794320124606
2026-01-22T11:57:00+05:30,25202.15,25204.6,25185.9,25188.2,25205.87694292325,33.49101175276802
2026-01-22T12:00:00+05:30,25188.8,25198.3,25183.3,25188.65,25201.57020719244,33.83417000601055
2026-01-22T12:03:00+05:30,25189.25,25218.75,25186.85,25218.75,25205.865155394327,52.827582875447646
2026-01-22T12:06:00+05:30,25219.45,25238.6,25211.25,25235.75,25213.336366545744,60.330863748290746
2026-01-22T12:09:00+05:30,25236.85,25241.5,25215.55,25219.3,25214.82727490931,51.146613155527994
2026-01-22T12:12:00+05:30,25219.25,25239,25217.05,25237.1,25220.39545618198,59.021755628094134
2026-01-22T12:15:00+05:30,25237.15,25244.35,25216.05,25241.6,25225.696592136486,60.88163074956792
2026-01-22T12:18:00+05:30,25239.85,25277.5,25233.05,25272.9,25237.497444102366,71.41110027374461
2026-01-22T12:21:00+05:30,25271.45,25277.3,25241.95,25245.95,25239.610583076774,56.21205153990195
2026-01-22T12:24:00+05:30,25245.2,25249.15,25236.55,25237.55,25239.09543730758,52.17399771142
2026-01-22T12:27:00+05:30,25236.95,25261.35,25236.95,25255.25,25243.134077980685,59.3522672901202
2026-01-22T12:30:00+05:30,25254.6,25258,25242.55,25246.4,25243.950558485514,54.5741231740708
2026-01-22T12:33:00+05:30,25245.65,25271.3,25244.55,25259.05,25247.725418864135,59.95075510875308
2026-01-22T12:36:00+05:30,25260.05,25260.05,25232.25,25251.15,25248.581564148102,55.19126234248517
2026-01-22T12:39:00+05:30,25250.45,25257.15,25225.85,25226.55,25243.073673111077,42.836491115797564
2026-01-22T12:42:00+05:30,25226.7,25246.9,25210.45,25244.95,25243.54275483331,52.17808259608459
2026-01-22T12:45:00+05:30,25244.75,25254.65,25230.2,25231.45,25240.51956612498,45.77494857493581
2026-01-22T12:48:00+05:30,25230.45,25256.35,25228.95,25254,25243.889674593738,56.23999980395043
2026-01-22T12:51:00+05:30,25253.1,25262.5,25231.4,25234.55,25241.554755945304,47.09407711764394
2026-01-22T12:54:00+05:30,25232.9,25240.15,25208.65,25212.15,25234.20356695898,38.649126719488855
2026-01-22T12:57:00+05:30,25212.85,25220.55,25205.9,25209.9,25228.127675219235,37.853663651798385
2026-01-22T13:00:00+05:30,25208.65,25217.25,25190.95,25206.4,25222.695756414425,36.49066801679649
2026-01-22T13:03:00+05:30,25206.5,25222.05,25205.55,25210.35,25219.609317310817,39.36530863847772
2026-01-22T13:06:00+05:30,25209.95,25217.4,25202.85,25205.1,25215.981987983112,36.783588810600506
2026-01-22T13:09:00+05:30,25205,25210.5,25196.8,25203.75,25212.923990987336,36.073832939341614
2026-01-22T13:12:00+05:30,25203.25,25214.05,25190.45,25191.95,25207.680493240503,30.142763722354943
2026-01-22T13:15:00+05:30,25192.05,25197.1,25172.45,25172.45,25198.872869930376,22.88768709425696
2026-01-22T13:18:00+05:30,25172.1,25207.65,25171.25,25195,25197.90465244778,41.790010190493405
2026-01-22T13:21:00+05:30,25193.95,25205.75,25186.5,25204.95,25199.665989335837,48.31232523091447
2026-01-22T13:24:00+05:30,25204,25208.3,25188.15,25189.75,25197.18699200188,40.27043923149785
2026-01-22T13:27:00+05:30,25189.35,25194.55,25177.5,25179.05,25192.65274400141,35.42731911064173
2026-01-22T13:30:00+05:30,25177.85,25193.2,25169.4,25192.7,25192.66455800106,45.23062056856545
2026-01-22T13:33:00+05:30,25192.05,25227.55,25192.05,25225.85,25200.960918500794,61.70378580384999
2026-01-22T13:36:00+05:30,25226.15,25226.15,25194.85,25194.9,25199.445688875596,46.47718502893981
2026-01-22T13:39:00+05:30,25194.3,25200.95,25187.05,25192.35,25197.6717666567,45.40028340713441
2026-01-22T13:42:00+05:30,25188.75,25209.05,25184.15,25204.55,25199.391324992524,51.653043863356025
2026-01-22T13:45:00+05:30,25204.05,25204.05,25187.05,25200.6,25199.693493744395,49.51128933732884
2026-01-22T13:48:00+05:30,25200.15,25213.8,25199.15,25206.65,25201.432620308296,52.99411007784669
2026-01-22T13:51:00+05:30,25206.3,25239.6,25206.3,25235.9,25210.049465231223,66.1607477616513
2026-01-22T13:54:00+05:30,25234.85,25241.1,25221.95,25228.7,25214.712098923417,61.2349624726421
2026-01-22T13:57:00+05:30,25231.3,25240.8,25223.6,25229.15,25218.321574192563,61.44427285806675
2026-01-22T14:00:00+05:30,25228.35,25245,25226.75,25240.3,25223.816180644422,66.64973198052634
2026-01-22T14:03:00+05:30,25240.05,25240.2,25220.85,25228.35,25224.949635483317,57.023357459459774
2026-01-22T14:06:00+05:30,25227.75,25230.8,25201.35,25202.65,25219.37472661249,41.85538079075706
2026-01-22T14:09:00+05:30,25203.25,25213.8,25203.25,25206.4,25216.131044959366,44.37419486684053
2026-01-22T14:12:00+05:30,25206.45,25206.85,25176.95,25178.35,25206.685783719524,32.20100502063518
2026-01-22T14:15:00+05:30,25178.8,25188.7,25174.85,25175.5,25198.889337789642,31.186850318085305
2026-01-22T14:18:00+05:30,25175.3,25197.5,25168.5,25194.65,25197.829503342233,44.812223022583254
2026-01-22T14:21:00+05:30,25197.05,25207.5,25190.25,25202.2,25198.922127506674,49.418923589854835
2026-01-22T14:24:00+05:30,25202.1,25207.65,25192.05,25207.1,25200.966595630005,52.42579295289273
2026-01-22T14:27:00+05:30,25205.85,25236.7,25204.45,25234.85,25209.437446722503,65.84206370414937
2026-01-22T14:30:00+05:30,25234.2,25264.05,25233.35,25264.05,25223.09058504188,74.62640067325839
2026-01-22T14:33:00+05:30,25263.95,25279.7,25258.9,25267.55,25234.20543878141,75.50722115833707
2026-01-22T14:36:00+05:30,25267.25,25295.9,25265.25,25288.45,25247.766579086056,80.27704503453403
2026-01-22T14:39:00+05:30,25288.4,25292.3,25273.4,25274.5,25254.449934314543,69.70618530975017
2026-01-22T14:42:00+05:30,25275.5,25285.75,25261.05,25284.45,25261.949950735907,72.69784085767563
2026-01-22T14:45:00+05:30,25284.1,25310.6,25284.1,25306.1,25272.98746305193,78.17034506712287
2026-01-22T14:48:00+05:30,25305.85,25318.2,25287,25294.65,25278.40309728895,69.56665763871634
2026-01-22T14:51:00+05:30,25294.45,25309.15,25294.45,25298.9,25283.52732296671,70.95118410538777
2026-01-22T14:54:00+05:30,25297.7,25299.95,25278.5,25294.2,25286.195492225033,67.01753362212044
2026-01-22T14:57:00+05:30,25295.5,25308.1,25285.65,25297,25288.896619168776,68.24131976343318
2026-01-22T15:00:00+05:30,25295.5,25296.55,25238.8,25260.45,25281.78496437658,43.60286132935393
2026-01-22T15:03:00+05:30,25260.8,25266.5,25250.45,25256.3,25275.413723282436,41.61265087972191
2026-01-22T15:06:00+05:30,25257.15,25285.65,25251.2,25285.55,25277.947792461826,57.54653670755756
2026-01-22T15:09:00+05:30,25285.3,25302,25280.2,25297.45,25282.82334434637,62.41493527556052
2026-01-22T15:12:00+05:30,25296.35,25297.85,25285.05,25288.55,25284.255008259777,56.73772769046847
2026-01-22T15:15:00+05:30,25288.45,25308.85,25287.6,25307.85,25290.15375619483,64.8309425613663
2026-01-22T15:18:00+05:30,25307.5,25315.2,25300.5,25308.25,25294.677817146123,64.98930854561654
2026-01-22T15:21:00+05:30,25308.6,25332.35,25307.25,25321.55,25301.395862859594,70.19551347157946
2026-01-22T15:24:00+05:30,25320.55,25327.7,25311.25,25322.75,25306.734397144697,70.65485241118122
2026-01-22T15:27:00+05:30,25321.85,25325.05,25311.45,25320.45,25310.163297858522,68.30103755315784
2026-01-22T15:30:00+05:30,25318.85,25318.85,25289.9,25289.9,25305.097473393893,45.04601193996046
2026-01-23T09:06:00+05:30,25344.6,25344.6,25344.6,25344.6,25314.97310504542,67.8863366210995
2026-01-23T09:15:00+05:30,25347.95,25347.95,25255.55,25257.9,25300.704828784066,38.38494350613995
2026-01-23T09:18:00+05:30,25259.15,25280.8,25249.1,25265.75,25291.966121588048,41.0892270259121
2026-01-23T09:21:00+05:30,25267.55,25321.85,25265,25311,25296.724591191036,54.51476100108868
2026-01-23T09:24:00+05:30,25310.85,25337.15,25304.35,25330.25,25305.105943393275,59.13674793386391
2026-01-23T09:27:00+05:30,25330.45,25344.6,25311.35,25344.6,25314.979457544956,62.4547818517381
2026-01-23T09:30:00+05:30,25344.2,25345.35,25317.8,25333.75,25319.67209315872,58.280374244218066
2026-01-23T09:33:00+05:30,25334.05,25335.4,25297.95,25299.45,25314.61656986904,46.754715692616024
2026-01-23T09:36:00+05:30,25300.95,25319.25,25295.45,25304.8,25312.162427401778,48.604310369971145
2026-01-23T09:39:00+05:30,25305.85,25318.15,25297.5,25300.05,25309.134320551333,46.9161848976457
2026-01-23T09:42:00+05:30,25300.3,25300.9,25283.95,25285.7,25303.2757404135,41.79931700823998
2026-01-23T09:45:00+05:30,25287.6,25307.3,25267.7,25299.6,25302.356805310126,48.18551514279824
2026-01-23T09:48:00+05:30,25301.9,25312.55,25294.55,25300.7,25301.942603982596,48.705167140259235
2026-01-23T09:51:00+05:30,25300.9,25303.15,25288.2,25293.8,25299.906952986945,45.374891283187125
2026-01-23T09:54:00+05:30,25293.7,25293.7,25280.3,25291.3,25297.75521474021,44.10026155383903
2026-01-23T09:57:00+05:30,25291.15,25301.9,25282.85,25290.95,25296.053911055158,43.898844444004546
2026-01-23T10:00:00+05:30,25292.3,25304.05,25274.25,25275,25290.790433291368,35.32180327333808
2026-01-23T10:03:00+05:30,25275.05,25294.8,25263.5,25293.15,25291.380324968526,48.643086283314595
2026-01-23T10:06:00+05:30,25292.65,25308.65,25283.15,25286.15,25290.072743726396,44.51748743589477
2026-01-23T10:09:00+05:30,25286.35,25288.45,25276.6,25281.25,25287.867057794796,41.63374677482927
2026-01-23T10:12:00+05:30,25281.2,25291.6,25280.25,25281.7,25286.325293346097,42.0360437798685
2026-01-23T10:15:00+05:30,25280.55,25288.05,25264.6,25268.4,25281.843970009573,33.963906519995604
2026-01-23T10:18:00+05:30,25268.85,25268.85,25251.55,25261.25,25276.69547750718,30.31302926678653
2026-01-23T10:21:00+05:30,25261.3,25268.35,25259.85,25261.6,25272.921608130382,30.738218292069675
2026-01-23T10:24:00+05:30,25260.85,25267.15,25259.55,25264.1,25270.716206097786,34.08944774642215
2026-01-23T10:27:00+05:30,25265.4,25295.9,25265.4,25291.45,25275.89965457334,59.25293936061334
2026-01-23T10:30:00+05:30,25291.7,25320.8,25291.7,25299.35,25281.762240930002,63.897738232106995
2026-01-23T10:33:00+05:30,25298.85,25315.7,25286.7,25313,25289.571680697503,70.64345267929131
2026-01-23T10:36:00+05:30,25313.7,25315.45,25303.4,25304.05,25293.191260523126,61.808950445003305
2026-01-23T10:39:00+05:30,25304.55,25310.2,25292.7,25295.95,25293.880945392346,54.5994201444988
2026-01-23T10:42:00+05:30,25295.6,25300.85,25286.45,25293.35,25293.748209044257,52.31428940889579
2026-01-23T10:45:00+05:30,25293.25,25300.4,25280.25,25280.25,25290.373656783195,41.985162813007356
2026-01-23T10:48:00+05:30,25280,25285.25,25270.45,25283.7,25288.705242587395,45.303333465749816
2026-01-23T10:51:00+05:30,25284.5,25287.4,25273.5,25276.75,25285.716431940546,39.93514880976257
2026-01-23T10:54:00+05:30,25277.3,25283.2,25269.7,25271,25282.03732395541,35.83639839943592
2026-01-23T10:57:00+05:30,25271.6,25285.1,25271.3,25277.55,25280.915492966556,43.53786922519129
2026-01-23T11:00:00+05:30,25277.65,25285.55,25272,25272.25,25278.74911972492,39.10670793583159
2026-01-23T11:03:00+05:30,25271.9,25272.55,25262.1,25270.35,25276.649339793687,37.51001238144179
2026-01-23T11:06:00+05:30,25269.5,25275.8,25261.05,25273.8,25275.937004845266,42.484707554963975
2026-01-23T11:09:00+05:30,25274.1,25283.65,25272.1,25281.8,25277.40275363395,52.6765000711495
2026-01-23T11:12:00+05:30,25281.75,25293.6,25280.55,25284.9,25279.277065225462,56.18639956921261
2026-01-23T11:15:00+05:30,25285.3,25289.9,25274.1,25282.9,25280.182798919097,53.215609543553896
2026-01-23T11:18:00+05:30,25282.85,25284.05,25260.45,25261.05,25275.399599189324,31.79099226971381
2026-01-23T11:21:00+05:30,25263.2,25273.4,25254.8,25270.75,25274.237199391995,43.559736999440034
2026-01-23T11:24:00+05:30,25270.45,25275.95,25263.3,25270.55,25273.315399543997,43.379692469591646
2026-01-23T11:27:00+05:30,25270.7,25278.2,25269.3,25275.3,25273.811549658,49.19787046209405
2026-01-23T11:30:00+05:30,25275.85,25279.35,25265,25269.55,25272.7461622435,42.962962781749944
2026-01-23T11:33:00+05:30,25269,25269,25251.2,25252,25267.559621682623,29.60363026169628
2026-01-23T11:36:00+05:30,25251.35,25259.25,25241.85,25242.05,25261.18221626197,24.553556772665743
2026-01-23T11:39:00+05:30,25241.8,25245.9,25212.4,25216.15,25249.924162196476,16.17434836432102
2026-01-23T11:42:00+05:30,25216.6,25225.8,25209.6,25211.6,25240.343121647355,15.117012474268918
2026-01-23T11:45:00+05:30,25211.45,25215.8,25204.1,25205.6,25231.657341235514,13.73560842082118
2026-01-23T11:48:00+05:30,25204.75,25213.55,25190.95,25193.45,25222.105505926636,11.296780020907605
2026-01-23T11:51:00+05:30,25194.15,25224.65,25193.95,25216.1,25220.604129444975,36.00814602552465
2026-01-23T11:54:00+05:30,25216,25216.95,25203.05,25204.95,25216.690597083732,31.041595539871594
2026-01-23T11:57:00+05:30,25204.25,25218.15,25202.95,25215.2,25216.3179478128,39.92792685151689
2026-01-23T12:00:00+05:30,25214.75,25217.65,25198.15,25200.45,25212.3509608596,32.82610739578264
2026-01-23T12:03:00+05:30,25198.9,25223.3,25198.9,25207.8,25211.2132206447,39.12118600529531
2026-01-23T12:06:00+05:30,25207.7,25208.85,25188.9,25190.85,25206.12241548352,31.24363316085622
2026-01-23T12:09:00+05:30,25191.7,25195.3,25186.6,25192.25,25202.65431161264,32.55236645857852
2026-01-23T12:12:00+05:30,25190.75,25195.8,25183.65,25185.2,25198.29073370948,29.27826969830521
2026-01-23T12:15:00+05:30,25185.95,25209.05,25185.95,25208.5,25200.84305028211,49.04088493770117
2026-01-23T12:18:00+05:30,25208.25,25222.95,25202.25,25216.55,25204.769787711582,54.19966423706652
2026-01-23T12:21:00+05:30,25217.05,25218.6,25204.1,25211.6,25206.477340783687,50.52996732469255
2026-01-23T12:24:00+05:30,25211.55,25213.9,25198.05,25198.7,25204.533005587764,41.903792891256764
2026-01-23T12:27:00+05:30,25198.8,25218.05,25194,25205.65,25204.812254190823,47.533586576054105
2026-01-23T12:30:00+05:30,25205.3,25210.75,25199.45,25209.4,25205.959190643116,50.55008761324019
2026-01-23T12:33:00+05:30,25209,25220.5,25202.6,25205.5,25205.844392982337,47.25370158180785
2026-01-23T12:36:00+05:30,25205.2,25216,25203.4,25214.85,25208.095794736753,55.39024242949688
2026-01-23T12:39:00+05:30,25214.6,25218.35,25207.05,25214.35,25209.659346052566,54.86225129575706
2026-01-23T12:42:00+05:30,25214.1,25236.6,25213.25,25223.05,25213.007009539426,62.18047204543763
2026-01-23T12:45:00+05:30,25223.3,25243.8,25217.5,25218.9,25214.48025715457,57.03437543674962
2026-01-23T12:48:00+05:30,25219.4,25220.4,25206.1,25208.05,25212.872692865927,45.53873198904092
2026-01-23T12:51:00+05:30,25208.25,25219.85,25202.2,25216.2,25213.704519649444,53.71430249042117
2026-01-23T12:54:00+05:30,25216.9,25229.75,25215.65,25219.45,25215.140889737082,56.73586046690618
2026-01-23T12:57:00+05:30,25218.55,25221.55,25200.9,25202.95,25212.09316730281,40.91542171740928
2026-01-23T13:00:00+05:30,25203.95,25213.3,25191.7,25204.15,25210.107375477106,42.28102201216425
2026-01-23T13:03:00+05:30,25204.5,25207.15,25189.9,25191.25,25205.39303160783,32.77926488326473
2026-01-23T13:06:00+05:30,25191.35,25194.9,25180.95,25182.35,25199.632273705873,27.75819019013379
2026-01-23T13:09:00+05:30,25182,25200.35,25180.25,25193.7,25198.149205279406,41.16651925748327
2026-01-23T13:12:00+05:30,25193.25,25199.15,25184.8,25196.4,25197.711903959556,44.0486350203241
2026-01-23T13:15:00+05:30,25196.65,25197.35,25153.35,25157.75,25187.721427969667,24.22751296387824
2026-01-23T13:18:00+05:30,25157.2,25158.2,25140.85,25141.7,25176.21607097725,19.89113053151027
2026-01-23T13:21:00+05:30,25142.4,25145.8,25130.5,25131.5,25165.03705323294,17.560717392827883
2026-01-23T13:24:00+05:30,25131.85,25148.25,25124.65,25136.75,25157.965289924705,22.97931325108499
2026-01-23T13:27:00+05:30,25137.4,25137.95,25120.8,25124.6,25149.623967443527,19.51589599806448
2026-01-23T13:30:00+05:30,25125.6,25125.8,25070.15,25072.1,25130.242975582645,11.089856261285561
2026-01-23T13:33:00+05:30,25073.3,25089.1,25064,25072.05,25115.694731686985,11.084538729145294
2026-01-23T13:36:00+05:30,25071.3,25073.4,25058.7,25063.05,25102.533548765237,10.070500015690854
2026-01-23T13:39:00+05:30,25062.8,25081.4,25056.2,25065.8,25093.35016157393,12.910635170973308
2026-01-23T13:42:00+05:30,25065.05,25066.45,25047.75,25049.55,25082.400121180446,10.60227594975889
2026-01-23T13:45:00+05:30,25049.25,25067.5,25043.85,25062.55,25077.437590885333,23.387092622860706
2026-01-23T13:48:00+05:30,25063.25,25064.25,25050.8,25055.05,25071.840693164,21.33358385082063
2026-01-23T13:51:00+05:30,25055.25,25064.3,25050.35,25062.1,25069.405519873,28.24325966726515
2026-01-23T13:54:00+05:30,25063.05,25070.5,25053.9,25065.3,25068.379139904748,31.432549296197777
2026-01-23T13:57:00+05:30,25063.4,25064.25,25046.75,25049.95,25063.77185492856,25.171518205934362
2026-01-23T14:00:00+05:30,25049.8,25068.45,25046.8,25060.3,25062.90389119642,35.3081684467695
2026-01-23T14:03:00+05:30,25059.4,25075.25,25059.35,25065.1,25063.452918397314,39.72596271566218
2026-01-23T14:06:00+05:30,25064.75,25064.75,25051.85,25059.2,25062.389688797986,36.182616613851415
2026-01-23T14:09:00+05:30,25058.9,25070.35,25057.25,25062.65,25062.45476659849,39.8431002007346
2026-01-23T14:12:00+05:30,25062.3,25078.05,25056.4,25063.4,25062.691074948867,40.70568438133034
2026-01-23T14:15:00+05:30,25064.05,25095.15,25061,25063.95,25063.00580621165,41.42427563368443
2026-01-23T14:18:00+05:30,25064.6,25068,25053.15,25059.65,25062.16685465874,37.30100403177533
2026-01-23T14:21:00+05:30,25060.2,25061.9,25041,25053.7,25060.050140994055,32.136988936385734
2026-01-23T14:24:00+05:30,25053.2,25068.75,25043.45,25068.75,25062.225105745543,51.82027556676124
2026-01-23T14:27:00+05:30,25068.55,25089.65,25065.55,25069.35,25064.00632930916,52.461589518305566
2026-01-23T14:30:00+05:30,25069.95,25081.25,25068.2,25076.5,25067.129746981867,59.88516267436656
2026-01-23T14:33:00+05:30,25078.3,25100.15,25078.3,25087.05,25072.1098102364,68.38413804098639
2026-01-23T14:36:00+05:30,25087.1,25087.95,25063.7,25075.85,25073.0448576773,54.16968383804936
2026-01-23T14:39:00+05:30,25072.5,25107.05,25067.5,25105.45,25081.146143257974,72.07013874113255
2026-01-23T14:42:00+05:30,25105.9,25107.8,25083.65,25083.65,25081.77210744348,53.96084451961969
2026-01-23T14:45:00+05:30,25089.15,25100.8,25078.15,25080.6,25081.479080582612,51.83486877445999
2026-01-23T14:48:00+05:30,25080.4,25081.4,25057.3,25059.3,25075.93431043696,39.239089476328374
2026-01-23T14:51:00+05:30,25059.8,25085.8,25059.5,25078.65,25076.61323282772,51.68286957773238
2026-01-23T14:54:00+05:30,25078.6,25104.65,25074.45,25097.5,25081.83492462079,60.80567511775362
2026-01-23T14:57:00+05:30,25094.15,25106.15,25086.85,25090.65,25084.038693465594,56.29902190267383
2026-01-23T15:00:00+05:30,25093.9,25096,25055.85,25057.3,25077.354020099196,39.619838527594816
2026-01-23T15:03:00+05:30,25056.95,25071.4,25051.25,25059,25072.765515074396,40.665239737435265
2026-01-23T15:06:00+05:30,25059.5,25061.05,25050.75,25050.75,25067.261636305797,37.034866107542804
2026-01-23T15:09:00+05:30,25051.55,25051.55,25028.25,25036.95,25059.68372722935,31.539951630839525
2026-01-23T15:12:00+05:30,25037.55,25048.7,25033.9,25045.85,25056.22529542201,38.415100485284405
2026-01-23T15:15:00+05:30,25046.5,25062.85,25042.35,25043.6,25053.068971566507,37.30998100866264
2026-01-23T15:18:00+05:30,25044.45,25044.55,25025.3,25040.65,25049.96422867488,35.73738795260948
2026-01-23T15:21:00+05:30,25042.15,25044.75,25034.7,25042.35,25048.06067150616,37.50826180457748
2026-01-23T15:24:00+05:30,25043.7,25056.7,25038.4,25049.1,25048.32050362962,44.5824731830132
2026-01-23T15:27:00+05:30,25050.35,25074.5,25048.35,25064.75,25052.427877722213,57.573649154538735
2026-01-23T15:30:00+05:30,25066.2,25066.2,25048.65,25048.65,25051.48340829166,44.9317349745869
2026-01-27T09:06:00+05:30,25063.35,25063.35,25063.35,25063.35,25054.450056218746,55.37050445478743
2026-01-27T09:15:00+05:30,25085.85,25126.3,25006.3,25010.05,25043.35004216406,30.72944760765104
2026-01-27T09:18:00+05:30,25011.3,25055.8,24962.75,24981.3,25027.837531623045,24.006410501954406
2026-01-27T09:21:00+05:30,24982.05,24982.05,24937.55,24954.7,25009.553148717285,19.420191066751215
2026-01-27T09:24:00+05:30,24952.25,24956.1,24932.55,24950.05,24994.677361537964,18.691909403153474
2026-01-27T09:27:00+05:30,24947.55,24970.7,24939.95,24958.55,24985.645521153474,24.71304454132401
2026-01-27T09:30:00+05:30,24958.4,24976.1,24940.2,24958.4,24978.834140865107,24.675423712951556
2026-01-27T09:33:00+05:30,24958.25,25020.55,24947.2,25020.55,24989.26310564883,56.60691885531543
2026-01-27T09:36:00+05:30,25019.6,25082.75,25005.95,25082.75,25012.634829236624,70.9739390234371
2026-01-27T09:39:00+05:30,25084.05,25095.15,25071.2,25071.65,25027.38862192747,66.39701057606487
2026-01-27T09:42:00+05:30,25071.5,25147.6,25064.75,25147.6,25057.4414664456,77.8166767869032
2026-01-27T09:45:00+05:30,25149.05,25161.35,25121,25160.45,25083.1935998342,79.21120393301283
2026-01-27T09:48:00+05:30,25159.9,25161.85,25138.8,25142.45,25098.007699875652,71.83161511097686
2026-01-27T09:51:00+05:30,25142.2,25158.75,25129.25,25144,25109.50577490674,72.09281176818031
2026-01-27T09:54:00+05:30,25143.65,25146.55,25102,25109.3,25109.45433118005,58.03701935503714
2026-01-27T09:57:00+05:30,25110.85,25123.7,25100.95,25108.9,25109.315748385037,57.885241459907135
2026-01-27T10:00:00+05:30,25111,25152.35,25111,25130.55,25114.62431128878,63.85428733421148
2026-01-27T10:03:00+05:30,25131.75,25141.1,25122.15,25126.05,25117.480733466582,61.7325754916713
2026-01-27T10:06:00+05:30,25126.45,25127.7,25083.35,25085,25109.360550099937,45.605352459599665
2026-01-27T10:09:00+05:30,25084.35,25108.25,25084.05,25108,25109.02041257495,53.53934812802767
2026-01-27T10:12:00+05:30,25107.75,25131.6,25102.7,25128.45,25113.877809431215,59.64516328164316
2026-01-27T10:15:00+05:30,25129.35,25166.3,25123.5,25165.9,25126.883357073413,68.49194398025853
2026-01-27T10:18:00+05:30,25166.45,25184.95,25161.2,25170.2,25137.71251780506,69.39083003608376
2026-01-27T10:21:00+05:30,25169.15,25174.35,25162.35,25165.1,25144.559388353795,66.75559581815094
2026-01-27T10:24:00+05:30,25165.8,25172.35,25158.1,25161.75,25148.857041265346,64.86774631989985
2026-01-27T10:27:00+05:30,25161.65,25163.85,25117.3,25117.7,25141.067780949008,45.24063833862504
2026-01-27T10:30:00+05:30,25123.65,25133.4,25106.9,25121.45,25136.163335711757,46.83820605085931
2026-01-27T10:33:00+05:30,25121.4,25131.55,25105.75,25122.35,25132.710001783817,47.26895606305096
2026-01-27T10:36:00+05:30,25122,25122,25108.7,25115.55,25128.42000133786,44.117916487409225
2026-01-27T10:39:00+05:30,25114.8,25122.25,25055.75,25055.75,25110.252501003397,26.199248027261817
2026-01-27T10:42:00+05:30,25055.45,25061.9,25019.7,25030,25090.189375752547,21.759464615197004
2026-01-27T10:45:00+05:30,25028.85,25037.8,25015.8,25021.7,25073.06703181441,20.45588127671968
2026-01-27T10:48:00+05:30,25021.05,25044.75,25012.45,25020.95,25060.037773860808,20.32749916704303
2026-01-27T10:51:00+05:30,25019.8,25020.5,24987.45,24988.2,25042.078330395605,15.402773239862825
2026-01-27T10:54:00+05:30,24989.9,25001.8,24979.2,24987.1,25028.333747796703,15.257922179080708
2026-01-27T10:57:00+05:30,24988,25011.4,24979.05,24983.25,25017.06281084753,14.693676719843566
2026-01-27T11:00:00+05:30,24983.85,25011.45,24980,25001.35,25013.134608135646,29.078794477797757
2026-01-27T11:03:00+05:30,25001.8,25021.5,24991.85,25008.55,25011.988456101735,34.226172055003445
2026-01-27T11:06:00+05:30,25008.3,25010.05,24994.05,25009.6,25011.391342076302,35.02847168552391
2026-01-27T11:09:00+05:30,25011.05,25039.8,25011.05,25017.45,25012.906006557227,41.27623428384077
2026-01-27T11:12:00+05:30,25017.9,25030.3,25015.15,25029.4,25017.02950491792,49.84234525203213
2026-01-27T11:15:00+05:30,25029.05,25052.95,25022.1,25042.1,25023.29712868844,57.52461763022368
2026-01-27T11:18:00+05:30,25041.65,25057.1,25040.65,25044.9,25028.69784651633,59.134557962540576
2026-01-27T11:21:00+05:30,25044.25,25064.85,25040.55,25050.55,25034.16088488725,62.48225690189801
2026-01-27T11:24:00+05:30,25051.35,25058.85,25030.95,25056.1,25039.645663665437,65.70219718804464
2026-01-27T11:27:00+05:30,25055.85,25066.65,25039.55,25057.7,25044.159247749078,66.66445718777416
2026-01-27T11:30:00+05:30,25057.75,25084.8,25054.95,25066.75,25049.80693581181,71.87207612902449
2026-01-27T11:33:00+05:30,25068.1,25074.85,25052.55,25074.85,25056.067701858854,75.81689414446663
2026-01-27T11:36:00+05:30,25074.65,25080.45,25064.7,25076.65,25061.21327639414,76.66534172586597
2026-01-27T11:39:00+05:30,25077.8,25112.6,25077.05,25112.6,25074.059957295605,87.16110152363392
2026-01-27T11:42:00+05:30,25114.1,25157.85,25104.1,25154.65,25094.207467971704,92.04430246971013
2026-01-27T11:45:00+05:30,25154.15,25162.05,25137.75,25149.35,25107.993100978776,87.16906390097077
2026-01-27T11:48:00+05:30,25148.1,25150.25,25097.8,25103.25,25106.80732573408,56.6956757646192
2026-01-27T11:51:00+05:30,25102.8,25109.2,25084.2,25096.85,25104.31799430056,53.65748848980096
2026-01-27T11:54:00+05:30,25097.55,25098.45,25083.6,25095.35,25102.07599572542,52.88260656191267
2026-01-27T11:57:00+05:30,25095.85,25116.95,25094.8,25103.65,25102.469496794067,56.90060689882976
2026-01-27T12:00:00+05:30,25104,25118.7,25092.65,25116.5,25105.97712259555,62.65308839634348
2026-01-27T12:03:00+05:30,25116.65,25131.8,25111.5,25122.5,25110.10784194666,65.18443945933387
2026-01-27T12:06:00+05:30,25122.7,25124.5,25114.15,25118.65,25112.243381459997,62.03667334363385
2026-01-27T12:09:00+05:30,25118.55,25126.4,25113.95,25124.15,25115.220036094997,64.86450376417645
2026-01-27T12:12:00+05:30,25125.8,25137.65,25118.95,25120.35,25116.502527071247,61.190490407246656
2026-01-27T12:15:00+05:30,25121.55,25127.55,25111.25,25118.6,25117.026895303436,59.38331902774378
2026-01-27T12:18:00+05:30,25119,25119.95,25091.2,25109.2,25115.07017147758,50.10925758278253
2026-01-27T12:21:00+05:30,25109.5,25123.45,25106.05,25122.55,25116.940128608185,60.36532758450245
2026-01-27T12:24:00+05:30,25121.65,25138.2,25115.85,25118.25,25117.26759645614,56.036539762297906
2026-01-27T12:27:00+05:30,25118.95,25119.9,25100.35,25102.1,25113.475697342103,42.63872878085641
2026-01-27T12:30:00+05:30,25102.25,25106.15,25087.75,25101.95,25110.594273006576,42.5285472995741
2026-01-27T12:33:00+05:30,25102.25,25109.25,25083.1,25099.65,25107.85820475493,40.64947840950756
2026-01-27T12:36:00+05:30,25098.65,25099.7,25070.55,25084.15,25101.9311535662,30.169132296422447
2026-01-27T12:39:00+05:30,25084.5,25093.65,25076.55,25090.2,25098.998365174648,37.5062834704269
2026-01-27T12:42:00+05:30,25090.55,25092.65,25079.15,25079.55,25094.136273880984,30.849440108980232
2026-01-27T12:45:00+05:30,25081.2,25091.8,25070.55,25076.8,25089.80220541074,29.28369844598477
2026-01-27T12:48:00+05:30,25077.6,25078.3,25056.5,25065.25,25083.664154058053,23.451422191014572
2026-01-27T12:51:00+05:30,25065.7,25100.4,25064.55,25093.75,25086.185615543538,51.34684034662619
2026-01-27T12:54:00+05:30,25093.3,25099.8,25083.15,25087.35,25086.476711657655,46.87187214632436
2026-01-27T12:57:00+05:30,25088.3,25095.55,25082.35,25088.95,25087.09503374324,48.18887303050543
2026-01-27T13:00:00+05:30,25089.2,25090.45,25069.85,25073.75,25083.75877530743,37.80271472127502
2026-01-27T13:03:00+05:30,25073.7,25081,25065.15,25077.3,25082.144081480572,41.25277797776475
2026-01-27T13:06:00+05:30,25077.2,25092.05,25074.6,25089.85,25084.070561110428,52.19060475201083
2026-01-27T13:09:00+05:30,25090.1,25094.4,25071.15,25074.65,25081.71542083282,41.32006013824394
2026-01-27T13:12:00+05:30,25075.3,25090.9,25073.5,25088.95,25083.524065624617,52.238818898343666
2026-01-27T13:15:00+05:30,25089.1,25098.85,25081.2,25083.4,25083.493049218465,48.179530482707634
2026-01-27T13:18:00+05:30,25085,25099.8,25082.1,25086.05,25084.13228691385,50.32960662498211
2026-01-27T13:21:00+05:30,25087,25112.75,25086.05,25098.7,25087.77421518539,59.652671775274506
2026-01-27T13:24:00+05:30,25098.35,25105.05,25089.85,25092.95,25089.06816138904,54.25252929576375
2026-01-27T13:27:00+05:30,25093.9,25123.7,25093.85,25120.9,25097.02612104178,69.77125820661466
2026-01-27T13:30:00+05:30,25122.7,25132.25,25109.75,25123.9,25103.744590781338,71.00302362142477
2026-01-27T13:33:00+05:30,25124.7,25126.15,25094,25095.5,25101.683443086004,48.96622742310813
2026-01-27T13:36:00+05:30,25096.35,25097.7,25053.5,25053.55,25089.650082314503,31.902939297161396
2026-01-27T13:39:00+05:30,25053.65,25064.1,25018,25055.8,25081.18756173588,33.35613333800019
2026-01-27T13:42:00+05:30,25056.25,25058.75,25034.45,25045.25,25072.20317130191,29.869258100466467
2026-01-27T13:45:00+05:30,25046.15,25053.65,25040.65,25050,25066.652378476432,33.519669536556265
2026-01-27T13:48:00+05:30,25050.45,25065.9,25045.3,25054.3,25063.564283857326,36.98389821471519
2026-01-27T13:51:00+05:30,25054.6,25055.8,25036.95,25043.9,25058.648212892993,32.24300125270379
2026-01-27T13:54:00+05:30,25045.95,25051.8,25039.6,25045.4,25055.336159669743,33.67366812300975
2026-01-27T13:57:00+05:30,25045.65,25065.65,25045,25049.35,25053.839619752307,37.71409074775893
2026-01-27T14:00:00+05:30,25050.85,25055.65,25029.05,25029.35,25047.71721481423,27.734024921742417
2026-01-27T14:03:00+05:30,25029.55,25042.1,25006.5,25010.6,25038.437911110672,21.50870035017803
2026-01-27T14:06:00+05:30,25011.1,25033.1,24998.25,25027.25,25035.640933333005,36.31775175427434
2026-01-27T14:09:00+05:30,25027.2,25048.4,25021.6,25046.3,25038.305699999753,49.12928467367115
2026-01-27T14:12:00+05:30,25046.65,25059.4,25031.85,25034.55,25037.366774999813,42.916370282693315
2026-01-27T14:15:00+05:30,25034.9,25039.5,25024.05,25027.2,25034.82508124986,39.29029756941071
2026-01-27T14:18:00+05:30,25028.55,25035.45,25021.15,25028.4,25033.218810937396,40.25186245127596
2026-01-27T14:21:00+05:30,25029.35,25032.85,25007.85,25018.65,25029.576608203046,34.997419595650044
2026-01-27T14:24:00+05:30,25020,25028.35,25016.55,25026.25,25028.744956152284,41.89518730753574
2026-01-27T14:27:00+05:30,25027.05,25039.45,25021.9,25032.65,25029.721217114213,47.38091711961253
2026-01-27T14:30:00+05:30,25032.7,25051.1,25028.4,25048.35,25034.37841283566,58.57424465320099
2026-01-27T14:33:00+05:30,25048.05,25049.2,25024.45,25042.95,25036.521309626747,53.96754891912032
2026-01-27T14:36:00+05:30,25045.2,25072.25,25043,25071,25045.14098222006,68.82571546809613
2026-01-27T14:39:00+05:30,25070.8,25106.45,25064.7,25089.9,25056.330736665044,75.13482851058421
2026-01-27T14:42:00+05:30,25091.7,25108.65,25087.6,25087.6,25064.148052498782,73.03625995547077
2026-01-27T14:45:00+05:30,25088.9,25116.05,25088.3,25101.2,25073.411039374085,77.39233567112807
2026-01-27T14:48:00+05:30,25101.4,25124.7,25100.9,25122.3,25085.633279530564,82.5074810190982
2026-01-27T14:51:00+05:30,25123.5,25145.8,25123.5,25137.15,25098.51245964792,85.24805938942761
2026-01-27T14:54:00+05:30,25137.25,25155.3,25130.75,25130.75,25106.57184473594,79.02299739771271
2026-01-27T14:57:00+05:30,25131.05,25146.25,25116.55,25139.45,25114.791383551954,81.20019834622863
2026-01-27T15:00:00+05:30,25141.2,25145.55,25100.75,25133,25119.343537663965,74.5111603761686
2026-01-27T15:03:00+05:30,25133.95,25137.95,25125.9,25134.65,25123.170153247975,75.12277728652413
2026-01-27T15:06:00+05:30,25135,25160.25,25133.6,25152.9,25130.602614935982,81.00451362144321
2026-01-27T15:09:00+05:30,25153.05,25171.9,25142.75,25168.55,25140.089461201987,84.63817690240039
2026-01-27T15:12:00+05:30,25168.4,25175.35,25163.9,25170.4,25147.667095901492,85.03302714509445
2026-01-27T15:15:00+05:30,25169.25,25190.55,25168.05,25189.55,25158.137821926117,88.57839078328851
2026-01-27T15:18:00+05:30,25191.05,25213.65,25189.8,25198.1,25168.128366444587,89.83288503496935
2026-01-27T15:21:00+05:30,25197,25215.65,25190.65,25214.5,25179.721274833442,91.83882745106251
2026-01-27T15:24:00+05:30,25215.7,25246.45,25212.2,25243.9,25195.765956125084,94.22275007399107
2026-01-27T15:27:00+05:30,25246.65,25246.65,25225.7,25234.1,25205.349467093813,84.61120891423202
2026-01-27T15:30:00+05:30,25236.85,25236.85,25175.4,25175.4,25197.86210032036,49.39800795656026
2026-01-28T09:06:00+05:30,25258.85,25258.85,25258.85,25258.85,25213.109075240267,70.0625965795566
2026-01-28T09:15:00+05:30,25247.45,25334.75,25225.7,25305.4,25236.1818064302,76.34838873182797
2026-01-28T09:18:00+05:30,25302.85,25355.3,25295.15,25343.25,25262.94885482265,80.27679476062126
2026-01-28T09:21:00+05:30,25343.65,25372.1,25342.8,25354.7,25285.886641116987,81.36893809085966
2026-01-28T09:24:00+05:30,25353.65,25366.65,25341.25,25341.4,25299.76498083774,75.68919156771032
2026-01-28T09:27:00+05:30,25343.8,25357.75,25324.7,25352.75,25313.011235628306,77.26891643563515
2026-01-28T09:30:00+05:30,25352.1,25363.9,25330.75,25331.35,25317.59592672123,67.60553720675301
2026-01-28T09:33:00+05:30,25331.95,25339,25301.7,25313.1,25316.471945040925,60.124350642279545
2026-01-28T09:36:00+05:30,25312.65,25319.1,25288.3,25288.9,25309.578958780694,51.33596278470672
2026-01-28T09:39:00+05:30,25286.5,25319.85,25286.5,25315.3,25311.00921908552,58.96913172348835
2026-01-28T09:42:00+05:30,25316.65,25319.65,25289,25293,25306.50691431414,51.07423686066001
2026-01-28T09:45:00+05:30,25292.95,25299.6,25278.1,25280.55,25300.017685735605,46.97763250969225
2026-01-28T09:48:00+05:30,25281,25300.6,25279.75,25284.8,25296.213264301703,48.618945903880075
2026-01-28T09:51:00+05:30,25287,25301.85,25278.55,25301.75,25297.597448226275,55.08776007865028
2026-01-28T09:54:00+05:30,25301.5,25302.9,25272.85,25274.4,25291.798086169707,44.533202936825724
2026-01-28T09:57:00+05:30,25274.35,25304.65,25272.7,25303.7,25294.77356462728,55.24940302758421
2026-01-28T10:00:00+05:30,25304.7,25316.4,25284.95,25295.1,25294.85517347046,51.8210054360954
2026-01-28T10:03:00+05:30,25296.2,25299,25281.7,25293.3,25294.466380102844,51.04750782035379
2026-01-28T10:06:00+05:30,25292.45,25292.65,25244.45,25247.25,25282.66228507713,35.31454093537178
2026-01-28T10:09:00+05:30,25247,25265.1,25246.25,25250.35,25274.584213807848,36.84328390711418
2026-01-28T10:12:00+05:30,25250.4,25253.45,25232.7,25248.1,25267.963160355885,36.12043358712248
2026-01-28T10:15:00+05:30,25248.3,25257.8,25243.45,25248.45,25263.084870266914,36.34707575775094
2026-01-28T10:18:00+05:30,25249.65,25269.65,25235.6,25262.65,25262.976152700187,45.49968395614761
2026-01-28T10:21:00+05:30,25262.3,25276.6,25254.25,25276.1,25266.25711452514,52.97212647060577
2026-01-28T10:24:00+05:30,25276.65,25281.6,25269.25,25274.8,25268.392835893854,52.16560548503615
2026-01-28T10:27:00+05:30,25274.7,25276.85,25246.5,25246.5,25262.91962692039,37.6189100487938
2026-01-28T10:30:00+05:30,25246.85,25251.9,25234.05,25240.7,25257.364720190293,35.267425147837955
2026-01-28T10:33:00+05:30,25240.4,25272.45,25240.4,25267.2,25259.82354014272,51.44559225933153
2026-01-28T10:36:00+05:30,25266.9,25292.8,25260.65,25289.05,25267.13015510704,60.85627170141147
2026-01-28T10:39:00+05:30,25288.6,25302.2,25287.65,25294.15,25273.88511633028,62.818651139238035
2026-01-28T10:42:00+05:30,25294.2,25294.2,25279.8,25281.7,25275.83883724771,54.970039970535495
2026-01-28T10:45:00+05:30,25282.2,25285.8,25271.45,25280.25,25276.941627935783,54.05241598273599
2026-01-28T10:48:00+05:30,25280.8,25291.1,25267.35,25289.95,25280.193720951836,59.34861799098169
2026-01-28T10:51:00+05:30,25290.6,25298.55,25287.45,25293.7,25283.570290713877,61.35758341522997
2026-01-28T10:54:00+05:30,25294.05,25298.6,25286.7,25294.9,25286.40271803541,62.05761643485819
2026-01-28T10:57:00+05:30,25295.25,25307.35,25294.05,25298.75,25289.489538526555,64.46703352614236
2026-01-28T11:00:00+05:30,25299.85,25303.95,25288.85,25297.1,25291.392153894914,62.483131733859835
2026-01-28T11:03:00+05:30,25297.55,25328.35,25293.35,25326.5,25300.169115421188,77.12001058788425
2026-01-28T11:06:00+05:30,25328.05,25330.6,25314.45,25326.95,25306.86433656589,77.2783082629815
2026-01-28T11:09:00+05:30,25327.5,25328.7,25312.9,25313.5,25308.523252424417,62.25823413868913
2026-01-28T11:12:00+05:30,25315.05,25326.7,25315.05,25325.6,25312.792439318313,68.65294718607383
2026-01-28T11:15:00+05:30,25325.35,25328.6,25316.1,25316.1,25313.619329488734,59.42963456260914
2026-01-28T11:18:00+05:30,25314.05,25327.95,25313.3,25322.55,25315.85199711655,63.33175579090399
2026-01-28T11:21:00+05:30,25322.9,25334.25,25322.9,25332,25319.888997837414,68.5089848725765
2026-01-28T11:24:00+05:30,25332.2,25340.25,25329.25,25335.35,25323.75424837806,70.24641125167338
2026-01-28T11:27:00+05:30,25335.05,25351.05,25334.6,25336.95,25327.053186283545,71.13383452187536
2026-01-28T11:30:00+05:30,25337.4,25342.3,25330.95,25340.75,25330.477389712658,73.33729876158282
2026-01-28T11:33:00+05:30,25340.95,25343.95,25327.7,25328.8,25330.058042284494,57.29216788374622
2026-01-28T11:36:00+05:30,25329.55,25332.8,25304.4,25305.85,25324.00603171337,38.445766027283874
2026-01-28T11:39:00+05:30,25306.4,25311.8,25300.2,25306.05,25319.517023785025,38.650946089160236
2026-01-28T11:42:00+05:30,25305.55,25306.8,25292.3,25292.5,25312.76276783877,30.59107562089919
2026-01-28T11:45:00+05:30,25292.8,25312.15,25290.65,25311.3,25312.397075879075,48.10727120302508
2026-01-28T11:48:00+05:30,25311.85,25320.95,25309.15,25309.25,25311.610306909308,46.61084852224893
2026-01-28T11:51:00+05:30,25309,25321.9,25309,25312.85,25311.920230181982,49.809455605453806
2026-01-28T11:54:00+05:30,25313,25320.25,25310.2,25316.75,25313.12767263649,53.342417887883784
2026-01-28T11:57:00+05:30,25317.25,25322.45,25312.6,25321.8,25315.295754477367,57.82702959683844
2026-01-28T12:00:00+05:30,25320.85,25329.25,25318.9,25326.2,25318.021815858025,61.5807316304668
2026-01-28T12:03:00+05:30,25326.6,25332.25,25321.95,25329.6,25320.91636189352,64.43455373313485
2026-01-28T12:06:00+05:30,25329.65,25339.5,25327.9,25328.15,25322.72477142014,62.138028855988544
2026-01-28T12:09:00+05:30,25328.45,25328.8,25306.95,25317.1,25321.318578565104,47.18583185284498
2026-01-28T12:12:00+05:30,25317.3,25319.05,25309.95,25313.8,25319.438933923826,43.53583206889351
2026-01-28T12:15:00+05:30,25313.65,25318.05,25308.1,25309.05,25316.84170044287,38.530709793168505
2026-01-28T12:18:00+05:30,25309,25310,25299.95,25303,25313.381275332154,32.908749465285084
2026-01-28T12:21:00+05:30,25302.75,25309.95,25291.45,25293.4,25308.385956499114,25.91012204649965
2026-01-28T12:24:00+05:30,25293.15,25294.65,25277.15,25285.95,25302.776967374335,21.726737069061684
2026-01-28T12:27:00+05:30,25286.1,25287.75,25269,25271.8,25295.03272553075,16.00176649012448
2026-01-28T12:30:00+05:30,25272,25280.2,25269.05,25275.6,25290.17454414806,22.407548702150322
2026-01-28T12:33:00+05:30,25275.3,25286.2,25269.6,25285,25288.880908111045,36.40413012447135
2026-01-28T12:36:00+05:30,25285.35,25285.95,25274.8,25277.5,25286.03568108328,31.170258088596057
2026-01-28T12:39:00+05:30,25277.45,25278.5,25265.9,25267.8,25281.47676081246,25.613740346870614
2026-01-28T12:42:00+05:30,25268.6,25277.85,25258.95,25275.35,25279.945070609345,35.97749199537155
2026-01-28T12:45:00+05:30,25275.6,25281.05,25265.2,25270.85,25277.67130295701,32.799826529971085
2026-01-28T12:48:00+05:30,25271.25,25273.05,25261.4,25264.8,25274.453477217758,28.808739517828585
2026-01-28T12:51:00+05:30,25264.85,25279.45,25263.45,25272.3,25273.91510791332,39.46237235847604
2026-01-28T12:54:00+05:30,25272.45,25272.95,25261,25264.75,25271.62383093499,33.56347961293447
2026-01-28T12:57:00+05:30,25264.65,25266.7,25257.05,25258.1,25268.24287320124,29.094399045337525
2026-01-28T13:00:00+05:30,25258.3,25267.75,25252.05,25266.95,25267.919654900932,41.24190978938177
2026-01-28T13:03:00+05:30,25266.8,25269.15,25261.1,25264.85,25267.1522411757,39.37447953935712
2026-01-28T13:06:00+05:30,25264.6,25264.9,25256.35,25257.4,25264.714180881776,33.160010259636294
2026-01-28T13:09:00+05:30,25257.05,25268.85,25256.85,25267.2,25265.335635661333,46.193012976735304
2026-01-28T13:12:00+05:30,25268.25,25279.7,25264.95,25276.25,25268.064226746,55.53422572586528
2026-01-28T13:15:00+05:30,25276.6,25290.3,25268.8,25289.8,25273.498170059498,65.88087961026085
2026-01-28T13:18:00+05:30,25290.35,25291.3,25268.05,25268.05,25272.136127544625,45.88592864333404
2026-01-28T13:21:00+05:30,25267.75,25269.25,25213.55,25231.7,25262.027095658468,28.826985354368304
2026-01-28T13:24:00+05:30,25232,25244.75,25220.2,25239.8,25256.47032174385,35.09958365671774
2026-01-28T13:27:00+05:30,25239.4,25252.55,25232.75,25238.65,25252.01524130789,34.59457396542794
2026-01-28T13:30:00+05:30,25238.35,25251.5,25236.7,25243.6,25249.911430980916,39.001833980188266
2026-01-28T13:33:00+05:30,25243.8,25244.5,25229,25232.15,25245.471073235687,33.000795861486864
2026-01-28T13:36:00+05:30,25231.95,25234.9,25225.85,25233.45,25242.465804926767,34.33903362685038
2026-01-28T13:39:00+05:30,25233.65,25240.8,25229.65,25231.25,25239.661853695077,33.03622631176097
2026-01-28T13:42:00+05:30,25231.4,25231.4,25207,25208.35,25231.833890271308,22.616158427900658
2026-01-28T13:45:00+05:30,25207.35,25213.45,25199.55,25203.35,25224.71291770348,20.93419089813527
2026-01-28T13:48:00+05:30,25203.75,25206.3,25188.7,25188.8,25215.73468827761,16.714102024129005
2026-01-28T13:51:00+05:30,25188.15,25214.55,25187.65,25214.4,25215.40101620821,41.090697853123906
2026-01-28T13:54:00+05:30,25215.4,25225.15,25215.4,25220.6,25216.700762156157,45.590322142484325
2026-01-28T13:57:00+05:30,25220.3,25234.2,25217,25231.3,25220.350571617117,52.842696534006606
2026-01-28T14:00:00+05:30,25232.25,25236.5,25224.6,25229.95,25222.75042871284,51.82586868581187
2026-01-28T14:03:00+05:30,25229.8,25242.8,25227.75,25232.45,25225.17532153463,53.74869255379638
2026-01-28T14:06:00+05:30,25231.75,25235.3,25221.7,25224.55,25225.018991150973,46.85412105391116
2026-01-28T14:09:00+05:30,25224.7,25233.55,25219.7,25220.2,25223.81424336323,43.28709127852587
2026-01-28T14:12:00+05:30,25220.15,25225.2,25205.15,25209.05,25220.123182522424,35.259767451322205
2026-01-28T14:15:00+05:30,25208.65,25224.95,25201.1,25212.1,25218.11738689182,38.87709729385761
2026-01-28T14:18:00+05:30,25211.05,25228.75,25204.1,25226.95,25220.325540168866,53.60287732099125
2026-01-28T14:21:00+05:30,25226.3,25232.15,25211,25218.1,25219.769155126647,45.912177878464256
2026-01-28T14:24:00+05:30,25219.45,25224.85,25213.7,25220.65,25219.989366344984,48.4008297768411
2026-01-28T14:27:00+05:30,25220.55,25239.6,25219.15,25235.15,25223.77952475874,60.46762998364582
2026-01-28T14:30:00+05:30,25235,25250.7,25234.65,25243.1,25228.609643569052,65.61169130456584
2026-01-28T14:33:00+05:30,25243.05,25246.35,25218.95,25233.8,25229.90723267679,55.71697349819086
2026-01-28T14:36:00+05:30,25234.7,25240.6,25220.75,25235.85,25231.392924507592,57.3702762930506
2026-01-28T14:39:00+05:30,25235.65,25248.95,25232.05,25237.1,25232.819693380694,58.4732025754093
2026-01-28T14:42:00+05:30,25237.45,25253.2,25237.05,25251.55,25237.50227003552,69.21501451766798
2026-01-28T14:45:00+05:30,25252.05,25269.75,25251.2,25268.75,25245.31420252664,77.35093607328488
2026-01-28T14:48:00+05:30,25268.95,25290.4,25264.5,25286.05,25255.49815189498,82.71224511130715
2026-01-28T14:51:00+05:30,25285.55,25305.2,25283.25,25305,25267.873613921234,86.72728776591025
2026-01-28T14:54:00+05:30,25304.1,25321,25301.4,25320.4,25281.005210440926,89.12247719249835
2026-01-28T14:57:00+05:30,25320.45,25329.05,25318.1,25320.7,25290.928907830694,89.16690756553909
2026-01-28T15:00:00+05:30,25320.8,25344.5,25320.8,25340.95,25303.43418087302,91.80343551449351
2026-01-28T15:03:00+05:30,25340.75,25343.75,25329.15,25338.95,25312.313135654767,89.29917708005014
2026-01-28T15:06:00+05:30,25338,25344.1,25326.2,25328.05,25316.247351741076,76.09996621179835
2026-01-28T15:09:00+05:30,25327.1,25334.65,25322.5,25329,25319.43551380581,76.45385292705058
2026-01-28T15:12:00+05:30,25328.55,25333.75,25324.1,25329.65,25321.989135354357,76.72890761797048
2026-01-28T15:15:00+05:30,25329.75,25353,25329.75,25352.7,25329.66685151577,84.31111485047032
2026-01-28T15:18:00+05:30,25351.9,25356.45,25347.3,25348.1,25334.275138636825,78.36625444171953
2026-01-28T15:21:00+05:30,25347.45,25357.9,25346.4,25355.85,25339.66885397762,80.99961267983511
2026-01-28T15:24:00+05:30,25354.8,25358.4,25349.85,25354.25,25343.314140483213,78.69245957437204
2026-01-28T15:27:00+05:30,25355,25358.2,25341,25348.05,25344.49810536241,69.71527938848278
2026-01-28T15:30:00+05:30,25347.4,25347.4,25342.75,25342.75,25344.06107902181,62.59381636329609
2026-01-29T09:06:00+05:30,25345,25345,25345,25345,25344.295809266358,64.39518826200637
2026-01-29T09:15:00+05:30,25354.85,25359.35,25248.55,25280.05,25328.234356949768,24.56122801064106
2026-01-29T09:18:00+05:30,25280.4,25289.6,25261.2,25261.2,25311.475767712327,20.307776936668702
2026-01-29T09:21:00+05:30,25261,25284.4,25252.4,25283.75,25304.544325784245,35.819971742041446
2026-01-29T09:24:00+05:30,25282.45,25304.6,25270.6,25300.35,25303.495744338183,45.01240281618062
2026-01-29T09:27:00+05:30,25301.6,25302.05,25271.6,25272.6,25295.771808253638,35.1840985016193
2026-01-29T09:30:00+05:30,25270.7,25282.25,25252.3,25274,25290.32885619023,36.00651908351831
2026-01-29T09:33:00+05:30,25273.5,25280.9,25260.35,25261.5,25283.121642142672,31.803032166495385
2026-01-29T09:36:00+05:30,25261.95,25262.95,25215.4,25221.35,25267.678731607004,22.124269692740498
2026-01-29T09:39:00+05:30,25220.4,25241.65,25216.85,25224.85,25256.971548705253,24.46226975756163
2026-01-29T09:42:00+05:30,25226.5,25227.4,25207.8,25210.7,25245.40366152894,21.427969272620615
2026-01-29T09:45:00+05:30,25209,25229.1,25204.25,25223.7,25239.977746146706,30.648415239697584
2026-01-29T09:48:00+05:30,25224.4,25238.35,25217.6,25234.6,25238.633309610028,37.7896974817939
2026-01-29T09:51:00+05:30,25234.7,25238.35,25198.9,25200.6,25229.12498220752,27.48880459749209
2026-01-29T09:54:00+05:30,25201.4,25201.4,25159.8,25165.85,25213.30623665564,20.745789825190386
2026-01-29T09:57:00+05:30,25166.7,25192.15,25165.1,25184.85,25206.19217749173,31.469130012635134
2026-01-29T10:00:00+05:30,25185.3,25192.35,25167.05,25175.4,25198.494133118795,29.178300686429154
2026-01-29T10:03:00+05:30,25175.2,25197.9,25175.2,25182,25194.370599839094,33.14389243296003
2026-01-29T10:06:00+05:30,25182.7,25193.6,25172.9,25184.75,25191.96544987932,34.915449380103
2026-01-29T10:09:00+05:30,25185.7,25200.05,25178.85,25188.05,25190.98658740949,37.24354321415904
2026-01-29T10:12:00+05:30,25187.8,25214.35,25187.8,25211.65,25196.152440557118,51.668069643602784
2026-01-29T10:15:00+05:30,25210.35,25228.85,25205.4,25216.45,25201.22683041784,54.16778205640741
2026-01-29T10:18:00+05:30,25216.35,25221.95,25193.55,25198.3,25200.49512281338,44.10485195492382
2026-01-29T10:21:00+05:30,25198.85,25208.45,25167.65,25204.4,25201.471342110035,47.89993808965349
2026-01-29T10:24:00+05:30,25206.25,25218.3,25179.2,25203.8,25202.053506582524,47.52961564578572
2026-01-29T10:27:00+05:30,25203.55,25207.05,25190.2,25194.3,25200.115129936894,41.59006218146989
2026-01-29T10:30:00+05:30,25195.65,25203.6,25183.4,25203.6,25200.986347452672,48.88532923249975
2026-01-29T10:33:00+05:30,25204.35,25218.5,25196.5,25205,25201.989760589502,49.982485365367786
2026-01-29T10:36:00+05:30,25204.8,25221.65,25198.85,25209.6,25203.892320442126,53.78509316576035
2026-01-29T10:39:00+05:30,25210.05,25210.05,25175.65,25179.25,25197.731740331594,33.92945171222483
2026-01-29T10:42:00+05:30,25179.9,25204.95,25179.7,25190,25195.798805248694,42.674573284544515
2026-01-29T10:45:00+05:30,25191.05,25200.85,25188.95,25192.3,25194.924103936522,44.50796291106369
2026-01-29T10:48:00+05:30,25191.9,25200.65,25183.55,25199.4,25196.043077952392,50.23948111677067
2026-01-29T10:51:00+05:30,25199.6,25227.95,25197.35,25224.8,25203.232308464292,65.2287745809196
2026-01-29T10:54:00+05:30,25225.2,25226.75,25219.6,25222.45,25208.03673134822,63.1746808646177
2026-01-29T10:57:00+05:30,25222.15,25240.55,25218.6,25234,25214.527548511163,68.80713002946598
2026-01-29T11:00:00+05:30,25234.6,25247.15,25234,25238.95,25220.63316138337,71.02314179310311
2026-01-29T11:03:00+05:30,25238.8,25243.2,25232.35,25235.75,25224.412371037528,67.41120307181171
2026-01-29T11:06:00+05:30,25236.2,25252.1,25230.1,25247.35,25230.146778278147,73.17965911602882
2026-01-29T11:09:00+05:30,25247.3,25258.95,25241.2,25256.85,25236.82258370861,77.0594436802063
2026-01-29T11:12:00+05:30,25256.3,25258.55,25242.05,25257.8,25242.066937781456,77.44018123248976
2026-01-29T11:15:00+05:30,25257.95,25279.25,25257.2,25274.7,25250.225203336093,83.2200929766573
2026-01-29T11:18:00+05:30,25274.5,25275.25,25263.25,25273.45,25256.03140250207,81.42003301227372
2026-01-29T11:21:00+05:30,25273.3,25296.8,25266.5,25294.2,25265.573551876554,86.90540179675644
2026-01-29T11:24:00+05:30,25294.3,25296.9,25262.95,25264.2,25265.230163907414,58.01510876731295
2026-01-29T11:27:00+05:30,25264.65,25279.1,25261.25,25278.4,25268.522622930563,64.52712459951314
2026-01-29T11:30:00+05:30,25277.4,25295.2,25276.5,25282.55,25272.02946719792,66.30886566854045
2026-01-29T11:33:00+05:30,25282.4,25282.75,25256.8,25258.9,25268.74710039844,49.708756783952595
2026-01-29T11:36:00+05:30,25258.85,25267.4,25249,25255.45,25265.42282529883,47.677398058206194
2026-01-29T11:39:00+05:30,25255.6,25262.65,25249.65,25260.75,25264.254618974122,51.2480634805592
2026-01-29T11:42:00+05:30,25261.5,25276.75,25260.95,25269.45,25265.553464230594,56.88310908172076
2026-01-29T11:45:00+05:30,25270.2,25270.2,25249.15,25265.2,25265.465098172946,53.3675128225575
2026-01-29T11:48:00+05:30,25267.05,25271,25257.15,25270.95,25266.83632362971,57.512320507298604
2026-01-29T11:51:00+05:30,25271.3,25274.9,25250.65,25252.9,25263.35224272228,43.38863732712988
2026-01-29T11:54:00+05:30,25253.4,25254.4,25240,25252.3,25260.58918204171,42.979313165645365
2026-01-29T11:57:00+05:30,25252.5,25263.4,25252.5,25258.8,25260.14188653128,49.05383082981414
2026-01-29T12:00:00+05:30,25259.1,25263.95,25255.65,25261.1,25260.38141489846,51.19998340487981
2026-01-29T12:03:00+05:30,25262.2,25272.9,25260.9,25269.9,25262.761061173846,58.92393462744861
2026-01-29T12:06:00+05:30,25270.4,25272.1,25259.9,25272.1,25265.095795880385,60.736506713259026
2026-01-29T12:09:00+05:30,25272.6,25287.95,25272.6,25277.1,25268.096846910288,64.84928016421779
2026-01-29T12:12:00+05:30,25275.95,25280.85,25265,25280.75,25271.260135182718,67.72825549416734
2026-01-29T12:15:00+05:30,25280.4,25282.95,25267.1,25272.65,25271.60760138704,55.878994914915545
2026-01-29T12:18:00+05:30,25273.45,25279.15,25262.05,25263,25269.45570104028,44.9487870419405
2026-01-29T12:21:00+05:30,25263.45,25281.95,25263.25,25276.3,25271.16677578021,58.12073494685353
2026-01-29T12:24:00+05:30,25276.85,25290.15,25276.85,25284.65,25274.537581835157,64.36573616460417
2026-01-29T12:27:00+05:30,25285.8,25287.35,25268.2,25284.95,25277.14068637637,64.58708473680946
2026-01-29T12:30:00+05:30,25285.85,25306.65,25284.9,25303.25,25283.668014782277,75.44290334453865
2026-01-29T12:33:00+05:30,25304.2,25309.05,25291.6,25294.8,25286.45101108671,64.75005413488488
2026-01-29T12:36:00+05:30,25295.7,25297.65,25287.2,25287.85,25286.800758315032,56.99811384706091
2026-01-29T12:39:00+05:30,25288.45,25292.25,25286.7,25289.3,25287.425568736275,58.21573732419721
2026-01-29T12:42:00+05:30,25289.7,25297.15,25281.25,25282.5,25286.194176552206,50.406638100028985
2026-01-29T12:45:00+05:30,25282.3,25308.55,25276.45,25308.1,25291.670632414156,68.7928560851163
2026-01-29T12:48:00+05:30,25308.7,25319.15,25300.5,25316.5,25297.877974310617,72.67142843841619
2026-01-29T12:51:00+05:30,25317.05,25332.6,25315.95,25324.7,25304.583480732963,76.06004589057413
2026-01-29T12:54:00+05:30,25325.55,25340.85,25324.9,25332.2,25311.487610549724,78.85746120390986
2026-01-29T12:57:00+05:30,25333.3,25335.3,25317.05,25321.8,25314.065707912294,66.32030553852796
2026-01-29T13:00:00+05:30,25322.25,25340.45,25321,25340.45,25320.66178093422,74.72671018725045
2026-01-29T13:03:00+05:30,25341.1,25354.6,25341.1,25349.75,25327.933835700664,77.93128294826171
2026-01-29T13:06:00+05:30,25350.6,25368.15,25350.5,25367.3,25337.7753767755,82.74745930795969
2026-01-29T13:09:00+05:30,25367.2,25367.2,25351.2,25362.45,25343.944032581625,77.30793671412131
2026-01-29T13:12:00+05:30,25362.85,25364,25345.25,25353.65,25346.37052443622,67.8643774591398
2026-01-29T13:15:00+05:30,25353.45,25356.4,25350.35,25354.2,25348.327893327165,68.14808700915054
2026-01-29T13:18:00+05:30,25353.5,25353.7,25334.75,25341.5,25346.620919995374,55.05427488048052
2026-01-29T13:21:00+05:30,25342.15,25346.05,25335.75,25344.75,25346.15318999653,57.49266262951697
2026-01-29T13:24:00+05:30,25344.65,25348.95,25341.95,25342.85,25345.3273924974,55.441198097496795
2026-01-29T13:27:00+05:30,25344.05,25350.5,25328.3,25336.75,25343.18304437305,48.90496453829692
2026-01-29T13:30:00+05:30,25337.15,25363.7,25333.45,25361,25347.637283279786,66.96713389612043
2026-01-29T13:33:00+05:30,25360.45,25380.45,25359.1,25377.85,25355.19046245984,74.32479890690851
2026-01-29T13:36:00+05:30,25378.25,25385.4,25376.2,25381.5,25361.76784684488,75.69304453164423
2026-01-29T13:39:00+05:30,25382.3,25392.05,25381.55,25382,25366.825885133658,75.89831269264195
2026-01-29T13:42:00+05:30,25382.15,25404.1,25380.3,25402.5,25375.744413850243,82.83287712942018
2026-01-29T13:45:00+05:30,25403.45,25416.75,25400.05,25415.4,25385.658310387684,85.82669577263911
2026-01-29T13:48:00+05:30,25414.55,25431.4,25414.15,25424.05,25395.25623279076,87.52819057158818
2026-01-29T13:51:00+05:30,25423.8,25426.1,25414.9,25418.35,25401.029674593072,80.1325777288433
2026-01-29T13:54:00+05:30,25418.3,25425.35,25416.4,25422.25,25406.334755944805,81.38790785744932
2026-01-29T13:57:00+05:30,25422.5,25431.9,25420.5,25430.9,25412.476066958603,84.00334298780976
2026-01-29T14:00:00+05:30,25430.05,25437.3,25424.6,25428.25,25416.419550218954,79.98599663655895
2026-01-29T14:03:00+05:30,25428.15,25432.8,25407.65,25408.05,25414.327162664216,56.11872458692643
2026-01-29T14:06:00+05:30,25408.2,25408.7,25392.15,25395.4,25409.595371998163,46.07413950991231
2026-01-29T14:09:00+05:30,25395.15,25405.55,25383.65,25405.55,25408.584028998623,53.81283596947315
2026-01-29T14:12:00+05:30,25405.7,25420.85,25404.55,25412.9,25409.663021748966,58.8069941996413
2026-01-29T14:15:00+05:30,25413.3,25418.45,25403.25,25414.75,25410.934766311722,60.074705349942015
2026-01-29T14:18:00+05:30,25415.6,25420.05,25398.7,25401.3,25408.526074733792,47.63930912953976
2026-01-29T14:21:00+05:30,25400.05,25407.25,25398.9,25402.1,25406.919556050343,48.38077968726734
2026-01-29T14:24:00+05:30,25402.4,25419.65,25398.65,25418.6,25409.839667037755,61.499594309938516
2026-01-29T14:27:00+05:30,25418.55,25431,25409.85,25430.95,25415.117250278316,68.4920945690047
2026-01-29T14:30:00+05:30,25431.15,25447.45,25430.7,25444.75,25422.525437708737,74.52403166852227
2026-01-29T14:33:00+05:30,25445.7,25454.7,25435.3,25438.7,25426.56907828155,67.87762393659872
2026-01-29T14:36:00+05:30,25437.9,25446,25434.95,25436.25,25428.989308711163,65.13320391241584
2026-01-29T14:39:00+05:30,25438.15,25444.8,25430.7,25438.5,25431.36698153337,66.580914443394
2026-01-29T14:42:00+05:30,25439.15,25444.45,25430.65,25440.25,25433.587736150028,67.79431597717742
2026-01-29T14:45:00+05:30,25439.7,25446.8,25436.2,25444.6,25436.34080211252,70.86236486772083
2026-01-29T14:48:00+05:30,25443.4,25455.75,25440.35,25447.5,25439.13060158439,72.87236985321753
2026-01-29T14:51:00+05:30,25446.65,25458.15,25443.35,25444.05,25440.360451188295,66.50493387874366
2026-01-29T14:54:00+05:30,25443.55,25446.65,25433.1,25440.8,25440.47033839122,60.67795205372835
2026-01-29T14:57:00+05:30,25441.65,25441.65,25429.95,25434.8,25439.052753793414,51.045031982314676
2026-01-29T15:00:00+05:30,25436.95,25445.9,25408.95,25408.95,25431.52706534506,28.39046879351274
2026-01-29T15:03:00+05:30,25410.35,25432.3,25408,25419.85,25428.607799008794,41.223243486136276
2026-01-29T15:06:00+05:30,25421.55,25433.85,25408.1,25408.1,25423.480849256594,33.64129823441196
2026-01-29T15:09:00+05:30,25410.4,25423.75,25408,25417.45,25421.973136942444,43.31946229948265
2026-01-29T15:12:00+05:30,25418.65,25428.35,25407.6,25407.6,25418.379852706832,36.734662667120475
2026-01-29T15:15:00+05:30,25407.65,25431.65,25405.1,25415.05,25417.547389530126,44.216862093866546
2026-01-29T15:18:00+05:30,25418.15,25431.05,25414.55,25414.9,25416.885542147596,44.094364287091736
2026-01-29T15:21:00+05:30,25416,25427.7,25414.25,25422.35,25418.251656610697,51.82743480447969
2026-01-29T15:24:00+05:30,25424.3,25424.3,25407.15,25407.3,25415.513742458024,39.085418344674224
2026-01-29T15:27:00+05:30,25410.55,25425.95,25405.7,25422.1,25417.160306843518,52.487164849181156
2026-01-29T15:30:00+05:30,25416.65,25418.9,25416.65,25418.9,25417.59523013264,49.72740686637542
2026-01-30T09:06:00+05:30,25247.55,25247.55,25247.55,25247.55,25375.08392259948,11.605744939181804
2026-01-30T09:15:00+05:30,25271.3,25285.95,25224.35,25261.8,25346.762941949608,17.725300246666436
2026-01-30T09:18:00+05:30,25261.9,25270.95,25234.2,25253.75,25323.509706462206,16.95183578097206
2026-01-30T09:21:00+05:30,25253,25266,25235.65,25252.85,25305.844779846655,16.855897470616597
2026-01-30T09:24:00+05:30,25251.35,25275.8,25230.65,25270.35,25296.97108488499,26.315903640604645
2026-01-30T09:27:00+05:30,25269.6,25280.6,25240.75,25242,25283.22831366374,21.658444650009002
2026-01-30T09:30:00+05:30,25242.5,25249.15,25218.95,25239.6,25272.321235247808,21.286363899483092
2026-01-30T09:33:00+05:30,25240.2,25287.5,25240.2,25281.25,25274.553426435858,41.599502693716694
2026-01-30T09:36:00+05:30,25281.65,25308.3,25280.15,25308,25282.915069826893,51.062421386590536
2026-01-30T09:39:00+05:30,25307.05,25308.8,25268.8,25296.75,25286.37380237017,47.30178279484873
2026-01-30T09:42:00+05:30,25297.65,25304.55,25274.95,25292.25,25287.842851777626,45.73008521358079
2026-01-30T09:45:00+05:30,25291.75,25297.45,25280.95,25293.4,25289.23213883322,46.262440450750056
2026-01-30T09:48:00+05:30,25293.2,25312.05,25291.15,25303.35,25292.761604124913,51.10402511534558
2026-01-30T09:51:00+05:30,25303.55,25314.35,25298.2,25305.7,25295.996203093684,52.28849567963335
2026-01-30T09:54:00+05:30,25305.2,25323.15,25291.95,25291.95,25294.984652320265,44.8689297405072
2026-01-30T09:57:00+05:30,25292.4,25293.45,25274.35,25283.4,25292.0884892402,40.68122040213598
2026-01-30T10:00:00+05:30,25283.95,25310.65,25279.95,25307.65,25295.97886693015,54.67810293699694
2026-01-30T10:03:00+05:30,25307.95,25315.95,25275.05,25279.1,25291.759150197613,41.2945130757412
2026-01-30T10:06:00+05:30,25277.5,25283.4,25266.45,25277.7,25288.24436264821,40.72424257158931
2026-01-30T10:09:00+05:30,25277.55,25292.15,25275.45,25290.2,25288.73327198616,48.17884393087401
2026-01-30T10:12:00+05:30,25288.9,25315.75,25284.85,25314.3,25295.12495398962,59.605586392049666
2026-01-30T10:15:00+05:30,25315.8,25319.65,25309.25,25311.7,25299.268715492217,57.995992115624794
2026-01-30T10:18:00+05:30,25311.85,25315.85,25290.3,25291.25,25297.264036619163,46.47870428163653
2026-01-30T10:21:00+05:30,25290.6,25300.65,25274.5,25280,25292.948027464372,41.224428306923315
2026-01-30T10:24:00+05:30,25280.35,25287.2,25273.55,25277.45,25289.07352059828,40.027811332524166
2026-01-30T10:27:00+05:30,25278.6,25280.95,25268.95,25279.6,25286.705140448707,41.69263783544734
2026-01-30T10:30:00+05:30,25279.95,25297.55,25273.45,25297.55,25289.41635533653,54.10281350310729
2026-01-30T10:33:00+05:30,25297.15,25299.95,25285.05,25291.95,25290.049766502398,50.21289785147144
2026-01-30T10:36:00+05:30,25291.3,25292.4,25282,25292.4,25290.6373248768,50.54624053136264
2026-01-30T10:39:00+05:30,25292.7,25311.6,25291.7,25310.4,25295.5779936576,62.31951644442217
2026-01-30T10:42:00+05:30,25310.1,25310.45,25295.9,25302.1,25297.208495243198,55.24432698473031
2026-01-30T10:45:00+05:30,25301.05,25308.4,25298.15,25305.8,25299.356371432397,57.7395997490405
2026-01-30T10:48:00+05:30,25305.3,25312.65,25290.8,25292.2,25297.567278574297,46.59854591036314
2026-01-30T10:51:00+05:30,25292.05,25298.5,25284.3,25293.25,25296.487958930724,47.51080788476456
2026-01-30T10:54:00+05:30,25292.4,25306.25,25289.6,25298.95,25297.103469198042,52.63532978960373
2026-01-30T10:57:00+05:30,25299.05,25306.5,25295.15,25302.05,25298.34010189853,55.398253888695386
2026-01-30T11:00:00+05:30,25302.4,25309.2,25300.75,25303.65,25299.667576423897,56.91174010734932
2026-01-30T11:03:00+05:30,25302.25,25309.1,25290.65,25293.6,25298.150682317922,45.57796880340441
2026-01-30T11:06:00+05:30,25292.5,25293.65,25273.35,25277.45,25292.97551173844,33.187237519681375
2026-01-30T11:09:00+05:30,25277.2,25279.15,25249.7,25251.15,25282.51913380383,21.884071469778135
2026-01-30T11:12:00+05:30,25249.5,25265.1,25247.1,25255.45,25275.751850352874,26.649393039808558
2026-01-30T11:15:00+05:30,25255.35,25260.05,25246.45,25254.1,25270.338887764654,26.066948065138092
2026-01-30T11:18:00+05:30,25254.75,25262.05,25249.75,25257.45,25267.11666582349,30.466605282369883
2026-01-30T11:21:00+05:30,25257.75,25258.55,25244,25250.6,25262.987499367617,26.67917110628322
2026-01-30T11:24:00+05:30,25251.15,25282.85,25250.75,25278.85,25266.953124525713,54.120865143723435
2026-01-30T11:27:00+05:30,25279.15,25281.5,25256.6,25258.95,25264.952343394285,41.38994452898528
2026-01-30T11:30:00+05:30,25257.55,25261.75,25249.75,25251.65,25261.626757545713,37.60422610734671
2026-01-30T11:33:00+05:30,25252.5,25253,25232,25248.75,25258.407568159284,36.07496612724614
2026-01-30T11:36:00+05:30,25249.05,25263.85,25242.95,25263.4,25259.655676119462,48.43422970326165
2026-01-30T11:39:00+05:30,25263.6,25278.2,25262.7,25277.5,25264.116757089596,57.632092382176616
2026-01-30T11:42:00+05:30,25276.6,25280.35,25270.7,25272.45,25266.200067817197,53.634583997852495
2026-01-30T11:45:00+05:30,25271.85,25275.4,25258.15,25262.15,25265.1875508629,46.036262130031794
2026-01-30T11:48:00+05:30,25261.5,25267,25256.3,25266.8,25265.590663147173,49.783262867157724
2026-01-30T11:51:00+05:30,25265.55,25292.75,25264.5,25290.45,25271.80549736038,64.4359660548691
2026-01-30T11:54:00+05:30,25290.4,25294,25270.2,25274.3,25272.429123020283,52.28219058602586
2026-01-30T11:57:00+05:30,25274,25274,25257.65,25261.4,25269.671842265212,44.46630978595139
2026-01-30T12:00:00+05:30,25262,25265.2,25248.85,25255.45,25266.11638169891,41.15555751419988
2026-01-30T12:03:00+05:30,25256,25265.35,25253.8,25260.15,25264.624786274184,44.93395109235592
2026-01-30T12:06:00+05:30,25260.05,25270.9,25259.25,25267.55,25265.356089705638,50.743542242183054
2026-01-30T12:09:00+05:30,25266.85,25278.45,25266.4,25277,25268.26706727923,57.434206883523544
2026-01-30T12:12:00+05:30,25277.2,25294.85,25274.35,25294.7,25274.875300459422,67.17681187805239
2026-01-30T12:15:00+05:30,25293.65,25301.8,25287.35,25287.35,25277.993975344565,60.471402903191844
2026-01-30T12:18:00+05:30,25287.9,25290.5,25270.6,25284.7,25279.670481508423,58.03471954637619
2026-01-30T12:21:00+05:30,25285.15,25306.15,25280.05,25305.25,25286.065361131317,69.24615490511161
2026-01-30T12:24:00+05:30,25305.1,25316.6,25295,25295,25288.299020848488,59.92930391546538
2026-01-30T12:27:00+05:30,25293.95,25301.45,25288.95,25294.05,25289.736765636364,59.069921603537054
2026-01-30T12:30:00+05:30,25293.8,25309.1,25292.15,25306.9,25294.02757422727,66.62295455462046
2026-01-30T12:33:00+05:30,25307.05,25307.75,25284.55,25285.1,25291.795680670453,48.79942642426831
2026-01-30T12:36:00+05:30,25286,25304.8,25281.45,25289.45,25291.20926050284,51.80124968373891
2026-01-30T12:39:00+05:30,25289.2,25302.8,25288.25,25291.7,25291.331945377133,53.44822316047468
2026-01-30T12:42:00+05:30,25292.15,25309.85,25291.1,25293.55,25291.88645903285,54.925683978510975
2026-01-30T12:45:00+05:30,25293.7,25298.5,25291.2,25296.9,25293.139844274636,57.75801431097674
2026-01-30T12:48:00+05:30,25297.45,25300.85,25285.2,25292.9,25293.079883205977,53.10915775241891
2026-01-30T12:51:00+05:30,25292.6,25299.7,25288.8,25294.3,25293.384912404483,54.60123984614002
2026-01-30T12:54:00+05:30,25294.15,25301.2,25288.3,25289.8,25292.48868430336,48.780451972878204
2026-01-30T12:57:00+05:30,25289.7,25303.3,25288.35,25302.65,25295.02901322752,62.20389031511663
2026-01-30T13:00:00+05:30,25303.75,25306.15,25278.45,25283,25292.021759920637,42.38602299368732
2026-01-30T13:03:00+05:30,25282.75,25283.55,25274,25276.35,25288.10381994048,37.65003459912136
2026-01-30T13:06:00+05:30,25276.3,25277.6,25249.85,25255.65,25279.99036495536,26.782437129692596
2026-01-30T13:09:00+05:30,25255.4,25260.25,25238.5,25258.1,25274.51777371652,29.588853523867655
2026-01-30T13:12:00+05:30,25257.65,25258.75,25246.15,25247.05,25267.65083028739,24.622744193931737
2026-01-30T13:15:00+05:30,25247.4,25247.5,25213.65,25241.5,25261.113122715542,22.41798016922948
2026-01-30T13:18:00+05:30,25240.8,25241.35,25227.8,25230,25253.334842036656,18.42887012547706
2026-01-30T13:21:00+05:30,25229.55,25238,25227.1,25228.6,25247.15113152749,17.974598389213014
2026-01-30T13:24:00+05:30,25229.25,25239.95,25227,25234.35,25243.950848645618,26.63954020348055
2026-01-30T13:27:00+05:30,25234.3,25238.6,25230.3,25230.5,25240.588136484213,24.608830108389427
2026-01-30T13:30:00+05:30,25229.55,25253.65,25229.55,25252.8,25243.64110236316,50.2409375629277
2026-01-30T13:33:00+05:30,25252.9,25264.6,25243.35,25257.15,25247.01832677237,53.814494586185766
2026-01-30T13:36:00+05:30,25257.8,25268.4,25251.9,25267.65,25252.176245079278,61.58391263124787
2026-01-30T13:39:00+05:30,25268.05,25290.3,25260.55,25286.65,25260.794683809458,71.65147532924294
2026-01-30T13:42:00+05:30,25286,25306.5,25286,25301.2,25270.896012857094,77.02965104493424
2026-01-30T13:45:00+05:30,25302.05,25313.1,25295.1,25295.75,25277.10950964282,71.13236652079011
2026-01-30T13:48:00+05:30,25296.3,25307.2,25284.9,25303.5,25283.707132232117,74.3857003342344
2026-01-30T13:51:00+05:30,25303.6,25311.25,25296.25,25309.85,25290.242849174087,76.8767642139639
2026-01-30T13:54:00+05:30,25310.05,25339.5,25307.5,25332.55,25300.819636880566,83.54924284216968
2026-01-30T13:57:00+05:30,25332.05,25344.9,25322.75,25342.65,25311.277227660423,85.69237279340884
2026-01-30T14:00:00+05:30,25343.8,25349.85,25331.7,25348.8,25320.657920745318,86.90433915241303
2026-01-30T14:03:00+05:30,25349.75,25353,25335.75,25351.7,25328.418440558988,87.48743374142994
2026-01-30T14:06:00+05:30,25352.85,25360.25,25351.6,25353.35,25334.65133041924,87.84663742578732
2026-01-30T14:09:00+05:30,25353.95,25370.7,25349.1,25350.35,25338.57599781443,82.8043057131912
2026-01-30T14:12:00+05:30,25349.1,25353.95,25344.1,25352.45,25342.044498360825,83.57427880280468
2026-01-30T14:15:00+05:30,25353.5,25356.45,25344.1,25351.45,25344.39587377062,81.54573414325318
2026-01-30T14:18:00+05:30,25350.5,25355.95,25345.75,25354.9,25347.021905327965,83.18818513363132
2026-01-30T14:21:00+05:30,25354.85,25356.35,25339.3,25342.15,25345.803928995974,60.11850019897568
2026-01-30T14:24:00+05:30,25341.6,25348.3,25336.4,25338.6,25344.00294674698,55.15036545346671
2026-01-30T14:27:00+05:30,25339.1,25341.7,25326.35,25336.1,25342.027210060234,51.643951857807636
2026-01-30T14:30:00+05:30,25335.45,25339,25320.65,25336.3,25340.595407545174,51.929206561253864
2026-01-30T14:33:00+05:30,25336.2,25341.5,25320.05,25332.1,25338.471555658878,45.37177367767323
2026-01-30T14:36:00+05:30,25332,25343.65,25329.1,25341.55,25339.24116674416,58.97166335364674
2026-01-30T14:39:00+05:30,25341.2,25350.3,25337.2,25341.7,25339.85587505812,59.15994623276959
2026-01-30T14:42:00+05:30,25341.5,25341.5,25303.95,25311.6,25332.79190629359,28.519643939612067
2026-01-30T14:45:00+05:30,25310.15,25344.7,25302.2,25343.15,25335.381429720193,56.237008498674875
2026-01-30T14:48:00+05:30,25344.45,25351.95,25335.55,25350.55,25339.173572290143,60.43512223978283
2026-01-30T14:51:00+05:30,25350.6,25357.8,25343.15,25351.85,25342.342679217607,61.198008232548176
2026-01-30T14:54:00+05:30,25352,25355.65,25340.35,25350.45,25344.369509413205,59.75049418430384
2026-01-30T14:57:00+05:30,25350.6,25368.8,25348.3,25352.45,25346.389632059905,61.27701617144816
2026-01-30T15:00:00+05:30,25353.65,25354.2,25293.3,25310.05,25337.30472404493,31.617900755602022
2026-01-30T15:03:00+05:30,25311.8,25320.5,25307.25,25309.35,25330.316043033697,31.325860601766095
2026-01-30T15:06:00+05:30,25310.3,25324.5,25306.5,25316.65,25326.899532275274,38.263664121943684
2026-01-30T15:09:00+05:30,25316.8,25333.85,25313.1,25332.05,25328.187149206457,50.557192413630496
2026-01-30T15:12:00+05:30,25332.75,25332.75,25318.2,25319.7,25326.065361904843,42.61729945501211
2026-01-30T15:15:00+05:30,25321,25343.9,25316.45,25330.75,25327.236521428633,50.699428221432264
2026-01-30T15:18:00+05:30,25331.3,25333,25321.85,25326.3,25327.002391071474,47.55266431735424
2026-01-30T15:21:00+05:30,25326.1,25326.1,25312.85,25318.05,25324.764293303604,41.924466306562884
2026-01-30T15:24:00+05:30,25317.5,25327.25,25311.05,25325.55,25324.960719977702,48.401626388335224
2026-01-30T15:27:00+05:30,25325.25,25337.65,25309.6,25315.8,25322.670539983275,41.39885577032483
2026-01-30T15:30:00+05:30,25318.55,25320.65,25318.55,25320.65,25322.165404987456,45.938115554016875
2026-02-01T09:06:00+05:30,25333.75,25333.75,25333.75,25333.75,25325.06155374059,56.54514145832384
2026-02-01T09:15:00+05:30,25329.75,25342.55,25252.3,25281.35,25314.133665305442,29.5181285108538
2026-02-01T09:18:00+05:30,25282.4,25301,25272.25,25299.4,25310.450248979083,40.875173430886946
2026-02-01T09:21:00+05:30,25298.7,25299.6,25277.7,25297.95,25307.325186734313,40.26707265133831
2026-02-01T09:24:00+05:30,25297,25307.85,25287.65,25302.55,25306.131390050734,43.38444269401394
2026-02-01T09:27:00+05:30,25302,25323.55,25300.55,25320.4,25309.69854253805,54.2043988596593
2026-02-01T09:30:00+05:30,25319.85,25322.15,25296.7,25301.65,25307.68640690354,43.91840779349882
2026-02-01T09:33:00+05:30,25303.3,25317.05,25299.7,25301.2,25306.064805177655,43.686286611985025
2026-02-01T09:36:00+05:30,25302.1,25321.35,25301.55,25315.5,25308.423603883242,52.912866595554824
2026-02-01T09:39:00+05:30,25314.55,25318.75,25301.6,25312.55,25309.45520291243,50.90551170564448
2026-02-01T09:42:00+05:30,25312.8,25335.1,25308.3,25333.35,25315.42890218432,62.5823955100007
2026-02-01T09:45:00+05:30,25332.6,25346.85,25331.35,25333.65,25319.98417663824,62.73155134417734
2026-02-01T09:48:00+05:30,25332.2,25338.5,25264.85,25305.2,25316.28813247868,43.53231871052433
2026-02-01T09:51:00+05:30,25302.3,25324.3,25302.3,25322.65,25317.87859935901,53.677307819625625
2026-02-01T09:54:00+05:30,25325,25328.55,25310.55,25324.9,25319.63394951926,54.89629113686516
2026-02-01T09:57:00+05:30,25326.2,25331.4,25318.25,25321.5,25320.100462139446,52.46243125610933
2026-02-01T10:00:00+05:30,25321.95,25337.9,25316.2,25319.1,25319.850346604584,50.614414520699505
2026-02-01T10:03:00+05:30,25319.15,25330.15,25318.5,25328.55,25322.025259953436,57.49281132239347
2026-02-01T10:06:00+05:30,25329.55,25337,25325.45,25328.95,25323.756444965078,57.78317850031321
2026-02-01T10:09:00+05:30,25329.3,25339.45,25327.25,25338.25,25327.379833723808,64.38274402672221
2026-02-01T10:12:00+05:30,25338.3,25352.25,25335.5,25351,25333.284875292855,71.50703283126511
2026-02-01T10:15:00+05:30,25350.9,25361.2,25350.05,25351.45,25337.82615646964,71.73979132716568
2026-02-01T10:18:00+05:30,25351.9,25354.25,25338.6,25354.2,25341.91961735223,73.29513112214697
2026-02-01T10:21:00+05:30,25353.75,25370.2,25352.3,25366.35,25348.02721301417,79.19675340783616
2026-02-01T10:24:00+05:30,25367.3,25376.4,25363.9,25367.7,25352.94540976063,79.77611516445587
2026-02-01T10:27:00+05:30,25367.75,25375.6,25367.05,25368.25,25356.77155732047,80.04032434108764
2026-02-01T10:30:00+05:30,25369.3,25370.35,25354.85,25361.45,25357.941167990353,67.34898683201038
2026-02-01T10:33:00+05:30,25361.4,25386.9,25358.8,25381.9,25363.930875992766,79.0204604972552
2026-02-01T10:36:00+05:30,25382.15,25387.55,25377.1,25379.6,25367.848156994572,75.48013639319126
2026-02-01T10:39:00+05:30,25377.55,25382.25,25374.55,25377.7,25370.31111774593,72.35585805019197
2026-02-01T10:42:00+05:30,25378.35,25380.95,25364.4,25371.3,25370.558338309445,62.23284372838693
2026-02-01T10:45:00+05:30,25370.7,25376.65,25360.3,25368.65,25370.081253732085,58.29311681234519
2026-02-01T10:48:00+05:30,25368.45,25373.55,25363.7,25370.05,25370.073440299064,59.859361811602554
2026-02-01T10:51:00+05:30,25369.95,25376.65,25359.7,25371.6,25370.455080224296,61.716376954675155
2026-02-01T10:54:00+05:30,25372.2,25378.75,25369.6,25373.35,25371.17881016822,63.915287499188324
2026-02-01T10:57:00+05:30,25374.2,25385.8,25371.25,25383,25374.134107626167,73.65144167261022
2026-02-01T11:00:00+05:30,25383.75,25387.05,25353.15,25357.4,25369.950580719626,40.13546272842809
2026-02-01T11:03:00+05:30,25356.8,25374.4,25348.9,25370.6,25370.11293553972,53.00128147396929
2026-02-01T11:06:00+05:30,25371.1,25408.3,25365.7,25404.7,25378.75970165479,71.47671344229259
2026-02-01T11:09:00+05:30,25404.1,25440.9,25402.8,25435.15,25392.857276241095,79.76400821672847
2026-02-01T11:12:00+05:30,25436.25,25439.45,25401.55,25411,25397.392957180822,62.863848338474796
2026-02-01T11:15:00+05:30,25410.1,25412.35,25390.75,25397.75,25397.482217885616,55.356325976347165
2026-02-01T11:18:00+05:30,25397.45,25399.15,25356.25,25360.85,25388.32416341421,39.88153442919022
2026-02-01T11:21:00+05:30,25358.6,25386.8,25358.05,25376,25385.243122560656,46.98094926176727
2026-02-01T11:24:00+05:30,25375.65,25398.3,25367.9,25395.35,25387.76984192049,54.914485695652196
2026-02-01T11:27:00+05:30,25394.55,25402.75,25371.4,25386.4,25387.427381440368,50.81162464199415
2026-02-01T11:30:00+05:30,25385.9,25402.15,25372.7,25372.7,25383.745536080278,44.830075431386504
2026-02-01T11:33:00+05:30,25373.15,25390.5,25373.15,25388.5,25384.93415206021,52.37371027581548
2026-02-01T11:36:00+05:30,25388.9,25392.1,25377.5,25379.95,25383.68811404516,48.211846594539864
2026-02-01T11:39:00+05:30,25380.05,25380.05,25331.25,25331.25,25370.57858553387,31.550994757157596
2026-02-01T11:42:00+05:30,25330.65,25333.75,25302,25311.55,25355.8214391504,27.12687164910261
2026-02-01T11:45:00+05:30,25311.45,25312.5,25282.1,25309.7,25344.2910793628,26.716436106133656
2026-02-01T11:48:00+05:30,25309.4,25322.9,25293.3,25320.85,25338.4308095221,33.7632704146845
2026-02-01T11:51:00+05:30,25319.95,25328.7,25314.2,25320.7,25333.998107141575,33.71239122125856
2026-02-01T11:54:00+05:30,25320.9,25328.9,25268,25286.8,25322.19858035618,24.126298325737437
2026-02-01T11:57:00+05:30,25285.65,25312.45,25279.05,25279.85,25311.611435267136,22.58991836937959
2026-02-01T12:00:00+05:30,25279.6,25281,25236.9,25252.1,25296.73357645035,17.421859807261413
2026-02-01T12:03:00+05:30,25251.85,25263.35,25239.7,25251,25285.300182337764,17.239464764716885
2026-02-01T12:06:00+05:30,25252.5,25352.6,25248.65,25347.6,25300.875136753322,60.0697884924776
2026-02-01T12:09:00+05:30,25350.1,25385.95,25267.8,25267.8,25292.60635256499,40.07938163557905
2026-02-01T12:12:00+05:30,25264.05,25267.3,25203.4,25223.55,25275.342264423743,32.979289306921686
2026-02-01T12:15:00+05:30,25226.75,25244.8,25166.65,25197.7,25255.931698317807,29.426454723121324
2026-02-01T12:18:00+05:30,25197.5,25199.55,25025.75,25077.9,25211.423773738356,18.595218285703595
2026-02-01T12:21:00+05:30,25077.2,25078.15,25027.8,25052.55,25171.70533030377,17.04626844884457
2026-02-01T12:24:00+05:30,25051.85,25075.45,25018.6,25031.3,25136.603997727827,15.762220527457657
2026-02-01T12:27:00+05:30,25030,25032.05,24906.25,24906.45,25079.06549829587,10.394972579690446
2026-02-01T12:30:00+05:30,24902.7,24905.1,24571.75,24825.25,25015.611623721903,8.260639478168017
2026-02-01T12:33:00+05:30,24829.75,24899.45,24773.75,24868.8,24978.908717791426,18.704994724818675
2026-02-01T12:36:00+05:30,24870.8,25001.6,24855.05,24960.9,24974.40653834357,36.53266040469622
2026-02-01T12:39:00+05:30,24959.8,25015.15,24956.15,24956.15,24969.842403757677,36.05688759053616
2026-02-01T12:42:00+05:30,24957.95,25058.7,24955.15,25013.15,24980.669302818256,45.91748519610108
2026-02-01T12:45:00+05:30,25005.4,25070.3,24997.2,25063.85,25001.464477113692,53.378169733584244
2026-02-01T12:48:00+05:30,25060.9,25062.25,24949.15,25023.4,25006.94835783527,47.30412273258554
2026-02-01T12:51:00+05:30,25021.3,25022.1,24985,25008.15,25007.248768376452,45.049358246519624
2026-02-01T12:54:00+05:30,25007.15,25072.25,25002.95,25072.15,25023.47407628234,55.44702360089319
2026-02-01T12:57:00+05:30,25071.7,25096.5,25051.15,25075.9,25036.580557211753,56.01595036245393
2026-02-01T13:00:00+05:30,25074.15,25100.8,25055.75,25074.1,25045.960417908813,55.61822363103144
2026-02-01T13:03:00+05:30,25073.5,25122.05,25073.5,25102.75,25060.157813431608,60.78820214781955
2026-02-01T13:06:00+05:30,25103.75,25114.7,25080.05,25107.4,25071.968360073704,61.63445576336079
2026-02-01T13:09:00+05:30,25109.95,25127.25,25063.6,25063.65,25069.88877005528,49.82998693864864
2026-02-01T13:12:00+05:30,25064.4,25141.9,25064.4,25119.95,25082.40407754146,61.03424507228733
2026-02-01T13:15:00+05:30,25121.15,25124.45,25092.15,25096.5,25085.928058156096,55.05909022402771
2026-02-01T13:18:00+05:30,25095.7,25132,25090.85,25127.85,25096.40854361707,61.01222275741128
2026-02-01T13:21:00+05:30,25126.7,25148.95,25123.2,25139.95,25107.293907712803,63.20687151327425
2026-02-01T13:24:00+05:30,25140,25142.55,25100.2,25119.1,25110.245430784602,56.78133195582869
2026-02-01T13:27:00+05:30,25115.95,25118.65,25066.9,25066.9,25099.409073088453,43.78128215984096
2026-02-01T13:30:00+05:30,25065.6,25079.7,25031.1,25057.55,25088.944304816338,41.78225272419621
2026-02-01T13:33:00+05:30,25057.2,25101.7,25050.15,25098.7,25091.383228612252,52.83882168104365
2026-02-01T13:36:00+05:30,25099,25099.75,25049.55,25066.15,25085.07492145919,44.95910530893043
2026-02-01T13:39:00+05:30,25065.85,25085.75,25058.75,25059.35,25078.643691094392,43.38231166440767
2026-02-01T13:42:00+05:30,25058.8,25085.55,25047.35,25077.1,25078.257768320793,48.84585355647449
2026-02-01T13:45:00+05:30,25078,25095.3,25059.95,25066.6,25075.343326240596,45.79594445973107
2026-02-01T13:48:00+05:30,25067.25,25084.6,25041.15,25043.65,25067.419994680447,39.50580482495669
2026-02-01T13:51:00+05:30,25044.45,25049.85,24985.3,24994.15,25049.102496010335,29.358747932930484
2026-02-01T13:54:00+05:30,24993.75,25045.9,24993,25039.85,25046.78937200775,44.66687809253153
2026-02-01T13:57:00+05:30,25041.15,25050.85,25022.35,25048.95,25047.329529005816,47.3189782970975
2026-02-01T14:00:00+05:30,25047.1,25063.85,25027.75,25036.9,25044.722146754364,44.05678283136528
2026-02-01T14:03:00+05:30,25038.5,25046.3,25015.85,25020.45,25038.654110065774,39.69796688536221
2026-02-01T14:06:00+05:30,25021.8,25029.45,25005.6,25005.8,25030.44058254933,35.99757663812896
2026-02-01T14:09:00+05:30,25007.95,25015.05,24983.55,25007.5,25024.705436911998,36.795181037149774
2026-02-01T14:12:00+05:30,25008,25025.8,25002.25,25011.75,25021.466577683997,39.01196101331962
2026-02-01T14:15:00+05:30,25012.3,25020.6,24991.3,25019.6,25020.999933262996,43.297469462058466
2026-02-01T14:18:00+05:30,25019.15,25039.35,25011.35,25029.8,25023.199949947248,48.75602577574849
2026-02-01T14:21:00+05:30,25029.6,25031.75,25000.4,25007.5,25019.274962460437,39.144406714609715
2026-02-01T14:24:00+05:30,25006.9,25045.9,25005.2,25040.65,25024.618721845327,54.649537447207415
2026-02-01T14:27:00+05:30,25040.05,25053.8,25038,25039.1,25028.239041383997,53.900399373763626
2026-02-01T14:30:00+05:30,25038.45,25052.1,25026.9,25050.85,25033.891781037997,58.88498223256521
2026-02-01T14:33:00+05:30,25050.6,25070.8,25043.3,25053.6,25038.818835778497,60.06404611402911
2026-02-01T14:36:00+05:30,25054,25091.55,25046.75,25053.6,25042.51412683387,60.06404611402911
2026-02-01T14:39:00+05:30,25054.25,25063.85,25049.65,25059.95,25046.873095125404,63.365894001156434
2026-02-01T14:42:00+05:30,25060.05,25065.45,25034.85,25035.05,25043.91732134405,45.976009865103045
2026-02-01T14:45:00+05:30,25033.7,25052,25019.95,25023.85,25038.90049100804,40.188306166659075
2026-02-01T14:48:00+05:30,25024.3,25024.3,24950.85,24972.85,25022.38786825603,24.08265431633211
2026-02-01T14:51:00+05:30,24972.5,24973.75,24932.2,24932.2,24999.840901192023,17.54448248298958
2026-02-01T14:54:00+05:30,24932.6,24953.25,24928.6,24949.25,24987.19317589402,27.214111047942424
2026-02-01T14:57:00+05:30,24948.65,24955.7,24912.45,24923.85,24971.357381920512,22.606467293265908
2026-02-01T15:00:00+05:30,24923.9,24935,24905.45,24931,24961.268036440386,26.683156601963532
2026-02-01T15:03:00+05:30,24932.75,24954.25,24928.45,24953.5,24959.326027330288,38.564042859778596
2026-02-01T15:06:00+05:30,24953.3,24953.4,24902.55,24903.95,24945.482020497715,27.227865967783572
2026-02-01T15:09:00+05:30,24904.8,24904.8,24865.1,24867.8,24926.061515373287,21.77872602706836
2026-02-01T15:12:00+05:30,24868.3,24882.1,24847.45,24850.15,24907.083636529966,19.550056975224194
2026-02-01T15:15:00+05:30,24849.4,24850.55,24784.55,24805.6,24881.712727397473,15.022971115875094
2026-02-01T15:18:00+05:30,24804.65,24805.75,24789.4,24793.95,24859.772045548103,14.031671113428743
2026-02-01T15:21:00+05:30,24791,24802.4,24766.2,24770,24837.329034161077,12.114422726314643
2026-02-01T15:24:00+05:30,24770.7,24772.35,24721,24751.25,24815.809275620806,10.770298886809343
2026-02-01T15:27:00+05:30,24751.1,24768,24741.3,24768,24803.856956715605,20.019056765493943
2026-02-01T15:30:00+05:30,24767.05,24825.45,24767.05,24825.45,24809.255217536702,43.46674285341918
2026-02-02T09:06:00+05:30,24796.5,24796.5,24796.5,24796.5,24806.066413152526,37.07649797560099
2026-02-02T09:15:00+05:30,24813.15,24815.85,24726.85,24800.5,24804.674809864395,38.53316230789648
2026-02-02T09:18:00+05:30,24800.55,24839.65,24773.5,24825.6,24809.906107398296,47.4406828907675
2026-02-02T09:21:00+05:30,24824.4,24884.7,24809.7,24880.4,24827.529580548722,61.6109242374198
2026-02-02T09:24:00+05:30,24879.05,24882.2,24825.85,24848.9,24832.872185411543,52.17716484614362
2026-02-02T09:27:00+05:30,24847.2,24859.3,24818.15,24849.05,24836.916639058658,52.21781110767844
2026-02-02T09:30:00+05:30,24851.35,24917.05,24843.85,24915.15,24856.474979293995,66.74773898778886
2026-02-02T09:33:00+05:30,24914.15,24918.55,24858.3,24858.3,24856.931234470496,51.142919942064296
2026-02-02T09:36:00+05:30,24856.85,24914.1,24854.4,24901.05,24867.960925852873,59.458212132989786
2026-02-02T09:39:00+05:30,24902.8,24909.55,24871,24898.9,24875.695694389655,58.87032283464579
2026-02-02T09:42:00+05:30,24898.7,24899.05,24864.7,24865.05,24873.03427079224,49.8219333285202
2026-02-02T09:45:00+05:30,24867.1,24895.55,24850.45,24883.75,24875.71320309418,54.3446205099428
2026-02-02T09:48:00+05:30,24884.45,24907.2,24873.4,24873.5,24875.159902320636,51.38298889448951
2026-02-02T09:51:00+05:30,24873.95,24934.4,24873.45,24920.35,24886.457426740475,62.330137850921425
2026-02-02T09:54:00+05:30,24922.55,24942.95,24920.05,24932,24897.843070055358,64.64001041307213
2026-02-02T09:57:00+05:30,24932.2,24936.35,24857.8,24861.9,24888.857302541517,45.18826620422826
2026-02-02T10:00:00+05:30,24863.3,24865.9,24833.2,24850.6,24879.292976906137,42.76789370689421
2026-02-02T10:03:00+05:30,24851.55,24851.55,24804.25,24810.85,24862.182232679603,35.06089904370286
2026-02-02T10:06:00+05:30,24812.35,24821.65,24796.75,24797.7,24846.061674509703,32.78095490682006
2026-02-02T10:09:00+05:30,24797.45,24849.8,24795.7,24826.15,24841.08375588228,42.258437532393174
2026-02-02T10:12:00+05:30,24826.25,24836.15,24808.2,24826.75,24837.500316911708,42.458056110049846
2026-02-02T10:15:00+05:30,24826.15,24829.9,24809.95,24812.3,24831.20023768378,38.69902567119225
2026-02-02T10:18:00+05:30,24812.1,24845.6,24811.05,24813.95,24826.887678262836,39.4136103431131
2026-02-02T10:21:00+05:30,24815,24825.85,24799.9,24818.25,24824.728258697127,41.487410662801636
2026-02-02T10:24:00+05:30,24817.2,24834.3,24810.1,24833.3,24826.871194022846,48.662704392952904
2026-02-02T10:27:00+05:30,24833.9,24850.6,24823.35,24826.4,24826.753395517135,45.6673024564169
2026-02-02T10:30:00+05:30,24826,24861.25,24825.65,24858.45,24834.677546637853,59.257652590690896
2026-02-02T10:33:00+05:30,24858.15,24866.45,24850.85,24861.8,24841.45815997839,60.463604564649074
2026-02-02T10:36:00+05:30,24862.05,24873.65,24846.85,24849.1,24843.36861998379,53.46431906725606
2026-02-02T10:39:00+05:30,24849,24872.2,24839.35,24863.35,24848.363964987842,59.588188540754906
2026-02-02T10:42:00+05:30,24863.3,24868.85,24841.55,24847.1,24848.047973740882,50.71009759978634
2026-02-02T10:45:00+05:30,24846.9,24853.5,24836.6,24845.1,24847.31098030566,49.64795173621996
2026-02-02T10:48:00+05:30,24845.8,24861.45,24844.75,24857.85,24849.945735229245,56.43464136022998
2026-02-02T10:51:00+05:30,24857.55,24864.35,24827.25,24827.45,24844.321801421935,41.04544340135994
2026-02-02T10:54:00+05:30,24825.7,24828.1,24783.5,24789.05,24830.503851066453,29.27927681651086
2026-02-02T10:57:00+05:30,24788.4,24790.25,24769.15,24773.45,24816.24038829984,25.777056036706824
2026-02-02T11:00:00+05:30,24773,24773,24742.05,24761.9,24802.65529122488,23.363158126572102
2026-02-02T11:03:00+05:30,24761.75,24761.75,24741.75,24750.1,24789.51646841866,21.017263186770123
2026-02-02T11:06:00+05:30,24750.2,24751.95,24725.5,24728.3,24774.212351313996,17.27795950025518
2026-02-02T11:09:00+05:30,24728.4,24731.05,24702,24715.3,24759.484263485498,15.374868196444197
2026-02-02T11:12:00+05:30,24715.35,24740.85,24713.85,24728.35,24751.700697614124,25.044000873529214
2026-02-02T11:15:00+05:30,24728.45,24733.9,24716.2,24723.6,24744.675523210593,23.885102996248946
2026-02-02T11:18:00+05:30,24723.4,24724.3,24704.45,24717.25,24737.819142407945,22.277306622221545
2026-02-02T11:21:00+05:30,24716.6,24718,24683,24686.7,24725.03935680596,16.16848408524531
2026-02-02T11:24:00+05:30,24686.75,24713.6,24679.4,24711.4,24721.62951760447,33.39615780536796
2026-02-02T11:27:00+05:30,24710.75,24728.1,24700.5,24726.25,24722.784638203353,41.78716947804468
2026-02-02T11:30:00+05:30,24724.3,24793.1,24722.05,24792.55,24740.225978652514,64.85197615497219
2026-02-02T11:33:00+05:30,24791.95,24829.3,24788.15,24815.8,24759.119483989387,69.75477563157898
2026-02-02T11:36:00+05:30,24815.85,24817.05,24794.55,24814.15,24772.877112992042,68.95836336442676
2026-02-02T11:39:00+05:30,24814.45,24853.95,24812.9,24841.6,24790.05783474403,74.58935495340825
2026-02-02T11:42:00+05:30,24841.45,24869.7,24837.55,24868.3,24809.618376058024,78.92723463112975
2026-02-02T11:45:00+05:30,24868.4,24879.45,24865,24865,24823.463782043516,77.03106501873091
2026-02-02T11:48:00+05:30,24867.05,24871.7,24857.35,24857.35,24831.93533653264,72.33135378534395
2026-02-02T11:51:00+05:30,24857.05,24876.6,24850.5,24870.05,24841.46400239948,75.25534311474884
2026-02-02T11:54:00+05:30,24870.9,24879.95,24852.2,24870.8,24848.79800179961,75.43420713615778
2026-02-02T11:57:00+05:30,24870.75,24875.15,24856.65,24874.3,24855.173501349705,76.36437682374971
2026-02-02T12:00:00+05:30,24874.05,24878.8,24856.25,24856.8,24855.58012601228,62.54884817901148
2026-02-02T12:03:00+05:30,24857.3,24874.6,24855.75,24868.05,24858.69759450921,67.02334822839056
2026-02-02T12:06:00+05:30,24867.5,24873.2,24853.75,24854.6,24857.673195881907,57.44958305679919
2026-02-02T12:09:00+05:30,24854.8,24872.2,24852.7,24855.6,24857.15489691143,57.97034232625166
2026-02-02T12:12:00+05:30,24855.55,24914.05,24855.3,24910.65,24870.528672683573,76.46750884181628
2026-02-02T12:15:00+05:30,24910.45,24927.3,24905.8,24927.2,24884.696504512678,79.61426563705207
2026-02-02T12:18:00+05:30,24927.25,24927.25,24883.1,24889.25,24885.834878384507,58.63775733956449
2026-02-02T12:21:00+05:30,24889.95,24897.95,24879.45,24897.4,24888.72615878838,61.19915000964517
2026-02-02T12:24:00+05:30,24897.45,24899.9,24883.05,24893.1,24889.819619091286,58.95201894384255
2026-02-02T12:27:00+05:30,24893.05,24900.95,24890,24897.25,24891.677214318464,60.58171699935726
2026-02-02T12:30:00+05:30,24896.95,24897.65,24874.55,24875.7,24887.682910738848,48.83552327604205
2026-02-02T12:33:00+05:30,24876,24888.7,24869.45,24869.45,24883.124683054135,45.82892902910452
2026-02-02T12:36:00+05:30,24869.5,24879.6,24861.95,24871.85,24880.306012290603,47.282941593358615
2026-02-02T12:39:00+05:30,24871.55,24890.25,24871.55,24881.05,24880.492009217953,52.93285705400717
2026-02-02T12:42:00+05:30,24881.6,24888.2,24869.05,24870.9,24878.094006913467,46.51605476239138
2026-02-02T12:45:00+05:30,24870.85,24882.35,24865.05,24879.55,24878.4580051851,52.269005566283525
2026-02-02T12:48:00+05:30,24878.2,24905.3,24878.2,24893.95,24882.331003888827,60.51734850902187
2026-02-02T12:51:00+05:30,24894.35,24900.95,24884.6,24885.1,24883.02325291662,53.84554056272084
2026-02-02T12:54:00+05:30,24885.35,24911.9,24883.3,24911.35,24890.104939687466,66.5910945876814
2026-02-02T12:57:00+05:30,24910.95,24944.5,24910.45,24938.2,24902.1287047656,74.87181242599708
2026-02-02T13:00:00+05:30,24938.55,24954.2,24933.45,24940.95,24911.8340285742,75.5946261626762
2026-02-02T13:03:00+05:30,24940.05,24959.5,24934.65,24956.4,24922.97552143065,79.46612194388203
2026-02-02T13:06:00+05:30,24954.3,24963.3,24945.9,24956.9,24931.45664107299,79.58837485797166
2026-02-02T13:09:00+05:30,24957.25,24962.35,24955.2,24958.35,24938.179980804744,79.99141600281838
2026-02-02T13:12:00+05:30,24957.95,24959,24930.3,24934.95,24937.37248560356,58.31284412755426
2026-02-02T13:15:00+05:30,24935.2,24942.95,24911.8,24911.8,24930.97936420267,44.41862065574017
2026-02-02T13:18:00+05:30,24911.35,24911.35,24875.75,24881.7,24918.659523152004,32.62628223420107
2026-02-02T13:21:00+05:30,24880.4,24881.1,24851.35,24866.7,24905.669642364002,28.263771291212493
2026-02-02T13:24:00+05:30,24866.8,24879.55,24860.05,24876.1,24898.277231773,34.65205586276511
2026-02-02T13:27:00+05:30,24876,24906.8,24870.45,24894.55,24897.34542382975,45.72071762260092
2026-02-02T13:30:00+05:30,24895.85,24898.8,24870.8,24872.7,24891.184067872313,37.05002884540763
2026-02-02T13:33:00+05:30,24873.1,24889.45,24871.95,24883.25,24889.200550904236,43.12582857645332
2026-02-02T13:36:00+05:30,24882.75,24902.65,24880.2,24901.5,24892.275413178177,52.398158348527964
2026-02-02T13:39:00+05:30,24900.6,24930.1,24897.1,24929.1,24901.481559883632,63.03204860002026
2026-02-02T13:42:00+05:30,24929.75,24972.3,24928.95,24964.9,24917.336169912724,72.37190330199151
2026-02-02T13:45:00+05:30,24964.2,24970,24941.7,24954.9,24926.727127434544,66.86652399908198
2026-02-02T13:48:00+05:30,24955.1,24967.3,24951.3,24958.45,24934.657845575908,67.87854065948403
2026-02-02T13:51:00+05:30,24957.85,24984.45,24954.95,24968.45,24943.105884181932,70.80870795601405
2026-02-02T13:54:00+05:30,24968.55,24976.6,24950.85,24953.15,24945.61691313645,60.893412059349224
2026-02-02T13:57:00+05:30,24953.85,24967,24946.1,24948.15,24946.25018485234,57.80719634039403
2026-02-02T14:00:00+05:30,24948.6,24958.05,24928.1,24949.25,24947.000138639254,58.34901100799178
2026-02-02T14:03:00+05:30,24949,24958,24941.2,24957.6,24949.65010397944,62.60206218106767
2026-02-02T14:06:00+05:30,24957.85,24958.75,24933.8,24935,24945.98757798458,47.3384299542401
2026-02-02T14:09:00+05:30,24934.75,24936.6,24913.85,24924.9,24940.715683488434,41.99929412806498
2026-02-02T14:12:00+05:30,24924.7,24943.4,24924.7,24943.15,24941.324262616326,53.14072498134501
2026-02-02T14:15:00+05:30,24943.2,24955.7,24933.5,24933.5,24939.368196962245,47.510699632191056
2026-02-02T14:18:00+05:30,24933.9,24944.95,24921.65,24944.95,24940.763647721684,54.2241294140201
2026-02-02T14:21:00+05:30,24944.7,24966.3,24941.3,24957.15,24944.860235791264,60.5037158047338
2026-02-02T14:24:00+05:30,24956.4,24966,24945.2,24957.05,24947.907676843446,60.42444850188279
2026-02-02T14:27:00+05:30,24958.05,24974.4,24956.7,24972.15,24953.968257632587,67.84566779580655
2026-02-02T14:30:00+05:30,24971.2,24983.4,24951.1,24960.35,24955.563693224438,57.940099907863484
2026-02-02T14:33:00+05:30,24959.4,24959.4,24934.6,24948.7,24953.847769918328,49.59904007883417
2026-02-02T14:36:00+05:30,24948.3,24956.05,24931.2,24947.9,24952.360827438744,49.033522716228475
2026-02-02T14:39:00+05:30,24948.25,24959.9,24945.5,24948.8,24951.470620579057,49.78498225979978
2026-02-02T14:42:00+05:30,24949.4,24963.2,24948.3,24956.3,24952.677965434294,56.08065805582635
2026-02-02T14:45:00+05:30,24955.4,24981.6,24952.85,24981.6,24959.90847407572,70.59138912459505
2026-02-02T14:48:00+05:30,24981.65,24998.35,24979.25,24997.75,24969.36885555679,76.39862610675631
2026-02-02T14:51:00+05:30,24997.6,25022.85,24997.4,25016.15,24981.064141667594,81.30546493123676
2026-02-02T14:54:00+05:30,25014,25029.85,25007.25,25025.3,24992.123106250696,83.31766602164939
2026-02-02T14:57:00+05:30,25024.25,25035.05,25020.1,25032.15,25002.129829688023,84.75120197739079
2026-02-02T15:00:00+05:30,25033.3,25079.15,25033.3,25066.3,25018.172372266017,89.83279816110809
2026-02-02T15:03:00+05:30,25065.65,25086.6,25062.1,25085.75,25035.066779199515,91.67599792218645
2026-02-02T15:06:00+05:30,25086.7,25093.3,25072.15,25073.3,25044.625084399635,80.74448296043605
2026-02-02T15:09:00+05:30,25074.6,25091.9,25073.45,25082.5,25054.093813299725,82.53941782359419
2026-02-02T15:12:00+05:30,25081.95,25089.7,25080.5,25086.75,25062.257859974794,83.37465912116423
2026-02-02T15:15:00+05:30,25086.45,25107.4,25085.85,25106.95,25073.430894981095,86.86007975321915
2026-02-02T15:18:00+05:30,25107.2,25108.1,25084.3,25087.75,25077.01067123582,70.47598526192691
2026-02-02T15:21:00+05:30,25088.2,25094.55,25086.2,25089.7,25080.183003426864,71.1214285638284
2026-02-02T15:24:00+05:30,25090.05,25096.85,25085.8,25090.7,25082.812252570147,71.49427242206428
2026-02-02T15:27:00+05:30,25092.45,25099.25,25069.5,25081.3,25082.43418942761,62.62704492579298
2026-02-02T15:30:00+05:30,25079.9,25088.4,25079.85,25088.4,25083.92564207071,66.30922394921265
2026-02-03T09:06:00+05:30,26308.05,26308.05,26308.05,26308.05,25389.956731553033,98.37600657715488
2026-02-03T09:15:00+05:30,26324,26341.2,25766.65,25781.45,25487.830048664775,66.49530948668084
2026-02-03T09:18:00+05:30,25780.7,25854.25,25779.2,25852.25,25578.93503649858,68.11603736995954
2026-02-03T09:21:00+05:30,25855.35,25869,25840.45,25842.2,25644.751277373936,67.57469974702639
2026-02-03T09:24:00+05:30,25839.4,25844.3,25763.9,25778.4,25678.163458030453,63.818351693177185
2026-02-03T09:27:00+05:30,25777.05,25811.4,25768.15,25786.25,25705.18509352284,64.10477879135993
2026-02-03T09:30:00+05:30,25785.3,25795.25,25761.05,25779.8,25723.83882014213,63.62197601772241
2026-02-03T09:33:00+05:30,25779.55,25790.65,25746.2,25753.45,25731.2416151066,61.4173343652268
2026-02-03T09:36:00+05:30,25752.4,25782.05,25752.4,25774.9,25742.15621132995,62.646623893327394
2026-02-03T09:39:00+05:30,25776.1,25779,25740.05,25742.45,25742.229658497465,59.31133217058168
2026-02-03T09:42:00+05:30,25742.95,25744.5,25720.15,25727.3,25738.4972438731,57.63984263438948
2026-02-03T09:45:00+05:30,25726.3,25730.3,25675.15,25711.1,25731.647932904823,55.682208160283565
2026-02-03T09:48:00+05:30,25711.85,25780.2,25711.85,25778.35,25743.323449678617,61.94223458580246
2026-02-03T09:51:00+05:30,25777.8,25793.1,25749.85,25752,25745.492587258963,58.18519583807157
2026-02-03T09:54:00+05:30,25753,25756.1,25731.45,25732.8,25742.319440444222,55.33218123207679
2026-02-03T09:57:00+05:30,25733.1,25746.6,25696.9,25702.6,25732.389580333165,50.764419682479456
2026-02-03T10:00:00+05:30,25703.55,25723.05,25702.75,25712.7,25727.467185249872,52.3007973079841
2026-02-03T10:03:00+05:30,25714.1,25729.15,25678.2,25678.2,25715.150388937403,46.51626489820078
2026-02-03T10:06:00+05:30,25675,25682.2,25641.3,25671.4,25704.212791703052,45.362561617777594
2026-02-03T10:09:00+05:30,25672.25,25692.1,25652.55,25658.7,25692.83459377729,43.036771226893016
2026-02-03T10:12:00+05:30,25656.85,25673.8,25645.2,25671,25687.37594533297,46.15607650016702
2026-02-03T10:15:00+05:30,25672.35,25746.15,25672.35,25738.45,25700.144458999726,60.12558766839871
2026-02-03T10:18:00+05:30,25738.5,25761.45,25738.05,25759.8,25715.058344249795,63.61190229388299
2026-02-03T10:21:00+05:30,25760.45,25775.65,25755.3,25771,25729.04375818735,65.46014792604456
2026-02-03T10:24:00+05:30,25770.75,25794.7,25769.35,25789.2,25744.082818640512,68.4939959126385
2026-02-03T10:27:00+05:30,25789.55,25792.8,25771,25771.15,25750.849613980383,62.175083598298386
2026-02-03T10:30:00+05:30,25771.55,25797.5,25763.7,25790,25760.637210485285,65.99705391732331
2026-02-03T10:33:00+05:30,25790.8,25821.65,25789.6,25813.95,25773.965407863965,70.42653186674406
2026-02-03T10:36:00+05:30,25814.1,25819.25,25805.6,25808.25,25782.536555897976,67.96810503820802
2026-02-03T10:39:00+05:30,25809.55,25819.2,25806.2,25816.55,25791.03991692348,69.76132579281472
2026-02-03T10:42:00+05:30,25816.8,25817.75,25795.95,25798.3,25792.85493769261,61.00101079596858
2026-02-03T10:45:00+05:30,25798.25,25804.4,25782.85,25783.2,25790.441203269456,54.40603858158246
2026-02-03T10:48:00+05:30,25784.2,25784.95,25754.2,25760.4,25782.93090245209,45.70208372836463
2026-02-03T10:51:00+05:30,25760.55,25765.35,25746.7,25749.35,25774.53567683907,41.91093281782268
2026-02-03T10:54:00+05:30,25749.5,25798.2,25748.65,25784.15,25776.939257629303,55.48009552346575
2026-02-03T10:57:00+05:30,25785.25,25785.8,25772.75,25780.1,25777.72944322198,53.774570229443846
2026-02-03T11:00:00+05:30,25780.7,25805.35,25778.8,25801.9,25783.772082416486,61.25439857117863
2026-02-03T11:03:00+05:30,25802.1,25810.5,25789.05,25797.1,25787.104061812366,58.8098845437719
2026-02-03T11:06:00+05:30,25797.15,25803.4,25786.35,25786.5,25786.953046359275,53.326945934421495
2026-02-03T11:09:00+05:30,25786.6,25786.6,25765.5,25776.55,25784.352284769455,48.38665359280359
2026-02-03T11:12:00+05:30,25776,25789,25772.2,25784.2,25784.31421357709,52.346563505732085
2026-02-03T11:15:00+05:30,25785.15,25790.55,25773.9,25785.3,25784.56066018282,52.95210171902037
2026-02-03T11:18:00+05:30,25785.45,25794.75,25774.55,25784.85,25784.632995137115,52.63289559722109
2026-02-03T11:21:00+05:30,25784.8,25799.95,25782.95,25792.65,25786.63724635284,57.779705694089344
2026-02-03T11:24:00+05:30,25793.8,25806.95,25793.8,25801.25,25790.29043476463,62.9571594441351
2026-02-03T11:27:00+05:30,25801.05,25824.05,25800.45,25815.75,25796.655326073473,70.15607731011139
2026-02-03T11:30:00+05:30,25815.9,25837.15,25805.75,25835.85,25806.453994555104,77.29283181460833
2026-02-03T11:33:00+05:30,25835,25863.15,25834.6,25858.6,25819.49049591633,82.74235510612563
2026-02-03T11:36:00+05:30,25858.7,25859.65,25834.15,25836.7,25823.792871937247,65.17564680690666
2026-02-03T11:39:00+05:30,25837.9,25855.85,25835.9,25853.55,25831.232153952937,70.74996204883263
2026-02-03T11:42:00+05:30,25853.7,25861.15,25849,25851.55,25836.311615464703,69.2157331108892
2026-02-03T11:45:00+05:30,25851.2,25855.9,25831.25,25835.3,25836.058711598525,57.41386173553524
2026-02-03T11:48:00+05:30,25836.6,25839.35,25827.3,25832.7,25835.219033698893,55.642847022354466
2026-02-03T11:51:00+05:30,25833.2,25839.3,25826.15,25836.45,25835.52677527417,57.83160235934579
2026-02-03T11:54:00+05:30,25837.3,25842.3,25832.25,25840.9,25836.87008145563,60.52808299805246
2026-02-03T11:57:00+05:30,25841.4,25850.25,25838.05,25847.85,25839.61506109172,64.6472125658889
2026-02-03T12:00:00+05:30,25849.2,25851.85,25828.45,25828.7,25836.88629581879,48.407995221351115
2026-02-03T12:03:00+05:30,25828.05,25830.3,25818.1,25822.25,25833.227221864094,44.059011649374405
2026-02-03T12:06:00+05:30,25821.8,25834.35,25813.15,25831.3,25832.74541639807,51.23115259948866
2026-02-03T12:09:00+05:30,25831.5,25841.65,25826.85,25841.65,25834.971562298553,58.35507703370251
2026-02-03T12:12:00+05:30,25840.15,25843.35,25831.2,25836.55,25835.366171723916,53.834305658427425
2026-02-03T12:15:00+05:30,25837.35,25838.6,25825.8,25826.6,25833.174628792935,45.76451203794268
2026-02-03T12:18:00+05:30,25826.5,25834.1,25822.95,25830.65,25832.5434715947,49.36865111991394
2026-02-03T12:21:00+05:30,25830.3,25835.45,25820.2,25820.2,25829.457603696028,41.139026007102636
2026-02-03T12:24:00+05:30,25821.5,25821.85,25799.7,25807.85,25824.05570277202,33.45070478566096
2026-02-03T12:27:00+05:30,25808.4,25809.1,25780.85,25786.55,25814.679277079016,24.309354098163766
2026-02-03T12:30:00+05:30,25786.25,25804.75,25781.7,25803.1,25811.784457809263,39.3370890910054
2026-02-03T12:33:00+05:30,25804.05,25812.1,25777.2,25778.1,25803.36334335695,29.140809623178
2026-02-03T12:36:00+05:30,25777.55,25791.05,25767.55,25780.05,25797.535007517712,30.773681611590092
2026-02-03T12:39:00+05:30,25780,25801.75,25778.35,25789.7,25795.576255638283,38.90235898924085
2026-02-03T12:42:00+05:30,25790.3,25797.25,25788.5,25796.05,25795.694691728713,43.95457616448396
2026-02-03T12:45:00+05:30,25796.45,25797.7,25785.4,25786.6,25793.421018796536,38.43629350349737
2026-02-03T12:48:00+05:30,25787,25791.25,25781.9,25785.15,25791.3532640974,37.59145829873295
2026-02-03T12:51:00+05:30,25784.8,25794.15,25780.1,25793.2,25791.81494807305,45.36903090508902
2026-02-03T12:54:00+05:30,25794.1,25805.5,25789.7,25793,25792.111211054787,45.20573530531425
2026-02-03T12:57:00+05:30,25793.4,25796.25,25785.65,25795.6,25792.98340829109,48.04206680790903
2026-02-03T13:00:00+05:30,25795.45,25808.6,25792.1,25802.5,25795.362556218315,55.21899005388883
2026-02-03T13:03:00+05:30,25802.35,25804.55,25796.25,25802.7,25797.196917163736,55.42719168462234
2026-02-03T13:06:00+05:30,25802.5,25811.5,25791.95,25794.15,25796.4351878728,44.993793890593714
2026-02-03T13:09:00+05:30,25793,25795.65,25787.8,25790.4,25794.926390904602,41.04076256858868
2026-02-03T13:12:00+05:30,25789.4,25794.4,25786.4,25790.3,25793.76979317845,40.92889012332503
2026-02-03T13:15:00+05:30,25791.3,25799.4,25790.15,25792.35,25793.41484488384,44.54427664270762
2026-02-03T13:18:00+05:30,25791.6,25800.45,25790.75,25793,25793.31113366288,45.77202476276823
2026-02-03T13:21:00+05:30,25794.4,25799.9,25786.95,25794.45,25793.59585024716,48.726351727394984
2026-02-03T13:24:00+05:30,25793.7,25798.1,25762.7,25764.55,25786.33438768537,21.087768685341544
2026-02-03T13:27:00+05:30,25764.3,25779.35,25744,25771.05,25782.513290764025,31.012349865421925
2026-02-03T13:30:00+05:30,25771.7,25773.85,25764.3,25770.15,25779.42246807302,30.394840322572875
2026-02-03T13:33:00+05:30,25770.05,25779.7,25739.55,25739.55,25769.454351054763,16.98195190130319
2026-02-03T13:36:00+05:30,25737.9,25776.6,25729.4,25774.5,25770.71576329107,47.72241945337523
2026-02-03T13:39:00+05:30,25774.95,25791.1,25770.5,25785.25,25774.349322468304,53.85409531930478
2026-02-03T13:42:00+05:30,25785.75,25811.45,25782.8,25800.8,25780.96199185123,61.47893495454048
2026-02-03T13:45:00+05:30,25802.05,25811.85,25797.4,25799.25,25785.53399388842,60.31987454043579
2026-02-03T13:48:00+05:30,25798.5,25805.7,25787.4,25790.95,25786.887995416317,53.963977223811014
2026-02-03T13:51:00+05:30,25791.5,25805.25,25791.5,25804.4,25791.265996562237,61.61132068208479
2026-02-03T13:54:00+05:30,25803.85,25810.35,25801.5,25803.45,25794.31199742168,60.77933310703169
2026-02-03T13:57:00+05:30,25803.6,25807.45,25770.15,25770.35,25788.32149806626,39.23986403072838
2026-02-03T14:00:00+05:30,25770.85,25777.75,25755.6,25770.65,25783.903623549697,39.46670080293374
2026-02-03T14:03:00+05:30,25770.35,25777.85,25765.65,25768.6,25780.077717662272,38.326010544963346
2026-02-03T14:06:00+05:30,25769.3,25785.8,25768.1,25779.85,25780.020788246704,47.9565092804838
2026-02-03T14:09:00+05:30,25779.55,25786.7,25765.7,25777.3,25779.340591185028,46.0547497103617
2026-02-03T14:12:00+05:30,25777.65,25783.5,25777.05,25778.85,25779.217943388772,47.53030303887559